Time (s),Value (V)
0.000000,-0.000162
0.001000,-0.000162
0.002000,-0.000162
0.003000,-0.000162
0.004000,-0.000163
0.005000,-0.000162
0.006000,-0.000161
0.007000,-0.000161
0.008000,-0.000161
0.009000,-0.000161
0.010000,-0.000161
0.011000,-0.000162
0.012000,-0.000161
0.013000,-0.000160
0.014000,-0.000160
0.015000,-0.000160
0.016000,-0.000160
0.017000,-0.000159
0.018000,-0.000160
0.019000,-0.000159
0.020000,-0.000160
0.021000,-0.000161
0.022000,-0.000161
0.023000,-0.000162
0.024000,-0.000162
0.025000,-0.000162
0.026000,-0.000163
0.027000,-0.000163
0.028000,-0.000163
0.029000,-0.000163
0.030000,-0.000162
0.031000,-0.000162
0.032000,-0.000163
0.033000,-0.000162
0.034000,-0.000162
0.035000,-0.000162
0.036000,-0.000162
0.037000,-0.000162
0.038000,-0.000163
0.039000,-0.000163
0.040000,-0.000163
0.041000,-0.000162
0.042000,-0.000162
0.043000,-0.000161
0.044000,-0.000161
0.045000,-0.000161
0.046000,-0.000161
0.047000,-0.000160
0.048000,-0.000161
0.049000,-0.000161
0.050000,-0.000162
0.051000,-0.000161
0.052000,-0.000160
0.053000,-0.000160
0.054000,-0.000160
0.055000,-0.000158
0.056000,-0.000159
0.057000,-0.000159
0.058000,-0.000159
0.059000,-0.000160
0.060000,-0.000159
0.061000,-0.000159
0.062000,-0.000159
0.063000,-0.000158
0.064000,-0.000158
0.065000,-0.000157
0.066000,-0.000156
0.067000,-0.000157
0.068000,-0.000157
0.069000,-0.000156
0.070000,-0.000157
0.071000,-0.000156
0.072000,-0.000157
0.073000,-0.000156
0.074000,-0.000156
0.075000,-0.000157
0.076000,-0.000156
0.077000,-0.000156
0.078000,-0.000156
0.079000,-0.000157
0.080000,-0.000157
0.081000,-0.000157
0.082000,-0.000157
0.083000,-0.000157
0.084000,-0.000157
0.085000,-0.000157
0.086000,-0.000157
0.087000,-0.000157
0.088000,-0.000158
0.089000,-0.000158
0.090000,-0.000158
0.091000,-0.000157
0.092000,-0.000157
0.093000,-0.000157
0.094000,-0.000158
0.095000,-0.000159
0.096000,-0.000159
0.097000,-0.000157
0.098000,-0.000157
0.099000,-0.000158
0.100000,-0.000158
0.101000,-0.000158
0.102000,-0.000159
0.103000,-0.000158
0.104000,-0.000158
0.105000,-0.000159
0.106000,-0.000157
0.107000,-0.000156
0.108000,-0.000157
0.109000,-0.000157
0.110000,-0.000157
0.111000,-0.000156
0.112000,-0.000156
0.113000,-0.000155
0.114000,-0.000156
0.115000,-0.000156
0.116000,-0.000157
0.117000,-0.000157
0.118000,-0.000157
0.119000,-0.000157
0.120000,-0.000158
0.121000,-0.000157
0.122000,-0.000158
0.123000,-0.000157
0.124000,-0.000158
0.125000,-0.000157
0.126000,-0.000157
0.127000,-0.000157
0.128000,-0.000157
0.129000,-0.000157
0.130000,-0.000157
0.131000,-0.000157
0.132000,-0.000157
0.133000,-0.000156
0.134000,-0.000157
0.135000,-0.000156
0.136000,-0.000156
0.137000,-0.000156
0.138000,-0.000155
0.139000,-0.000155
0.140000,-0.000156
0.141000,-0.000155
0.142000,-0.000156
0.143000,-0.000157
0.144000,-0.000157
0.145000,-0.000157
0.146000,-0.000157
0.147000,-0.000157
0.148000,-0.000157
0.149000,-0.000158
0.150000,-0.000158
0.151000,-0.000158
0.152000,-0.000157
0.153000,-0.000158
0.154000,-0.000156
0.155000,-0.000157
0.156000,-0.000156
0.157000,-0.000157
0.158000,-0.000157
0.159000,-0.000156
0.160000,-0.000156
0.161000,-0.000157
0.162000,-0.000157
0.163000,-0.000157
0.164000,-0.000156
0.165000,-0.000156
0.166000,-0.000155
0.167000,-0.000156
0.168000,-0.000155
0.169000,-0.000154
0.170000,-0.000154
0.171000,-0.000154
0.172000,-0.000155
0.173000,-0.000153
0.174000,-0.000153
0.175000,-0.000153
0.176000,-0.000153
0.177000,-0.000154
0.178000,-0.000153
0.179000,-0.000153
0.180000,-0.000153
0.181000,-0.000152
0.182000,-0.000152
0.183000,-0.000152
0.184000,-0.000152
0.185000,-0.000152
0.186000,-0.000152
0.187000,-0.000152
0.188000,-0.000152
0.189000,-0.000152
0.190000,-0.000152
0.191000,-0.000152
0.192000,-0.000151
0.193000,-0.000151
0.194000,-0.000151
0.195000,-0.000152
0.196000,-0.000151
0.197000,-0.000151
0.198000,-0.000151
0.199000,-0.000151
0.200000,-0.000152
0.201000,-0.000152
0.202000,-0.000152
0.203000,-0.000153
0.204000,-0.000152
0.205000,-0.000153
0.206000,-0.000154
0.207000,-0.000153
0.208000,-0.000154
0.209000,-0.000154
0.210000,-0.000155
0.211000,-0.000155
0.212000,-0.000156
0.213000,-0.000155
0.214000,-0.000155
0.215000,-0.000156
0.216000,-0.000156
0.217000,-0.000157
0.218000,-0.000157
0.219000,-0.000156
0.220000,-0.000156
0.221000,-0.000154
0.222000,-0.000154
0.223000,-0.000154
0.224000,-0.000154
0.225000,-0.000154
0.226000,-0.000154
0.227000,-0.000155
0.228000,-0.000155
0.229000,-0.000155
0.230000,-0.000154
0.231000,-0.000153
0.232000,-0.000154
0.233000,-0.000156
0.234000,-0.000155
0.235000,-0.000157
0.236000,-0.000156
0.237000,-0.000156
0.238000,-0.000156
0.239000,-0.000156
0.240000,-0.000156
0.241000,-0.000156
0.242000,-0.000155
0.243000,-0.000155
0.244000,-0.000155
0.245000,-0.000156
0.246000,-0.000155
0.247000,-0.000155
0.248000,-0.000154
0.249000,-0.000154
0.250000,-0.000153
0.251000,-0.000153
0.252000,-0.000153
0.253000,-0.000153
0.254000,-0.000152
0.255000,-0.000153
0.256000,-0.000154
0.257000,-0.000154
0.258000,-0.000154
0.259000,-0.000153
0.260000,-0.000154
0.261000,-0.000154
0.262000,-0.000152
0.263000,-0.000152
0.264000,-0.000152
0.265000,-0.000152
0.266000,-0.000152
0.267000,-0.000152
0.268000,-0.000152
0.269000,-0.000152
0.270000,-0.000151
0.271000,-0.000150
0.272000,-0.000150
0.273000,-0.000150
0.274000,-0.000150
0.275000,-0.000151
0.276000,-0.000151
0.277000,-0.000152
0.278000,-0.000151
0.279000,-0.000152
0.280000,-0.000151
0.281000,-0.000150
0.282000,-0.000152
0.283000,-0.000152
0.284000,-0.000152
0.285000,-0.000152
0.286000,-0.000151
0.287000,-0.000152
0.288000,-0.000153
0.289000,-0.000153
0.290000,-0.000153
0.291000,-0.000153
0.292000,-0.000153
0.293000,-0.000153
0.294000,-0.000153
0.295000,-0.000152
0.296000,-0.000152
0.297000,-0.000152
0.298000,-0.000152
0.299000,-0.000152
0.300000,-0.000152
0.301000,-0.000152
0.302000,-0.000152
0.303000,-0.000152
0.304000,-0.000151
0.305000,-0.000150
0.306000,-0.000150
0.307000,-0.000150
0.308000,-0.000151
0.309000,-0.000152
0.310000,-0.000151
0.311000,-0.000152
0.312000,-0.000151
0.313000,-0.000153
0.314000,-0.000153
0.315000,-0.000153
0.316000,-0.000153
0.317000,-0.000152
0.318000,-0.000152
0.319000,-0.000152
0.320000,-0.000153
0.321000,-0.000153
0.322000,-0.000153
0.323000,-0.000154
0.324000,-0.000154
0.325000,-0.000154
0.326000,-0.000154
0.327000,-0.000154
0.328000,-0.000153
0.329000,-0.000153
0.330000,-0.000152
0.331000,-0.000153
0.332000,-0.000153
0.333000,-0.000153
0.334000,-0.000153
0.335000,-0.000152
0.336000,-0.000153
0.337000,-0.000152
0.338000,-0.000153
0.339000,-0.000153
0.340000,-0.000153
0.341000,-0.000153
0.342000,-0.000154
0.343000,-0.000153
0.344000,-0.000154
0.345000,-0.000154
0.346000,-0.000154
0.347000,-0.000154
0.348000,-0.000153
0.349000,-0.000153
0.350000,-0.000153
0.351000,-0.000152
0.352000,-0.000152
0.353000,-0.000151
0.354000,-0.000149
0.355000,-0.000149
0.356000,-0.000148
0.357000,-0.000149
0.358000,-0.000148
0.359000,-0.000148
0.360000,-0.000148
0.361000,-0.000148
0.362000,-0.000146
0.363000,-0.000146
0.364000,-0.000147
0.365000,-0.000148
0.366000,-0.000149
0.367000,-0.000150
0.368000,-0.000150
0.369000,-0.000150
0.370000,-0.000150
0.371000,-0.000150
0.372000,-0.000150
0.373000,-0.000150
0.374000,-0.000150
0.375000,-0.000150
0.376000,-0.000150
0.377000,-0.000150
0.378000,-0.000150
0.379000,-0.000151
0.380000,-0.000152
0.381000,-0.000151
0.382000,-0.000151
0.383000,-0.000151
0.384000,-0.000152
0.385000,-0.000151
0.386000,-0.000152
0.387000,-0.000151
0.388000,-0.000152
0.389000,-0.000152
0.390000,-0.000153
0.391000,-0.000152
0.392000,-0.000152
0.393000,-0.000151
0.394000,-0.000152
0.395000,-0.000153
0.396000,-0.000151
0.397000,-0.000151
0.398000,-0.000152
0.399000,-0.000152
0.400000,-0.000151
0.401000,-0.000152
0.402000,-0.000151
0.403000,-0.000152
0.404000,-0.000152
0.405000,-0.000152
0.406000,-0.000152
0.407000,-0.000152
0.408000,-0.000152
0.409000,-0.000153
0.410000,-0.000153
0.411000,-0.000153
0.412000,-0.000152
0.413000,-0.000152
0.414000,-0.000153
0.415000,-0.000153
0.416000,-0.000153
0.417000,-0.000151
0.418000,-0.000152
0.419000,-0.000151
0.420000,-0.000152
0.421000,-0.000152
0.422000,-0.000152
0.423000,-0.000152
0.424000,-0.000152
0.425000,-0.000152
0.426000,-0.000153
0.427000,-0.000153
0.428000,-0.000153
0.429000,-0.000153
0.430000,-0.000153
0.431000,-0.000153
0.432000,-0.000153
0.433000,-0.000153
0.434000,-0.000153
0.435000,-0.000153
0.436000,-0.000154
0.437000,-0.000154
0.438000,-0.000154
0.439000,-0.000154
0.440000,-0.000153
0.441000,-0.000154
0.442000,-0.000154
0.443000,-0.000154
0.444000,-0.000155
0.445000,-0.000155
0.446000,-0.000155
0.447000,-0.000153
0.448000,-0.000153
0.449000,-0.000153
0.450000,-0.000153
0.451000,-0.000154
0.452000,-0.000155
0.453000,-0.000155
0.454000,-0.000154
0.455000,-0.000154
0.456000,-0.000154
0.457000,-0.000154
0.458000,-0.000154
0.459000,-0.000154
0.460000,-0.000154
0.461000,-0.000154
0.462000,-0.000153
0.463000,-0.000154
0.464000,-0.000154
0.465000,-0.000154
0.466000,-0.000154
0.467000,-0.000154
0.468000,-0.000155
0.469000,-0.000155
0.470000,-0.000156
0.471000,-0.000155
0.472000,-0.000155
0.473000,-0.000155
0.474000,-0.000156
0.475000,-0.000155
0.476000,-0.000156
0.477000,-0.000155
0.478000,-0.000155
0.479000,-0.000155
0.480000,-0.000155
0.481000,-0.000155
0.482000,-0.000155
0.483000,-0.000155
0.484000,-0.000155
0.485000,-0.000155
0.486000,-0.000155
0.487000,-0.000156
0.488000,-0.000155
0.489000,-0.000156
0.490000,-0.000155
0.491000,-0.000155
0.492000,-0.000155
0.493000,-0.000154
0.494000,-0.000154
0.495000,-0.000155
0.496000,-0.000155
0.497000,-0.000153
0.498000,-0.000153
0.499000,-0.000152
0.500000,-0.000154
0.501000,-0.000153
0.502000,-0.000155
0.503000,-0.000154
0.504000,-0.000154
0.505000,-0.000155
0.506000,-0.000155
0.507000,-0.000155
0.508000,-0.000155
0.509000,-0.000154
0.510000,-0.000154
0.511000,-0.000155
0.512000,-0.000155
0.513000,-0.000154
0.514000,-0.000155
0.515000,-0.000154
0.516000,-0.000154
0.517000,-0.000155
0.518000,-0.000154
0.519000,-0.000153
0.520000,-0.000153
0.521000,-0.000152
0.522000,-0.000152
0.523000,-0.000153
0.524000,-0.000153
0.525000,-0.000152
0.526000,-0.000153
0.527000,-0.000153
0.528000,-0.000153
0.529000,-0.000153
0.530000,-0.000153
0.531000,-0.000153
0.532000,-0.000152
0.533000,-0.000153
0.534000,-0.000154
0.535000,-0.000153
0.536000,-0.000153
0.537000,-0.000153
0.538000,-0.000153
0.539000,-0.000154
0.540000,-0.000153
0.541000,-0.000153
0.542000,-0.000153
0.543000,-0.000153
0.544000,-0.000154
0.545000,-0.000153
0.546000,-0.000154
0.547000,-0.000155
0.548000,-0.000155
0.549000,-0.000156
0.550000,-0.000156
0.551000,-0.000155
0.552000,-0.000156
0.553000,-0.000156
0.554000,-0.000156
0.555000,-0.000157
0.556000,-0.000157
0.557000,-0.000157
0.558000,-0.000156
0.559000,-0.000156
0.560000,-0.000156
0.561000,-0.000156
0.562000,-0.000156
0.563000,-0.000155
0.564000,-0.000155
0.565000,-0.000155
0.566000,-0.000156
0.567000,-0.000155
0.568000,-0.000155
0.569000,-0.000155
0.570000,-0.000155
0.571000,-0.000156
0.572000,-0.000156
0.573000,-0.000156
0.574000,-0.000156
0.575000,-0.000158
0.576000,-0.000157
0.577000,-0.000157
0.578000,-0.000157
0.579000,-0.000157
0.580000,-0.000157
0.581000,-0.000158
0.582000,-0.000157
0.583000,-0.000156
0.584000,-0.000156
0.585000,-0.000157
0.586000,-0.000158
0.587000,-0.000157
0.588000,-0.000157
0.589000,-0.000157
0.590000,-0.000158
0.591000,-0.000157
0.592000,-0.000158
0.593000,-0.000156
0.594000,-0.000155
0.595000,-0.000154
0.596000,-0.000155
0.597000,-0.000155
0.598000,-0.000155
0.599000,-0.000155
0.600000,-0.000155
0.601000,-0.000155
0.602000,-0.000155
0.603000,-0.000156
0.604000,-0.000155
0.605000,-0.000156
0.606000,-0.000155
0.607000,-0.000156
0.608000,-0.000156
0.609000,-0.000156
0.610000,-0.000156
0.611000,-0.000157
0.612000,-0.000156
0.613000,-0.000157
0.614000,-0.000156
0.615000,-0.000156
0.616000,-0.000156
0.617000,-0.000156
0.618000,-0.000155
0.619000,-0.000156
0.620000,-0.000156
0.621000,-0.000156
0.622000,-0.000156
0.623000,-0.000156
0.624000,-0.000156
0.625000,-0.000156
0.626000,-0.000156
0.627000,-0.000156
0.628000,-0.000155
0.629000,-0.000155
0.630000,-0.000154
0.631000,-0.000154
0.632000,-0.000155
0.633000,-0.000154
0.634000,-0.000155
0.635000,-0.000155
0.636000,-0.000155
0.637000,-0.000155
0.638000,-0.000155
0.639000,-0.000155
0.640000,-0.000155
0.641000,-0.000155
0.642000,-0.000155
0.643000,-0.000155
0.644000,-0.000156
0.645000,-0.000156
0.646000,-0.000158
0.647000,-0.000157
0.648000,-0.000156
0.649000,-0.000156
0.650000,-0.000155
0.651000,-0.000156
0.652000,-0.000157
0.653000,-0.000156
0.654000,-0.000156
0.655000,-0.000155
0.656000,-0.000155
0.657000,-0.000154
0.658000,-0.000154
0.659000,-0.000154
0.660000,-0.000153
0.661000,-0.000154
0.662000,-0.000153
0.663000,-0.000153
0.664000,-0.000152
0.665000,-0.000153
0.666000,-0.000153
0.667000,-0.000153
0.668000,-0.000153
0.669000,-0.000154
0.670000,-0.000154
0.671000,-0.000155
0.672000,-0.000156
0.673000,-0.000155
0.674000,-0.000156
0.675000,-0.000154
0.676000,-0.000154
0.677000,-0.000153
0.678000,-0.000153
0.679000,-0.000153
0.680000,-0.000153
0.681000,-0.000152
0.682000,-0.000153
0.683000,-0.000153
0.684000,-0.000153
0.685000,-0.000153
0.686000,-0.000153
0.687000,-0.000153
0.688000,-0.000155
0.689000,-0.000154
0.690000,-0.000154
0.691000,-0.000154
0.692000,-0.000154
0.693000,-0.000153
0.694000,-0.000154
0.695000,-0.000153
0.696000,-0.000154
0.697000,-0.000153
0.698000,-0.000153
0.699000,-0.000154
0.700000,-0.000153
0.701000,-0.000153
0.702000,-0.000154
0.703000,-0.000154
0.704000,-0.000152
0.705000,-0.000153
0.706000,-0.000153
0.707000,-0.000153
0.708000,-0.000153
0.709000,-0.000154
0.710000,-0.000153
0.711000,-0.000152
0.712000,-0.000152
0.713000,-0.000152
0.714000,-0.000152
0.715000,-0.000153
0.716000,-0.000153
0.717000,-0.000153
0.718000,-0.000153
0.719000,-0.000153
0.720000,-0.000153
0.721000,-0.000154
0.722000,-0.000155
0.723000,-0.000154
0.724000,-0.000153
0.725000,-0.000153
0.726000,-0.000153
0.727000,-0.000153
0.728000,-0.000154
0.729000,-0.000153
0.730000,-0.000153
0.731000,-0.000153
0.732000,-0.000153
0.733000,-0.000153
0.734000,-0.000153
0.735000,-0.000152
0.736000,-0.000151
0.737000,-0.000151
0.738000,-0.000151
0.739000,-0.000151
0.740000,-0.000151
0.741000,-0.000150
0.742000,-0.000149
0.743000,-0.000150
0.744000,-0.000148
0.745000,-0.000149
0.746000,-0.000149
0.747000,-0.000148
0.748000,-0.000148
0.749000,-0.000148
0.750000,-0.000148
0.751000,-0.000149
0.752000,-0.000149
0.753000,-0.000149
0.754000,-0.000148
0.755000,-0.000149
0.756000,-0.000149
0.757000,-0.000150
0.758000,-0.000150
0.759000,-0.000150
0.760000,-0.000151
0.761000,-0.000151
0.762000,-0.000150
0.763000,-0.000150
0.764000,-0.000150
0.765000,-0.000149
0.766000,-0.000149
0.767000,-0.000149
0.768000,-0.000148
0.769000,-0.000150
0.770000,-0.000148
0.771000,-0.000149
0.772000,-0.000150
0.773000,-0.000150
0.774000,-0.000151
0.775000,-0.000151
0.776000,-0.000152
0.777000,-0.000152
0.778000,-0.000152
0.779000,-0.000152
0.780000,-0.000152
0.781000,-0.000152
0.782000,-0.000152
0.783000,-0.000152
0.784000,-0.000153
0.785000,-0.000153
0.786000,-0.000153
0.787000,-0.000154
0.788000,-0.000154
0.789000,-0.000155
0.790000,-0.000154
0.791000,-0.000155
0.792000,-0.000154
0.793000,-0.000155
0.794000,-0.000154
0.795000,-0.000154
0.796000,-0.000153
0.797000,-0.000154
0.798000,-0.000154
0.799000,-0.000154
0.800000,-0.000153
0.801000,-0.000154
0.802000,-0.000155
0.803000,-0.000154
0.804000,-0.000154
0.805000,-0.000155
0.806000,-0.000156
0.807000,-0.000155
0.808000,-0.000156
0.809000,-0.000155
0.810000,-0.000156
0.811000,-0.000156
0.812000,-0.000157
0.813000,-0.000157
0.814000,-0.000156
0.815000,-0.000156
0.816000,-0.000156
0.817000,-0.000157
0.818000,-0.000156
0.819000,-0.000156
0.820000,-0.000156
0.821000,-0.000156
0.822000,-0.000156
0.823000,-0.000157
0.824000,-0.000156
0.825000,-0.000155
0.826000,-0.000155
0.827000,-0.000155
0.828000,-0.000155
0.829000,-0.000155
0.830000,-0.000154
0.831000,-0.000155
0.832000,-0.000155
0.833000,-0.000155
0.834000,-0.000155
0.835000,-0.000155
0.836000,-0.000155
0.837000,-0.000155
0.838000,-0.000156
0.839000,-0.000157
0.840000,-0.000157
0.841000,-0.000157
0.842000,-0.000157
0.843000,-0.000158
0.844000,-0.000158
0.845000,-0.000158
0.846000,-0.000156
0.847000,-0.000153
0.848000,-0.000153
0.849000,-0.000154
0.850000,-0.000153
0.851000,-0.000154
0.852000,-0.000153
0.853000,-0.000153
0.854000,-0.000154
0.855000,-0.000153
0.856000,-0.000154
0.857000,-0.000155
0.858000,-0.000154
0.859000,-0.000153
0.860000,-0.000153
0.861000,-0.000153
0.862000,-0.000152
0.863000,-0.000152
0.864000,-0.000152
0.865000,-0.000153
0.866000,-0.000153
0.867000,-0.000153
0.868000,-0.000153
0.869000,-0.000152
0.870000,-0.000152
0.871000,-0.000152
0.872000,-0.000152
0.873000,-0.000152
0.874000,-0.000152
0.875000,-0.000152
0.876000,-0.000152
0.877000,-0.000152
0.878000,-0.000153
0.879000,-0.000152
0.880000,-0.000153
0.881000,-0.000153
0.882000,-0.000153
0.883000,-0.000154
0.884000,-0.000154
0.885000,-0.000154
0.886000,-0.000153
0.887000,-0.000152
0.888000,-0.000152
0.889000,-0.000152
0.890000,-0.000152
0.891000,-0.000154
0.892000,-0.000153
0.893000,-0.000153
0.894000,-0.000153
0.895000,-0.000152
0.896000,-0.000152
0.897000,-0.000151
0.898000,-0.000152
0.899000,-0.000152
0.900000,-0.000153
0.901000,-0.000153
0.902000,-0.000152
0.903000,-0.000152
0.904000,-0.000153
0.905000,-0.000152
0.906000,-0.000152
0.907000,-0.000153
0.908000,-0.000152
0.909000,-0.000153
0.910000,-0.000152
0.911000,-0.000151
0.912000,-0.000151
0.913000,-0.000151
0.914000,-0.000152
0.915000,-0.000152
0.916000,-0.000152
0.917000,-0.000153
0.918000,-0.000154
0.919000,-0.000155
0.920000,-0.000154
0.921000,-0.000155
0.922000,-0.000156
0.923000,-0.000156
0.924000,-0.000156
0.925000,-0.000155
0.926000,-0.000154
0.927000,-0.000155
0.928000,-0.000155
0.929000,-0.000155
0.930000,-0.000155
0.931000,-0.000154
0.932000,-0.000155
0.933000,-0.000155
0.934000,-0.000155
0.935000,-0.000156
0.936000,-0.000155
0.937000,-0.000155
0.938000,-0.000155
0.939000,-0.000156
0.940000,-0.000156
0.941000,-0.000155
0.942000,-0.000155
0.943000,-0.000155
0.944000,-0.000155
0.945000,-0.000155
0.946000,-0.000156
0.947000,-0.000156
0.948000,-0.000155
0.949000,-0.000155
0.950000,-0.000155
0.951000,-0.000155
0.952000,-0.000154
0.953000,-0.000154
0.954000,-0.000155
0.955000,-0.000154
0.956000,-0.000153
0.957000,-0.000153
0.958000,-0.000152
0.959000,-0.000152
0.960000,-0.000152
0.961000,-0.000152
0.962000,-0.000153
0.963000,-0.000153
0.964000,-0.000154
0.965000,-0.000154
0.966000,-0.000153
0.967000,-0.000155
0.968000,-0.000154
0.969000,-0.000154
0.970000,-0.000155
0.971000,-0.000154
0.972000,-0.000154
0.973000,-0.000154
0.974000,-0.000154
0.975000,-0.000154
0.976000,-0.000153
0.977000,-0.000152
0.978000,-0.000153
0.979000,-0.000153
0.980000,-0.000154
0.981000,-0.000153
0.982000,-0.000154
0.983000,-0.000154
0.984000,-0.000154
0.985000,-0.000154
0.986000,-0.000154
0.987000,-0.000154
0.988000,-0.000154
0.989000,-0.000153
0.990000,-0.000154
0.991000,-0.000153
0.992000,-0.000154
0.993000,-0.000153
0.994000,-0.000153
0.995000,-0.000154
0.996000,-0.000153
0.997000,-0.000153
0.998000,-0.000154
0.999000,-0.000154
1.000000,-0.000155
1.001000,-0.000155
1.002000,-0.000156
1.003000,-0.000156
1.004000,-0.000155
1.005000,-0.000155
1.006000,-0.000155
1.007000,-0.000155
1.008000,-0.000155
1.009000,-0.000154
1.010000,-0.000154
1.011000,-0.000155
1.012000,-0.000153
1.013000,-0.000153
1.014000,-0.000154
1.015000,-0.000154
1.016000,-0.000154
1.017000,-0.000153
1.018000,-0.000153
1.019000,-0.000153
1.020000,-0.000154
1.021000,-0.000155
1.022000,-0.000155
1.023000,-0.000154
1.024000,-0.000155
1.025000,-0.000154
1.026000,-0.000155
1.027000,-0.000155
1.028000,-0.000155
1.029000,-0.000155
1.030000,-0.000155
1.031000,-0.000154
1.032000,-0.000154
1.033000,-0.000153
1.034000,-0.000154
1.035000,-0.000153
1.036000,-0.000153
1.037000,-0.000153
1.038000,-0.000152
1.039000,-0.000152
1.040000,-0.000152
1.041000,-0.000152
1.042000,-0.000152
1.043000,-0.000152
1.044000,-0.000152
1.045000,-0.000151
1.046000,-0.000151
1.047000,-0.000152
1.048000,-0.000151
1.049000,-0.000152
1.050000,-0.000151
1.051000,-0.000149
1.052000,-0.000148
1.053000,-0.000148
1.054000,-0.000148
1.055000,-0.000149
1.056000,-0.000148
1.057000,-0.000147
1.058000,-0.000146
1.059000,-0.000147
1.060000,-0.000146
1.061000,-0.000147
1.062000,-0.000146
1.063000,-0.000147
1.064000,-0.000148
1.065000,-0.000147
1.066000,-0.000147
1.067000,-0.000147
1.068000,-0.000147
1.069000,-0.000148
1.070000,-0.000148
1.071000,-0.000148
1.072000,-0.000148
1.073000,-0.000148
1.074000,-0.000148
1.075000,-0.000148
1.076000,-0.000149
1.077000,-0.000147
1.078000,-0.000147
1.079000,-0.000147
1.080000,-0.000145
1.081000,-0.000145
1.082000,-0.000143
1.083000,-0.000143
1.084000,-0.000143
1.085000,-0.000144
1.086000,-0.000141
1.087000,-0.000142
1.088000,-0.000142
1.089000,-0.000142
1.090000,-0.000142
1.091000,-0.000143
1.092000,-0.000143
1.093000,-0.000144
1.094000,-0.000144
1.095000,-0.000144
1.096000,-0.000144
1.097000,-0.000142
1.098000,-0.000142
1.099000,-0.000142
1.100000,-0.000143
1.101000,-0.000144
1.102000,-0.000145
1.103000,-0.000145
1.104000,-0.000145
1.105000,-0.000146
1.106000,-0.000146
1.107000,-0.000145
1.108000,-0.000145
1.109000,-0.000145
1.110000,-0.000145
1.111000,-0.000146
1.112000,-0.000146
1.113000,-0.000147
1.114000,-0.000147
1.115000,-0.000147
1.116000,-0.000147
1.117000,-0.000147
1.118000,-0.000146
1.119000,-0.000146
1.120000,-0.000146
1.121000,-0.000147
1.122000,-0.000148
1.123000,-0.000147
1.124000,-0.000148
1.125000,-0.000149
1.126000,-0.000149
1.127000,-0.000149
1.128000,-0.000149
1.129000,-0.000148
1.130000,-0.000148
1.131000,-0.000148
1.132000,-0.000148
1.133000,-0.000148
1.134000,-0.000148
1.135000,-0.000147
1.136000,-0.000147
1.137000,-0.000147
1.138000,-0.000148
1.139000,-0.000148
1.140000,-0.000147
1.141000,-0.000148
1.142000,-0.000148
1.143000,-0.000148
1.144000,-0.000148
1.145000,-0.000149
1.146000,-0.000149
1.147000,-0.000150
1.148000,-0.000150
1.149000,-0.000152
1.150000,-0.000152
1.151000,-0.000153
1.152000,-0.000153
1.153000,-0.000153
1.154000,-0.000152
1.155000,-0.000153
1.156000,-0.000153
1.157000,-0.000152
1.158000,-0.000152
1.159000,-0.000152
1.160000,-0.000153
1.161000,-0.000153
1.162000,-0.000153
1.163000,-0.000152
1.164000,-0.000152
1.165000,-0.000152
1.166000,-0.000152
1.167000,-0.000152
1.168000,-0.000153
1.169000,-0.000154
1.170000,-0.000155
1.171000,-0.000155
1.172000,-0.000156
1.173000,-0.000156
1.174000,-0.000155
1.175000,-0.000156
1.176000,-0.000156
1.177000,-0.000156
1.178000,-0.000155
1.179000,-0.000155
1.180000,-0.000155
1.181000,-0.000155
1.182000,-0.000155
1.183000,-0.000153
1.184000,-0.000154
1.185000,-0.000155
1.186000,-0.000155
1.187000,-0.000156
1.188000,-0.000155
1.189000,-0.000153
1.190000,-0.000153
1.191000,-0.000154
1.192000,-0.000154
1.193000,-0.000153
1.194000,-0.000154
1.195000,-0.000154
1.196000,-0.000154
1.197000,-0.000155
1.198000,-0.000154
1.199000,-0.000155
1.200000,-0.000154
1.201000,-0.000155
1.202000,-0.000155
1.203000,-0.000154
1.204000,-0.000154
1.205000,-0.000154
1.206000,-0.000154
1.207000,-0.000154
1.208000,-0.000154
1.209000,-0.000154
1.210000,-0.000155
1.211000,-0.000154
1.212000,-0.000154
1.213000,-0.000153
1.214000,-0.000152
1.215000,-0.000152
1.216000,-0.000152
1.217000,-0.000152
1.218000,-0.000152
1.219000,-0.000152
1.220000,-0.000153
1.221000,-0.000153
1.222000,-0.000153
1.223000,-0.000153
1.224000,-0.000153
1.225000,-0.000153
1.226000,-0.000153
1.227000,-0.000153
1.228000,-0.000153
1.229000,-0.000153
1.230000,-0.000153
1.231000,-0.000153
1.232000,-0.000154
1.233000,-0.000155
1.234000,-0.000154
1.235000,-0.000155
1.236000,-0.000154
1.237000,-0.000156
1.238000,-0.000155
1.239000,-0.000155
1.240000,-0.000155
1.241000,-0.000154
1.242000,-0.000156
1.243000,-0.000156
1.244000,-0.000156
1.245000,-0.000156
1.246000,-0.000155
1.247000,-0.000156
1.248000,-0.000156
1.249000,-0.000156
1.250000,-0.000156
1.251000,-0.000155
1.252000,-0.000156
1.253000,-0.000157
1.254000,-0.000157
1.255000,-0.000157
1.256000,-0.000158
1.257000,-0.000157
1.258000,-0.000158
1.259000,-0.000157
1.260000,-0.000158
1.261000,-0.000157
1.262000,-0.000158
1.263000,-0.000157
1.264000,-0.000157
1.265000,-0.000156
1.266000,-0.000157
1.267000,-0.000157
1.268000,-0.000156
1.269000,-0.000155
1.270000,-0.000155
1.271000,-0.000155
1.272000,-0.000155
1.273000,-0.000157
1.274000,-0.000156
1.275000,-0.000156
1.276000,-0.000156
1.277000,-0.000157
1.278000,-0.000156
1.279000,-0.000157
1.280000,-0.000157
1.281000,-0.000157
1.282000,-0.000156
1.283000,-0.000157
1.284000,-0.000156
1.285000,-0.000157
1.286000,-0.000156
1.287000,-0.000156
1.288000,-0.000157
1.289000,-0.000156
1.290000,-0.000157
1.291000,-0.000156
1.292000,-0.000156
1.293000,-0.000155
1.294000,-0.000156
1.295000,-0.000155
1.296000,-0.000156
1.297000,-0.000155
1.298000,-0.000156
1.299000,-0.000155
1.300000,-0.000155
1.301000,-0.000156
1.302000,-0.000156
1.303000,-0.000156
1.304000,-0.000156
1.305000,-0.000156
1.306000,-0.000156
1.307000,-0.000157
1.308000,-0.000157
1.309000,-0.000158
1.310000,-0.000157
1.311000,-0.000157
1.312000,-0.000157
1.313000,-0.000158
1.314000,-0.000158
1.315000,-0.000158
1.316000,-0.000158
1.317000,-0.000159
1.318000,-0.000159
1.319000,-0.000159
1.320000,-0.000158
1.321000,-0.000156
1.322000,-0.000156
1.323000,-0.000155
1.324000,-0.000155
1.325000,-0.000154
1.326000,-0.000154
1.327000,-0.000153
1.328000,-0.000152
1.329000,-0.000153
1.330000,-0.000153
1.331000,-0.000152
1.332000,-0.000153
1.333000,-0.000153
1.334000,-0.000154
1.335000,-0.000154
1.336000,-0.000154
1.337000,-0.000154
1.338000,-0.000155
1.339000,-0.000155
1.340000,-0.000156
1.341000,-0.000156
1.342000,-0.000156
1.343000,-0.000156
1.344000,-0.000156
1.345000,-0.000156
1.346000,-0.000156
1.347000,-0.000156
1.348000,-0.000156
1.349000,-0.000154
1.350000,-0.000155
1.351000,-0.000154
1.352000,-0.000154
1.353000,-0.000154
1.354000,-0.000155
1.355000,-0.000155
1.356000,-0.000154
1.357000,-0.000154
1.358000,-0.000155
1.359000,-0.000155
1.360000,-0.000155
1.361000,-0.000155
1.362000,-0.000156
1.363000,-0.000156
1.364000,-0.000156
1.365000,-0.000154
1.366000,-0.000155
1.367000,-0.000155
1.368000,-0.000154
1.369000,-0.000154
1.370000,-0.000154
1.371000,-0.000154
1.372000,-0.000154
1.373000,-0.000154
1.374000,-0.000154
1.375000,-0.000155
1.376000,-0.000156
1.377000,-0.000155
1.378000,-0.000155
1.379000,-0.000155
1.380000,-0.000156
1.381000,-0.000157
1.382000,-0.000157
1.383000,-0.000157
1.384000,-0.000157
1.385000,-0.000156
1.386000,-0.000157
1.387000,-0.000157
1.388000,-0.000157
1.389000,-0.000157
1.390000,-0.000157
1.391000,-0.000158
1.392000,-0.000157
1.393000,-0.000157
1.394000,-0.000157
1.395000,-0.000159
1.396000,-0.000159
1.397000,-0.000159
1.398000,-0.000159
1.399000,-0.000159
1.400000,-0.000159
1.401000,-0.000157
1.402000,-0.000158
1.403000,-0.000158
1.404000,-0.000158
1.405000,-0.000158
1.406000,-0.000157
1.407000,-0.000157
1.408000,-0.000157
1.409000,-0.000156
1.410000,-0.000156
1.411000,-0.000157
1.412000,-0.000156
1.413000,-0.000157
1.414000,-0.000157
1.415000,-0.000157
1.416000,-0.000158
1.417000,-0.000158
1.418000,-0.000157
1.419000,-0.000156
1.420000,-0.000157
1.421000,-0.000157
1.422000,-0.000158
1.423000,-0.000158
1.424000,-0.000158
1.425000,-0.000158
1.426000,-0.000158
1.427000,-0.000158
1.428000,-0.000158
1.429000,-0.000157
1.430000,-0.000158
1.431000,-0.000158
1.432000,-0.000157
1.433000,-0.000157
1.434000,-0.000157
1.435000,-0.000156
1.436000,-0.000157
1.437000,-0.000156
1.438000,-0.000156
1.439000,-0.000155
1.440000,-0.000154
1.441000,-0.000155
1.442000,-0.000155
1.443000,-0.000155
1.444000,-0.000153
1.445000,-0.000154
1.446000,-0.000154
1.447000,-0.000154
1.448000,-0.000155
1.449000,-0.000154
1.450000,-0.000154
1.451000,-0.000155
1.452000,-0.000156
1.453000,-0.000156
1.454000,-0.000154
1.455000,-0.000154
1.456000,-0.000154
1.457000,-0.000156
1.458000,-0.000156
1.459000,-0.000155
1.460000,-0.000156
1.461000,-0.000156
1.462000,-0.000156
1.463000,-0.000156
1.464000,-0.000155
1.465000,-0.000155
1.466000,-0.000156
1.467000,-0.000156
1.468000,-0.000156
1.469000,-0.000156
1.470000,-0.000157
1.471000,-0.000155
1.472000,-0.000155
1.473000,-0.000155
1.474000,-0.000155
1.475000,-0.000156
1.476000,-0.000155
1.477000,-0.000156
1.478000,-0.000156
1.479000,-0.000156
1.480000,-0.000157
1.481000,-0.000156
1.482000,-0.000157
1.483000,-0.000156
1.484000,-0.000156
1.485000,-0.000156
1.486000,-0.000156
1.487000,-0.000156
1.488000,-0.000156
1.489000,-0.000156
1.490000,-0.000156
1.491000,-0.000156
1.492000,-0.000157
1.493000,-0.000156
1.494000,-0.000156
1.495000,-0.000156
1.496000,-0.000156
1.497000,-0.000157
1.498000,-0.000156
1.499000,-0.000156
1.500000,-0.000155
1.501000,-0.000156
1.502000,-0.000156
1.503000,-0.000156
1.504000,-0.000156
1.505000,-0.000157
1.506000,-0.000157
1.507000,-0.000157
1.508000,-0.000158
1.509000,-0.000159
1.510000,-0.000160
1.511000,-0.000158
1.512000,-0.000158
1.513000,-0.000158
1.514000,-0.000159
1.515000,-0.000159
1.516000,-0.000158
1.517000,-0.000158
1.518000,-0.000157
1.519000,-0.000157
1.520000,-0.000158
1.521000,-0.000158
1.522000,-0.000157
1.523000,-0.000158
1.524000,-0.000158
1.525000,-0.000157
1.526000,-0.000157
1.527000,-0.000159
1.528000,-0.000157
1.529000,-0.000158
1.530000,-0.000159
1.531000,-0.000159
1.532000,-0.000159
1.533000,-0.000159
1.534000,-0.000158
1.535000,-0.000159
1.536000,-0.000159
1.537000,-0.000157
1.538000,-0.000156
1.539000,-0.000156
1.540000,-0.000155
1.541000,-0.000156
1.542000,-0.000156
1.543000,-0.000155
1.544000,-0.000155
1.545000,-0.000155
1.546000,-0.000155
1.547000,-0.000156
1.548000,-0.000156
1.549000,-0.000156
1.550000,-0.000156
1.551000,-0.000155
1.552000,-0.000157
1.553000,-0.000157
1.554000,-0.000157
1.555000,-0.000157
1.556000,-0.000157
1.557000,-0.000158
1.558000,-0.000158
1.559000,-0.000158
1.560000,-0.000159
1.561000,-0.000159
1.562000,-0.000161
1.563000,-0.000161
1.564000,-0.000161
1.565000,-0.000161
1.566000,-0.000161
1.567000,-0.000160
1.568000,-0.000161
1.569000,-0.000160
1.570000,-0.000161
1.571000,-0.000161
1.572000,-0.000160
1.573000,-0.000160
1.574000,-0.000159
1.575000,-0.000159
1.576000,-0.000159
1.577000,-0.000160
1.578000,-0.000160
1.579000,-0.000159
1.580000,-0.000158
1.581000,-0.000158
1.582000,-0.000157
1.583000,-0.000158
1.584000,-0.000155
1.585000,-0.000155
1.586000,-0.000154
1.587000,-0.000155
1.588000,-0.000154
1.589000,-0.000155
1.590000,-0.000154
1.591000,-0.000155
1.592000,-0.000156
1.593000,-0.000155
1.594000,-0.000155
1.595000,-0.000155
1.596000,-0.000156
1.597000,-0.000155
1.598000,-0.000155
1.599000,-0.000155
1.600000,-0.000155
1.601000,-0.000156
1.602000,-0.000156
1.603000,-0.000155
1.604000,-0.000155
1.605000,-0.000154
1.606000,-0.000154
1.607000,-0.000154
1.608000,-0.000155
1.609000,-0.000154
1.610000,-0.000154
1.611000,-0.000154
1.612000,-0.000153
1.613000,-0.000154
1.614000,-0.000153
1.615000,-0.000153
1.616000,-0.000153
1.617000,-0.000155
1.618000,-0.000154
1.619000,-0.000153
1.620000,-0.000153
1.621000,-0.000153
1.622000,-0.000153
1.623000,-0.000154
1.624000,-0.000154
1.625000,-0.000154
1.626000,-0.000153
1.627000,-0.000153
1.628000,-0.000153
1.629000,-0.000154
1.630000,-0.000153
1.631000,-0.000153
1.632000,-0.000153
1.633000,-0.000153
1.634000,-0.000152
1.635000,-0.000153
1.636000,-0.000152
1.637000,-0.000152
1.638000,-0.000153
1.639000,-0.000154
1.640000,-0.000153
1.641000,-0.000154
1.642000,-0.000154
1.643000,-0.000154
1.644000,-0.000154
1.645000,-0.000154
1.646000,-0.000154
1.647000,-0.000155
1.648000,-0.000155
1.649000,-0.000156
1.650000,-0.000156
1.651000,-0.000156
1.652000,-0.000156
1.653000,-0.000157
1.654000,-0.000156
1.655000,-0.000157
1.656000,-0.000157
1.657000,-0.000157
1.658000,-0.000157
1.659000,-0.000159
1.660000,-0.000158
1.661000,-0.000158
1.662000,-0.000159
1.663000,-0.000160
1.664000,-0.000159
1.665000,-0.000159
1.666000,-0.000159
1.667000,-0.000159
1.668000,-0.000159
1.669000,-0.000159
1.670000,-0.000159
1.671000,-0.000159
1.672000,-0.000158
1.673000,-0.000159
1.674000,-0.000158
1.675000,-0.000158
1.676000,-0.000159
1.677000,-0.000158
1.678000,-0.000159
1.679000,-0.000159
1.680000,-0.000159
1.681000,-0.000159
1.682000,-0.000159
1.683000,-0.000160
1.684000,-0.000159
1.685000,-0.000160
1.686000,-0.000160
1.687000,-0.000159
1.688000,-0.000159
1.689000,-0.000159
1.690000,-0.000160
1.691000,-0.000160
1.692000,-0.000160
1.693000,-0.000160
1.694000,-0.000159
1.695000,-0.000160
1.696000,-0.000160
1.697000,-0.000160
1.698000,-0.000161
1.699000,-0.000161
1.700000,-0.000161
1.701000,-0.000161
1.702000,-0.000160
1.703000,-0.000159
1.704000,-0.000159
1.705000,-0.000159
1.706000,-0.000159
1.707000,-0.000159
1.708000,-0.000159
1.709000,-0.000159
1.710000,-0.000158
1.711000,-0.000158
1.712000,-0.000158
1.713000,-0.000156
1.714000,-0.000156
1.715000,-0.000156
1.716000,-0.000155
1.717000,-0.000156
1.718000,-0.000156
1.719000,-0.000155
1.720000,-0.000155
1.721000,-0.000154
1.722000,-0.000154
1.723000,-0.000153
1.724000,-0.000153
1.725000,-0.000152
1.726000,-0.000153
1.727000,-0.000152
1.728000,-0.000152
1.729000,-0.000151
1.730000,-0.000151
1.731000,-0.000151
1.732000,-0.000151
1.733000,-0.000151
1.734000,-0.000151
1.735000,-0.000150
1.736000,-0.000151
1.737000,-0.000151
1.738000,-0.000152
1.739000,-0.000152
1.740000,-0.000151
1.741000,-0.000151
1.742000,-0.000151
1.743000,-0.000150
1.744000,-0.000151
1.745000,-0.000151
1.746000,-0.000151
1.747000,-0.000151
1.748000,-0.000152
1.749000,-0.000152
1.750000,-0.000151
1.751000,-0.000151
1.752000,-0.000151
1.753000,-0.000151
1.754000,-0.000151
1.755000,-0.000151
1.756000,-0.000151
1.757000,-0.000152
1.758000,-0.000151
1.759000,-0.000151
1.760000,-0.000152
1.761000,-0.000152
1.762000,-0.000152
1.763000,-0.000151
1.764000,-0.000152
1.765000,-0.000151
1.766000,-0.000152
1.767000,-0.000151
1.768000,-0.000152
1.769000,-0.000151
1.770000,-0.000152
1.771000,-0.000152
1.772000,-0.000152
1.773000,-0.000152
1.774000,-0.000152
1.775000,-0.000153
1.776000,-0.000153
1.777000,-0.000153
1.778000,-0.000152
1.779000,-0.000152
1.780000,-0.000152
1.781000,-0.000152
1.782000,-0.000151
1.783000,-0.000152
1.784000,-0.000151
1.785000,-0.000151
1.786000,-0.000151
1.787000,-0.000151
1.788000,-0.000151
1.789000,-0.000150
1.790000,-0.000151
1.791000,-0.000151
1.792000,-0.000151
1.793000,-0.000151
1.794000,-0.000151
1.795000,-0.000151
1.796000,-0.000151
1.797000,-0.000151
1.798000,-0.000152
1.799000,-0.000151
1.800000,-0.000150
1.801000,-0.000149
1.802000,-0.000149
1.803000,-0.000150
1.804000,-0.000150
1.805000,-0.000151
1.806000,-0.000150
1.807000,-0.000151
1.808000,-0.000151
1.809000,-0.000152
1.810000,-0.000151
1.811000,-0.000152
1.812000,-0.000151
1.813000,-0.000152
1.814000,-0.000152
1.815000,-0.000153
1.816000,-0.000151
1.817000,-0.000151
1.818000,-0.000152
1.819000,-0.000152
1.820000,-0.000152
1.821000,-0.000153
1.822000,-0.000153
1.823000,-0.000154
1.824000,-0.000154
1.825000,-0.000154
1.826000,-0.000156
1.827000,-0.000156
1.828000,-0.000155
1.829000,-0.000156
1.830000,-0.000156
1.831000,-0.000157
1.832000,-0.000158
1.833000,-0.000158
1.834000,-0.000158
1.835000,-0.000159
1.836000,-0.000157
1.837000,-0.000157
1.838000,-0.000158
1.839000,-0.000158
1.840000,-0.000158
1.841000,-0.000158
1.842000,-0.000158
1.843000,-0.000159
1.844000,-0.000159
1.845000,-0.000159
1.846000,-0.000157
1.847000,-0.000157
1.848000,-0.000158
1.849000,-0.000157
1.850000,-0.000157
1.851000,-0.000157
1.852000,-0.000156
1.853000,-0.000157
1.854000,-0.000156
1.855000,-0.000156
1.856000,-0.000157
1.857000,-0.000156
1.858000,-0.000156
1.859000,-0.000156
1.860000,-0.000155
1.861000,-0.000155
1.862000,-0.000155
1.863000,-0.000156
1.864000,-0.000156
1.865000,-0.000155
1.866000,-0.000155
1.867000,-0.000154
1.868000,-0.000155
1.869000,-0.000155
1.870000,-0.000155
1.871000,-0.000155
1.872000,-0.000155
1.873000,-0.000155
1.874000,-0.000155
1.875000,-0.000154
1.876000,-0.000154
1.877000,-0.000153
1.878000,-0.000154
1.879000,-0.000153
1.880000,-0.000152
1.881000,-0.000152
1.882000,-0.000152
1.883000,-0.000153
1.884000,-0.000152
1.885000,-0.000153
1.886000,-0.000153
1.887000,-0.000153
1.888000,-0.000153
1.889000,-0.000154
1.890000,-0.000154
1.891000,-0.000154
1.892000,-0.000153
1.893000,-0.000153
1.894000,-0.000153
1.895000,-0.000152
1.896000,-0.000152
1.897000,-0.000153
1.898000,-0.000152
1.899000,-0.000153
1.900000,-0.000154
1.901000,-0.000153
1.902000,-0.000153
1.903000,-0.000153
1.904000,-0.000154
1.905000,-0.000154
1.906000,-0.000154
1.907000,-0.000154
1.908000,-0.000155
1.909000,-0.000154
1.910000,-0.000154
1.911000,-0.000153
1.912000,-0.000154
1.913000,-0.000153
1.914000,-0.000154
1.915000,-0.000152
1.916000,-0.000151
1.917000,-0.000153
1.918000,-0.000151
1.919000,-0.000152
1.920000,-0.000153
1.921000,-0.000152
1.922000,-0.000153
1.923000,-0.000154
1.924000,-0.000153
1.925000,-0.000154
1.926000,-0.000154
1.927000,-0.000152
1.928000,-0.000151
1.929000,-0.000150
1.930000,-0.000150
1.931000,-0.000151
1.932000,-0.000150
1.933000,-0.000149
1.934000,-0.000150
1.935000,-0.000151
1.936000,-0.000152
1.937000,-0.000152
1.938000,-0.000152
1.939000,-0.000152
1.940000,-0.000153
1.941000,-0.000153
1.942000,-0.000152
1.943000,-0.000153
1.944000,-0.000153
1.945000,-0.000153
1.946000,-0.000153
1.947000,-0.000153
1.948000,-0.000152
1.949000,-0.000152
1.950000,-0.000152
1.951000,-0.000151
1.952000,-0.000151
1.953000,-0.000150
1.954000,-0.000151
1.955000,-0.000151
1.956000,-0.000150
1.957000,-0.000151
1.958000,-0.000150
1.959000,-0.000150
1.960000,-0.000151
1.961000,-0.000151
1.962000,-0.000151
1.963000,-0.000152
1.964000,-0.000151
1.965000,-0.000152
1.966000,-0.000151
1.967000,-0.000153
1.968000,-0.000152
1.969000,-0.000153
1.970000,-0.000153
1.971000,-0.000154
1.972000,-0.000153
1.973000,-0.000154
1.974000,-0.000152
1.975000,-0.000153
1.976000,-0.000152
1.977000,-0.000152
1.978000,-0.000152
1.979000,-0.000151
1.980000,-0.000151
1.981000,-0.000151
1.982000,-0.000152
1.983000,-0.000151
1.984000,-0.000152
1.985000,-0.000151
1.986000,-0.000152
1.987000,-0.000152
1.988000,-0.000152
1.989000,-0.000151
1.990000,-0.000151
1.991000,-0.000150
1.992000,-0.000152
1.993000,-0.000151
1.994000,-0.000152
1.995000,-0.000152
1.996000,-0.000151
1.997000,-0.000152
1.998000,-0.000151
1.999000,-0.000153
2.000000,-0.000152
2.001000,-0.000152
2.002000,-0.000152
2.003000,-0.000153
2.004000,-0.000153
2.005000,-0.000154
2.006000,-0.000153
2.007000,-0.000154
2.008000,-0.000153
2.009000,-0.000155
2.010000,-0.000155
2.011000,-0.000155
2.012000,-0.000155
2.013000,-0.000155
2.014000,-0.000154
2.015000,-0.000155
2.016000,-0.000156
2.017000,-0.000156
2.018000,-0.000156
2.019000,-0.000156
2.020000,-0.000156
2.021000,-0.000156
2.022000,-0.000156
2.023000,-0.000156
2.024000,-0.000155
2.025000,-0.000156
2.026000,-0.000157
2.027000,-0.000156
2.028000,-0.000156
2.029000,-0.000155
2.030000,-0.000155
2.031000,-0.000155
2.032000,-0.000154
2.033000,-0.000155
2.034000,-0.000155
2.035000,-0.000155
2.036000,-0.000154
2.037000,-0.000154
2.038000,-0.000154
2.039000,-0.000154
2.040000,-0.000154
2.041000,-0.000154
2.042000,-0.000155
2.043000,-0.000155
2.044000,-0.000156
2.045000,-0.000156
2.046000,-0.000157
2.047000,-0.000157
2.048000,-0.000158
2.049000,-0.000157
2.050000,-0.000156
2.051000,-0.000157
2.052000,-0.000157
2.053000,-0.000156
2.054000,-0.000157
2.055000,-0.000157
2.056000,-0.000157
2.057000,-0.000158
2.058000,-0.000159
2.059000,-0.000159
2.060000,-0.000159
2.061000,-0.000158
2.062000,-0.000158
2.063000,-0.000157
2.064000,-0.000158
2.065000,-0.000156
2.066000,-0.000157
2.067000,-0.000157
2.068000,-0.000157
2.069000,-0.000157
2.070000,-0.000157
2.071000,-0.000157
2.072000,-0.000157
2.073000,-0.000157
2.074000,-0.000157
2.075000,-0.000157
2.076000,-0.000158
2.077000,-0.000157
2.078000,-0.000157
2.079000,-0.000158
2.080000,-0.000157
2.081000,-0.000158
2.082000,-0.000157
2.083000,-0.000157
2.084000,-0.000157
2.085000,-0.000157
2.086000,-0.000157
2.087000,-0.000154
2.088000,-0.000154
2.089000,-0.000154
2.090000,-0.000154
2.091000,-0.000154
2.092000,-0.000153
2.093000,-0.000153
2.094000,-0.000153
2.095000,-0.000151
2.096000,-0.000152
2.097000,-0.000151
2.098000,-0.000150
2.099000,-0.000150
2.100000,-0.000150
2.101000,-0.000151
2.102000,-0.000150
2.103000,-0.000150
2.104000,-0.000150
2.105000,-0.000151
2.106000,-0.000151
2.107000,-0.000151
2.108000,-0.000152
2.109000,-0.000152
2.110000,-0.000151
2.111000,-0.000151
2.112000,-0.000152
2.113000,-0.000151
2.114000,-0.000150
2.115000,-0.000151
2.116000,-0.000150
2.117000,-0.000151
2.118000,-0.000152
2.119000,-0.000152
2.120000,-0.000152
2.121000,-0.000152
2.122000,-0.000152
2.123000,-0.000154
2.124000,-0.000154
2.125000,-0.000155
2.126000,-0.000155
2.127000,-0.000156
2.128000,-0.000157
2.129000,-0.000157
2.130000,-0.000157
2.131000,-0.000157
2.132000,-0.000157
2.133000,-0.000158
2.134000,-0.000157
2.135000,-0.000158
2.136000,-0.000158
2.137000,-0.000157
2.138000,-0.000157
2.139000,-0.000158
2.140000,-0.000158
2.141000,-0.000159
2.142000,-0.000159
2.143000,-0.000160
2.144000,-0.000159
2.145000,-0.000159
2.146000,-0.000158
2.147000,-0.000158
2.148000,-0.000158
2.149000,-0.000158
2.150000,-0.000156
2.151000,-0.000156
2.152000,-0.000156
2.153000,-0.000157
2.154000,-0.000156
2.155000,-0.000156
2.156000,-0.000156
2.157000,-0.000156
2.158000,-0.000156
2.159000,-0.000156
2.160000,-0.000156
2.161000,-0.000156
2.162000,-0.000156
2.163000,-0.000157
2.164000,-0.000156
2.165000,-0.000156
2.166000,-0.000155
2.167000,-0.000156
2.168000,-0.000156
2.169000,-0.000155
2.170000,-0.000155
2.171000,-0.000155
2.172000,-0.000155
2.173000,-0.000155
2.174000,-0.000156
2.175000,-0.000155
2.176000,-0.000155
2.177000,-0.000155
2.178000,-0.000155
2.179000,-0.000155
2.180000,-0.000155
2.181000,-0.000156
2.182000,-0.000156
2.183000,-0.000156
2.184000,-0.000156
2.185000,-0.000156
2.186000,-0.000157
2.187000,-0.000157
2.188000,-0.000157
2.189000,-0.000156
2.190000,-0.000157
2.191000,-0.000157
2.192000,-0.000156
2.193000,-0.000155
2.194000,-0.000155
2.195000,-0.000155
2.196000,-0.000156
2.197000,-0.000155
2.198000,-0.000156
2.199000,-0.000156
2.200000,-0.000156
2.201000,-0.000157
2.202000,-0.000157
2.203000,-0.000157
2.204000,-0.000157
2.205000,-0.000157
2.206000,-0.000157
2.207000,-0.000158
2.208000,-0.000157
2.209000,-0.000158
2.210000,-0.000157
2.211000,-0.000156
2.212000,-0.000155
2.213000,-0.000155
2.214000,-0.000154
2.215000,-0.000154
2.216000,-0.000154
2.217000,-0.000153
2.218000,-0.000153
2.219000,-0.000152
2.220000,-0.000152
2.221000,-0.000151
2.222000,-0.000151
2.223000,-0.000151
2.224000,-0.000151
2.225000,-0.000151
2.226000,-0.000150
2.227000,-0.000150
2.228000,-0.000149
2.229000,-0.000148
2.230000,-0.000148
2.231000,-0.000149
2.232000,-0.000148
2.233000,-0.000147
2.234000,-0.000146
2.235000,-0.000146
2.236000,-0.000146
2.237000,-0.000146
2.238000,-0.000145
2.239000,-0.000145
2.240000,-0.000144
2.241000,-0.000144
2.242000,-0.000144
2.243000,-0.000145
2.244000,-0.000145
2.245000,-0.000146
2.246000,-0.000144
2.247000,-0.000145
2.248000,-0.000146
2.249000,-0.000146
2.250000,-0.000146
2.251000,-0.000147
2.252000,-0.000146
2.253000,-0.000146
2.254000,-0.000146
2.255000,-0.000145
2.256000,-0.000144
2.257000,-0.000144
2.258000,-0.000142
2.259000,-0.000143
2.260000,-0.000144
2.261000,-0.000143
2.262000,-0.000144
2.263000,-0.000144
2.264000,-0.000145
2.265000,-0.000146
2.266000,-0.000147
2.267000,-0.000146
2.268000,-0.000146
2.269000,-0.000145
2.270000,-0.000145
2.271000,-0.000145
2.272000,-0.000145
2.273000,-0.000146
2.274000,-0.000145
2.275000,-0.000146
2.276000,-0.000146
2.277000,-0.000147
2.278000,-0.000147
2.279000,-0.000147
2.280000,-0.000147
2.281000,-0.000148
2.282000,-0.000148
2.283000,-0.000149
2.284000,-0.000148
2.285000,-0.000149
2.286000,-0.000148
2.287000,-0.000149
2.288000,-0.000149
2.289000,-0.000148
2.290000,-0.000148
2.291000,-0.000148
2.292000,-0.000148
2.293000,-0.000148
2.294000,-0.000147
2.295000,-0.000146
2.296000,-0.000146
2.297000,-0.000146
2.298000,-0.000147
2.299000,-0.000147
2.300000,-0.000147
2.301000,-0.000147
2.302000,-0.000147
2.303000,-0.000148
2.304000,-0.000148
2.305000,-0.000149
2.306000,-0.000149
2.307000,-0.000147
2.308000,-0.000148
2.309000,-0.000148
2.310000,-0.000148
2.311000,-0.000148
2.312000,-0.000149
2.313000,-0.000149
2.314000,-0.000148
2.315000,-0.000148
2.316000,-0.000147
2.317000,-0.000147
2.318000,-0.000147
2.319000,-0.000147
2.320000,-0.000147
2.321000,-0.000146
2.322000,-0.000145
2.323000,-0.000144
2.324000,-0.000144
2.325000,-0.000144
2.326000,-0.000144
2.327000,-0.000144
2.328000,-0.000144
2.329000,-0.000145
2.330000,-0.000146
2.331000,-0.000145
2.332000,-0.000146
2.333000,-0.000146
2.334000,-0.000146
2.335000,-0.000147
2.336000,-0.000148
2.337000,-0.000146
2.338000,-0.000147
2.339000,-0.000148
2.340000,-0.000148
2.341000,-0.000148
2.342000,-0.000148
2.343000,-0.000149
2.344000,-0.000150
2.345000,-0.000150
2.346000,-0.000150
2.347000,-0.000150
2.348000,-0.000151
2.349000,-0.000151
2.350000,-0.000152
2.351000,-0.000152
2.352000,-0.000152
2.353000,-0.000152
2.354000,-0.000152
2.355000,-0.000152
2.356000,-0.000153
2.357000,-0.000154
2.358000,-0.000154
2.359000,-0.000154
2.360000,-0.000152
2.361000,-0.000152
2.362000,-0.000152
2.363000,-0.000152
2.364000,-0.000152
2.365000,-0.000153
2.366000,-0.000153
2.367000,-0.000154
2.368000,-0.000154
2.369000,-0.000154
2.370000,-0.000154
2.371000,-0.000154
2.372000,-0.000154
2.373000,-0.000154
2.374000,-0.000153
2.375000,-0.000153
2.376000,-0.000154
2.377000,-0.000154
2.378000,-0.000154
2.379000,-0.000155
2.380000,-0.000155
2.381000,-0.000155
2.382000,-0.000156
2.383000,-0.000156
2.384000,-0.000156
2.385000,-0.000155
2.386000,-0.000156
2.387000,-0.000155
2.388000,-0.000155
2.389000,-0.000155
2.390000,-0.000156
2.391000,-0.000157
2.392000,-0.000157
2.393000,-0.000157
2.394000,-0.000157
2.395000,-0.000157
2.396000,-0.000157
2.397000,-0.000157
2.398000,-0.000156
2.399000,-0.000156
2.400000,-0.000157
2.401000,-0.000157
2.402000,-0.000157
2.403000,-0.000157
2.404000,-0.000158
2.405000,-0.000158
2.406000,-0.000158
2.407000,-0.000158
2.408000,-0.000157
2.409000,-0.000155
2.410000,-0.000155
2.411000,-0.000155
2.412000,-0.000155
2.413000,-0.000156
2.414000,-0.000155
2.415000,-0.000155
2.416000,-0.000156
2.417000,-0.000157
2.418000,-0.000157
2.419000,-0.000158
2.420000,-0.000158
2.421000,-0.000157
2.422000,-0.000158
2.423000,-0.000157
2.424000,-0.000157
2.425000,-0.000157
2.426000,-0.000156
2.427000,-0.000157
2.428000,-0.000157
2.429000,-0.000157
2.430000,-0.000157
2.431000,-0.000156
2.432000,-0.000156
2.433000,-0.000155
2.434000,-0.000154
2.435000,-0.000153
2.436000,-0.000153
2.437000,-0.000154
2.438000,-0.000153
2.439000,-0.000152
2.440000,-0.000152
2.441000,-0.000151
2.442000,-0.000151
2.443000,-0.000151
2.444000,-0.000151
2.445000,-0.000152
2.446000,-0.000152
2.447000,-0.000152
2.448000,-0.000153
2.449000,-0.000155
2.450000,-0.000154
2.451000,-0.000155
2.452000,-0.000155
2.453000,-0.000155
2.454000,-0.000156
2.455000,-0.000156
2.456000,-0.000155
2.457000,-0.000155
2.458000,-0.000152
2.459000,-0.000152
2.460000,-0.000152
2.461000,-0.000152
2.462000,-0.000151
2.463000,-0.000149
2.464000,-0.000149
2.465000,-0.000149
2.466000,-0.000150
2.467000,-0.000149
2.468000,-0.000150
2.469000,-0.000150
2.470000,-0.000151
2.471000,-0.000151
2.472000,-0.000152
2.473000,-0.000152
2.474000,-0.000151
2.475000,-0.000150
2.476000,-0.000150
2.477000,-0.000150
2.478000,-0.000149
2.479000,-0.000149
2.480000,-0.000149
2.481000,-0.000149
2.482000,-0.000148
2.483000,-0.000149
2.484000,-0.000148
2.485000,-0.000150
2.486000,-0.000149
2.487000,-0.000150
2.488000,-0.000150
2.489000,-0.000150
2.490000,-0.000150
2.491000,-0.000150
2.492000,-0.000150
2.493000,-0.000150
2.494000,-0.000150
2.495000,-0.000151
2.496000,-0.000151
2.497000,-0.000149
2.498000,-0.000149
2.499000,-0.000149
2.500000,-0.000150
2.501000,-0.000150
2.502000,-0.000150
2.503000,-0.000150
2.504000,-0.000150
2.505000,-0.000151
2.506000,-0.000152
2.507000,-0.000152
2.508000,-0.000151
2.509000,-0.000152
2.510000,-0.000150
2.511000,-0.000150
2.512000,-0.000151
2.513000,-0.000151
2.514000,-0.000152
2.515000,-0.000152
2.516000,-0.000152
2.517000,-0.000152
2.518000,-0.000153
2.519000,-0.000152
2.520000,-0.000152
2.521000,-0.000153
2.522000,-0.000153
2.523000,-0.000153
2.524000,-0.000153
2.525000,-0.000152
2.526000,-0.000152
2.527000,-0.000152
2.528000,-0.000151
2.529000,-0.000150
2.530000,-0.000150
2.531000,-0.000150
2.532000,-0.000150
2.533000,-0.000149
2.534000,-0.000148
2.535000,-0.000148
2.536000,-0.000147
2.537000,-0.000147
2.538000,-0.000146
2.539000,-0.000146
2.540000,-0.000147
2.541000,-0.000147
2.542000,-0.000146
2.543000,-0.000146
2.544000,-0.000146
2.545000,-0.000146
2.546000,-0.000146
2.547000,-0.000146
2.548000,-0.000146
2.549000,-0.000145
2.550000,-0.000145
2.551000,-0.000145
2.552000,-0.000145
2.553000,-0.000145
2.554000,-0.000145
2.555000,-0.000143
2.556000,-0.000144
2.557000,-0.000143
2.558000,-0.000143
2.559000,-0.000143
2.560000,-0.000143
2.561000,-0.000145
2.562000,-0.000145
2.563000,-0.000145
2.564000,-0.000146
2.565000,-0.000147
2.566000,-0.000147
2.567000,-0.000147
2.568000,-0.000147
2.569000,-0.000148
2.570000,-0.000147
2.571000,-0.000148
2.572000,-0.000148
2.573000,-0.000148
2.574000,-0.000149
2.575000,-0.000147
2.576000,-0.000148
2.577000,-0.000147
2.578000,-0.000149
2.579000,-0.000149
2.580000,-0.000148
2.581000,-0.000149
2.582000,-0.000149
2.583000,-0.000150
2.584000,-0.000149
2.585000,-0.000150
2.586000,-0.000151
2.587000,-0.000150
2.588000,-0.000150
2.589000,-0.000150
2.590000,-0.000151
2.591000,-0.000151
2.592000,-0.000151
2.593000,-0.000151
2.594000,-0.000151
2.595000,-0.000149
2.596000,-0.000150
2.597000,-0.000150
2.598000,-0.000150
2.599000,-0.000149
2.600000,-0.000150
2.601000,-0.000150
2.602000,-0.000150
2.603000,-0.000150
2.604000,-0.000150
2.605000,-0.000151
2.606000,-0.000150
2.607000,-0.000151
2.608000,-0.000149
2.609000,-0.000149
2.610000,-0.000149
2.611000,-0.000150
2.612000,-0.000149
2.613000,-0.000150
2.614000,-0.000150
2.615000,-0.000150
2.616000,-0.000150
2.617000,-0.000150
2.618000,-0.000149
2.619000,-0.000150
2.620000,-0.000151
2.621000,-0.000151
2.622000,-0.000151
2.623000,-0.000152
2.624000,-0.000151
2.625000,-0.000152
2.626000,-0.000152
2.627000,-0.000152
2.628000,-0.000152
2.629000,-0.000153
2.630000,-0.000153
2.631000,-0.000154
2.632000,-0.000154
2.633000,-0.000154
2.634000,-0.000155
2.635000,-0.000155
2.636000,-0.000156
2.637000,-0.000156
2.638000,-0.000156
2.639000,-0.000155
2.640000,-0.000156
2.641000,-0.000156
2.642000,-0.000155
2.643000,-0.000155
2.644000,-0.000155
2.645000,-0.000155
2.646000,-0.000156
2.647000,-0.000156
2.648000,-0.000155
2.649000,-0.000156
2.650000,-0.000156
2.651000,-0.000155
2.652000,-0.000155
2.653000,-0.000156
2.654000,-0.000155
2.655000,-0.000155
2.656000,-0.000154
2.657000,-0.000154
2.658000,-0.000154
2.659000,-0.000154
2.660000,-0.000153
2.661000,-0.000154
2.662000,-0.000154
2.663000,-0.000153
2.664000,-0.000154
2.665000,-0.000154
2.666000,-0.000154
2.667000,-0.000153
2.668000,-0.000154
2.669000,-0.000154
2.670000,-0.000154
2.671000,-0.000154
2.672000,-0.000155
2.673000,-0.000156
2.674000,-0.000156
2.675000,-0.000157
2.676000,-0.000157
2.677000,-0.000156
2.678000,-0.000157
2.679000,-0.000155
2.680000,-0.000157
2.681000,-0.000157
2.682000,-0.000157
2.683000,-0.000157
2.684000,-0.000158
2.685000,-0.000157
2.686000,-0.000157
2.687000,-0.000158
2.688000,-0.000157
2.689000,-0.000157
2.690000,-0.000157
2.691000,-0.000157
2.692000,-0.000157
2.693000,-0.000157
2.694000,-0.000157
2.695000,-0.000157
2.696000,-0.000158
2.697000,-0.000159
2.698000,-0.000156
2.699000,-0.000157
2.700000,-0.000156
2.701000,-0.000157
2.702000,-0.000156
2.703000,-0.000157
2.704000,-0.000156
2.705000,-0.000156
2.706000,-0.000156
2.707000,-0.000156
2.708000,-0.000156
2.709000,-0.000157
2.710000,-0.000157
2.711000,-0.000158
2.712000,-0.000158
2.713000,-0.000159
2.714000,-0.000158
2.715000,-0.000158
2.716000,-0.000159
2.717000,-0.000158
2.718000,-0.000158
2.719000,-0.000159
2.720000,-0.000159
2.721000,-0.000158
2.722000,-0.000159
2.723000,-0.000158
2.724000,-0.000159
2.725000,-0.000160
2.726000,-0.000161
2.727000,-0.000160
2.728000,-0.000162
2.729000,-0.000162
2.730000,-0.000162
2.731000,-0.000161
2.732000,-0.000162
2.733000,-0.000160
2.734000,-0.000161
2.735000,-0.000161
2.736000,-0.000161
2.737000,-0.000162
2.738000,-0.000163
2.739000,-0.000162
2.740000,-0.000164
2.741000,-0.000164
2.742000,-0.000164
2.743000,-0.000164
2.744000,-0.000164
2.745000,-0.000164
2.746000,-0.000165
2.747000,-0.000165
2.748000,-0.000165
2.749000,-0.000165
2.750000,-0.000166
2.751000,-0.000166
2.752000,-0.000165
2.753000,-0.000165
2.754000,-0.000164
2.755000,-0.000165
2.756000,-0.000164
2.757000,-0.000164
2.758000,-0.000166
2.759000,-0.000167
2.760000,-0.000168
2.761000,-0.000168
2.762000,-0.000168
2.763000,-0.000168
2.764000,-0.000168
2.765000,-0.000167
2.766000,-0.000167
2.767000,-0.000167
2.768000,-0.000166
2.769000,-0.000166
2.770000,-0.000166
2.771000,-0.000166
2.772000,-0.000165
2.773000,-0.000165
2.774000,-0.000165
2.775000,-0.000165
2.776000,-0.000163
2.777000,-0.000163
2.778000,-0.000164
2.779000,-0.000165
2.780000,-0.000165
2.781000,-0.000166
2.782000,-0.000166
2.783000,-0.000166
2.784000,-0.000166
2.785000,-0.000166
2.786000,-0.000166
2.787000,-0.000166
2.788000,-0.000166
2.789000,-0.000167
2.790000,-0.000166
2.791000,-0.000166
2.792000,-0.000166
2.793000,-0.000166
2.794000,-0.000167
2.795000,-0.000166
2.796000,-0.000167
2.797000,-0.000168
2.798000,-0.000167
2.799000,-0.000167
2.800000,-0.000167
2.801000,-0.000167
2.802000,-0.000167
2.803000,-0.000168
2.804000,-0.000168
2.805000,-0.000169
2.806000,-0.000169
2.807000,-0.000169
2.808000,-0.000169
2.809000,-0.000168
2.810000,-0.000168
2.811000,-0.000168
2.812000,-0.000168
2.813000,-0.000168
2.814000,-0.000168
2.815000,-0.000167
2.816000,-0.000167
2.817000,-0.000166
2.818000,-0.000164
2.819000,-0.000163
2.820000,-0.000162
2.821000,-0.000161
2.822000,-0.000162
2.823000,-0.000162
2.824000,-0.000161
2.825000,-0.000162
2.826000,-0.000161
2.827000,-0.000161
2.828000,-0.000161
2.829000,-0.000160
2.830000,-0.000161
2.831000,-0.000158
2.832000,-0.000157
2.833000,-0.000157
2.834000,-0.000157
2.835000,-0.000156
2.836000,-0.000156
2.837000,-0.000156
2.838000,-0.000155
2.839000,-0.000155
2.840000,-0.000156
2.841000,-0.000155
2.842000,-0.000154
2.843000,-0.000155
2.844000,-0.000154
2.845000,-0.000155
2.846000,-0.000155
2.847000,-0.000155
2.848000,-0.000156
2.849000,-0.000156
2.850000,-0.000156
2.851000,-0.000156
2.852000,-0.000155
2.853000,-0.000155
2.854000,-0.000156
2.855000,-0.000156
2.856000,-0.000155
2.857000,-0.000156
2.858000,-0.000156
2.859000,-0.000156
2.860000,-0.000156
2.861000,-0.000157
2.862000,-0.000158
2.863000,-0.000158
2.864000,-0.000159
2.865000,-0.000158
2.866000,-0.000159
2.867000,-0.000158
2.868000,-0.000158
2.869000,-0.000158
2.870000,-0.000157
2.871000,-0.000157
2.872000,-0.000155
2.873000,-0.000155
2.874000,-0.000154
2.875000,-0.000154
2.876000,-0.000155
2.877000,-0.000155
2.878000,-0.000156
2.879000,-0.000156
2.880000,-0.000156
2.881000,-0.000156
2.882000,-0.000157
2.883000,-0.000157
2.884000,-0.000157
2.885000,-0.000157
2.886000,-0.000157
2.887000,-0.000157
2.888000,-0.000156
2.889000,-0.000156
2.890000,-0.000158
2.891000,-0.000157
2.892000,-0.000158
2.893000,-0.000157
2.894000,-0.000157
2.895000,-0.000158
2.896000,-0.000157
2.897000,-0.000158
2.898000,-0.000158
2.899000,-0.000159
2.900000,-0.000159
2.901000,-0.000158
2.902000,-0.000159
2.903000,-0.000158
2.904000,-0.000157
2.905000,-0.000157
2.906000,-0.000157
2.907000,-0.000156
2.908000,-0.000157
2.909000,-0.000158
2.910000,-0.000157
2.911000,-0.000157
2.912000,-0.000157
2.913000,-0.000158
2.914000,-0.000159
2.915000,-0.000159
2.916000,-0.000159
2.917000,-0.000159
2.918000,-0.000158
2.919000,-0.000158
2.920000,-0.000158
2.921000,-0.000158
2.922000,-0.000158
2.923000,-0.000159
2.924000,-0.000158
2.925000,-0.000158
2.926000,-0.000158
2.927000,-0.000157
2.928000,-0.000156
2.929000,-0.000156
2.930000,-0.000155
2.931000,-0.000155
2.932000,-0.000156
2.933000,-0.000155
2.934000,-0.000155
2.935000,-0.000156
2.936000,-0.000155
2.937000,-0.000155
2.938000,-0.000155
2.939000,-0.000155
2.940000,-0.000153
2.941000,-0.000153
2.942000,-0.000152
2.943000,-0.000152
2.944000,-0.000152
2.945000,-0.000152
2.946000,-0.000153
2.947000,-0.000154
2.948000,-0.000153
2.949000,-0.000155
2.950000,-0.000155
2.951000,-0.000155
2.952000,-0.000156
2.953000,-0.000157
2.954000,-0.000158
2.955000,-0.000158
2.956000,-0.000158
2.957000,-0.000155
2.958000,-0.000155
2.959000,-0.000154
2.960000,-0.000157
2.961000,-0.000157
2.962000,-0.000157
2.963000,-0.000157
2.964000,-0.000157
2.965000,-0.000158
2.966000,-0.000159
2.967000,-0.000157
2.968000,-0.000157
2.969000,-0.000157
2.970000,-0.000157
2.971000,-0.000157
2.972000,-0.000157
2.973000,-0.000157
2.974000,-0.000157
2.975000,-0.000157
2.976000,-0.000157
2.977000,-0.000157
2.978000,-0.000157
2.979000,-0.000157
2.980000,-0.000157
2.981000,-0.000157
2.982000,-0.000157
2.983000,-0.000157
2.984000,-0.000157
2.985000,-0.000155
2.986000,-0.000155
2.987000,-0.000156
2.988000,-0.000156
2.989000,-0.000156
2.990000,-0.000156
2.991000,-0.000154
2.992000,-0.000154
2.993000,-0.000154
2.994000,-0.000155
2.995000,-0.000154
2.996000,-0.000154
2.997000,-0.000155
2.998000,-0.000155
2.999000,-0.000155
3.000000,-0.000156
3.001000,-0.000156
3.002000,-0.000156
3.003000,-0.000156
3.004000,-0.000156
3.005000,-0.000157
3.006000,-0.000157
3.007000,-0.000157
3.008000,-0.000156
3.009000,-0.000156
3.010000,-0.000156
3.011000,-0.000155
3.012000,-0.000156
3.013000,-0.000155
3.014000,-0.000154
3.015000,-0.000154
3.016000,-0.000154
3.017000,-0.000154
3.018000,-0.000154
3.019000,-0.000154
3.020000,-0.000154
3.021000,-0.000155
3.022000,-0.000156
3.023000,-0.000156
3.024000,-0.000156
3.025000,-0.000155
3.026000,-0.000154
3.027000,-0.000154
3.028000,-0.000154
3.029000,-0.000155
3.030000,-0.000155
3.031000,-0.000154
3.032000,-0.000155
3.033000,-0.000155
3.034000,-0.000155
3.035000,-0.000155
3.036000,-0.000155
3.037000,-0.000156
3.038000,-0.000156
3.039000,-0.000156
3.040000,-0.000156
3.041000,-0.000156
3.042000,-0.000156
3.043000,-0.000156
3.044000,-0.000157
3.045000,-0.000157
3.046000,-0.000156
3.047000,-0.000156
3.048000,-0.000156
3.049000,-0.000156
3.050000,-0.000156
3.051000,-0.000156
3.052000,-0.000155
3.053000,-0.000155
3.054000,-0.000154
3.055000,-0.000154
3.056000,-0.000154
3.057000,-0.000153
3.058000,-0.000152
3.059000,-0.000153
3.060000,-0.000153
3.061000,-0.000154
3.062000,-0.000153
3.063000,-0.000154
3.064000,-0.000153
3.065000,-0.000154
3.066000,-0.000154
3.067000,-0.000155
3.068000,-0.000156
3.069000,-0.000156
3.070000,-0.000157
3.071000,-0.000157
3.072000,-0.000156
3.073000,-0.000156
3.074000,-0.000156
3.075000,-0.000155
3.076000,-0.000154
3.077000,-0.000155
3.078000,-0.000155
3.079000,-0.000154
3.080000,-0.000155
3.081000,-0.000156
3.082000,-0.000155
3.083000,-0.000155
3.084000,-0.000155
3.085000,-0.000156
3.086000,-0.000156
3.087000,-0.000155
3.088000,-0.000155
3.089000,-0.000156
3.090000,-0.000155
3.091000,-0.000156
3.092000,-0.000156
3.093000,-0.000155
3.094000,-0.000155
3.095000,-0.000155
3.096000,-0.000155
3.097000,-0.000154
3.098000,-0.000154
3.099000,-0.000153
3.100000,-0.000152
3.101000,-0.000152
3.102000,-0.000153
3.103000,-0.000153
3.104000,-0.000153
3.105000,-0.000154
3.106000,-0.000153
3.107000,-0.000153
3.108000,-0.000154
3.109000,-0.000154
3.110000,-0.000154
3.111000,-0.000154
3.112000,-0.000153
3.113000,-0.000154
3.114000,-0.000154
3.115000,-0.000154
3.116000,-0.000154
3.117000,-0.000153
3.118000,-0.000153
3.119000,-0.000154
3.120000,-0.000153
3.121000,-0.000153
3.122000,-0.000152
3.123000,-0.000150
3.124000,-0.000150
3.125000,-0.000150
3.126000,-0.000149
3.127000,-0.000149
3.128000,-0.000149
3.129000,-0.000148
3.130000,-0.000148
3.131000,-0.000149
3.132000,-0.000148
3.133000,-0.000148
3.134000,-0.000148
3.135000,-0.000146
3.136000,-0.000146
3.137000,-0.000146
3.138000,-0.000145
3.139000,-0.000146
3.140000,-0.000146
3.141000,-0.000145
3.142000,-0.000145
3.143000,-0.000146
3.144000,-0.000146
3.145000,-0.000146
3.146000,-0.000147
3.147000,-0.000147
3.148000,-0.000147
3.149000,-0.000147
3.150000,-0.000147
3.151000,-0.000148
3.152000,-0.000147
3.153000,-0.000147
3.154000,-0.000148
3.155000,-0.000148
3.156000,-0.000148
3.157000,-0.000146
3.158000,-0.000146
3.159000,-0.000147
3.160000,-0.000146
3.161000,-0.000146
3.162000,-0.000146
3.163000,-0.000146
3.164000,-0.000147
3.165000,-0.000147
3.166000,-0.000147
3.167000,-0.000149
3.168000,-0.000150
3.169000,-0.000150
3.170000,-0.000149
3.171000,-0.000150
3.172000,-0.000150
3.173000,-0.000151
3.174000,-0.000151
3.175000,-0.000151
3.176000,-0.000151
3.177000,-0.000149
3.178000,-0.000150
3.179000,-0.000149
3.180000,-0.000150
3.181000,-0.000150
3.182000,-0.000150
3.183000,-0.000150
3.184000,-0.000150
3.185000,-0.000150
3.186000,-0.000150
3.187000,-0.000150
3.188000,-0.000150
3.189000,-0.000150
3.190000,-0.000150
3.191000,-0.000150
3.192000,-0.000151
3.193000,-0.000150
3.194000,-0.000151
3.195000,-0.000151
3.196000,-0.000151
3.197000,-0.000153
3.198000,-0.000152
3.199000,-0.000153
3.200000,-0.000153
3.201000,-0.000154
3.202000,-0.000153
3.203000,-0.000154
3.204000,-0.000155
3.205000,-0.000154
3.206000,-0.000154
3.207000,-0.000154
3.208000,-0.000154
3.209000,-0.000154
3.210000,-0.000153
3.211000,-0.000152
3.212000,-0.000152
3.213000,-0.000152
3.214000,-0.000152
3.215000,-0.000151
3.216000,-0.000150
3.217000,-0.000151
3.218000,-0.000149
3.219000,-0.000149
3.220000,-0.000148
3.221000,-0.000148
3.222000,-0.000148
3.223000,-0.000146
3.224000,-0.000145
3.225000,-0.000146
3.226000,-0.000146
3.227000,-0.000146
3.228000,-0.000145
3.229000,-0.000146
3.230000,-0.000145
3.231000,-0.000145
3.232000,-0.000145
3.233000,-0.000144
3.234000,-0.000144
3.235000,-0.000145
3.236000,-0.000145
3.237000,-0.000145
3.238000,-0.000143
3.239000,-0.000142
3.240000,-0.000142
3.241000,-0.000142
3.242000,-0.000141
3.243000,-0.000141
3.244000,-0.000141
3.245000,-0.000140
3.246000,-0.000140
3.247000,-0.000141
3.248000,-0.000141
3.249000,-0.000142
3.250000,-0.000143
3.251000,-0.000143
3.252000,-0.000143
3.253000,-0.000143
3.254000,-0.000142
3.255000,-0.000143
3.256000,-0.000143
3.257000,-0.000144
3.258000,-0.000144
3.259000,-0.000145
3.260000,-0.000146
3.261000,-0.000146
3.262000,-0.000146
3.263000,-0.000146
3.264000,-0.000146
3.265000,-0.000148
3.266000,-0.000148
3.267000,-0.000149
3.268000,-0.000150
3.269000,-0.000148
3.270000,-0.000148
3.271000,-0.000148
3.272000,-0.000149
3.273000,-0.000149
3.274000,-0.000149
3.275000,-0.000149
3.276000,-0.000149
3.277000,-0.000149
3.278000,-0.000149
3.279000,-0.000148
3.280000,-0.000148
3.281000,-0.000148
3.282000,-0.000148
3.283000,-0.000148
3.284000,-0.000147
3.285000,-0.000148
3.286000,-0.000147
3.287000,-0.000148
3.288000,-0.000147
3.289000,-0.000148
3.290000,-0.000147
3.291000,-0.000148
3.292000,-0.000148
3.293000,-0.000148
3.294000,-0.000147
3.295000,-0.000148
3.296000,-0.000148
3.297000,-0.000149
3.298000,-0.000149
3.299000,-0.000150
3.300000,-0.000149
3.301000,-0.000150
3.302000,-0.000151
3.303000,-0.000151
3.304000,-0.000152
3.305000,-0.000151
3.306000,-0.000152
3.307000,-0.000151
3.308000,-0.000151
3.309000,-0.000151
3.310000,-0.000152
3.311000,-0.000150
3.312000,-0.000150
3.313000,-0.000150
3.314000,-0.000151
3.315000,-0.000151
3.316000,-0.000151
3.317000,-0.000150
3.318000,-0.000149
3.319000,-0.000150
3.320000,-0.000150
3.321000,-0.000149
3.322000,-0.000149
3.323000,-0.000148
3.324000,-0.000149
3.325000,-0.000149
3.326000,-0.000149
3.327000,-0.000149
3.328000,-0.000148
3.329000,-0.000149
3.330000,-0.000149
3.331000,-0.000148
3.332000,-0.000148
3.333000,-0.000147
3.334000,-0.000148
3.335000,-0.000147
3.336000,-0.000147
3.337000,-0.000147
3.338000,-0.000147
3.339000,-0.000147
3.340000,-0.000147
3.341000,-0.000146
3.342000,-0.000146
3.343000,-0.000145
3.344000,-0.000145
3.345000,-0.000145
3.346000,-0.000146
3.347000,-0.000146
3.348000,-0.000145
3.349000,-0.000145
3.350000,-0.000145
3.351000,-0.000144
3.352000,-0.000145
3.353000,-0.000144
3.354000,-0.000144
3.355000,-0.000143
3.356000,-0.000144
3.357000,-0.000144
3.358000,-0.000144
3.359000,-0.000145
3.360000,-0.000145
3.361000,-0.000146
3.362000,-0.000147
3.363000,-0.000147
3.364000,-0.000146
3.365000,-0.000147
3.366000,-0.000147
3.367000,-0.000147
3.368000,-0.000147
3.369000,-0.000147
3.370000,-0.000147
3.371000,-0.000148
3.372000,-0.000147
3.373000,-0.000149
3.374000,-0.000149
3.375000,-0.000149
3.376000,-0.000149
3.377000,-0.000149
3.378000,-0.000150
3.379000,-0.000150
3.380000,-0.000150
3.381000,-0.000150
3.382000,-0.000151
3.383000,-0.000150
3.384000,-0.000152
3.385000,-0.000151
3.386000,-0.000152
3.387000,-0.000152
3.388000,-0.000152
3.389000,-0.000152
3.390000,-0.000152
3.391000,-0.000152
3.392000,-0.000152
3.393000,-0.000152
3.394000,-0.000152
3.395000,-0.000153
3.396000,-0.000154
3.397000,-0.000154
3.398000,-0.000154
3.399000,-0.000154
3.400000,-0.000153
3.401000,-0.000154
3.402000,-0.000153
3.403000,-0.000153
3.404000,-0.000154
3.405000,-0.000154
3.406000,-0.000153
3.407000,-0.000153
3.408000,-0.000153
3.409000,-0.000153
3.410000,-0.000154
3.411000,-0.000154
3.412000,-0.000154
3.413000,-0.000153
3.414000,-0.000154
3.415000,-0.000155
3.416000,-0.000155
3.417000,-0.000154
3.418000,-0.000155
3.419000,-0.000155
3.420000,-0.000156
3.421000,-0.000156
3.422000,-0.000157
3.423000,-0.000157
3.424000,-0.000157
3.425000,-0.000159
3.426000,-0.000158
3.427000,-0.000157
3.428000,-0.000157
3.429000,-0.000158
3.430000,-0.000156
3.431000,-0.000157
3.432000,-0.000156
3.433000,-0.000157
3.434000,-0.000158
3.435000,-0.000159
3.436000,-0.000159
3.437000,-0.000160
3.438000,-0.000159
3.439000,-0.000159
3.440000,-0.000159
3.441000,-0.000160
3.442000,-0.000160
3.443000,-0.000161
3.444000,-0.000161
3.445000,-0.000161
3.446000,-0.000160
3.447000,-0.000161
3.448000,-0.000161
3.449000,-0.000162
3.450000,-0.000162
3.451000,-0.000163
3.452000,-0.000163
3.453000,-0.000164
3.454000,-0.000164
3.455000,-0.000164
3.456000,-0.000166
3.457000,-0.000166
3.458000,-0.000168
3.459000,-0.000167
3.460000,-0.000167
3.461000,-0.000168
3.462000,-0.000168
3.463000,-0.000168
3.464000,-0.000167
3.465000,-0.000168
3.466000,-0.000168
3.467000,-0.000168
3.468000,-0.000166
3.469000,-0.000167
3.470000,-0.000166
3.471000,-0.000166
3.472000,-0.000165
3.473000,-0.000165
3.474000,-0.000165
3.475000,-0.000164
3.476000,-0.000165
3.477000,-0.000165
3.478000,-0.000166
3.479000,-0.000166
3.480000,-0.000167
3.481000,-0.000167
3.482000,-0.000167
3.483000,-0.000166
3.484000,-0.000166
3.485000,-0.000165
3.486000,-0.000165
3.487000,-0.000165
3.488000,-0.000165
3.489000,-0.000165
3.490000,-0.000164
3.491000,-0.000164
3.492000,-0.000164
3.493000,-0.000164
3.494000,-0.000164
3.495000,-0.000163
3.496000,-0.000163
3.497000,-0.000163
3.498000,-0.000163
3.499000,-0.000164
3.500000,-0.000164
3.501000,-0.000164
3.502000,-0.000163
3.503000,-0.000164
3.504000,-0.000163
3.505000,-0.000163
3.506000,-0.000162
3.507000,-0.000161
3.508000,-0.000161
3.509000,-0.000161
3.510000,-0.000162
3.511000,-0.000163
3.512000,-0.000162
3.513000,-0.000162
3.514000,-0.000163
3.515000,-0.000163
3.516000,-0.000163
3.517000,-0.000163
3.518000,-0.000162
3.519000,-0.000162
3.520000,-0.000161
3.521000,-0.000160
3.522000,-0.000158
3.523000,-0.000157
3.524000,-0.000157
3.525000,-0.000158
3.526000,-0.000157
3.527000,-0.000157
3.528000,-0.000155
3.529000,-0.000154
3.530000,-0.000154
3.531000,-0.000154
3.532000,-0.000155
3.533000,-0.000154
3.534000,-0.000155
3.535000,-0.000154
3.536000,-0.000154
3.537000,-0.000153
3.538000,-0.000153
3.539000,-0.000154
3.540000,-0.000154
3.541000,-0.000154
3.542000,-0.000153
3.543000,-0.000153
3.544000,-0.000153
3.545000,-0.000153
3.546000,-0.000154
3.547000,-0.000154
3.548000,-0.000154
3.549000,-0.000156
3.550000,-0.000157
3.551000,-0.000157
3.552000,-0.000157
3.553000,-0.000157
3.554000,-0.000157
3.555000,-0.000157
3.556000,-0.000157
3.557000,-0.000157
3.558000,-0.000157
3.559000,-0.000157
3.560000,-0.000157
3.561000,-0.000157
3.562000,-0.000158
3.563000,-0.000157
3.564000,-0.000158
3.565000,-0.000158
3.566000,-0.000158
3.567000,-0.000159
3.568000,-0.000158
3.569000,-0.000158
3.570000,-0.000158
3.571000,-0.000158
3.572000,-0.000158
3.573000,-0.000158
3.574000,-0.000157
3.575000,-0.000157
3.576000,-0.000157
3.577000,-0.000157
3.578000,-0.000156
3.579000,-0.000157
3.580000,-0.000156
3.581000,-0.000156
3.582000,-0.000156
3.583000,-0.000156
3.584000,-0.000157
3.585000,-0.000157
3.586000,-0.000157
3.587000,-0.000158
3.588000,-0.000158
3.589000,-0.000158
3.590000,-0.000158
3.591000,-0.000159
3.592000,-0.000158
3.593000,-0.000158
3.594000,-0.000158
3.595000,-0.000158
3.596000,-0.000158
3.597000,-0.000158
3.598000,-0.000158
3.599000,-0.000158
3.600000,-0.000157
3.601000,-0.000159
3.602000,-0.000159
3.603000,-0.000159
3.604000,-0.000159
3.605000,-0.000159
3.606000,-0.000159
3.607000,-0.000160
3.608000,-0.000160
3.609000,-0.000160
3.610000,-0.000161
3.611000,-0.000160
3.612000,-0.000160
3.613000,-0.000159
3.614000,-0.000159
3.615000,-0.000158
3.616000,-0.000157
3.617000,-0.000157
3.618000,-0.000157
3.619000,-0.000155
3.620000,-0.000155
3.621000,-0.000154
3.622000,-0.000153
3.623000,-0.000153
3.624000,-0.000153
3.625000,-0.000152
3.626000,-0.000152
3.627000,-0.000153
3.628000,-0.000152
3.629000,-0.000151
3.630000,-0.000151
3.631000,-0.000151
3.632000,-0.000152
3.633000,-0.000152
3.634000,-0.000153
3.635000,-0.000152
3.636000,-0.000152
3.637000,-0.000152
3.638000,-0.000152
3.639000,-0.000152
3.640000,-0.000152
3.641000,-0.000153
3.642000,-0.000154
3.643000,-0.000153
3.644000,-0.000152
3.645000,-0.000153
3.646000,-0.000154
3.647000,-0.000155
3.648000,-0.000155
3.649000,-0.000156
3.650000,-0.000157
3.651000,-0.000157
3.652000,-0.000158
3.653000,-0.000158
3.654000,-0.000159
3.655000,-0.000158
3.656000,-0.000159
3.657000,-0.000159
3.658000,-0.000159
3.659000,-0.000159
3.660000,-0.000158
3.661000,-0.000158
3.662000,-0.000158
3.663000,-0.000158
3.664000,-0.000158
3.665000,-0.000158
3.666000,-0.000158
3.667000,-0.000159
3.668000,-0.000158
3.669000,-0.000158
3.670000,-0.000159
3.671000,-0.000159
3.672000,-0.000158
3.673000,-0.000159
3.674000,-0.000160
3.675000,-0.000159
3.676000,-0.000160
3.677000,-0.000160
3.678000,-0.000161
3.679000,-0.000161
3.680000,-0.000161
3.681000,-0.000161
3.682000,-0.000161
3.683000,-0.000161
3.684000,-0.000161
3.685000,-0.000161
3.686000,-0.000161
3.687000,-0.000161
3.688000,-0.000161
3.689000,-0.000160
3.690000,-0.000160
3.691000,-0.000160
3.692000,-0.000160
3.693000,-0.000160
3.694000,-0.000160
3.695000,-0.000160
3.696000,-0.000161
3.697000,-0.000160
3.698000,-0.000160
3.699000,-0.000161
3.700000,-0.000162
3.701000,-0.000162
3.702000,-0.000162
3.703000,-0.000162
3.704000,-0.000163
3.705000,-0.000163
3.706000,-0.000164
3.707000,-0.000163
3.708000,-0.000164
3.709000,-0.000163
3.710000,-0.000163
3.711000,-0.000164
3.712000,-0.000164
3.713000,-0.000163
3.714000,-0.000162
3.715000,-0.000162
3.716000,-0.000162
3.717000,-0.000161
3.718000,-0.000161
3.719000,-0.000161
3.720000,-0.000161
3.721000,-0.000161
3.722000,-0.000160
3.723000,-0.000160
3.724000,-0.000160
3.725000,-0.000160
3.726000,-0.000159
3.727000,-0.000158
3.728000,-0.000159
3.729000,-0.000158
3.730000,-0.000158
3.731000,-0.000158
3.732000,-0.000158
3.733000,-0.000159
3.734000,-0.000158
3.735000,-0.000158
3.736000,-0.000159
3.737000,-0.000159
3.738000,-0.000159
3.739000,-0.000160
3.740000,-0.000160
3.741000,-0.000159
3.742000,-0.000159
3.743000,-0.000159
3.744000,-0.000159
3.745000,-0.000160
3.746000,-0.000159
3.747000,-0.000159
3.748000,-0.000159
3.749000,-0.000158
3.750000,-0.000158
3.751000,-0.000157
3.752000,-0.000157
3.753000,-0.000157
3.754000,-0.000158
3.755000,-0.000158
3.756000,-0.000159
3.757000,-0.000160
3.758000,-0.000159
3.759000,-0.000159
3.760000,-0.000159
3.761000,-0.000159
3.762000,-0.000159
3.763000,-0.000159
3.764000,-0.000159
3.765000,-0.000159
3.766000,-0.000159
3.767000,-0.000160
3.768000,-0.000159
3.769000,-0.000160
3.770000,-0.000160
3.771000,-0.000160
3.772000,-0.000159
3.773000,-0.000159
3.774000,-0.000159
3.775000,-0.000158
3.776000,-0.000157
3.777000,-0.000158
3.778000,-0.000157
3.779000,-0.000158
3.780000,-0.000157
3.781000,-0.000157
3.782000,-0.000157
3.783000,-0.000158
3.784000,-0.000159
3.785000,-0.000158
3.786000,-0.000158
3.787000,-0.000158
3.788000,-0.000159
3.789000,-0.000159
3.790000,-0.000159
3.791000,-0.000158
3.792000,-0.000159
3.793000,-0.000159
3.794000,-0.000159
3.795000,-0.000159
3.796000,-0.000159
3.797000,-0.000159
3.798000,-0.000158
3.799000,-0.000158
3.800000,-0.000158
3.801000,-0.000158
3.802000,-0.000158
3.803000,-0.000158
3.804000,-0.000158
3.805000,-0.000158
3.806000,-0.000157
3.807000,-0.000158
3.808000,-0.000157
3.809000,-0.000158
3.810000,-0.000158
3.811000,-0.000158
3.812000,-0.000158
3.813000,-0.000159
3.814000,-0.000158
3.815000,-0.000159
3.816000,-0.000159
3.817000,-0.000160
3.818000,-0.000160
3.819000,-0.000161
3.820000,-0.000161
3.821000,-0.000161
3.822000,-0.000161
3.823000,-0.000161
3.824000,-0.000160
3.825000,-0.000161
3.826000,-0.000160
3.827000,-0.000161
3.828000,-0.000160
3.829000,-0.000160
3.830000,-0.000161
3.831000,-0.000162
3.832000,-0.000161
3.833000,-0.000161
3.834000,-0.000161
3.835000,-0.000161
3.836000,-0.000160
3.837000,-0.000160
3.838000,-0.000160
3.839000,-0.000161
3.840000,-0.000160
3.841000,-0.000160
3.842000,-0.000160
3.843000,-0.000159
3.844000,-0.000159
3.845000,-0.000159
3.846000,-0.000158
3.847000,-0.000158
3.848000,-0.000158
3.849000,-0.000158
3.850000,-0.000157
3.851000,-0.000158
3.852000,-0.000156
3.853000,-0.000157
3.854000,-0.000157
3.855000,-0.000157
3.856000,-0.000157
3.857000,-0.000157
3.858000,-0.000157
3.859000,-0.000158
3.860000,-0.000157
3.861000,-0.000157
3.862000,-0.000158
3.863000,-0.000158
3.864000,-0.000159
3.865000,-0.000159
3.866000,-0.000159
3.867000,-0.000158
3.868000,-0.000158
3.869000,-0.000158
3.870000,-0.000158
3.871000,-0.000157
3.872000,-0.000157
3.873000,-0.000157
3.874000,-0.000156
3.875000,-0.000156
3.876000,-0.000156
3.877000,-0.000157
3.878000,-0.000157
3.879000,-0.000156
3.880000,-0.000157
3.881000,-0.000156
3.882000,-0.000156
3.883000,-0.000156
3.884000,-0.000156
3.885000,-0.000157
3.886000,-0.000158
3.887000,-0.000158
3.888000,-0.000158
3.889000,-0.000158
3.890000,-0.000158
3.891000,-0.000156
3.892000,-0.000156
3.893000,-0.000156
3.894000,-0.000156
3.895000,-0.000156
3.896000,-0.000157
3.897000,-0.000157
3.898000,-0.000157
3.899000,-0.000157
3.900000,-0.000157
3.901000,-0.000157
3.902000,-0.000157
3.903000,-0.000158
3.904000,-0.000159
3.905000,-0.000160
3.906000,-0.000160
3.907000,-0.000160
3.908000,-0.000160
3.909000,-0.000161
3.910000,-0.000161
3.911000,-0.000161
3.912000,-0.000161
3.913000,-0.000161
3.914000,-0.000161
3.915000,-0.000160
3.916000,-0.000160
3.917000,-0.000160
3.918000,-0.000161
3.919000,-0.000160
3.920000,-0.000160
3.921000,-0.000160
3.922000,-0.000160
3.923000,-0.000160
3.924000,-0.000161
3.925000,-0.000160
3.926000,-0.000161
3.927000,-0.000161
3.928000,-0.000162
3.929000,-0.000163
3.930000,-0.000163
3.931000,-0.000162
3.932000,-0.000163
3.933000,-0.000163
3.934000,-0.000164
3.935000,-0.000164
3.936000,-0.000164
3.937000,-0.000164
3.938000,-0.000164
3.939000,-0.000164
3.940000,-0.000163
3.941000,-0.000163
3.942000,-0.000163
3.943000,-0.000161
3.944000,-0.000162
3.945000,-0.000162
3.946000,-0.000162
3.947000,-0.000162
3.948000,-0.000162
3.949000,-0.000162
3.950000,-0.000163
3.951000,-0.000163
3.952000,-0.000164
3.953000,-0.000163
3.954000,-0.000163
3.955000,-0.000162
3.956000,-0.000163
3.957000,-0.000162
3.958000,-0.000162
3.959000,-0.000162
3.960000,-0.000162
3.961000,-0.000162
3.962000,-0.000162
3.963000,-0.000163
3.964000,-0.000164
3.965000,-0.000164
3.966000,-0.000163
3.967000,-0.000163
3.968000,-0.000164
3.969000,-0.000163
3.970000,-0.000164
3.971000,-0.000164
3.972000,-0.000164
3.973000,-0.000163
3.974000,-0.000164
3.975000,-0.000162
3.976000,-0.000163
3.977000,-0.000162
3.978000,-0.000162
3.979000,-0.000162
3.980000,-0.000162
3.981000,-0.000162
3.982000,-0.000161
3.983000,-0.000160
3.984000,-0.000161
3.985000,-0.000161
3.986000,-0.000161
3.987000,-0.000161
3.988000,-0.000159
3.989000,-0.000160
3.990000,-0.000160
3.991000,-0.000160
3.992000,-0.000160
3.993000,-0.000160
3.994000,-0.000160
3.995000,-0.000160
3.996000,-0.000159
3.997000,-0.000158
3.998000,-0.000158
3.999000,-0.000158
4.000000,-0.000158
4.001000,-0.000158
4.002000,-0.000158
4.003000,-0.000158
4.004000,-0.000158
4.005000,-0.000158
4.006000,-0.000159
4.007000,-0.000159
4.008000,-0.000160
4.009000,-0.000159
4.010000,-0.000159
4.011000,-0.000159
4.012000,-0.000158
4.013000,-0.000158
4.014000,-0.000158
4.015000,-0.000157
4.016000,-0.000157
4.017000,-0.000157
4.018000,-0.000157
4.019000,-0.000157
4.020000,-0.000157
4.021000,-0.000156
4.022000,-0.000156
4.023000,-0.000156
4.024000,-0.000155
4.025000,-0.000155
4.026000,-0.000155
4.027000,-0.000155
4.028000,-0.000155
4.029000,-0.000155
4.030000,-0.000154
4.031000,-0.000153
4.032000,-0.000154
4.033000,-0.000154
4.034000,-0.000154
4.035000,-0.000153
4.036000,-0.000153
4.037000,-0.000153
4.038000,-0.000152
4.039000,-0.000152
4.040000,-0.000152
4.041000,-0.000152
4.042000,-0.000152
4.043000,-0.000150
4.044000,-0.000150
4.045000,-0.000150
4.046000,-0.000151
4.047000,-0.000151
4.048000,-0.000151
4.049000,-0.000152
4.050000,-0.000153
4.051000,-0.000152
4.052000,-0.000153
4.053000,-0.000153
4.054000,-0.000154
4.055000,-0.000153
4.056000,-0.000153
4.057000,-0.000153
4.058000,-0.000153
4.059000,-0.000153
4.060000,-0.000151
4.061000,-0.000151
4.062000,-0.000151
4.063000,-0.000150
4.064000,-0.000150
4.065000,-0.000150
4.066000,-0.000150
4.067000,-0.000151
4.068000,-0.000150
4.069000,-0.000151
4.070000,-0.000151
4.071000,-0.000151
4.072000,-0.000150
4.073000,-0.000149
4.074000,-0.000150
4.075000,-0.000151
4.076000,-0.000151
4.077000,-0.000152
4.078000,-0.000151
4.079000,-0.000152
4.080000,-0.000152
4.081000,-0.000153
4.082000,-0.000153
4.083000,-0.000152
4.084000,-0.000152
4.085000,-0.000152
4.086000,-0.000152
4.087000,-0.000152
4.088000,-0.000153
4.089000,-0.000153
4.090000,-0.000153
4.091000,-0.000153
4.092000,-0.000153
4.093000,-0.000154
4.094000,-0.000154
4.095000,-0.000153
4.096000,-0.000153
4.097000,-0.000153
4.098000,-0.000153
4.099000,-0.000152
4.100000,-0.000152
4.101000,-0.000152
4.102000,-0.000152
4.103000,-0.000153
4.104000,-0.000152
4.105000,-0.000153
4.106000,-0.000153
4.107000,-0.000153
4.108000,-0.000153
4.109000,-0.000153
4.110000,-0.000154
4.111000,-0.000154
4.112000,-0.000154
4.113000,-0.000155
4.114000,-0.000155
4.115000,-0.000155
4.116000,-0.000155
4.117000,-0.000156
4.118000,-0.000155
4.119000,-0.000156
4.120000,-0.000156
4.121000,-0.000156
4.122000,-0.000157
4.123000,-0.000156
4.124000,-0.000157
4.125000,-0.000157
4.126000,-0.000157
4.127000,-0.000158
4.128000,-0.000157
4.129000,-0.000158
4.130000,-0.000158
4.131000,-0.000159
4.132000,-0.000160
4.133000,-0.000162
4.134000,-0.000161
4.135000,-0.000161
4.136000,-0.000162
4.137000,-0.000162
4.138000,-0.000161
4.139000,-0.000162
4.140000,-0.000162
4.141000,-0.000162
4.142000,-0.000164
4.143000,-0.000162
4.144000,-0.000161
4.145000,-0.000163
4.146000,-0.000163
4.147000,-0.000163
4.148000,-0.000163
4.149000,-0.000163
4.150000,-0.000163
4.151000,-0.000164
4.152000,-0.000165
4.153000,-0.000165
4.154000,-0.000165
4.155000,-0.000165
4.156000,-0.000165
4.157000,-0.000166
4.158000,-0.000165
4.159000,-0.000165
4.160000,-0.000165
4.161000,-0.000165
4.162000,-0.000165
4.163000,-0.000165
4.164000,-0.000165
4.165000,-0.000164
4.166000,-0.000164
4.167000,-0.000164
4.168000,-0.000164
4.169000,-0.000163
4.170000,-0.000163
4.171000,-0.000161
4.172000,-0.000161
4.173000,-0.000161
4.174000,-0.000160
4.175000,-0.000160
4.176000,-0.000160
4.177000,-0.000160
4.178000,-0.000159
4.179000,-0.000160
4.180000,-0.000160
4.181000,-0.000160
4.182000,-0.000160
4.183000,-0.000160
4.184000,-0.000161
4.185000,-0.000160
4.186000,-0.000161
4.187000,-0.000160
4.188000,-0.000160
4.189000,-0.000159
4.190000,-0.000159
4.191000,-0.000159
4.192000,-0.000159
4.193000,-0.000158
4.194000,-0.000158
4.195000,-0.000158
4.196000,-0.000157
4.197000,-0.000159
4.198000,-0.000159
4.199000,-0.000158
4.200000,-0.000158
4.201000,-0.000158
4.202000,-0.000158
4.203000,-0.000158
4.204000,-0.000158
4.205000,-0.000158
4.206000,-0.000158
4.207000,-0.000160
4.208000,-0.000159
4.209000,-0.000160
4.210000,-0.000159
4.211000,-0.000159
4.212000,-0.000159
4.213000,-0.000158
4.214000,-0.000158
4.215000,-0.000159
4.216000,-0.000158
4.217000,-0.000159
4.218000,-0.000160
4.219000,-0.000161
4.220000,-0.000161
4.221000,-0.000162
4.222000,-0.000162
4.223000,-0.000163
4.224000,-0.000164
4.225000,-0.000164
4.226000,-0.000164
4.227000,-0.000165
4.228000,-0.000164
4.229000,-0.000165
4.230000,-0.000165
4.231000,-0.000166
4.232000,-0.000165
4.233000,-0.000167
4.234000,-0.000166
4.235000,-0.000164
4.236000,-0.000165
4.237000,-0.000164
4.238000,-0.000164
4.239000,-0.000165
4.240000,-0.000165
4.241000,-0.000164
4.242000,-0.000165
4.243000,-0.000165
4.244000,-0.000164
4.245000,-0.000165
4.246000,-0.000164
4.247000,-0.000163
4.248000,-0.000163
4.249000,-0.000162
4.250000,-0.000162
4.251000,-0.000162
4.252000,-0.000162
4.253000,-0.000162
4.254000,-0.000162
4.255000,-0.000162
4.256000,-0.000161
4.257000,-0.000162
4.258000,-0.000161
4.259000,-0.000161
4.260000,-0.000161
4.261000,-0.000161
4.262000,-0.000162
4.263000,-0.000162
4.264000,-0.000162
4.265000,-0.000163
4.266000,-0.000162
4.267000,-0.000162
4.268000,-0.000162
4.269000,-0.000162
4.270000,-0.000161
4.271000,-0.000161
4.272000,-0.000160
4.273000,-0.000161
4.274000,-0.000160
4.275000,-0.000161
4.276000,-0.000160
4.277000,-0.000159
4.278000,-0.000160
4.279000,-0.000159
4.280000,-0.000159
4.281000,-0.000159
4.282000,-0.000159
4.283000,-0.000159
4.284000,-0.000158
4.285000,-0.000157
4.286000,-0.000158
4.287000,-0.000158
4.288000,-0.000158
4.289000,-0.000158
4.290000,-0.000158
4.291000,-0.000158
4.292000,-0.000158
4.293000,-0.000158
4.294000,-0.000158
4.295000,-0.000158
4.296000,-0.000158
4.297000,-0.000158
4.298000,-0.000158
4.299000,-0.000158
4.300000,-0.000158
4.301000,-0.000158
4.302000,-0.000158
4.303000,-0.000158
4.304000,-0.000158
4.305000,-0.000156
4.306000,-0.000157
4.307000,-0.000157
4.308000,-0.000157
4.309000,-0.000157
4.310000,-0.000158
4.311000,-0.000158
4.312000,-0.000157
4.313000,-0.000157
4.314000,-0.000155
4.315000,-0.000154
4.316000,-0.000154
4.317000,-0.000153
4.318000,-0.000152
4.319000,-0.000152
4.320000,-0.000151
4.321000,-0.000151
4.322000,-0.000150
4.323000,-0.000151
4.324000,-0.000151
4.325000,-0.000152
4.326000,-0.000150
4.327000,-0.000150
4.328000,-0.000150
4.329000,-0.000150
4.330000,-0.000150
4.331000,-0.000151
4.332000,-0.000151
4.333000,-0.000151
4.334000,-0.000152
4.335000,-0.000152
4.336000,-0.000151
4.337000,-0.000151
4.338000,-0.000152
4.339000,-0.000151
4.340000,-0.000151
4.341000,-0.000151
4.342000,-0.000151
4.343000,-0.000152
4.344000,-0.000151
4.345000,-0.000151
4.346000,-0.000151
4.347000,-0.000152
4.348000,-0.000152
4.349000,-0.000152
4.350000,-0.000151
4.351000,-0.000151
4.352000,-0.000151
4.353000,-0.000152
4.354000,-0.000151
4.355000,-0.000151
4.356000,-0.000150
4.357000,-0.000150
4.358000,-0.000151
4.359000,-0.000151
4.360000,-0.000152
4.361000,-0.000151
4.362000,-0.000152
4.363000,-0.000152
4.364000,-0.000152
4.365000,-0.000152
4.366000,-0.000152
4.367000,-0.000152
4.368000,-0.000152
4.369000,-0.000152
4.370000,-0.000153
4.371000,-0.000153
4.372000,-0.000154
4.373000,-0.000154
4.374000,-0.000154
4.375000,-0.000154
4.376000,-0.000153
4.377000,-0.000155
4.378000,-0.000156
4.379000,-0.000156
4.380000,-0.000156
4.381000,-0.000155
4.382000,-0.000156
4.383000,-0.000154
4.384000,-0.000152
4.385000,-0.000152
4.386000,-0.000151
4.387000,-0.000152
4.388000,-0.000152
4.389000,-0.000153
4.390000,-0.000152
4.391000,-0.000152
4.392000,-0.000153
4.393000,-0.000153
4.394000,-0.000153
4.395000,-0.000153
4.396000,-0.000152
4.397000,-0.000153
4.398000,-0.000152
4.399000,-0.000152
4.400000,-0.000152
4.401000,-0.000151
4.402000,-0.000150
4.403000,-0.000150
4.404000,-0.000150
4.405000,-0.000150
4.406000,-0.000149
4.407000,-0.000149
4.408000,-0.000147
4.409000,-0.000148
4.410000,-0.000149
4.411000,-0.000149
4.412000,-0.000150
4.413000,-0.000150
4.414000,-0.000150
4.415000,-0.000150
4.416000,-0.000150
4.417000,-0.000150
4.418000,-0.000150
4.419000,-0.000149
4.420000,-0.000149
4.421000,-0.000150
4.422000,-0.000149
4.423000,-0.000149
4.424000,-0.000150
4.425000,-0.000149
4.426000,-0.000149
4.427000,-0.000149
4.428000,-0.000149
4.429000,-0.000148
4.430000,-0.000147
4.431000,-0.000146
4.432000,-0.000147
4.433000,-0.000147
4.434000,-0.000145
4.435000,-0.000145
4.436000,-0.000146
4.437000,-0.000146
4.438000,-0.000147
4.439000,-0.000147
4.440000,-0.000148
4.441000,-0.000147
4.442000,-0.000148
4.443000,-0.000148
4.444000,-0.000148
4.445000,-0.000148
4.446000,-0.000148
4.447000,-0.000148
4.448000,-0.000149
4.449000,-0.000148
4.450000,-0.000148
4.451000,-0.000148
4.452000,-0.000149
4.453000,-0.000148
4.454000,-0.000149
4.455000,-0.000148
4.456000,-0.000148
4.457000,-0.000149
4.458000,-0.000149
4.459000,-0.000149
4.460000,-0.000150
4.461000,-0.000150
4.462000,-0.000151
4.463000,-0.000151
4.464000,-0.000150
4.465000,-0.000150
4.466000,-0.000150
4.467000,-0.000150
4.468000,-0.000150
4.469000,-0.000150
4.470000,-0.000150
4.471000,-0.000149
4.472000,-0.000150
4.473000,-0.000149
4.474000,-0.000150
4.475000,-0.000150
4.476000,-0.000149
4.477000,-0.000149
4.478000,-0.000149
4.479000,-0.000150
4.480000,-0.000151
4.481000,-0.000151
4.482000,-0.000152
4.483000,-0.000152
4.484000,-0.000152
4.485000,-0.000152
4.486000,-0.000151
4.487000,-0.000152
4.488000,-0.000152
4.489000,-0.000153
4.490000,-0.000153
4.491000,-0.000153
4.492000,-0.000152
4.493000,-0.000153
4.494000,-0.000152
4.495000,-0.000152
4.496000,-0.000150
4.497000,-0.000150
4.498000,-0.000151
4.499000,-0.000151
4.500000,-0.000152
4.501000,-0.000151
4.502000,-0.000152
4.503000,-0.000153
4.504000,-0.000153
4.505000,-0.000153
4.506000,-0.000153
4.507000,-0.000153
4.508000,-0.000154
4.509000,-0.000154
4.510000,-0.000153
4.511000,-0.000153
4.512000,-0.000153
4.513000,-0.000152
4.514000,-0.000153
4.515000,-0.000153
4.516000,-0.000153
4.517000,-0.000154
4.518000,-0.000154
4.519000,-0.000154
4.520000,-0.000155
4.521000,-0.000154
4.522000,-0.000155
4.523000,-0.000155
4.524000,-0.000155
4.525000,-0.000156
4.526000,-0.000156
4.527000,-0.000156
4.528000,-0.000157
4.529000,-0.000156
4.530000,-0.000157
4.531000,-0.000157
4.532000,-0.000157
4.533000,-0.000156
4.534000,-0.000156
4.535000,-0.000155
4.536000,-0.000154
4.537000,-0.000154
4.538000,-0.000155
4.539000,-0.000154
4.540000,-0.000154
4.541000,-0.000154
4.542000,-0.000154
4.543000,-0.000152
4.544000,-0.000153
4.545000,-0.000153
4.546000,-0.000153
4.547000,-0.000152
4.548000,-0.000153
4.549000,-0.000153
4.550000,-0.000153
4.551000,-0.000153
4.552000,-0.000154
4.553000,-0.000153
4.554000,-0.000153
4.555000,-0.000153
4.556000,-0.000154
4.557000,-0.000153
4.558000,-0.000152
4.559000,-0.000152
4.560000,-0.000153
4.561000,-0.000152
4.562000,-0.000153
4.563000,-0.000153
4.564000,-0.000153
4.565000,-0.000153
4.566000,-0.000153
4.567000,-0.000154
4.568000,-0.000153
4.569000,-0.000153
4.570000,-0.000152
4.571000,-0.000154
4.572000,-0.000153
4.573000,-0.000152
4.574000,-0.000152
4.575000,-0.000152
4.576000,-0.000152
4.577000,-0.000153
4.578000,-0.000154
4.579000,-0.000155
4.580000,-0.000154
4.581000,-0.000156
4.582000,-0.000155
4.583000,-0.000156
4.584000,-0.000156
4.585000,-0.000156
4.586000,-0.000156
4.587000,-0.000156
4.588000,-0.000156
4.589000,-0.000157
4.590000,-0.000157
4.591000,-0.000157
4.592000,-0.000157
4.593000,-0.000156
4.594000,-0.000156
4.595000,-0.000155
4.596000,-0.000156
4.597000,-0.000155
4.598000,-0.000156
4.599000,-0.000155
4.600000,-0.000156
4.601000,-0.000157
4.602000,-0.000157
4.603000,-0.000156
4.604000,-0.000156
4.605000,-0.000156
4.606000,-0.000156
4.607000,-0.000155
4.608000,-0.000156
4.609000,-0.000156
4.610000,-0.000155
4.611000,-0.000155
4.612000,-0.000156
4.613000,-0.000157
4.614000,-0.000157
4.615000,-0.000157
4.616000,-0.000157
4.617000,-0.000156
4.618000,-0.000156
4.619000,-0.000155
4.620000,-0.000154
4.621000,-0.000151
4.622000,-0.000151
4.623000,-0.000151
4.624000,-0.000150
4.625000,-0.000150
4.626000,-0.000150
4.627000,-0.000149
4.628000,-0.000149
4.629000,-0.000148
4.630000,-0.000148
4.631000,-0.000148
4.632000,-0.000148
4.633000,-0.000147
4.634000,-0.000147
4.635000,-0.000147
4.636000,-0.000146
4.637000,-0.000146
4.638000,-0.000146
4.639000,-0.000146
4.640000,-0.000147
4.641000,-0.000147
4.642000,-0.000147
4.643000,-0.000147
4.644000,-0.000148
4.645000,-0.000148
4.646000,-0.000146
4.647000,-0.000146
4.648000,-0.000146
4.649000,-0.000146
4.650000,-0.000147
4.651000,-0.000147
4.652000,-0.000148
4.653000,-0.000148
4.654000,-0.000148
4.655000,-0.000148
4.656000,-0.000148
4.657000,-0.000149
4.658000,-0.000148
4.659000,-0.000147
4.660000,-0.000149
4.661000,-0.000149
4.662000,-0.000149
4.663000,-0.000148
4.664000,-0.000147
4.665000,-0.000147
4.666000,-0.000147
4.667000,-0.000148
4.668000,-0.000148
4.669000,-0.000149
4.670000,-0.000149
4.671000,-0.000149
4.672000,-0.000149
4.673000,-0.000150
4.674000,-0.000149
4.675000,-0.000149
4.676000,-0.000149
4.677000,-0.000149
4.678000,-0.000150
4.679000,-0.000149
4.680000,-0.000150
4.681000,-0.000149
4.682000,-0.000149
4.683000,-0.000149
4.684000,-0.000150
4.685000,-0.000150
4.686000,-0.000150
4.687000,-0.000149
4.688000,-0.000148
4.689000,-0.000148
4.690000,-0.000148
4.691000,-0.000148
4.692000,-0.000149
4.693000,-0.000150
4.694000,-0.000150
4.695000,-0.000149
4.696000,-0.000150
4.697000,-0.000150
4.698000,-0.000150
4.699000,-0.000150
4.700000,-0.000150
4.701000,-0.000150
4.702000,-0.000150
4.703000,-0.000150
4.704000,-0.000150
4.705000,-0.000150
4.706000,-0.000151
4.707000,-0.000152
4.708000,-0.000152
4.709000,-0.000152
4.710000,-0.000152
4.711000,-0.000152
4.712000,-0.000152
4.713000,-0.000153
4.714000,-0.000153
4.715000,-0.000153
4.716000,-0.000153
4.717000,-0.000154
4.718000,-0.000155
4.719000,-0.000155
4.720000,-0.000155
4.721000,-0.000154
4.722000,-0.000155
4.723000,-0.000155
4.724000,-0.000155
4.725000,-0.000154
4.726000,-0.000153
4.727000,-0.000154
4.728000,-0.000153
4.729000,-0.000152
4.730000,-0.000153
4.731000,-0.000153
4.732000,-0.000153
4.733000,-0.000153
4.734000,-0.000153
4.735000,-0.000153
4.736000,-0.000152
4.737000,-0.000152
4.738000,-0.000153
4.739000,-0.000152
4.740000,-0.000153
4.741000,-0.000154
4.742000,-0.000154
4.743000,-0.000154
4.744000,-0.000154
4.745000,-0.000153
4.746000,-0.000152
4.747000,-0.000152
4.748000,-0.000152
4.749000,-0.000151
4.750000,-0.000151
4.751000,-0.000151
4.752000,-0.000151
4.753000,-0.000152
4.754000,-0.000152
4.755000,-0.000152
4.756000,-0.000153
4.757000,-0.000153
4.758000,-0.000154
4.759000,-0.000154
4.760000,-0.000153
4.761000,-0.000153
4.762000,-0.000153
4.763000,-0.000153
4.764000,-0.000153
4.765000,-0.000153
4.766000,-0.000153
4.767000,-0.000153
4.768000,-0.000152
4.769000,-0.000154
4.770000,-0.000154
4.771000,-0.000154
4.772000,-0.000154
4.773000,-0.000154
4.774000,-0.000153
4.775000,-0.000153
4.776000,-0.000154
4.777000,-0.000155
4.778000,-0.000154
4.779000,-0.000155
4.780000,-0.000154
4.781000,-0.000155
4.782000,-0.000155
4.783000,-0.000154
4.784000,-0.000155
4.785000,-0.000155
4.786000,-0.000156
4.787000,-0.000156
4.788000,-0.000155
4.789000,-0.000156
4.790000,-0.000155
4.791000,-0.000155
4.792000,-0.000155
4.793000,-0.000154
4.794000,-0.000153
4.795000,-0.000151
4.796000,-0.000151
4.797000,-0.000151
4.798000,-0.000151
4.799000,-0.000152
4.800000,-0.000152
4.801000,-0.000152
4.802000,-0.000153
4.803000,-0.000152
4.804000,-0.000153
4.805000,-0.000154
4.806000,-0.000154
4.807000,-0.000153
4.808000,-0.000153
4.809000,-0.000153
4.810000,-0.000153
4.811000,-0.000153
4.812000,-0.000154
4.813000,-0.000154
4.814000,-0.000154
4.815000,-0.000154
4.816000,-0.000154
4.817000,-0.000152
4.818000,-0.000153
4.819000,-0.000153
4.820000,-0.000152
4.821000,-0.000153
4.822000,-0.000153
4.823000,-0.000153
4.824000,-0.000153
4.825000,-0.000153
4.826000,-0.000152
4.827000,-0.000152
4.828000,-0.000152
4.829000,-0.000153
4.830000,-0.000153
4.831000,-0.000151
4.832000,-0.000151
4.833000,-0.000150
4.834000,-0.000151
4.835000,-0.000151
4.836000,-0.000151
4.837000,-0.000152
4.838000,-0.000152
4.839000,-0.000152
4.840000,-0.000153
4.841000,-0.000153
4.842000,-0.000153
4.843000,-0.000154
4.844000,-0.000154
4.845000,-0.000153
4.846000,-0.000153
4.847000,-0.000154
4.848000,-0.000153
4.849000,-0.000154
4.850000,-0.000154
4.851000,-0.000154
4.852000,-0.000155
4.853000,-0.000155
4.854000,-0.000156
4.855000,-0.000157
4.856000,-0.000158
4.857000,-0.000157
4.858000,-0.000158
4.859000,-0.000157
4.860000,-0.000157
4.861000,-0.000157
4.862000,-0.000157
4.863000,-0.000156
4.864000,-0.000156
4.865000,-0.000156
4.866000,-0.000157
4.867000,-0.000158
4.868000,-0.000156
4.869000,-0.000157
4.870000,-0.000156
4.871000,-0.000158
4.872000,-0.000155
4.873000,-0.000155
4.874000,-0.000156
4.875000,-0.000157
4.876000,-0.000157
4.877000,-0.000157
4.878000,-0.000157
4.879000,-0.000157
4.880000,-0.000157
4.881000,-0.000157
4.882000,-0.000158
4.883000,-0.000157
4.884000,-0.000158
4.885000,-0.000158
4.886000,-0.000158
4.887000,-0.000158
4.888000,-0.000157
4.889000,-0.000158
4.890000,-0.000158
4.891000,-0.000159
4.892000,-0.000159
4.893000,-0.000159
4.894000,-0.000160
4.895000,-0.000160
4.896000,-0.000160
4.897000,-0.000160
4.898000,-0.000160
4.899000,-0.000161
4.900000,-0.000161
4.901000,-0.000161
4.902000,-0.000161
4.903000,-0.000161
4.904000,-0.000161
4.905000,-0.000161
4.906000,-0.000161
4.907000,-0.000160
4.908000,-0.000161
4.909000,-0.000160
4.910000,-0.000160
4.911000,-0.000159
4.912000,-0.000159
4.913000,-0.000160
4.914000,-0.000160
4.915000,-0.000159
4.916000,-0.000158
4.917000,-0.000158
4.918000,-0.000158
4.919000,-0.000158
4.920000,-0.000157
4.921000,-0.000157
4.922000,-0.000158
4.923000,-0.000157
4.924000,-0.000158
4.925000,-0.000159
4.926000,-0.000158
4.927000,-0.000159
4.928000,-0.000159
4.929000,-0.000158
4.930000,-0.000158
4.931000,-0.000159
4.932000,-0.000159
4.933000,-0.000160
4.934000,-0.000160
4.935000,-0.000159
4.936000,-0.000159
4.937000,-0.000160
4.938000,-0.000160
4.939000,-0.000160
4.940000,-0.000159
4.941000,-0.000160
4.942000,-0.000161
4.943000,-0.000160
4.944000,-0.000160
4.945000,-0.000161
4.946000,-0.000161
4.947000,-0.000161
4.948000,-0.000161
4.949000,-0.000161
4.950000,-0.000161
4.951000,-0.000161
4.952000,-0.000161
4.953000,-0.000161
4.954000,-0.000161
4.955000,-0.000161
4.956000,-0.000161
4.957000,-0.000161
4.958000,-0.000160
4.959000,-0.000160
4.960000,-0.000160
4.961000,-0.000160
4.962000,-0.000159
4.963000,-0.000160
4.964000,-0.000159
4.965000,-0.000159
4.966000,-0.000161
4.967000,-0.000160
4.968000,-0.000159
4.969000,-0.000158
4.970000,-0.000158
4.971000,-0.000157
4.972000,-0.000157
4.973000,-0.000158
4.974000,-0.000157
4.975000,-0.000157
4.976000,-0.000157
4.977000,-0.000156
4.978000,-0.000156
4.979000,-0.000156
4.980000,-0.000156
4.981000,-0.000156
4.982000,-0.000156
4.983000,-0.000157
4.984000,-0.000156
4.985000,-0.000156
4.986000,-0.000155
4.987000,-0.000154
4.988000,-0.000155
4.989000,-0.000156
4.990000,-0.000156
4.991000,-0.000156
4.992000,-0.000156
4.993000,-0.000156
4.994000,-0.000157
4.995000,-0.000156
4.996000,-0.000157
4.997000,-0.000157
4.998000,-0.000157
4.999000,-0.000156
5.000000,-0.000157
5.001000,-0.000156
5.002000,-0.000157
5.003000,-0.000156
5.004000,-0.000156
5.005000,-0.000157
5.006000,-0.000155
5.007000,-0.000155
5.008000,-0.000155
5.009000,-0.000154
5.010000,-0.000153
5.011000,-0.000153
5.012000,-0.000153
5.013000,-0.000153
5.014000,-0.000154
5.015000,-0.000155
5.016000,-0.000155
5.017000,-0.000155
5.018000,-0.000155
5.019000,-0.000156
5.020000,-0.000157
5.021000,-0.000157
5.022000,-0.000157
5.023000,-0.000158
5.024000,-0.000157
5.025000,-0.000157
5.026000,-0.000157
5.027000,-0.000158
5.028000,-0.000158
5.029000,-0.000159
5.030000,-0.000160
5.031000,-0.000160
5.032000,-0.000160
5.033000,-0.000160
5.034000,-0.000161
5.035000,-0.000162
5.036000,-0.000162
5.037000,-0.000163
5.038000,-0.000162
5.039000,-0.000163
5.040000,-0.000162
5.041000,-0.000162
5.042000,-0.000161
5.043000,-0.000161
5.044000,-0.000162
5.045000,-0.000162
5.046000,-0.000162
5.047000,-0.000162
5.048000,-0.000162
5.049000,-0.000162
5.050000,-0.000161
5.051000,-0.000161
5.052000,-0.000161
5.053000,-0.000161
5.054000,-0.000160
5.055000,-0.000160
5.056000,-0.000160
5.057000,-0.000160
5.058000,-0.000160
5.059000,-0.000161
5.060000,-0.000160
5.061000,-0.000161
5.062000,-0.000161
5.063000,-0.000162
5.064000,-0.000162
5.065000,-0.000161
5.066000,-0.000161
5.067000,-0.000161
5.068000,-0.000161
5.069000,-0.000161
5.070000,-0.000160
5.071000,-0.000160
5.072000,-0.000160
5.073000,-0.000160
5.074000,-0.000160
5.075000,-0.000159
5.076000,-0.000161
5.077000,-0.000160
5.078000,-0.000160
5.079000,-0.000159
5.080000,-0.000159
5.081000,-0.000160
5.082000,-0.000160
5.083000,-0.000160
5.084000,-0.000160
5.085000,-0.000160
5.086000,-0.000160
5.087000,-0.000159
5.088000,-0.000159
5.089000,-0.000158
5.090000,-0.000158
5.091000,-0.000159
5.092000,-0.000158
5.093000,-0.000159
5.094000,-0.000159
5.095000,-0.000158
5.096000,-0.000159
5.097000,-0.000159
5.098000,-0.000159
5.099000,-0.000159
5.100000,-0.000160
5.101000,-0.000160
5.102000,-0.000160
5.103000,-0.000160
5.104000,-0.000160
5.105000,-0.000159
5.106000,-0.000159
5.107000,-0.000159
5.108000,-0.000159
5.109000,-0.000159
5.110000,-0.000159
5.111000,-0.000160
5.112000,-0.000158
5.113000,-0.000158
5.114000,-0.000159
5.115000,-0.000158
5.116000,-0.000158
5.117000,-0.000157
5.118000,-0.000157
5.119000,-0.000157
5.120000,-0.000157
5.121000,-0.000156
5.122000,-0.000156
5.123000,-0.000155
5.124000,-0.000154
5.125000,-0.000153
5.126000,-0.000151
5.127000,-0.000151
5.128000,-0.000151
5.129000,-0.000152
5.130000,-0.000150
5.131000,-0.000150
5.132000,-0.000150
5.133000,-0.000150
5.134000,-0.000149
5.135000,-0.000150
5.136000,-0.000150
5.137000,-0.000151
5.138000,-0.000150
5.139000,-0.000150
5.140000,-0.000150
5.141000,-0.000149
5.142000,-0.000150
5.143000,-0.000150
5.144000,-0.000150
5.145000,-0.000151
5.146000,-0.000151
5.147000,-0.000152
5.148000,-0.000151
5.149000,-0.000152
5.150000,-0.000152
5.151000,-0.000152
5.152000,-0.000151
5.153000,-0.000151
5.154000,-0.000152
5.155000,-0.000153
5.156000,-0.000152
5.157000,-0.000152
5.158000,-0.000151
5.159000,-0.000152
5.160000,-0.000152
5.161000,-0.000152
5.162000,-0.000152
5.163000,-0.000152
5.164000,-0.000151
5.165000,-0.000152
5.166000,-0.000151
5.167000,-0.000151
5.168000,-0.000152
5.169000,-0.000151
5.170000,-0.000154
5.171000,-0.000153
5.172000,-0.000154
5.173000,-0.000153
5.174000,-0.000154
5.175000,-0.000154
5.176000,-0.000155
5.177000,-0.000154
5.178000,-0.000156
5.179000,-0.000155
5.180000,-0.000156
5.181000,-0.000155
5.182000,-0.000155
5.183000,-0.000155
5.184000,-0.000155
5.185000,-0.000155
5.186000,-0.000155
5.187000,-0.000155
5.188000,-0.000154
5.189000,-0.000154
5.190000,-0.000154
5.191000,-0.000154
5.192000,-0.000153
5.193000,-0.000155
5.194000,-0.000154
5.195000,-0.000154
5.196000,-0.000154
5.197000,-0.000154
5.198000,-0.000154
5.199000,-0.000155
5.200000,-0.000155
5.201000,-0.000155
5.202000,-0.000155
5.203000,-0.000155
5.204000,-0.000155
5.205000,-0.000154
5.206000,-0.000154
5.207000,-0.000154
5.208000,-0.000155
5.209000,-0.000155
5.210000,-0.000154
5.211000,-0.000155
5.212000,-0.000155
5.213000,-0.000155
5.214000,-0.000156
5.215000,-0.000156
5.216000,-0.000156
5.217000,-0.000156
5.218000,-0.000155
5.219000,-0.000155
5.220000,-0.000155
5.221000,-0.000154
5.222000,-0.000154
5.223000,-0.000154
5.224000,-0.000154
5.225000,-0.000154
5.226000,-0.000154
5.227000,-0.000154
5.228000,-0.000154
5.229000,-0.000154
5.230000,-0.000153
5.231000,-0.000153
5.232000,-0.000152
5.233000,-0.000152
5.234000,-0.000153
5.235000,-0.000153
5.236000,-0.000153
5.237000,-0.000153
5.238000,-0.000153
5.239000,-0.000152
5.240000,-0.000152
5.241000,-0.000152
5.242000,-0.000151
5.243000,-0.000153
5.244000,-0.000153
5.245000,-0.000154
5.246000,-0.000153
5.247000,-0.000153
5.248000,-0.000154
5.249000,-0.000153
5.250000,-0.000153
5.251000,-0.000154
5.252000,-0.000153
5.253000,-0.000153
5.254000,-0.000153
5.255000,-0.000154
5.256000,-0.000154
5.257000,-0.000155
5.258000,-0.000155
5.259000,-0.000155
5.260000,-0.000156
5.261000,-0.000156
5.262000,-0.000155
5.263000,-0.000154
5.264000,-0.000154
5.265000,-0.000154
5.266000,-0.000155
5.267000,-0.000154
5.268000,-0.000154
5.269000,-0.000154
5.270000,-0.000153
5.271000,-0.000151
5.272000,-0.000151
5.273000,-0.000151
5.274000,-0.000151
5.275000,-0.000151
5.276000,-0.000151
5.277000,-0.000152
5.278000,-0.000151
5.279000,-0.000151
5.280000,-0.000150
5.281000,-0.000150
5.282000,-0.000151
5.283000,-0.000149
5.284000,-0.000150
5.285000,-0.000151
5.286000,-0.000152
5.287000,-0.000151
5.288000,-0.000152
5.289000,-0.000151
5.290000,-0.000151
5.291000,-0.000151
5.292000,-0.000151
5.293000,-0.000151
5.294000,-0.000151
5.295000,-0.000151
5.296000,-0.000151
5.297000,-0.000152
5.298000,-0.000152
5.299000,-0.000153
5.300000,-0.000152
5.301000,-0.000154
5.302000,-0.000154
5.303000,-0.000155
5.304000,-0.000155
5.305000,-0.000155
5.306000,-0.000155
5.307000,-0.000157
5.308000,-0.000157
5.309000,-0.000156
5.310000,-0.000156
5.311000,-0.000156
5.312000,-0.000156
5.313000,-0.000155
5.314000,-0.000153
5.315000,-0.000153
5.316000,-0.000151
5.317000,-0.000151
5.318000,-0.000151
5.319000,-0.000151
5.320000,-0.000150
5.321000,-0.000150
5.322000,-0.000150
5.323000,-0.000150
5.324000,-0.000149
5.325000,-0.000149
5.326000,-0.000147
5.327000,-0.000146
5.328000,-0.000146
5.329000,-0.000145
5.330000,-0.000146
5.331000,-0.000146
5.332000,-0.000146
5.333000,-0.000145
5.334000,-0.000145
5.335000,-0.000144
5.336000,-0.000144
5.337000,-0.000144
5.338000,-0.000143
5.339000,-0.000143
5.340000,-0.000144
5.341000,-0.000143
5.342000,-0.000144
5.343000,-0.000144
5.344000,-0.000144
5.345000,-0.000144
5.346000,-0.000144
5.347000,-0.000144
5.348000,-0.000144
5.349000,-0.000145
5.350000,-0.000144
5.351000,-0.000144
5.352000,-0.000144
5.353000,-0.000143
5.354000,-0.000143
5.355000,-0.000143
5.356000,-0.000143
5.357000,-0.000144
5.358000,-0.000144
5.359000,-0.000143
5.360000,-0.000143
5.361000,-0.000144
5.362000,-0.000141
5.363000,-0.000141
5.364000,-0.000141
5.365000,-0.000141
5.366000,-0.000142
5.367000,-0.000143
5.368000,-0.000143
5.369000,-0.000144
5.370000,-0.000144
5.371000,-0.000145
5.372000,-0.000145
5.373000,-0.000145
5.374000,-0.000146
5.375000,-0.000146
5.376000,-0.000147
5.377000,-0.000146
5.378000,-0.000147
5.379000,-0.000146
5.380000,-0.000146
5.381000,-0.000146
5.382000,-0.000146
5.383000,-0.000146
5.384000,-0.000147
5.385000,-0.000146
5.386000,-0.000147
5.387000,-0.000147
5.388000,-0.000146
5.389000,-0.000146
5.390000,-0.000146
5.391000,-0.000146
5.392000,-0.000146
5.393000,-0.000148
5.394000,-0.000149
5.395000,-0.000149
5.396000,-0.000150
5.397000,-0.000151
5.398000,-0.000150
5.399000,-0.000151
5.400000,-0.000152
5.401000,-0.000152
5.402000,-0.000152
5.403000,-0.000152
5.404000,-0.000152
5.405000,-0.000152
5.406000,-0.000152
5.407000,-0.000152
5.408000,-0.000153
5.409000,-0.000153
5.410000,-0.000153
5.411000,-0.000153
5.412000,-0.000153
5.413000,-0.000151
5.414000,-0.000153
5.415000,-0.000152
5.416000,-0.000153
5.417000,-0.000154
5.418000,-0.000153
5.419000,-0.000153
5.420000,-0.000154
5.421000,-0.000155
5.422000,-0.000155
5.423000,-0.000155
5.424000,-0.000156
5.425000,-0.000155
5.426000,-0.000156
5.427000,-0.000155
5.428000,-0.000156
5.429000,-0.000155
5.430000,-0.000155
5.431000,-0.000155
5.432000,-0.000156
5.433000,-0.000156
5.434000,-0.000156
5.435000,-0.000156
5.436000,-0.000156
5.437000,-0.000156
5.438000,-0.000156
5.439000,-0.000155
5.440000,-0.000156
5.441000,-0.000155
5.442000,-0.000155
5.443000,-0.000156
5.444000,-0.000157
5.445000,-0.000157
5.446000,-0.000157
5.447000,-0.000157
5.448000,-0.000157
5.449000,-0.000157
5.450000,-0.000157
5.451000,-0.000157
5.452000,-0.000157
5.453000,-0.000158
5.454000,-0.000158
5.455000,-0.000158
5.456000,-0.000157
5.457000,-0.000156
5.458000,-0.000155
5.459000,-0.000155
5.460000,-0.000155
5.461000,-0.000154
5.462000,-0.000154
5.463000,-0.000154
5.464000,-0.000154
5.465000,-0.000154
5.466000,-0.000153
5.467000,-0.000154
5.468000,-0.000155
5.469000,-0.000154
5.470000,-0.000155
5.471000,-0.000154
5.472000,-0.000154
5.473000,-0.000154
5.474000,-0.000155
5.475000,-0.000154
5.476000,-0.000154
5.477000,-0.000151
5.478000,-0.000152
5.479000,-0.000151
5.480000,-0.000151
5.481000,-0.000152
5.482000,-0.000152
5.483000,-0.000152
5.484000,-0.000153
5.485000,-0.000153
5.486000,-0.000153
5.487000,-0.000154
5.488000,-0.000154
5.489000,-0.000155
5.490000,-0.000154
5.491000,-0.000155
5.492000,-0.000154
5.493000,-0.000154
5.494000,-0.000154
5.495000,-0.000154
5.496000,-0.000154
5.497000,-0.000153
5.498000,-0.000153
5.499000,-0.000153
5.500000,-0.000154
5.501000,-0.000154
5.502000,-0.000155
5.503000,-0.000155
5.504000,-0.000156
5.505000,-0.000155
5.506000,-0.000156
5.507000,-0.000157
5.508000,-0.000157
5.509000,-0.000157
5.510000,-0.000158
5.511000,-0.000159
5.512000,-0.000160
5.513000,-0.000160
5.514000,-0.000161
5.515000,-0.000160
5.516000,-0.000161
5.517000,-0.000161
5.518000,-0.000160
5.519000,-0.000159
5.520000,-0.000161
5.521000,-0.000162
5.522000,-0.000163
5.523000,-0.000162
5.524000,-0.000163
5.525000,-0.000163
5.526000,-0.000164
5.527000,-0.000163
5.528000,-0.000163
5.529000,-0.000163
5.530000,-0.000163
5.531000,-0.000162
5.532000,-0.000162
5.533000,-0.000160
5.534000,-0.000160
5.535000,-0.000159
5.536000,-0.000160
5.537000,-0.000160
5.538000,-0.000160
5.539000,-0.000160
5.540000,-0.000159
5.541000,-0.000159
5.542000,-0.000159
5.543000,-0.000157
5.544000,-0.000157
5.545000,-0.000156
5.546000,-0.000156
5.547000,-0.000156
5.548000,-0.000156
5.549000,-0.000156
5.550000,-0.000157
5.551000,-0.000157
5.552000,-0.000157
5.553000,-0.000156
5.554000,-0.000156
5.555000,-0.000156
5.556000,-0.000156
5.557000,-0.000156
5.558000,-0.000156
5.559000,-0.000156
5.560000,-0.000156
5.561000,-0.000155
5.562000,-0.000156
5.563000,-0.000156
5.564000,-0.000156
5.565000,-0.000156
5.566000,-0.000156
5.567000,-0.000156
5.568000,-0.000155
5.569000,-0.000155
5.570000,-0.000156
5.571000,-0.000155
5.572000,-0.000155
5.573000,-0.000154
5.574000,-0.000152
5.575000,-0.000152
5.576000,-0.000153
5.577000,-0.000152
5.578000,-0.000153
5.579000,-0.000153
5.580000,-0.000152
5.581000,-0.000153
5.582000,-0.000154
5.583000,-0.000153
5.584000,-0.000153
5.585000,-0.000154
5.586000,-0.000156
5.587000,-0.000156
5.588000,-0.000156
5.589000,-0.000156
5.590000,-0.000156
5.591000,-0.000157
5.592000,-0.000156
5.593000,-0.000157
5.594000,-0.000156
5.595000,-0.000157
5.596000,-0.000156
5.597000,-0.000156
5.598000,-0.000157
5.599000,-0.000156
5.600000,-0.000157
5.601000,-0.000156
5.602000,-0.000158
5.603000,-0.000158
5.604000,-0.000158
5.605000,-0.000158
5.606000,-0.000159
5.607000,-0.000159
5.608000,-0.000159
5.609000,-0.000159
5.610000,-0.000159
5.611000,-0.000159
5.612000,-0.000160
5.613000,-0.000160
5.614000,-0.000160
5.615000,-0.000160
5.616000,-0.000158
5.617000,-0.000158
5.618000,-0.000157
5.619000,-0.000157
5.620000,-0.000157
5.621000,-0.000156
5.622000,-0.000156
5.623000,-0.000157
5.624000,-0.000157
5.625000,-0.000157
5.626000,-0.000158
5.627000,-0.000158
5.628000,-0.000158
5.629000,-0.000158
5.630000,-0.000159
5.631000,-0.000159
5.632000,-0.000160
5.633000,-0.000160
5.634000,-0.000160
5.635000,-0.000160
5.636000,-0.000161
5.637000,-0.000162
5.638000,-0.000163
5.639000,-0.000162
5.640000,-0.000162
5.641000,-0.000163
5.642000,-0.000163
5.643000,-0.000162
5.644000,-0.000163
5.645000,-0.000163
5.646000,-0.000162
5.647000,-0.000162
5.648000,-0.000162
5.649000,-0.000163
5.650000,-0.000164
5.651000,-0.000163
5.652000,-0.000163
5.653000,-0.000163
5.654000,-0.000163
5.655000,-0.000163
5.656000,-0.000164
5.657000,-0.000164
5.658000,-0.000164
5.659000,-0.000164
5.660000,-0.000164
5.661000,-0.000163
5.662000,-0.000163
5.663000,-0.000162
5.664000,-0.000163
5.665000,-0.000164
5.666000,-0.000163
5.667000,-0.000164
5.668000,-0.000165
5.669000,-0.000164
5.670000,-0.000164
5.671000,-0.000164
5.672000,-0.000164
5.673000,-0.000163
5.674000,-0.000164
5.675000,-0.000164
5.676000,-0.000163
5.677000,-0.000164
5.678000,-0.000164
5.679000,-0.000163
5.680000,-0.000163
5.681000,-0.000163
5.682000,-0.000163
5.683000,-0.000163
5.684000,-0.000163
5.685000,-0.000164
5.686000,-0.000163
5.687000,-0.000164
5.688000,-0.000163
5.689000,-0.000162
5.690000,-0.000161
5.691000,-0.000161
5.692000,-0.000162
5.693000,-0.000162
5.694000,-0.000162
5.695000,-0.000162
5.696000,-0.000162
5.697000,-0.000162
5.698000,-0.000162
5.699000,-0.000161
5.700000,-0.000162
5.701000,-0.000161
5.702000,-0.000162
5.703000,-0.000162
5.704000,-0.000163
5.705000,-0.000162
5.706000,-0.000162
5.707000,-0.000161
5.708000,-0.000161
5.709000,-0.000161
5.710000,-0.000160
5.711000,-0.000160
5.712000,-0.000160
5.713000,-0.000160
5.714000,-0.000160
5.715000,-0.000160
5.716000,-0.000160
5.717000,-0.000159
5.718000,-0.000159
5.719000,-0.000160
5.720000,-0.000160
5.721000,-0.000159
5.722000,-0.000159
5.723000,-0.000159
5.724000,-0.000159
5.725000,-0.000158
5.726000,-0.000159
5.727000,-0.000158
5.728000,-0.000159
5.729000,-0.000158
5.730000,-0.000158
5.731000,-0.000158
5.732000,-0.000159
5.733000,-0.000160
5.734000,-0.000161
5.735000,-0.000160
5.736000,-0.000160
5.737000,-0.000159
5.738000,-0.000158
5.739000,-0.000158
5.740000,-0.000158
5.741000,-0.000159
5.742000,-0.000159
5.743000,-0.000159
5.744000,-0.000159
5.745000,-0.000159
5.746000,-0.000160
5.747000,-0.000160
5.748000,-0.000160
5.749000,-0.000159
5.750000,-0.000160
5.751000,-0.000161
5.752000,-0.000160
5.753000,-0.000161
5.754000,-0.000162
5.755000,-0.000161
5.756000,-0.000161
5.757000,-0.000161
5.758000,-0.000162
5.759000,-0.000161
5.760000,-0.000162
5.761000,-0.000162
5.762000,-0.000163
5.763000,-0.000163
5.764000,-0.000163
5.765000,-0.000163
5.766000,-0.000163
5.767000,-0.000163
5.768000,-0.000163
5.769000,-0.000163
5.770000,-0.000164
5.771000,-0.000163
5.772000,-0.000163
5.773000,-0.000163
5.774000,-0.000162
5.775000,-0.000162
5.776000,-0.000161
5.777000,-0.000159
5.778000,-0.000159
5.779000,-0.000158
5.780000,-0.000157
5.781000,-0.000157
5.782000,-0.000156
5.783000,-0.000156
5.784000,-0.000156
5.785000,-0.000157
5.786000,-0.000157
5.787000,-0.000157
5.788000,-0.000158
5.789000,-0.000158
5.790000,-0.000158
5.791000,-0.000159
5.792000,-0.000158
5.793000,-0.000158
5.794000,-0.000158
5.795000,-0.000158
5.796000,-0.000158
5.797000,-0.000158
5.798000,-0.000158
5.799000,-0.000158
5.800000,-0.000157
5.801000,-0.000158
5.802000,-0.000157
5.803000,-0.000157
5.804000,-0.000157
5.805000,-0.000157
5.806000,-0.000157
5.807000,-0.000157
5.808000,-0.000157
5.809000,-0.000157
5.810000,-0.000158
5.811000,-0.000157
5.812000,-0.000158
5.813000,-0.000157
5.814000,-0.000157
5.815000,-0.000157
5.816000,-0.000158
5.817000,-0.000158
5.818000,-0.000158
5.819000,-0.000159
5.820000,-0.000159
5.821000,-0.000160
5.822000,-0.000160
5.823000,-0.000161
5.824000,-0.000160
5.825000,-0.000160
5.826000,-0.000161
5.827000,-0.000161
5.828000,-0.000162
5.829000,-0.000162
5.830000,-0.000162
5.831000,-0.000162
5.832000,-0.000162
5.833000,-0.000162
5.834000,-0.000163
5.835000,-0.000163
5.836000,-0.000164
5.837000,-0.000164
5.838000,-0.000164
5.839000,-0.000163
5.840000,-0.000164
5.841000,-0.000164
5.842000,-0.000164
5.843000,-0.000165
5.844000,-0.000165
5.845000,-0.000165
5.846000,-0.000166
5.847000,-0.000166
5.848000,-0.000165
5.849000,-0.000164
5.850000,-0.000165
5.851000,-0.000164
5.852000,-0.000166
5.853000,-0.000166
5.854000,-0.000166
5.855000,-0.000167
5.856000,-0.000167
5.857000,-0.000167
5.858000,-0.000168
5.859000,-0.000167
5.860000,-0.000167
5.861000,-0.000167
5.862000,-0.000167
5.863000,-0.000167
5.864000,-0.000167
5.865000,-0.000167
5.866000,-0.000167
5.867000,-0.000166
5.868000,-0.000167
5.869000,-0.000167
5.870000,-0.000167
5.871000,-0.000166
5.872000,-0.000166
5.873000,-0.000165
5.874000,-0.000165
5.875000,-0.000165
5.876000,-0.000165
5.877000,-0.000164
5.878000,-0.000164
5.879000,-0.000164
5.880000,-0.000163
5.881000,-0.000164
5.882000,-0.000164
5.883000,-0.000164
5.884000,-0.000164
5.885000,-0.000164
5.886000,-0.000164
5.887000,-0.000164
5.888000,-0.000164
5.889000,-0.000164
5.890000,-0.000163
5.891000,-0.000163
5.892000,-0.000163
5.893000,-0.000163
5.894000,-0.000162
5.895000,-0.000163
5.896000,-0.000162
5.897000,-0.000163
5.898000,-0.000162
5.899000,-0.000162
5.900000,-0.000161
5.901000,-0.000161
5.902000,-0.000163
5.903000,-0.000161
5.904000,-0.000161
5.905000,-0.000162
5.906000,-0.000162
5.907000,-0.000162
5.908000,-0.000162
5.909000,-0.000162
5.910000,-0.000162
5.911000,-0.000162
5.912000,-0.000162
5.913000,-0.000161
5.914000,-0.000162
5.915000,-0.000162
5.916000,-0.000162
5.917000,-0.000162
5.918000,-0.000163
5.919000,-0.000161
5.920000,-0.000161
5.921000,-0.000162
5.922000,-0.000162
5.923000,-0.000162
5.924000,-0.000162
5.925000,-0.000162
5.926000,-0.000162
5.927000,-0.000163
5.928000,-0.000163
5.929000,-0.000163
5.930000,-0.000163
5.931000,-0.000163
5.932000,-0.000164
5.933000,-0.000163
5.934000,-0.000164
5.935000,-0.000163
5.936000,-0.000164
5.937000,-0.000164
5.938000,-0.000164
5.939000,-0.000163
5.940000,-0.000164
5.941000,-0.000164
5.942000,-0.000164
5.943000,-0.000162
5.944000,-0.000160
5.945000,-0.000160
5.946000,-0.000160
5.947000,-0.000160
5.948000,-0.000160
5.949000,-0.000160
5.950000,-0.000159
5.951000,-0.000159
5.952000,-0.000159
5.953000,-0.000159
5.954000,-0.000160
5.955000,-0.000159
5.956000,-0.000160
5.957000,-0.000159
5.958000,-0.000159
5.959000,-0.000159
5.960000,-0.000159
5.961000,-0.000159
5.962000,-0.000160
5.963000,-0.000159
5.964000,-0.000159
5.965000,-0.000158
5.966000,-0.000159
5.967000,-0.000157
5.968000,-0.000158
5.969000,-0.000158
5.970000,-0.000158
5.971000,-0.000158
5.972000,-0.000158
5.973000,-0.000158
5.974000,-0.000158
5.975000,-0.000156
5.976000,-0.000155
5.977000,-0.000156
5.978000,-0.000156
5.979000,-0.000157
5.980000,-0.000157
5.981000,-0.000159
5.982000,-0.000160
5.983000,-0.000160
5.984000,-0.000161
5.985000,-0.000161
5.986000,-0.000161
5.987000,-0.000161
5.988000,-0.000162
5.989000,-0.000162
5.990000,-0.000162
5.991000,-0.000160
5.992000,-0.000160
5.993000,-0.000161
5.994000,-0.000160
5.995000,-0.000160
5.996000,-0.000160
5.997000,-0.000160
5.998000,-0.000159
5.999000,-0.000159
