Time (s),AIN0 (V),AIN1 (V)
0.000000,0.091085,0.091091
0.001000,0.091091,0.091088
0.002000,0.091085,0.091085
0.003000,0.091091,0.091081
0.004000,0.091085,0.091078
0.005000,0.091081,0.091085
0.006000,0.091088,0.091078
0.007000,0.091085,0.091078
0.008000,0.091088,0.091085
0.009000,0.091088,0.091085
0.010000,0.091081,0.091081
0.011000,0.091088,0.091081
0.012000,0.091085,0.091078
0.013000,0.091091,0.091078
0.014000,0.091085,0.091078
0.015000,0.091208,0.091198
0.016000,0.091306,0.091303
0.017000,0.091369,0.091366
0.018000,0.091404,0.091398
0.019000,0.091426,0.091426
0.020000,0.091448,0.091448
0.021000,0.091461,0.091458
0.022000,0.091474,0.091471
0.023000,0.091477,0.091474
0.024000,0.091480,0.091480
0.025000,0.091490,0.091483
0.026000,0.091490,0.091486
0.027000,0.091493,0.091490
0.028000,0.091565,0.091565
0.029000,0.091626,0.091616
0.030000,0.091648,0.091651
0.031000,0.091676,0.091667
0.032000,0.091689,0.091686
0.033000,0.091698,0.091698
0.034000,0.091708,0.091705
0.035000,0.091714,0.091705
0.036000,0.091717,0.091708
0.037000,0.091724,0.091717
0.038000,0.091720,0.091714
0.039000,0.091720,0.091720
0.040000,0.091730,0.091724
0.041000,0.091724,0.091724
0.042000,0.091727,0.091727
0.043000,0.091724,0.091724
0.044000,0.091730,0.091720
0.045000,0.091730,0.091724
0.046000,0.091730,0.091724
0.047000,0.091730,0.091727
0.048000,0.091730,0.091730
0.049000,0.091730,0.091730
0.050000,0.091730,0.091727
0.051000,0.091736,0.091727
0.052000,0.091733,0.091730
0.053000,0.091736,0.091736
0.054000,0.091736,0.091736
0.055000,0.091736,0.091733
0.056000,0.091743,0.091730
0.057000,0.091736,0.091736
0.058000,0.091736,0.091736
0.059000,0.091736,0.091733
0.060000,0.091743,0.091733
0.061000,0.091743,0.091736
0.062000,0.091743,0.091743
0.063000,0.091739,0.091736
0.064000,0.091743,0.091733
0.065000,0.091613,0.091613
0.066000,0.091515,0.091512
0.067000,0.091458,0.091452
0.068000,0.091420,0.091417
0.069000,0.091391,0.091388
0.070000,0.091303,0.091300
0.071000,0.091236,0.091233
0.072000,0.091195,0.091192
0.073000,0.091170,0.091170
0.074000,0.091157,0.091148
0.075000,0.091142,0.091135
0.076000,0.091129,0.091129
0.077000,0.091123,0.091116
0.078000,0.091116,0.091116
0.079000,0.091110,0.091104
0.080000,0.091110,0.091100
0.081000,0.091107,0.091104
0.082000,0.091110,0.091107
0.083000,0.091104,0.091104
0.084000,0.091107,0.091097
0.085000,0.091104,0.091097
0.086000,0.091104,0.091097
0.087000,0.091104,0.091100
0.088000,0.091100,0.091100
0.089000,0.091100,0.091097
0.090000,0.091100,0.091094
0.091000,0.091100,0.091094
0.092000,0.091100,0.091100
0.093000,0.091110,0.091104
0.094000,0.091104,0.091097
0.095000,0.091100,0.091100
0.096000,0.091100,0.091097
0.097000,0.091097,0.091094
0.098000,0.091100,0.091097
0.099000,0.091100,0.091100
0.100000,0.091100,0.091097
0.101000,0.091100,0.091097
0.102000,0.091097,0.091091
0.103000,0.091100,0.091094
0.104000,0.091100,0.091097
0.105000,0.091097,0.091094
0.106000,0.091097,0.091091
0.107000,0.091100,0.091088
0.108000,0.091097,0.091091
0.109000,0.091097,0.091097
0.110000,0.091097,0.091094
0.111000,0.091097,0.091094
0.112000,0.091173,0.091167
0.113000,0.091224,0.091221
0.114000,0.091252,0.091252
0.115000,0.091398,0.091395
0.116000,0.091515,0.091509
0.117000,0.091581,0.091575
0.118000,0.091622,0.091622
0.119000,0.091654,0.091654
0.120000,0.091676,0.091673
0.121000,0.091692,0.091692
0.122000,0.091708,0.091698
0.123000,0.091714,0.091711
0.124000,0.091720,0.091714
0.125000,0.091727,0.091724
0.126000,0.091730,0.091724
0.127000,0.091730,0.091724
0.128000,0.091733,0.091730
0.129000,0.091736,0.091730
0.130000,0.091733,0.091730
0.131000,0.091743,0.091733
0.132000,0.091739,0.091736
0.133000,0.091739,0.091739
0.134000,0.091739,0.091733
0.135000,0.091739,0.091736
0.136000,0.091739,0.091736
0.137000,0.091743,0.091736
0.138000,0.091746,0.091736
0.139000,0.091743,0.091743
0.140000,0.091743,0.091743
0.141000,0.091739,0.091739
0.142000,0.091743,0.091736
0.143000,0.091743,0.091736
0.144000,0.091743,0.091739
0.145000,0.091739,0.091739
0.146000,0.091739,0.091739
0.147000,0.091743,0.091743
0.148000,0.091746,0.091739
0.149000,0.091746,0.091739
0.150000,0.091743,0.091739
0.151000,0.091743,0.091739
0.152000,0.091743,0.091743
0.153000,0.091749,0.091739
0.154000,0.091673,0.091667
0.155000,0.091619,0.091616
0.156000,0.091594,0.091581
0.157000,0.091572,0.091565
0.158000,0.091553,0.091550
0.159000,0.091550,0.091543
0.160000,0.091537,0.091540
0.161000,0.091537,0.091527
0.162000,0.091531,0.091527
0.163000,0.091531,0.091521
0.164000,0.091527,0.091521
0.165000,0.091401,0.091395
0.166000,0.091297,0.091290
0.167000,0.091236,0.091233
0.168000,0.091202,0.091195
0.169000,0.091179,0.091170
0.170000,0.091154,0.091157
0.171000,0.091142,0.091142
0.172000,0.091135,0.091132
0.173000,0.091129,0.091123
0.174000,0.091126,0.091123
0.175000,0.091119,0.091116
0.176000,0.091116,0.091110
0.177000,0.091110,0.091107
0.178000,0.091110,0.091100
0.179000,0.091107,0.091110
0.180000,0.091107,0.091104
0.181000,0.091110,0.091104
0.182000,0.091107,0.091100
0.183000,0.091107,0.091100
0.184000,0.091104,0.091100
0.185000,0.091104,0.091104
0.186000,0.091107,0.091100
0.187000,0.091107,0.091104
0.188000,0.091116,0.091113
0.189000,0.091110,0.091104
0.190000,0.091107,0.091107
0.191000,0.091100,0.091107
0.192000,0.091107,0.091100
0.193000,0.091104,0.091107
0.194000,0.091107,0.091104
0.195000,0.091107,0.091097
0.196000,0.091110,0.091100
0.197000,0.091100,0.091104
0.198000,0.091104,0.091097
0.199000,0.091107,0.091100
0.200000,0.091104,0.091097
0.201000,0.091107,0.091107
0.202000,0.091104,0.091104
0.203000,0.091104,0.091104
0.204000,0.091104,0.091100
0.205000,0.091104,0.091104
0.206000,0.091100,0.091097
0.207000,0.091104,0.091100
0.208000,0.091097,0.091094
0.209000,0.091104,0.091097
0.210000,0.091104,0.091094
0.211000,0.091107,0.091097
0.212000,0.091104,0.091100
0.213000,0.091104,0.091100
0.214000,0.091104,0.091100
0.215000,0.091227,0.091224
0.216000,0.091331,0.091325
0.217000,0.091388,0.091382
0.218000,0.091420,0.091420
0.219000,0.091448,0.091445
0.220000,0.091467,0.091461
0.221000,0.091477,0.091477
0.222000,0.091490,0.091490
0.223000,0.091493,0.091490
0.224000,0.091499,0.091496
0.225000,0.091505,0.091499
0.226000,0.091509,0.091509
0.227000,0.091509,0.091505
0.228000,0.091512,0.091509
0.229000,0.091509,0.091509
0.230000,0.091518,0.091512
0.231000,0.091518,0.091515
0.232000,0.091515,0.091515
0.233000,0.091518,0.091515
0.234000,0.091518,0.091512
0.235000,0.091518,0.091512
0.236000,0.091515,0.091512
0.237000,0.091518,0.091515
0.238000,0.091521,0.091515
0.239000,0.091518,0.091518
0.240000,0.091521,0.091515
0.241000,0.091515,0.091515
0.242000,0.091518,0.091515
0.243000,0.091521,0.091515
0.244000,0.091518,0.091512
0.245000,0.091521,0.091515
0.246000,0.091521,0.091515
0.247000,0.091521,0.091518
0.248000,0.091521,0.091518
0.249000,0.091518,0.091515
0.250000,0.091518,0.091515
0.251000,0.091521,0.091512
0.252000,0.091518,0.091515
0.253000,0.091515,0.091518
0.254000,0.091521,0.091515
0.255000,0.091518,0.091515
0.256000,0.091565,0.091556
0.257000,0.091540,0.091537
0.258000,0.091531,0.091524
0.259000,0.091527,0.091521
0.260000,0.091518,0.091518
0.261000,0.091521,0.091515
0.262000,0.091518,0.091515
0.263000,0.091515,0.091512
0.264000,0.091515,0.091515
0.265000,0.091391,0.091385
0.266000,0.091287,0.091287
0.267000,0.091230,0.091227
0.268000,0.091192,0.091189
0.269000,0.091167,0.091161
0.270000,0.091154,0.091145
0.271000,0.091135,0.091132
0.272000,0.091126,0.091129
0.273000,0.091126,0.091116
0.274000,0.091119,0.091110
0.275000,0.091110,0.091107
0.276000,0.091107,0.091110
0.277000,0.091104,0.091104
0.278000,0.091104,0.091100
0.279000,0.091104,0.091100
0.280000,0.091100,0.091100
0.281000,0.091104,0.091097
0.282000,0.091100,0.091094
0.283000,0.091113,0.091104
0.284000,0.091104,0.091104
0.285000,0.091104,0.091097
0.286000,0.091097,0.091097
0.287000,0.091097,0.091097
0.288000,0.091100,0.091094
0.289000,0.091100,0.091094
0.290000,0.091097,0.091094
0.291000,0.091097,0.091094
0.292000,0.091100,0.091097
0.293000,0.091097,0.091094
0.294000,0.091097,0.091091
0.295000,0.091097,0.091094
0.296000,0.091100,0.091091
0.297000,0.091094,0.091094
0.298000,0.091094,0.091100
0.299000,0.091097,0.091094
0.300000,0.091097,0.091091
0.301000,0.091097,0.091091
0.302000,0.091097,0.091091
0.303000,0.091097,0.091094
0.304000,0.091097,0.091091
0.305000,0.091097,0.091097
0.306000,0.091091,0.091094
0.307000,0.091094,0.091088
0.308000,0.091094,0.091094
0.309000,0.091097,0.091097
0.310000,0.091097,0.091097
0.311000,0.091100,0.091094
0.312000,0.091100,0.091100
0.313000,0.091097,0.091094
0.314000,0.091100,0.091100
0.315000,0.091230,0.091224
0.316000,0.091325,0.091325
0.317000,0.091388,0.091382
0.318000,0.091417,0.091420
0.319000,0.091452,0.091445
0.320000,0.091471,0.091464
0.321000,0.091480,0.091477
0.322000,0.091490,0.091483
0.323000,0.091493,0.091490
0.324000,0.091499,0.091496
0.325000,0.091505,0.091502
0.326000,0.091505,0.091505
0.327000,0.091512,0.091505
0.328000,0.091515,0.091505
0.329000,0.091512,0.091509
0.330000,0.091512,0.091515
0.331000,0.091518,0.091512
0.332000,0.091515,0.091515
0.333000,0.091515,0.091509
0.334000,0.091518,0.091512
0.335000,0.091515,0.091515
0.336000,0.091521,0.091512
0.337000,0.091518,0.091512
0.338000,0.091518,0.091512
0.339000,0.091515,0.091515
0.340000,0.091518,0.091512
0.341000,0.091512,0.091515
0.342000,0.091521,0.091515
0.343000,0.091518,0.091515
0.344000,0.091521,0.091515
0.345000,0.091521,0.091515
0.346000,0.091515,0.091518
0.347000,0.091515,0.091512
0.348000,0.091518,0.091512
0.349000,0.091518,0.091515
0.350000,0.091518,0.091515
0.351000,0.091515,0.091518
0.352000,0.091591,0.091594
0.353000,0.091645,0.091641
0.354000,0.091676,0.091673
0.355000,0.091695,0.091695
0.356000,0.091714,0.091714
0.357000,0.091717,0.091714
0.358000,0.091727,0.091724
0.359000,0.091730,0.091727
0.360000,0.091739,0.091736
0.361000,0.091743,0.091736
0.362000,0.091746,0.091736
0.363000,0.091739,0.091743
0.364000,0.091746,0.091743
0.365000,0.091622,0.091616
0.366000,0.091521,0.091515
0.367000,0.091464,0.091458
0.368000,0.091423,0.091423
0.369000,0.091407,0.091401
0.370000,0.091385,0.091382
0.371000,0.091369,0.091369
0.372000,0.091357,0.091360
0.373000,0.091353,0.091353
0.374000,0.091347,0.091344
0.375000,0.091344,0.091344
0.376000,0.091344,0.091341
0.377000,0.091338,0.091338
0.378000,0.091347,0.091344
0.379000,0.091341,0.091347
0.380000,0.091338,0.091331
0.381000,0.091338,0.091335
0.382000,0.091335,0.091331
0.383000,0.091331,0.091335
0.384000,0.091335,0.091335
0.385000,0.091338,0.091328
0.386000,0.091338,0.091331
0.387000,0.091335,0.091331
0.388000,0.091335,0.091328
0.389000,0.091331,0.091328
0.390000,0.091335,0.091328
0.391000,0.091335,0.091328
0.392000,0.091331,0.091331
0.393000,0.091335,0.091328
0.394000,0.091262,0.091252
0.395000,0.091205,0.091205
0.396000,0.091179,0.091170
0.397000,0.091154,0.091157
0.398000,0.091148,0.091145
0.399000,0.091138,0.091135
0.400000,0.091129,0.091123
0.401000,0.091123,0.091119
0.402000,0.091119,0.091116
0.403000,0.091119,0.091110
0.404000,0.091110,0.091113
0.405000,0.091110,0.091110
0.406000,0.091107,0.091104
0.407000,0.091110,0.091107
0.408000,0.091110,0.091107
0.409000,0.091107,0.091110
0.410000,0.091110,0.091104
0.411000,0.091107,0.091104
0.412000,0.091110,0.091104
0.413000,0.091110,0.091100
0.414000,0.091110,0.091104
0.415000,0.091236,0.091227
0.416000,0.091331,0.091341
0.417000,0.091398,0.091385
0.418000,0.091429,0.091426
0.419000,0.091452,0.091455
0.420000,0.091474,0.091467
0.421000,0.091486,0.091480
0.422000,0.091496,0.091490
0.423000,0.091502,0.091499
0.424000,0.091505,0.091505
0.425000,0.091515,0.091505
0.426000,0.091512,0.091509
0.427000,0.091515,0.091515
0.428000,0.091521,0.091515
0.429000,0.091521,0.091515
0.430000,0.091515,0.091512
0.431000,0.091521,0.091515
0.432000,0.091518,0.091521
0.433000,0.091521,0.091518
0.434000,0.091521,0.091518
0.435000,0.091521,0.091518
0.436000,0.091594,0.091591
0.437000,0.091572,0.091572
0.438000,0.091550,0.091550
0.439000,0.091546,0.091537
0.440000,0.091534,0.091527
0.441000,0.091534,0.091524
0.442000,0.091527,0.091521
0.443000,0.091527,0.091524
0.444000,0.091524,0.091524
0.445000,0.091524,0.091518
0.446000,0.091524,0.091521
0.447000,0.091524,0.091518
0.448000,0.091524,0.091518
0.449000,0.091524,0.091521
0.450000,0.091527,0.091524
0.451000,0.091521,0.091521
0.452000,0.091527,0.091521
0.453000,0.091521,0.091524
0.454000,0.091524,0.091521
0.455000,0.091521,0.091521
0.456000,0.091524,0.091518
0.457000,0.091521,0.091521
0.458000,0.091524,0.091524
0.459000,0.091521,0.091521
0.460000,0.091524,0.091518
0.461000,0.091521,0.091521
0.462000,0.091521,0.091515
0.463000,0.091521,0.091518
0.464000,0.091524,0.091521
0.465000,0.091404,0.091395
0.466000,0.091303,0.091293
0.467000,0.091243,0.091233
0.468000,0.091205,0.091202
0.469000,0.091179,0.091176
0.470000,0.091161,0.091154
0.471000,0.091151,0.091145
0.472000,0.091138,0.091138
0.473000,0.091132,0.091132
0.474000,0.091135,0.091129
0.475000,0.091123,0.091116
0.476000,0.091119,0.091116
0.477000,0.091116,0.091116
0.478000,0.091116,0.091116
0.479000,0.091116,0.091110
0.480000,0.091116,0.091113
0.481000,0.091113,0.091110
0.482000,0.091116,0.091113
0.483000,0.091110,0.091110
0.484000,0.091110,0.091107
0.485000,0.091110,0.091110
0.486000,0.091104,0.091110
0.487000,0.091110,0.091107
0.488000,0.091110,0.091110
0.489000,0.091110,0.091107
0.490000,0.091110,0.091107
0.491000,0.091107,0.091107
0.492000,0.091110,0.091110
0.493000,0.091110,0.091104
0.494000,0.091107,0.091107
0.495000,0.091107,0.091104
0.496000,0.091113,0.091107
0.497000,0.091110,0.091110
0.498000,0.091107,0.091110
0.499000,0.091107,0.091107
1.000000,0.091107,0.091107
1.001000,0.091110,0.091110
1.002000,0.091104,0.091104
1.003000,0.091110,0.091104
1.004000,0.091107,0.091107
1.005000,0.091110,0.091094
1.006000,0.091110,0.091100
1.007000,0.091104,0.091104
1.008000,0.091107,0.091104
1.009000,0.091104,0.091107
1.010000,0.091107,0.091100
1.011000,0.091107,0.091107
1.012000,0.091151,0.091145
1.013000,0.091126,0.091119
1.014000,0.091116,0.091113
1.015000,0.091233,0.091233
1.016000,0.091328,0.091328
1.017000,0.091385,0.091388
1.018000,0.091423,0.091417
1.019000,0.091445,0.091445
1.020000,0.091467,0.091464
1.021000,0.091471,0.091474
1.022000,0.091486,0.091483
1.023000,0.091490,0.091490
1.024000,0.091496,0.091493
1.025000,0.091499,0.091499
1.026000,0.091505,0.091499
1.027000,0.091512,0.091499
1.028000,0.091509,0.091505
1.029000,0.091512,0.091505
1.030000,0.091509,0.091505
1.031000,0.091515,0.091509
1.032000,0.091518,0.091509
1.033000,0.091509,0.091509
1.034000,0.091512,0.091505
1.035000,0.091512,0.091509
1.036000,0.091512,0.091512
1.037000,0.091515,0.091509
1.038000,0.091515,0.091505
1.039000,0.091515,0.091509
1.040000,0.091518,0.091512
1.041000,0.091509,0.091515
1.042000,0.091512,0.091509
1.043000,0.091512,0.091515
1.044000,0.091515,0.091512
1.045000,0.091512,0.091509
1.046000,0.091515,0.091509
1.047000,0.091518,0.091505
1.048000,0.091515,0.091515
1.049000,0.091512,0.091509
1.050000,0.091515,0.091512
1.051000,0.091515,0.091512
1.052000,0.091515,0.091512
1.053000,0.091515,0.091515
1.054000,0.091515,0.091515
1.055000,0.091509,0.091512
1.056000,0.091515,0.091512
1.057000,0.091509,0.091512
1.058000,0.091512,0.091509
1.059000,0.091518,0.091509
1.060000,0.091515,0.091515
1.061000,0.091518,0.091505
1.062000,0.091518,0.091521
1.063000,0.091521,0.091518
1.064000,0.091518,0.091518
1.065000,0.091401,0.091395
1.066000,0.091300,0.091290
1.067000,0.091233,0.091240
1.068000,0.091202,0.091202
1.069000,0.091186,0.091189
1.070000,0.091164,0.091161
1.071000,0.091151,0.091148
1.072000,0.091138,0.091135
1.073000,0.091132,0.091129
1.074000,0.091126,0.091123
1.075000,0.091126,0.091119
1.076000,0.091123,0.091116
1.077000,0.091119,0.091119
1.078000,0.091116,0.091107
1.079000,0.091116,0.091113
1.080000,0.091116,0.091110
1.081000,0.091116,0.091110
1.082000,0.091110,0.091110
1.083000,0.091113,0.091110
1.084000,0.091110,0.091104
1.085000,0.091110,0.091110
1.086000,0.091110,0.091104
1.087000,0.091110,0.091107
1.088000,0.091107,0.091104
1.089000,0.091107,0.091104
1.090000,0.091113,0.091107
1.091000,0.091110,0.091104
1.092000,0.091107,0.091107
1.093000,0.091107,0.091107
1.094000,0.091110,0.091107
1.095000,0.091107,0.091104
1.096000,0.091104,0.091104
1.097000,0.091110,0.091100
1.098000,0.091110,0.091107
1.099000,0.091110,0.091104
1.100000,0.091104,0.091104
1.101000,0.091107,0.091100
1.102000,0.091113,0.091100
1.103000,0.091179,0.091179
1.104000,0.091233,0.091233
1.105000,0.091262,0.091259
1.106000,0.091281,0.091278
1.107000,0.091293,0.091293
1.108000,0.091309,0.091306
1.109000,0.091312,0.091306
1.110000,0.091316,0.091316
1.111000,0.091322,0.091319
1.112000,0.091325,0.091322
1.113000,0.091325,0.091319
1.114000,0.091325,0.091322
1.115000,0.091448,0.091448
1.116000,0.091553,0.091553
1.117000,0.091607,0.091603
1.118000,0.091648,0.091645
1.119000,0.091676,0.091673
1.120000,0.091695,0.091689
1.121000,0.091708,0.091705
1.122000,0.091717,0.091717
1.123000,0.091733,0.091724
1.124000,0.091736,0.091727
1.125000,0.091736,0.091733
1.126000,0.091739,0.091736
1.127000,0.091743,0.091739
1.128000,0.091743,0.091739
1.129000,0.091746,0.091739
1.130000,0.091749,0.091743
1.131000,0.091749,0.091749
1.132000,0.091749,0.091743
1.133000,0.091749,0.091743
1.134000,0.091749,0.091746
1.135000,0.091752,0.091746
1.136000,0.091749,0.091749
1.137000,0.091752,0.091746
1.138000,0.091749,0.091743
1.139000,0.091749,0.091749
1.140000,0.091752,0.091749
1.141000,0.091752,0.091746
1.142000,0.091755,0.091749
1.143000,0.091752,0.091746
1.144000,0.091752,0.091746
1.145000,0.091683,0.091670
1.146000,0.091622,0.091622
1.147000,0.091591,0.091591
1.148000,0.091575,0.091572
1.149000,0.091565,0.091556
1.150000,0.091553,0.091550
1.151000,0.091546,0.091543
1.152000,0.091540,0.091537
1.153000,0.091537,0.091531
1.154000,0.091540,0.091534
1.155000,0.091531,0.091531
1.156000,0.091534,0.091527
1.157000,0.091527,0.091527
1.158000,0.091527,0.091521
1.159000,0.091531,0.091521
1.160000,0.091524,0.091531
1.161000,0.091521,0.091524
1.162000,0.091524,0.091524
1.163000,0.091521,0.091524
1.164000,0.091521,0.091527
1.165000,0.091407,0.091404
1.166000,0.091306,0.091297
1.167000,0.091243,0.091236
1.168000,0.091208,0.091205
1.169000,0.091183,0.091176
1.170000,0.091161,0.091157
1.171000,0.091145,0.091145
1.172000,0.091138,0.091138
1.173000,0.091138,0.091126
1.174000,0.091129,0.091129
1.175000,0.091123,0.091123
1.176000,0.091116,0.091116
1.177000,0.091119,0.091113
1.178000,0.091119,0.091113
1.179000,0.091113,0.091113
1.180000,0.091110,0.091110
1.181000,0.091113,0.091110
1.182000,0.091110,0.091110
1.183000,0.091110,0.091110
1.184000,0.091110,0.091107
1.185000,0.091110,0.091107
1.186000,0.091113,0.091110
1.187000,0.091186,0.091186
1.188000,0.091164,0.091157
1.189000,0.091138,0.091135
1.190000,0.091126,0.091126
1.191000,0.091126,0.091116
1.192000,0.091119,0.091116
1.193000,0.091116,0.091113
1.194000,0.091116,0.091110
1.195000,0.091113,0.091110
1.196000,0.091110,0.091104
1.197000,0.091119,0.091107
1.198000,0.091110,0.091104
1.199000,0.091110,0.091104
1.200000,0.091116,0.091104
1.201000,0.091107,0.091107
1.202000,0.091110,0.091104
1.203000,0.091110,0.091107
1.204000,0.091110,0.091104
1.205000,0.091113,0.091110
1.206000,0.091107,0.091104
1.207000,0.091110,0.091104
1.208000,0.091110,0.091100
1.209000,0.091107,0.091107
1.210000,0.091107,0.091100
1.211000,0.091110,0.091104
1.212000,0.091107,0.091104
1.213000,0.091107,0.091107
1.214000,0.091107,0.091100
1.215000,0.091236,0.091230
1.216000,0.091335,0.091331
1.217000,0.091388,0.091388
1.218000,0.091429,0.091423
1.219000,0.091455,0.091445
1.220000,0.091471,0.091471
1.221000,0.091486,0.091480
1.222000,0.091493,0.091486
1.223000,0.091502,0.091502
1.224000,0.091509,0.091502
1.225000,0.091512,0.091505
1.226000,0.091515,0.091512
1.227000,0.091515,0.091515
1.228000,0.091512,0.091512
1.229000,0.091521,0.091515
1.230000,0.091515,0.091521
1.231000,0.091521,0.091515
1.232000,0.091518,0.091512
1.233000,0.091524,0.091515
1.234000,0.091515,0.091515
1.235000,0.091521,0.091515
1.236000,0.091524,0.091521
1.237000,0.091524,0.091518
1.238000,0.091524,0.091518
1.239000,0.091524,0.091521
1.240000,0.091521,0.091521
1.241000,0.091518,0.091515
1.242000,0.091518,0.091521
1.243000,0.091524,0.091521
1.244000,0.091524,0.091515
1.245000,0.091524,0.091518
1.246000,0.091521,0.091521
1.247000,0.091524,0.091521
1.248000,0.091521,0.091521
1.249000,0.091524,0.091521
1.250000,0.091524,0.091518
1.251000,0.091524,0.091518
1.252000,0.091521,0.091515
1.253000,0.091521,0.091521
1.254000,0.091524,0.091518
1.255000,0.091527,0.091518
1.256000,0.091521,0.091521
1.257000,0.091518,0.091521
1.258000,0.091521,0.091521
1.259000,0.091521,0.091521
1.260000,0.091524,0.091521
1.261000,0.091521,0.091521
1.262000,0.091534,0.091531
1.263000,0.091531,0.091527
1.264000,0.091531,0.091518
1.265000,0.091401,0.091401
1.266000,0.091303,0.091297
1.267000,0.091243,0.091243
1.268000,0.091243,0.091243
1.269000,0.091198,0.091195
1.270000,0.091167,0.091167
1.271000,0.091148,0.091145
1.272000,0.091138,0.091135
1.273000,0.091129,0.091129
1.274000,0.091123,0.091119
1.275000,0.091119,0.091116
1.276000,0.091113,0.091110
1.277000,0.091116,0.091110
1.278000,0.091107,0.091110
1.279000,0.091107,0.091107
1.280000,0.091104,0.091104
1.281000,0.091104,0.091100
1.282000,0.091107,0.091104
1.283000,0.091104,0.091104
1.284000,0.091104,0.091104
1.285000,0.091107,0.091100
1.286000,0.091107,0.091100
1.287000,0.091100,0.091104
1.288000,0.091104,0.091097
1.289000,0.091104,0.091100
1.290000,0.091104,0.091097
1.291000,0.091104,0.091100
1.292000,0.091100,0.091097
1.293000,0.091100,0.091100
1.294000,0.091104,0.091094
1.295000,0.091104,0.091097
1.296000,0.091107,0.091100
1.297000,0.091100,0.091097
1.298000,0.091107,0.091094
1.299000,0.091100,0.091094
1.300000,0.091104,0.091097
1.301000,0.091097,0.091097
1.302000,0.091100,0.091097
1.303000,0.091104,0.091094
1.304000,0.091100,0.091094
1.305000,0.091100,0.091100
1.306000,0.091104,0.091094
1.307000,0.091100,0.091097
1.308000,0.091104,0.091091
1.309000,0.091097,0.091097
1.310000,0.091104,0.091094
1.311000,0.091097,0.091091
1.312000,0.091097,0.091097
1.313000,0.091100,0.091094
1.314000,0.091100,0.091094
1.315000,0.091224,0.091221
1.316000,0.091325,0.091325
1.317000,0.091382,0.091382
1.318000,0.091420,0.091417
1.319000,0.091445,0.091439
1.320000,0.091461,0.091464
1.321000,0.091480,0.091471
1.322000,0.091483,0.091483
1.323000,0.091496,0.091493
1.324000,0.091502,0.091499
1.325000,0.091509,0.091499
1.326000,0.091515,0.091509
1.327000,0.091512,0.091509
1.328000,0.091515,0.091512
1.329000,0.091518,0.091512
1.330000,0.091521,0.091515
1.331000,0.091515,0.091515
1.332000,0.091515,0.091515
1.333000,0.091521,0.091518
1.334000,0.091515,0.091512
1.335000,0.091521,0.091518
1.336000,0.091524,0.091515
1.337000,0.091515,0.091515
1.338000,0.091521,0.091518
1.339000,0.091521,0.091515
1.340000,0.091518,0.091518
1.341000,0.091521,0.091515
1.342000,0.091521,0.091518
1.343000,0.091527,0.091521
1.344000,0.091515,0.091521
1.345000,0.091518,0.091518
1.346000,0.091521,0.091521
1.347000,0.091518,0.091515
1.348000,0.091521,0.091515
1.349000,0.091524,0.091512
1.350000,0.091521,0.091518
1.351000,0.091524,0.091512
1.352000,0.091521,0.091521
1.353000,0.091521,0.091521
1.354000,0.091524,0.091518
1.355000,0.091524,0.091512
1.356000,0.091521,0.091521
1.357000,0.091524,0.091518
1.358000,0.091531,0.091521
1.359000,0.091524,0.091527
1.360000,0.091527,0.091521
1.361000,0.091521,0.091521
1.362000,0.091527,0.091521
1.363000,0.091521,0.091521
1.364000,0.091597,0.091594
1.365000,0.091527,0.091521
1.366000,0.091458,0.091452
1.367000,0.091420,0.091414
1.368000,0.091391,0.091395
1.369000,0.091376,0.091376
1.370000,0.091369,0.091363
1.371000,0.091360,0.091357
1.372000,0.091357,0.091350
1.373000,0.091347,0.091344
1.374000,0.091338,0.091344
1.375000,0.091341,0.091341
1.376000,0.091338,0.091338
1.377000,0.091341,0.091331
1.378000,0.091338,0.091331
1.379000,0.091338,0.091331
1.380000,0.091338,0.091331
1.381000,0.091338,0.091335
1.382000,0.091338,0.091335
1.383000,0.091331,0.091331
1.384000,0.091338,0.091335
1.385000,0.091335,0.091335
1.386000,0.091338,0.091331
1.387000,0.091335,0.091328
1.388000,0.091335,0.091328
1.389000,0.091335,0.091331
1.390000,0.091335,0.091331
1.391000,0.091338,0.091328
1.392000,0.091335,0.091328
1.393000,0.091335,0.091331
1.394000,0.091331,0.091335
1.395000,0.091335,0.091331
1.396000,0.091338,0.091331
1.397000,0.091335,0.091338
1.398000,0.091335,0.091331
1.399000,0.091335,0.091328
1.400000,0.091335,0.091331
1.401000,0.091331,0.091328
1.402000,0.091335,0.091331
1.403000,0.091338,0.091331
1.404000,0.091335,0.091335
1.405000,0.091338,0.091331
1.406000,0.091262,0.091255
1.407000,0.091205,0.091208
1.408000,0.091176,0.091179
1.409000,0.091161,0.091161
1.410000,0.091148,0.091142
1.411000,0.091135,0.091132
1.412000,0.091135,0.091126
1.413000,0.091126,0.091116
1.414000,0.091119,0.091119
1.415000,0.091243,0.091236
1.416000,0.091344,0.091338
1.417000,0.091395,0.091391
1.418000,0.091433,0.091433
1.419000,0.091458,0.091458
1.420000,0.091480,0.091471
1.421000,0.091490,0.091486
1.422000,0.091499,0.091499
1.423000,0.091505,0.091499
1.424000,0.091512,0.091502
1.425000,0.091515,0.091509
1.426000,0.091518,0.091512
1.427000,0.091512,0.091509
1.428000,0.091515,0.091515
1.429000,0.091518,0.091518
1.430000,0.091518,0.091518
1.431000,0.091521,0.091515
1.432000,0.091518,0.091515
1.433000,0.091518,0.091515
1.434000,0.091521,0.091521
1.435000,0.091524,0.091518
1.436000,0.091524,0.091521
1.437000,0.091521,0.091518
1.438000,0.091521,0.091518
1.439000,0.091524,0.091521
1.440000,0.091521,0.091521
1.441000,0.091524,0.091521
1.442000,0.091527,0.091518
1.443000,0.091524,0.091521
1.444000,0.091521,0.091521
1.445000,0.091521,0.091518
1.446000,0.091521,0.091521
1.447000,0.091521,0.091518
1.448000,0.091603,0.091597
1.449000,0.091578,0.091572
1.450000,0.091556,0.091546
1.451000,0.091550,0.091540
1.452000,0.091540,0.091534
1.453000,0.091540,0.091546
1.454000,0.091540,0.091537
1.455000,0.091537,0.091524
1.456000,0.091531,0.091524
1.457000,0.091534,0.091527
1.458000,0.091531,0.091527
1.459000,0.091531,0.091521
1.460000,0.091527,0.091524
1.461000,0.091524,0.091521
1.462000,0.091527,0.091524
1.463000,0.091524,0.091521
1.464000,0.091527,0.091524
1.465000,0.091401,0.091395
1.466000,0.091300,0.091300
1.467000,0.091243,0.091243
1.468000,0.091208,0.091205
1.469000,0.091179,0.091183
1.470000,0.091161,0.091157
1.471000,0.091151,0.091145
1.472000,0.091148,0.091142
1.473000,0.091138,0.091129
1.474000,0.091129,0.091126
1.475000,0.091123,0.091126
1.476000,0.091119,0.091123
1.477000,0.091116,0.091116
1.478000,0.091123,0.091113
1.479000,0.091116,0.091113
1.480000,0.091116,0.091113
1.481000,0.091116,0.091113
1.482000,0.091116,0.091110
1.483000,0.091113,0.091110
1.484000,0.091113,0.091107
1.485000,0.091113,0.091110
1.486000,0.091107,0.091110
1.487000,0.091110,0.091104
1.488000,0.091110,0.091110
1.489000,0.091113,0.091110
1.490000,0.091104,0.091110
1.491000,0.091107,0.091107
1.492000,0.091110,0.091107
1.493000,0.091110,0.091104
1.494000,0.091110,0.091107
1.495000,0.091110,0.091107
1.496000,0.091110,0.091107
1.497000,0.091113,0.091104
1.498000,0.091107,0.091110
1.499000,0.091113,0.091104
2.000000,0.091107,0.091107
2.001000,0.091110,0.091104
2.002000,0.091110,0.091104
2.003000,0.091110,0.091104
2.004000,0.091107,0.091107
2.005000,0.091113,0.091107
2.006000,0.091110,0.091104
2.007000,0.091107,0.091104
2.008000,0.091110,0.091107
2.009000,0.091110,0.091104
2.010000,0.091107,0.091107
2.011000,0.091113,0.091107
2.012000,0.091107,0.091100
2.013000,0.091107,0.091107
2.014000,0.091107,0.091104
2.015000,0.091233,0.091227
2.016000,0.091335,0.091331
2.017000,0.091388,0.091388
2.018000,0.091429,0.091423
2.019000,0.091452,0.091448
2.020000,0.091471,0.091467
2.021000,0.091480,0.091480
2.022000,0.091493,0.091490
2.023000,0.091499,0.091496
2.024000,0.091543,0.091543
2.025000,0.091527,0.091521
2.026000,0.091527,0.091518
2.027000,0.091518,0.091515
2.028000,0.091518,0.091518
2.029000,0.091512,0.091512
2.030000,0.091518,0.091515
2.031000,0.091515,0.091515
2.032000,0.091518,0.091512
2.033000,0.091515,0.091512
2.034000,0.091518,0.091512
2.035000,0.091515,0.091509
2.036000,0.091515,0.091515
2.037000,0.091515,0.091512
2.038000,0.091515,0.091512
2.039000,0.091512,0.091512
2.040000,0.091512,0.091515
2.041000,0.091515,0.091509
2.042000,0.091512,0.091515
2.043000,0.091515,0.091512
2.044000,0.091518,0.091515
2.045000,0.091512,0.091515
2.046000,0.091515,0.091512
2.047000,0.091515,0.091509
2.048000,0.091527,0.091518
2.049000,0.091518,0.091521
2.050000,0.091518,0.091518
2.051000,0.091521,0.091521
2.052000,0.091521,0.091512
2.053000,0.091518,0.091515
2.054000,0.091515,0.091512
2.055000,0.091518,0.091512
2.056000,0.091518,0.091509
2.057000,0.091518,0.091515
2.058000,0.091521,0.091512
2.059000,0.091518,0.091515
2.060000,0.091515,0.091515
2.061000,0.091518,0.091509
2.062000,0.091518,0.091512
2.063000,0.091515,0.091512
2.064000,0.091512,0.091515
2.065000,0.091395,0.091388
2.066000,0.091293,0.091287
2.067000,0.091240,0.091230
2.068000,0.091198,0.091192
2.069000,0.091173,0.091173
2.070000,0.091151,0.091151
2.071000,0.091135,0.091132
2.072000,0.091132,0.091129
2.073000,0.091123,0.091123
2.074000,0.091123,0.091119
2.075000,0.091119,0.091116
2.076000,0.091113,0.091116
2.077000,0.091116,0.091107
2.078000,0.091116,0.091110
2.079000,0.091113,0.091107
2.080000,0.091110,0.091110
2.081000,0.091116,0.091107
2.082000,0.091110,0.091107
2.083000,0.091110,0.091107
2.084000,0.091107,0.091107
2.085000,0.091110,0.091104
2.086000,0.091107,0.091104
2.087000,0.091113,0.091100
2.088000,0.091113,0.091110
2.089000,0.091107,0.091107
2.090000,0.091107,0.091107
2.091000,0.091110,0.091104
2.092000,0.091110,0.091107
2.093000,0.091110,0.091104
2.094000,0.091104,0.091110
2.095000,0.091110,0.091104
2.096000,0.091107,0.091110
2.097000,0.091110,0.091107
2.098000,0.091110,0.091100
2.099000,0.091110,0.091104
2.100000,0.091107,0.091107
2.101000,0.091110,0.091107
2.102000,0.091107,0.091104
2.103000,0.091104,0.091107
2.104000,0.091107,0.091104
2.105000,0.091110,0.091104
2.106000,0.091113,0.091104
2.107000,0.091107,0.091104
2.108000,0.091107,0.091107
2.109000,0.091110,0.091100
2.110000,0.091107,0.091104
2.111000,0.091104,0.091107
2.112000,0.091107,0.091104
2.113000,0.091183,0.091176
2.114000,0.091236,0.091230
2.115000,0.091388,0.091388
2.116000,0.091509,0.091505
2.117000,0.091578,0.091572
2.118000,0.091622,0.091622
2.119000,0.091660,0.091651
2.120000,0.091689,0.091679
2.121000,0.091695,0.091698
2.122000,0.091714,0.091708
2.123000,0.091724,0.091717
2.124000,0.091730,0.091730
2.125000,0.091730,0.091730
2.126000,0.091736,0.091736
2.127000,0.091736,0.091733
2.128000,0.091746,0.091739
2.129000,0.091746,0.091739
2.130000,0.091739,0.091743
2.131000,0.091746,0.091739
2.132000,0.091743,0.091746
2.133000,0.091749,0.091743
2.134000,0.091749,0.091746
2.135000,0.091749,0.091743
2.136000,0.091749,0.091743
2.137000,0.091746,0.091746
2.138000,0.091749,0.091743
2.139000,0.091752,0.091743
2.140000,0.091746,0.091746
2.141000,0.091752,0.091749
2.142000,0.091752,0.091749
2.143000,0.091758,0.091752
2.144000,0.091752,0.091752
2.145000,0.091755,0.091749
2.146000,0.091749,0.091749
2.147000,0.091755,0.091743
2.148000,0.091749,0.091749
2.149000,0.091755,0.091749
2.150000,0.091755,0.091749
2.151000,0.091749,0.091749
2.152000,0.091752,0.091746
2.153000,0.091749,0.091749
2.154000,0.091755,0.091749
2.155000,0.091679,0.091670
2.156000,0.091626,0.091619
2.157000,0.091597,0.091591
2.158000,0.091572,0.091575
2.159000,0.091559,0.091556
2.160000,0.091553,0.091550
2.161000,0.091546,0.091543
2.162000,0.091543,0.091537
2.163000,0.091534,0.091531
2.164000,0.091531,0.091534
2.165000,0.091404,0.091407
2.166000,0.091306,0.091303
2.167000,0.091246,0.091240
2.168000,0.091211,0.091211
2.169000,0.091179,0.091186
2.170000,0.091164,0.091161
2.171000,0.091148,0.091145
2.172000,0.091145,0.091138
2.173000,0.091132,0.091129
2.174000,0.091132,0.091126
2.175000,0.091123,0.091119
2.176000,0.091123,0.091116
2.177000,0.091116,0.091116
2.178000,0.091116,0.091113
2.179000,0.091119,0.091113
2.180000,0.091113,0.091110
2.181000,0.091113,0.091107
2.182000,0.091113,0.091110
2.183000,0.091110,0.091110
2.184000,0.091116,0.091110
2.185000,0.091110,0.091113
2.186000,0.091113,0.091110
2.187000,0.091110,0.091104
2.188000,0.091113,0.091104
2.189000,0.091113,0.091107
2.190000,0.091116,0.091110
2.191000,0.091110,0.091107
2.192000,0.091110,0.091110
2.193000,0.091113,0.091110
2.194000,0.091110,0.091107
2.195000,0.091110,0.091107
2.196000,0.091113,0.091107
2.197000,0.091186,0.091183
2.198000,0.091161,0.091154
2.199000,0.091135,0.091138
2.200000,0.091129,0.091126
2.201000,0.091123,0.091116
2.202000,0.091116,0.091116
2.203000,0.091113,0.091116
2.204000,0.091110,0.091113
2.205000,0.091116,0.091107
2.206000,0.091110,0.091110
2.207000,0.091110,0.091107
2.208000,0.091107,0.091110
2.209000,0.091110,0.091104
2.210000,0.091107,0.091107
2.211000,0.091107,0.091100
2.212000,0.091107,0.091107
2.213000,0.091110,0.091107
2.214000,0.091107,0.091107
2.215000,0.091230,0.091224
2.216000,0.091331,0.091328
2.217000,0.091388,0.091385
2.218000,0.091433,0.091423
2.219000,0.091452,0.091452
2.220000,0.091474,0.091467
2.221000,0.091483,0.091483
2.222000,0.091496,0.091486
2.223000,0.091502,0.091493
2.224000,0.091505,0.091505
2.225000,0.091509,0.091505
2.226000,0.091512,0.091509
2.227000,0.091515,0.091509
2.228000,0.091518,0.091509
2.229000,0.091518,0.091515
2.230000,0.091518,0.091512
2.231000,0.091518,0.091515
2.232000,0.091521,0.091512
2.233000,0.091518,0.091518
2.234000,0.091518,0.091518
2.235000,0.091521,0.091515
2.236000,0.091524,0.091521
2.237000,0.091521,0.091521
2.238000,0.091537,0.091531
2.239000,0.091527,0.091524
2.240000,0.091524,0.091521
2.241000,0.091521,0.091521
2.242000,0.091527,0.091521
2.243000,0.091524,0.091521
2.244000,0.091524,0.091515
2.245000,0.091524,0.091521
2.246000,0.091524,0.091521
2.247000,0.091521,0.091521
2.248000,0.091518,0.091521
2.249000,0.091521,0.091515
2.250000,0.091521,0.091518
2.251000,0.091524,0.091518
2.252000,0.091524,0.091518
2.253000,0.091524,0.091521
2.254000,0.091527,0.091521
2.255000,0.091521,0.091521
2.256000,0.091524,0.091521
2.257000,0.091524,0.091521
2.258000,0.091518,0.091524
2.259000,0.091524,0.091518
2.260000,0.091521,0.091521
2.261000,0.091527,0.091521
2.262000,0.091518,0.091518
2.263000,0.091521,0.091521
2.264000,0.091521,0.091518
2.265000,0.091404,0.091395
2.266000,0.091300,0.091293
2.267000,0.091243,0.091236
2.268000,0.091205,0.091202
2.269000,0.091179,0.091176
2.270000,0.091161,0.091154
2.271000,0.091151,0.091142
2.272000,0.091138,0.091138
2.273000,0.091135,0.091129
2.274000,0.091132,0.091123
2.275000,0.091126,0.091116
2.276000,0.091123,0.091116
2.277000,0.091116,0.091113
2.278000,0.091116,0.091110
2.279000,0.091116,0.091113
2.280000,0.091154,0.091154
2.281000,0.091132,0.091129
2.282000,0.091123,0.091119
2.283000,0.091116,0.091116
2.284000,0.091113,0.091107
2.285000,0.091113,0.091107
2.286000,0.091110,0.091104
2.287000,0.091104,0.091104
2.288000,0.091104,0.091104
2.289000,0.091107,0.091097
2.290000,0.091107,0.091100
2.291000,0.091100,0.091100
2.292000,0.091100,0.091100
2.293000,0.091104,0.091100
2.294000,0.091100,0.091097
2.295000,0.091104,0.091097
2.296000,0.091104,0.091097
2.297000,0.091104,0.091100
2.298000,0.091107,0.091097
2.299000,0.091100,0.091097
2.300000,0.091104,0.091097
2.301000,0.091104,0.091097
2.302000,0.091104,0.091097
2.303000,0.091100,0.091097
2.304000,0.091104,0.091094
2.305000,0.091097,0.091094
2.306000,0.091104,0.091100
2.307000,0.091094,0.091100
2.308000,0.091097,0.091091
2.309000,0.091100,0.091097
2.310000,0.091097,0.091094
2.311000,0.091097,0.091094
2.312000,0.091104,0.091097
2.313000,0.091097,0.091100
2.314000,0.091104,0.091094
2.315000,0.091221,0.091217
2.316000,0.091322,0.091316
2.317000,0.091382,0.091379
2.318000,0.091414,0.091417
2.319000,0.091445,0.091439
2.320000,0.091461,0.091458
2.321000,0.091477,0.091474
2.322000,0.091486,0.091477
2.323000,0.091490,0.091490
2.324000,0.091496,0.091496
2.325000,0.091502,0.091499
2.326000,0.091505,0.091499
2.327000,0.091505,0.091502
2.328000,0.091502,0.091509
2.329000,0.091512,0.091509
2.330000,0.091515,0.091512
2.331000,0.091518,0.091515
2.332000,0.091521,0.091515
2.333000,0.091527,0.091527
2.334000,0.091524,0.091524
2.335000,0.091527,0.091521
2.336000,0.091521,0.091524
2.337000,0.091527,0.091521
2.338000,0.091521,0.091518
2.339000,0.091524,0.091521
2.340000,0.091521,0.091515
2.341000,0.091524,0.091515
2.342000,0.091521,0.091521
2.343000,0.091521,0.091521
2.344000,0.091524,0.091521
2.345000,0.091524,0.091521
2.346000,0.091524,0.091518
2.347000,0.091521,0.091518
2.348000,0.091524,0.091521
2.349000,0.091521,0.091515
2.350000,0.091521,0.091518
2.351000,0.091521,0.091512
2.352000,0.091524,0.091518
2.353000,0.091521,0.091518
2.354000,0.091521,0.091521
2.355000,0.091524,0.091524
2.356000,0.091524,0.091518
2.357000,0.091521,0.091518
2.358000,0.091521,0.091521
2.359000,0.091521,0.091518
2.360000,0.091524,0.091521
2.361000,0.091527,0.091518
2.362000,0.091521,0.091521
2.363000,0.091524,0.091518
2.364000,0.091524,0.091515
2.365000,0.091398,0.091391
2.366000,0.091297,0.091290
2.367000,0.091243,0.091230
2.368000,0.091208,0.091202
2.369000,0.091176,0.091176
2.370000,0.091233,0.091233
2.371000,0.091274,0.091271
2.372000,0.091293,0.091293
2.373000,0.091306,0.091303
2.374000,0.091312,0.091309
2.375000,0.091319,0.091319
2.376000,0.091322,0.091319
2.377000,0.091331,0.091316
2.378000,0.091328,0.091328
2.379000,0.091331,0.091328
2.380000,0.091328,0.091328
2.381000,0.091335,0.091328
2.382000,0.091331,0.091328
2.383000,0.091331,0.091328
2.384000,0.091335,0.091328
2.385000,0.091331,0.091335
2.386000,0.091331,0.091331
2.387000,0.091331,0.091328
2.388000,0.091331,0.091328
2.389000,0.091331,0.091338
2.390000,0.091331,0.091325
2.391000,0.091335,0.091331
2.392000,0.091335,0.091331
2.393000,0.091328,0.091328
2.394000,0.091331,0.091328
2.395000,0.091335,0.091328
2.396000,0.091331,0.091331
2.397000,0.091335,0.091331
2.398000,0.091335,0.091331
2.399000,0.091331,0.091331
2.400000,0.091331,0.091328
2.401000,0.091331,0.091331
2.402000,0.091338,0.091331
2.403000,0.091328,0.091331
2.404000,0.091335,0.091331
2.405000,0.091331,0.091331
2.406000,0.091338,0.091328
2.407000,0.091331,0.091331
2.408000,0.091331,0.091331
2.409000,0.091335,0.091328
2.410000,0.091331,0.091325
2.411000,0.091328,0.091331
2.412000,0.091259,0.091249
2.413000,0.091208,0.091205
2.414000,0.091173,0.091170
2.415000,0.091281,0.091278
2.416000,0.091369,0.091366
2.417000,0.091414,0.091414
2.418000,0.091448,0.091445
2.419000,0.091467,0.091464
2.420000,0.091483,0.091483
2.421000,0.091490,0.091493
2.422000,0.091505,0.091496
2.423000,0.091505,0.091505
2.424000,0.091509,0.091509
2.425000,0.091518,0.091512
2.426000,0.091515,0.091512
2.427000,0.091521,0.091512
2.428000,0.091527,0.091524
2.429000,0.091524,0.091521
2.430000,0.091524,0.091521
2.431000,0.091524,0.091521
2.432000,0.091521,0.091518
2.433000,0.091521,0.091518
2.434000,0.091521,0.091521
2.435000,0.091524,0.091524
2.436000,0.091521,0.091521
2.437000,0.091524,0.091524
2.438000,0.091521,0.091521
2.439000,0.091527,0.091518
2.440000,0.091521,0.091521
2.441000,0.091527,0.091524
2.442000,0.091521,0.091527
2.443000,0.091524,0.091521
2.444000,0.091521,0.091521
2.445000,0.091521,0.091521
2.446000,0.091524,0.091521
2.447000,0.091527,0.091521
2.448000,0.091527,0.091524
2.449000,0.091524,0.091521
2.450000,0.091527,0.091521
2.451000,0.091527,0.091524
2.452000,0.091524,0.091524
2.453000,0.091524,0.091521
2.454000,0.091600,0.091597
2.455000,0.091578,0.091575
2.456000,0.091553,0.091553
2.457000,0.091543,0.091537
2.458000,0.091540,0.091537
2.459000,0.091531,0.091534
2.460000,0.091531,0.091527
2.461000,0.091531,0.091521
2.462000,0.091527,0.091521
2.463000,0.091527,0.091521
2.464000,0.091527,0.091524
2.465000,0.091404,0.091401
2.466000,0.091300,0.091293
2.467000,0.091246,0.091240
2.468000,0.091205,0.091205
2.469000,0.091179,0.091176
2.470000,0.091164,0.091164
2.471000,0.091148,0.091145
2.472000,0.091138,0.091135
2.473000,0.091129,0.091129
2.474000,0.091129,0.091119
2.475000,0.091126,0.091116
2.476000,0.091119,0.091116
2.477000,0.091116,0.091107
2.478000,0.091119,0.091113
2.479000,0.091116,0.091116
2.480000,0.091116,0.091110
2.481000,0.091110,0.091113
2.482000,0.091113,0.091107
2.483000,0.091113,0.091110
2.484000,0.091110,0.091110
2.485000,0.091113,0.091110
2.486000,0.091110,0.091107
2.487000,0.091110,0.091107
2.488000,0.091110,0.091107
2.489000,0.091113,0.091107
2.490000,0.091110,0.091104
2.491000,0.091107,0.091107
2.492000,0.091110,0.091107
2.493000,0.091110,0.091104
2.494000,0.091107,0.091104
2.495000,0.091107,0.091104
2.496000,0.091104,0.091104
2.497000,0.091107,0.091110
2.498000,0.091113,0.091110
2.499000,0.091113,0.091107
3.000000,0.091110,0.091104
3.001000,0.091110,0.091104
3.002000,0.091110,0.091107
3.003000,0.091107,0.091104
3.004000,0.091107,0.091104
3.005000,0.091113,0.091100
3.006000,0.091107,0.091104
3.007000,0.091113,0.091100
3.008000,0.091104,0.091104
3.009000,0.091110,0.091104
3.010000,0.091104,0.091110
3.011000,0.091113,0.091100
3.012000,0.091110,0.091107
3.013000,0.091107,0.091104
3.014000,0.091110,0.091104
3.015000,0.091338,0.091335
3.016000,0.091527,0.091527
3.017000,0.091632,0.091629
3.018000,0.091698,0.091705
3.019000,0.091749,0.091749
3.020000,0.091787,0.091781
3.021000,0.091809,0.091806
3.022000,0.091828,0.091825
3.023000,0.091844,0.091838
3.024000,0.091860,0.091856
3.025000,0.091866,0.091866
3.026000,0.091869,0.091866
3.027000,0.091875,0.091872
3.028000,0.091875,0.091872
3.029000,0.091879,0.091879
3.030000,0.091885,0.091875
3.031000,0.091882,0.091879
3.032000,0.091882,0.091882
3.033000,0.091882,0.091885
3.034000,0.091885,0.091882
3.035000,0.091885,0.091882
3.036000,0.091926,0.091923
3.037000,0.091907,0.091901
3.038000,0.091891,0.091894
3.039000,0.091891,0.091888
3.040000,0.091888,0.091885
3.041000,0.091885,0.091885
3.042000,0.091888,0.091879
3.043000,0.091885,0.091882
3.044000,0.091882,0.091875
3.045000,0.091885,0.091879
3.046000,0.091885,0.091875
3.047000,0.091885,0.091882
3.048000,0.091882,0.091885
3.049000,0.091885,0.091882
3.050000,0.091885,0.091879
3.051000,0.091885,0.091875
3.052000,0.091885,0.091882
3.053000,0.091888,0.091882
3.054000,0.091885,0.091879
3.055000,0.091882,0.091882
3.056000,0.091888,0.091882
3.057000,0.091882,0.091879
3.058000,0.091882,0.091882
3.059000,0.091885,0.091879
3.060000,0.091885,0.091882
3.061000,0.091885,0.091875
3.062000,0.091882,0.091885
3.063000,0.091885,0.091875
3.064000,0.091885,0.091875
3.065000,0.091654,0.091645
3.066000,0.091461,0.091458
3.067000,0.091353,0.091357
3.068000,0.091284,0.091281
3.069000,0.091236,0.091236
3.070000,0.091205,0.091198
3.071000,0.091179,0.091176
3.072000,0.091161,0.091161
3.073000,0.091145,0.091145
3.074000,0.091142,0.091132
3.075000,0.091129,0.091129
3.076000,0.091126,0.091123
3.077000,0.091119,0.091119
3.078000,0.091119,0.091116
3.079000,0.091116,0.091113
3.080000,0.091116,0.091113
3.081000,0.091113,0.091110
3.082000,0.091110,0.091110
3.083000,0.091110,0.091107
3.084000,0.091113,0.091110
3.085000,0.091113,0.091113
3.086000,0.091113,0.091113
3.087000,0.091119,0.091113
3.088000,0.091113,0.091110
3.089000,0.091110,0.091110
3.090000,0.091110,0.091107
3.091000,0.091113,0.091110
3.092000,0.091116,0.091110
3.093000,0.091113,0.091110
3.094000,0.091113,0.091113
3.095000,0.091113,0.091107
3.096000,0.091113,0.091110
3.097000,0.091113,0.091107
3.098000,0.091113,0.091110
3.099000,0.091119,0.091110
3.100000,0.091110,0.091113
3.101000,0.091116,0.091107
3.102000,0.091110,0.091110
3.103000,0.091110,0.091107
3.104000,0.091110,0.091110
3.105000,0.091113,0.091107
3.106000,0.091110,0.091110
3.107000,0.091113,0.091110
3.108000,0.091113,0.091110
3.109000,0.091113,0.091110
3.110000,0.091110,0.091107
3.111000,0.091110,0.091107
3.112000,0.091110,0.091107
3.113000,0.091113,0.091110
3.114000,0.091107,0.091107
3.115000,0.091344,0.091341
3.116000,0.091531,0.091527
3.117000,0.091635,0.091635
3.118000,0.091708,0.091708
3.119000,0.091765,0.091762
3.120000,0.091793,0.091793
3.121000,0.091819,0.091819
3.122000,0.091834,0.091831
3.123000,0.091850,0.091844
3.124000,0.091863,0.091853
3.125000,0.091945,0.091939
3.126000,0.092002,0.091993
3.127000,0.092030,0.092027
3.128000,0.092053,0.092049
3.129000,0.092068,0.092065
3.130000,0.092078,0.092078
3.131000,0.092091,0.092081
3.132000,0.092097,0.092087
3.133000,0.092103,0.092097
3.134000,0.092103,0.092097
3.135000,0.092100,0.092103
3.136000,0.092110,0.092103
3.137000,0.092106,0.092106
3.138000,0.092113,0.092103
3.139000,0.092113,0.092113
3.140000,0.092110,0.092113
3.141000,0.092113,0.092110
3.142000,0.092119,0.092116
3.143000,0.092116,0.092110
3.144000,0.092119,0.092116
3.145000,0.092116,0.092116
3.146000,0.092122,0.092110
3.147000,0.092119,0.092113
3.148000,0.092122,0.092113
3.149000,0.092119,0.092113
3.150000,0.092122,0.092116
3.151000,0.092119,0.092113
3.152000,0.092122,0.092113
3.153000,0.092122,0.092116
3.154000,0.092119,0.092119
3.155000,0.092119,0.092116
3.156000,0.092122,0.092113
3.157000,0.092119,0.092119
3.158000,0.092119,0.092119
3.159000,0.092125,0.092116
3.160000,0.092119,0.092119
3.161000,0.092125,0.092113
3.162000,0.092122,0.092122
3.163000,0.092119,0.092116
3.164000,0.092119,0.092122
3.165000,0.091891,0.091882
3.166000,0.091701,0.091698
3.167000,0.091518,0.091512
3.168000,0.091395,0.091391
3.169000,0.091319,0.091316
3.170000,0.091265,0.091262
3.171000,0.091227,0.091227
3.172000,0.091205,0.091202
3.173000,0.091179,0.091176
3.174000,0.091167,0.091164
3.175000,0.091157,0.091154
3.176000,0.091145,0.091142
3.177000,0.091142,0.091138
3.178000,0.091135,0.091135
3.179000,0.091135,0.091132
3.180000,0.091132,0.091129
3.181000,0.091132,0.091126
3.182000,0.091126,0.091123
3.183000,0.091129,0.091119
3.184000,0.091126,0.091119
3.185000,0.091123,0.091119
3.186000,0.091123,0.091123
3.187000,0.091123,0.091119
3.188000,0.091126,0.091113
3.189000,0.091123,0.091116
3.190000,0.091123,0.091116
3.191000,0.091119,0.091119
3.192000,0.091123,0.091116
3.193000,0.091123,0.091119
3.194000,0.091123,0.091119
3.195000,0.091119,0.091116
3.196000,0.091123,0.091113
3.197000,0.091119,0.091113
3.198000,0.091119,0.091116
3.199000,0.091116,0.091119
3.200000,0.091116,0.091113
3.201000,0.091113,0.091113
3.202000,0.091116,0.091116
3.203000,0.091116,0.091113
3.204000,0.091116,0.091113
3.205000,0.091113,0.091113
3.206000,0.091119,0.091110
3.207000,0.091116,0.091116
3.208000,0.091116,0.091113
3.209000,0.091186,0.091189
3.210000,0.091167,0.091164
3.211000,0.091142,0.091142
3.212000,0.091135,0.091132
3.213000,0.091129,0.091123
3.214000,0.091123,0.091126
3.215000,0.091357,0.091353
3.216000,0.091543,0.091543
3.217000,0.091651,0.091645
3.218000,0.091714,0.091711
3.219000,0.091765,0.091758
3.220000,0.091793,0.091796
3.221000,0.091825,0.091815
3.222000,0.091844,0.091841
3.223000,0.091853,0.091850
3.224000,0.091866,0.091853
3.225000,0.091872,0.091863
3.226000,0.091872,0.091869
3.227000,0.091879,0.091872
3.228000,0.091879,0.091879
3.229000,0.091882,0.091882
3.230000,0.091882,0.091885
3.231000,0.091885,0.091885
3.232000,0.091888,0.091882
3.233000,0.091888,0.091882
3.234000,0.091894,0.091885
3.235000,0.091891,0.091888
3.236000,0.091894,0.091888
3.237000,0.091894,0.091891
3.238000,0.091891,0.091888
3.239000,0.091891,0.091888
3.240000,0.091888,0.091882
3.241000,0.091891,0.091891
3.242000,0.091888,0.091888
3.243000,0.091894,0.091885
3.244000,0.091894,0.091888
3.245000,0.091898,0.091888
3.246000,0.091898,0.091888
3.247000,0.091894,0.091888
3.248000,0.091898,0.091891
3.249000,0.091894,0.091891
3.250000,0.091898,0.091891
3.251000,0.091894,0.091894
3.252000,0.091898,0.091888
3.253000,0.091901,0.091898
3.254000,0.091898,0.091894
3.255000,0.091901,0.091894
3.256000,0.091894,0.091888
3.257000,0.091894,0.091894
3.258000,0.091898,0.091898
3.259000,0.091901,0.091898
3.260000,0.091898,0.091894
3.261000,0.091898,0.091891
3.262000,0.091898,0.091894
3.263000,0.091894,0.091891
3.264000,0.091894,0.091894
3.265000,0.091667,0.091660
3.266000,0.091474,0.091471
3.267000,0.091366,0.091363
3.268000,0.091300,0.091290
3.269000,0.091252,0.091246
3.270000,0.091217,0.091214
3.271000,0.091192,0.091192
3.272000,0.091173,0.091173
3.273000,0.091161,0.091154
3.274000,0.091151,0.091145
3.275000,0.091145,0.091142
3.276000,0.091135,0.091135
3.277000,0.091135,0.091129
3.278000,0.091129,0.091132
3.279000,0.091129,0.091129
3.280000,0.091132,0.091126
3.281000,0.091126,0.091119
3.282000,0.091123,0.091123
3.283000,0.091123,0.091116
3.284000,0.091123,0.091116
3.285000,0.091123,0.091119
3.286000,0.091123,0.091116
3.287000,0.091123,0.091116
3.288000,0.091123,0.091116
3.289000,0.091123,0.091116
3.290000,0.091123,0.091116
3.291000,0.091119,0.091116
3.292000,0.091161,0.091157
3.293000,0.091142,0.091132
3.294000,0.091129,0.091129
3.295000,0.091119,0.091123
3.296000,0.091116,0.091116
3.297000,0.091116,0.091113
3.298000,0.091113,0.091113
3.299000,0.091107,0.091113
3.300000,0.091113,0.091110
3.301000,0.091110,0.091110
3.302000,0.091113,0.091110
3.303000,0.091116,0.091107
3.304000,0.091110,0.091107
3.305000,0.091107,0.091104
3.306000,0.091113,0.091107
3.307000,0.091110,0.091107
3.308000,0.091113,0.091104
3.309000,0.091110,0.091107
3.310000,0.091107,0.091104
3.311000,0.091107,0.091107
3.312000,0.091119,0.091116
3.313000,0.091110,0.091110
3.314000,0.091110,0.091110
3.315000,0.091344,0.091338
3.316000,0.091534,0.091527
3.317000,0.091632,0.091632
3.318000,0.091708,0.091698
3.319000,0.091752,0.091752
3.320000,0.091787,0.091787
3.321000,0.091815,0.091809
3.322000,0.091831,0.091825
3.323000,0.091841,0.091841
3.324000,0.091856,0.091853
3.325000,0.091863,0.091860
3.326000,0.091872,0.091866
3.327000,0.091869,0.091869
3.328000,0.091879,0.091866
3.329000,0.091875,0.091872
3.330000,0.091875,0.091872
3.331000,0.091879,0.091872
3.332000,0.091879,0.091875
3.333000,0.091885,0.091875
3.334000,0.091882,0.091882
3.335000,0.091882,0.091888
3.336000,0.091882,0.091882
3.337000,0.091885,0.091882
3.338000,0.091888,0.091882
3.339000,0.091885,0.091879
3.340000,0.091885,0.091879
3.341000,0.091882,0.091882
3.342000,0.091891,0.091882
3.343000,0.091891,0.091888
3.344000,0.091888,0.091888
3.345000,0.091888,0.091888
3.346000,0.091894,0.091888
3.347000,0.091894,0.091891
3.348000,0.091894,0.091891
3.349000,0.091888,0.091888
3.350000,0.091898,0.091891
3.351000,0.091894,0.091894
3.352000,0.091898,0.091894
3.353000,0.091898,0.091891
3.354000,0.091894,0.091891
3.355000,0.091894,0.091894
3.356000,0.091898,0.091894
3.357000,0.091894,0.091898
3.358000,0.091898,0.091894
3.359000,0.091898,0.091894
3.360000,0.091898,0.091894
3.361000,0.091901,0.091894
3.362000,0.091894,0.091894
3.363000,0.091898,0.091894
3.364000,0.091894,0.091888
3.365000,0.091673,0.091657
3.366000,0.091480,0.091471
3.367000,0.091369,0.091363
3.368000,0.091300,0.091293
3.369000,0.091252,0.091246
3.370000,0.091211,0.091214
3.371000,0.091195,0.091189
3.372000,0.091179,0.091170
3.373000,0.091167,0.091161
3.374000,0.091154,0.091148
3.375000,0.091148,0.091138
3.376000,0.091138,0.091135
3.377000,0.091138,0.091132
3.378000,0.091132,0.091129
3.379000,0.091129,0.091129
3.380000,0.091129,0.091126
3.381000,0.091126,0.091123
3.382000,0.091202,0.091202
3.383000,0.091252,0.091249
3.384000,0.091284,0.091278
3.385000,0.091300,0.091293
3.386000,0.091316,0.091306
3.387000,0.091322,0.091316
3.388000,0.091325,0.091319
3.389000,0.091331,0.091328
3.390000,0.091335,0.091328
3.391000,0.091338,0.091331
3.392000,0.091341,0.091335
3.393000,0.091341,0.091335
3.394000,0.091338,0.091335
3.395000,0.091338,0.091338
3.396000,0.091341,0.091335
3.397000,0.091341,0.091338
3.398000,0.091341,0.091335
3.399000,0.091344,0.091338
3.400000,0.091344,0.091341
3.401000,0.091344,0.091344
3.402000,0.091341,0.091338
3.403000,0.091344,0.091331
3.404000,0.091341,0.091335
3.405000,0.091344,0.091338
3.406000,0.091341,0.091344
3.407000,0.091341,0.091341
3.408000,0.091347,0.091347
3.409000,0.091344,0.091338
3.410000,0.091344,0.091338
3.411000,0.091338,0.091347
3.412000,0.091344,0.091335
3.413000,0.091341,0.091338
3.414000,0.091344,0.091338
3.415000,0.091572,0.091572
3.416000,0.091758,0.091758
3.417000,0.091869,0.091869
3.418000,0.091939,0.091936
3.419000,0.091986,0.091980
3.420000,0.092021,0.092018
3.421000,0.092046,0.092043
3.422000,0.092065,0.092062
3.423000,0.092078,0.092078
3.424000,0.092015,0.092002
3.425000,0.091970,0.091964
3.426000,0.091948,0.091945
3.427000,0.091929,0.091926
3.428000,0.091923,0.091920
3.429000,0.091917,0.091907
3.430000,0.091910,0.091904
3.431000,0.091904,0.091894
3.432000,0.091898,0.091904
3.433000,0.091901,0.091898
3.434000,0.091898,0.091898
3.435000,0.091901,0.091894
3.436000,0.091894,0.091898
3.437000,0.091901,0.091891
3.438000,0.091894,0.091898
3.439000,0.091901,0.091891
3.440000,0.091898,0.091894
3.441000,0.091898,0.091894
3.442000,0.091898,0.091894
3.443000,0.091894,0.091901
3.444000,0.091898,0.091891
3.445000,0.091898,0.091891
3.446000,0.091898,0.091898
3.447000,0.091898,0.091894
3.448000,0.091901,0.091898
3.449000,0.091901,0.091898
3.450000,0.091894,0.091891
3.451000,0.091894,0.091898
3.452000,0.091901,0.091901
3.453000,0.091898,0.091894
3.454000,0.091901,0.091898
3.455000,0.091898,0.091898
3.456000,0.091901,0.091894
3.457000,0.091901,0.091901
3.458000,0.091898,0.091898
3.459000,0.091901,0.091894
3.460000,0.091894,0.091898
3.461000,0.091901,0.091898
3.462000,0.091904,0.091894
3.463000,0.091901,0.091898
3.464000,0.091904,0.091894
3.465000,0.091667,0.091664
3.466000,0.091556,0.091550
3.467000,0.091420,0.091417
3.468000,0.091328,0.091325
3.469000,0.091271,0.091268
3.470000,0.091233,0.091233
3.471000,0.091205,0.091202
3.472000,0.091186,0.091179
3.473000,0.091170,0.091164
3.474000,0.091161,0.091154
3.475000,0.091148,0.091145
3.476000,0.091142,0.091138
3.477000,0.091138,0.091135
3.478000,0.091132,0.091129
3.479000,0.091132,0.091126
3.480000,0.091129,0.091126
3.481000,0.091129,0.091129
3.482000,0.091129,0.091119
3.483000,0.091126,0.091119
3.484000,0.091126,0.091123
3.485000,0.091129,0.091123
3.486000,0.091126,0.091123
3.487000,0.091123,0.091123
3.488000,0.091123,0.091119
3.489000,0.091123,0.091119
3.490000,0.091119,0.091119
3.491000,0.091123,0.091116
3.492000,0.091126,0.091116
3.493000,0.091123,0.091116
3.494000,0.091119,0.091119
3.495000,0.091116,0.091116
3.496000,0.091119,0.091110
3.497000,0.091119,0.091119
3.498000,0.091119,0.091116
3.499000,0.091119,0.091113
4.000000,0.091119,0.091116
4.001000,0.091116,0.091116
4.002000,0.091119,0.091116
4.003000,0.091129,0.091126
4.004000,0.091126,0.091119
4.005000,0.091123,0.091113
4.006000,0.091123,0.091119
4.007000,0.091123,0.091116
4.008000,0.091119,0.091110
4.009000,0.091116,0.091113
4.010000,0.091116,0.091116
4.011000,0.091119,0.091113
4.012000,0.091113,0.091110
4.013000,0.091116,0.091110
4.014000,0.091116,0.091119
4.015000,0.091353,0.091344
4.016000,0.091540,0.091537
4.017000,0.091645,0.091638
4.018000,0.091717,0.091711
4.019000,0.091762,0.091758
4.020000,0.091800,0.091800
4.021000,0.091819,0.091822
4.022000,0.091844,0.091841
4.023000,0.091856,0.091847
4.024000,0.091866,0.091863
4.025000,0.091872,0.091869
4.026000,0.091882,0.091872
4.027000,0.091882,0.091882
4.028000,0.091885,0.091882
4.029000,0.091888,0.091882
4.030000,0.091888,0.091885
4.031000,0.091894,0.091888
4.032000,0.091891,0.091885
4.033000,0.091894,0.091885
4.034000,0.091898,0.091885
4.035000,0.091898,0.091888
4.036000,0.091888,0.091891
4.037000,0.091891,0.091888
4.038000,0.091898,0.091891
4.039000,0.091894,0.091891
4.040000,0.091891,0.091891
4.041000,0.091898,0.091888
4.042000,0.091894,0.091894
4.043000,0.091898,0.091888
4.044000,0.091898,0.091888
4.045000,0.091901,0.091891
4.046000,0.091898,0.091891
4.047000,0.091898,0.091894
4.048000,0.091936,0.091932
4.049000,0.091920,0.091913
4.050000,0.091904,0.091904
4.051000,0.091901,0.091894
4.052000,0.091901,0.091894
4.053000,0.091898,0.091888
4.054000,0.091894,0.091888
4.055000,0.091891,0.091891
4.056000,0.091894,0.091888
4.057000,0.091894,0.091891
4.058000,0.091894,0.091888
4.059000,0.091891,0.091888
4.060000,0.091894,0.091885
4.061000,0.091894,0.091891
4.062000,0.091891,0.091888
4.063000,0.091894,0.091888
4.064000,0.091894,0.091888
4.065000,0.091664,0.091654
4.066000,0.091467,0.091461
4.067000,0.091363,0.091360
4.068000,0.091293,0.091293
4.069000,0.091246,0.091243
4.070000,0.091211,0.091211
4.071000,0.091183,0.091183
4.072000,0.091170,0.091164
4.073000,0.091157,0.091148
4.074000,0.091148,0.091145
4.075000,0.091138,0.091135
4.076000,0.091132,0.091129
4.077000,0.091129,0.091129
4.078000,0.091129,0.091126
4.079000,0.091123,0.091123
4.080000,0.091123,0.091116
4.081000,0.091123,0.091116
4.082000,0.091119,0.091116
4.083000,0.091119,0.091113
4.084000,0.091116,0.091116
4.085000,0.091116,0.091113
4.086000,0.091116,0.091116
4.087000,0.091119,0.091116
4.088000,0.091113,0.091110
4.089000,0.091113,0.091110
4.090000,0.091116,0.091113
4.091000,0.091113,0.091107
4.092000,0.091119,0.091110
4.093000,0.091116,0.091113
4.094000,0.091113,0.091110
4.095000,0.091113,0.091110
4.096000,0.091113,0.091110
4.097000,0.091113,0.091110
4.098000,0.091123,0.091116
4.099000,0.091119,0.091116
4.100000,0.091123,0.091116
4.101000,0.091116,0.091110
4.102000,0.091119,0.091113
4.103000,0.091116,0.091116
4.104000,0.091116,0.091116
4.105000,0.091116,0.091116
4.106000,0.091119,0.091116
4.107000,0.091116,0.091113
4.108000,0.091116,0.091116
4.109000,0.091119,0.091110
4.110000,0.091123,0.091116
4.111000,0.091119,0.091113
4.112000,0.091119,0.091110
4.113000,0.091116,0.091113
4.114000,0.091119,0.091113
4.115000,0.091350,0.091347
4.116000,0.091537,0.091534
4.117000,0.091645,0.091641
4.118000,0.091717,0.091711
4.119000,0.091762,0.091758
4.120000,0.091793,0.091793
4.121000,0.091822,0.091815
4.122000,0.091844,0.091838
4.123000,0.091856,0.091847
4.124000,0.091863,0.091856
4.125000,0.091872,0.091866
4.126000,0.091872,0.091872
4.127000,0.091879,0.091875
4.128000,0.091885,0.091879
4.129000,0.091888,0.091882
4.130000,0.091885,0.091888
4.131000,0.091888,0.091885
4.132000,0.091891,0.091888
4.133000,0.091888,0.091888
4.134000,0.091894,0.091885
4.135000,0.091891,0.091888
4.136000,0.091894,0.091891
4.137000,0.091891,0.091888
4.138000,0.091894,0.091894
4.139000,0.091891,0.091888
4.140000,0.091967,0.091970
4.141000,0.092021,0.092015
4.142000,0.092046,0.092046
4.143000,0.092072,0.092065
4.144000,0.092087,0.092081
4.145000,0.092094,0.092091
4.146000,0.092103,0.092097
4.147000,0.092110,0.092106
4.148000,0.092113,0.092110
4.149000,0.092116,0.092110
4.150000,0.092116,0.092113
4.151000,0.092119,0.092116
4.152000,0.092119,0.092116
4.153000,0.092119,0.092116
4.154000,0.092122,0.092116
4.155000,0.092119,0.092122
4.156000,0.092122,0.092116
4.157000,0.092122,0.092122
4.158000,0.092125,0.092119
4.159000,0.092125,0.092119
4.160000,0.092129,0.092119
4.161000,0.092125,0.092122
4.162000,0.092125,0.092116
4.163000,0.092122,0.092119
4.164000,0.092125,0.092122
4.165000,0.091894,0.091894
4.166000,0.091705,0.091698
4.167000,0.091594,0.091597
4.168000,0.091531,0.091521
4.169000,0.091477,0.091477
4.170000,0.091445,0.091445
4.171000,0.091423,0.091417
4.172000,0.091401,0.091401
4.173000,0.091391,0.091385
4.174000,0.091382,0.091379
4.175000,0.091369,0.091372
4.176000,0.091363,0.091363
4.177000,0.091357,0.091360
4.178000,0.091360,0.091357
4.179000,0.091357,0.091357
4.180000,0.091357,0.091353
4.181000,0.091357,0.091350
4.182000,0.091278,0.091271
4.183000,0.091227,0.091221
4.184000,0.091192,0.091198
4.185000,0.091179,0.091173
4.186000,0.091161,0.091157
4.187000,0.091157,0.091145
4.188000,0.091142,0.091142
4.189000,0.091142,0.091135
4.190000,0.091135,0.091135
4.191000,0.091135,0.091132
4.192000,0.091129,0.091123
4.193000,0.091135,0.091132
4.194000,0.091129,0.091129
4.195000,0.091129,0.091126
4.196000,0.091129,0.091123
4.197000,0.091123,0.091126
4.198000,0.091123,0.091126
4.199000,0.091119,0.091123
4.200000,0.091123,0.091119
4.201000,0.091126,0.091119
4.202000,0.091123,0.091116
4.203000,0.091123,0.091116
4.204000,0.091119,0.091119
4.205000,0.091119,0.091116
4.206000,0.091123,0.091116
4.207000,0.091123,0.091113
4.208000,0.091119,0.091116
4.209000,0.091119,0.091116
4.210000,0.091116,0.091123
4.211000,0.091119,0.091116
4.212000,0.091116,0.091116
4.213000,0.091123,0.091113
4.214000,0.091119,0.091113
4.215000,0.091347,0.091350
4.216000,0.091543,0.091537
4.217000,0.091641,0.091641
4.218000,0.091714,0.091714
4.219000,0.091762,0.091768
4.220000,0.091803,0.091793
4.221000,0.091831,0.091819
4.222000,0.091841,0.091838
4.223000,0.091856,0.091856
4.224000,0.091942,0.091942
4.225000,0.091926,0.091917
4.226000,0.091910,0.091904
4.227000,0.091901,0.091894
4.228000,0.091898,0.091898
4.229000,0.091898,0.091891
4.230000,0.091894,0.091894
4.231000,0.091901,0.091891
4.232000,0.091894,0.091898
4.233000,0.091898,0.091891
4.234000,0.091898,0.091888
4.235000,0.091894,0.091894
4.236000,0.091898,0.091894
4.237000,0.091901,0.091894
4.238000,0.091898,0.091894
4.239000,0.091894,0.091891
4.240000,0.091894,0.091891
4.241000,0.091898,0.091894
4.242000,0.091901,0.091894
4.243000,0.091901,0.091898
4.244000,0.091901,0.091894
4.245000,0.091904,0.091898
4.246000,0.091901,0.091901
4.247000,0.091901,0.091894
4.248000,0.091901,0.091891
4.249000,0.091901,0.091894
4.250000,0.091901,0.091898
4.251000,0.091901,0.091894
4.252000,0.091901,0.091901
4.253000,0.091904,0.091898
4.254000,0.091904,0.091894
4.255000,0.091904,0.091894
4.256000,0.091894,0.091894
4.257000,0.091901,0.091894
4.258000,0.091894,0.091894
4.259000,0.091901,0.091894
4.260000,0.091901,0.091901
4.261000,0.091901,0.091898
4.262000,0.091901,0.091898
4.263000,0.091901,0.091891
4.264000,0.091894,0.091894
4.265000,0.091676,0.091664
4.266000,0.091480,0.091471
4.267000,0.091369,0.091363
4.268000,0.091303,0.091293
4.269000,0.091255,0.091252
4.270000,0.091217,0.091217
4.271000,0.091198,0.091192
4.272000,0.091176,0.091173
4.273000,0.091164,0.091161
4.274000,0.091154,0.091154
4.275000,0.091145,0.091148
4.276000,0.091145,0.091142
4.277000,0.091138,0.091132
4.278000,0.091138,0.091132
4.279000,0.091135,0.091132
4.280000,0.091132,0.091129
4.281000,0.091132,0.091123
4.282000,0.091129,0.091126
4.283000,0.091126,0.091123
4.284000,0.091129,0.091119
4.285000,0.091123,0.091119
4.286000,0.091129,0.091123
4.287000,0.091119,0.091116
4.288000,0.091135,0.091132
4.289000,0.091129,0.091129
4.290000,0.091129,0.091123
4.291000,0.091123,0.091129
4.292000,0.091126,0.091119
4.293000,0.091126,0.091119
4.294000,0.091129,0.091116
4.295000,0.091123,0.091116
4.296000,0.091119,0.091116
4.297000,0.091123,0.091119
4.298000,0.091123,0.091119
4.299000,0.091119,0.091116
4.300000,0.091123,0.091116
4.301000,0.091123,0.091110
4.302000,0.091126,0.091116
4.303000,0.091116,0.091113
4.304000,0.091161,0.091157
4.305000,0.091138,0.091138
4.306000,0.091129,0.091123
4.307000,0.091129,0.091116
4.308000,0.091123,0.091119
4.309000,0.091119,0.091110
4.310000,0.091116,0.091113
4.311000,0.091113,0.091110
4.312000,0.091113,0.091107
4.313000,0.091116,0.091110
4.314000,0.091110,0.091110
4.315000,0.091341,0.091338
4.316000,0.091527,0.091527
4.317000,0.091638,0.091635
4.318000,0.091708,0.091705
4.319000,0.091758,0.091752
4.320000,0.091787,0.091784
4.321000,0.091819,0.091812
4.322000,0.091831,0.091828
4.323000,0.091844,0.091844
4.324000,0.091860,0.091856
4.325000,0.091866,0.091860
4.326000,0.091869,0.091866
4.327000,0.091869,0.091869
4.328000,0.091875,0.091875
4.329000,0.091885,0.091872
4.330000,0.091875,0.091875
4.331000,0.091885,0.091875
4.332000,0.091882,0.091875
4.333000,0.091885,0.091885
4.334000,0.091885,0.091882
4.335000,0.091888,0.091879
4.336000,0.091888,0.091882
4.337000,0.091888,0.091882
4.338000,0.091885,0.091882
4.339000,0.091885,0.091885
4.340000,0.091891,0.091888
4.341000,0.091891,0.091885
4.342000,0.091885,0.091888
4.343000,0.091891,0.091882
4.344000,0.091891,0.091885
4.345000,0.091885,0.091885
4.346000,0.091891,0.091885
4.347000,0.091891,0.091885
4.348000,0.091888,0.091885
4.349000,0.091891,0.091885
4.350000,0.091891,0.091885
4.351000,0.091891,0.091885
4.352000,0.091891,0.091888
4.353000,0.091891,0.091885
4.354000,0.091888,0.091891
4.355000,0.091891,0.091888
4.356000,0.091898,0.091891
4.357000,0.091898,0.091888
4.358000,0.091898,0.091894
4.359000,0.091898,0.091894
4.360000,0.091901,0.091894
4.361000,0.091901,0.091894
4.362000,0.091898,0.091894
4.363000,0.091894,0.091898
4.364000,0.091901,0.091891
4.365000,0.091670,0.091660
4.366000,0.091474,0.091467
4.367000,0.091369,0.091366
4.368000,0.091300,0.091297
4.369000,0.091252,0.091252
4.370000,0.091221,0.091214
4.371000,0.091189,0.091189
4.372000,0.091176,0.091173
4.373000,0.091161,0.091161
4.374000,0.091154,0.091148
4.375000,0.091145,0.091145
4.376000,0.091145,0.091135
4.377000,0.091142,0.091132
4.378000,0.091135,0.091129
4.379000,0.091132,0.091132
4.380000,0.091132,0.091126
4.381000,0.091129,0.091129
4.382000,0.091129,0.091123
4.383000,0.091142,0.091135
4.384000,0.091132,0.091129
4.385000,0.091132,0.091123
4.386000,0.091132,0.091126
4.387000,0.091123,0.091123
4.388000,0.091123,0.091119
4.389000,0.091129,0.091116
4.390000,0.091123,0.091116
4.391000,0.091123,0.091123
4.392000,0.091119,0.091119
4.393000,0.091123,0.091119
4.394000,0.091123,0.091119
4.395000,0.091116,0.091116
4.396000,0.091123,0.091116
4.397000,0.091195,0.091195
4.398000,0.091246,0.091240
4.399000,0.091274,0.091268
4.400000,0.091293,0.091293
4.401000,0.091309,0.091306
4.402000,0.091319,0.091316
4.403000,0.091322,0.091322
4.404000,0.091328,0.091331
4.405000,0.091335,0.091328
4.406000,0.091335,0.091331
4.407000,0.091341,0.091335
4.408000,0.091338,0.091338
4.409000,0.091344,0.091341
4.410000,0.091344,0.091338
4.411000,0.091344,0.091335
4.412000,0.091341,0.091338
4.413000,0.091344,0.091338
4.414000,0.091341,0.091344
4.415000,0.091572,0.091575
4.416000,0.091765,0.091758
4.417000,0.091872,0.091866
4.418000,0.091942,0.091939
4.419000,0.091989,0.091983
4.420000,0.092021,0.092021
4.421000,0.092049,0.092046
4.422000,0.092072,0.092065
4.423000,0.092081,0.092078
4.424000,0.092097,0.092087
4.425000,0.092097,0.092097
4.426000,0.092106,0.092100
4.427000,0.092110,0.092103
4.428000,0.092113,0.092103
4.429000,0.092116,0.092113
4.430000,0.092122,0.092113
4.431000,0.092119,0.092116
4.432000,0.092119,0.092116
4.433000,0.092116,0.092119
4.434000,0.092119,0.092122
4.435000,0.092122,0.092122
4.436000,0.092122,0.092119
4.437000,0.092122,0.092122
4.438000,0.092125,0.092122
4.439000,0.092049,0.092046
4.440000,0.092002,0.091993
4.441000,0.091964,0.091967
4.442000,0.091945,0.091945
4.443000,0.091936,0.091936
4.444000,0.091926,0.091929
4.445000,0.091923,0.091917
4.446000,0.091917,0.091920
4.447000,0.091913,0.091910
4.448000,0.091913,0.091901
4.449000,0.091907,0.091904
4.450000,0.091907,0.091904
4.451000,0.091907,0.091898
4.452000,0.091907,0.091904
4.453000,0.091901,0.091898
4.454000,0.091901,0.091901
4.455000,0.091904,0.091904
4.456000,0.091901,0.091904
4.457000,0.091904,0.091898
4.458000,0.091907,0.091901
4.459000,0.091910,0.091894
4.460000,0.091901,0.091894
4.461000,0.091907,0.091901
4.462000,0.091907,0.091898
4.463000,0.091907,0.091901
4.464000,0.091904,0.091901
4.465000,0.091676,0.091667
4.466000,0.091483,0.091477
4.467000,0.091369,0.091369
4.468000,0.091300,0.091303
4.469000,0.091255,0.091249
4.470000,0.091224,0.091217
4.471000,0.091198,0.091198
4.472000,0.091179,0.091176
4.473000,0.091167,0.091161
4.474000,0.091157,0.091154
4.475000,0.091148,0.091148
4.476000,0.091145,0.091142
4.477000,0.091142,0.091135
4.478000,0.091142,0.091142
4.479000,0.091142,0.091138
4.480000,0.091138,0.091135
4.481000,0.091211,0.091211
4.482000,0.091179,0.091183
4.483000,0.091161,0.091157
4.484000,0.091151,0.091142
4.485000,0.091142,0.091138
4.486000,0.091138,0.091135
4.487000,0.091135,0.091129
4.488000,0.091132,0.091132
4.489000,0.091129,0.091126
4.490000,0.091129,0.091132
4.491000,0.091129,0.091123
4.492000,0.091126,0.091123
4.493000,0.091123,0.091123
4.494000,0.091126,0.091119
4.495000,0.091126,0.091123
4.496000,0.091126,0.091119
4.497000,0.091123,0.091126
4.498000,0.091126,0.091123
4.499000,0.091126,0.091123
5.000000,0.091123,0.091119
5.001000,0.091126,0.091119
5.002000,0.091126,0.091119
5.003000,0.091123,0.091119
5.004000,0.091126,0.091116
5.005000,0.091126,0.091123
5.006000,0.091126,0.091123
5.007000,0.091119,0.091123
5.008000,0.091123,0.091116
5.009000,0.091123,0.091119
5.010000,0.091126,0.091116
5.011000,0.091123,0.091123
5.012000,0.091123,0.091119
5.013000,0.091116,0.091116
5.014000,0.091123,0.091116
5.015000,0.091350,0.091353
5.016000,0.091540,0.091540
5.017000,0.091648,0.091645
5.018000,0.091717,0.091717
5.019000,0.091768,0.091762
5.020000,0.091800,0.091796
5.021000,0.091825,0.091825
5.022000,0.091844,0.091838
5.023000,0.091860,0.091850
5.024000,0.091863,0.091863
5.025000,0.091872,0.091872
5.026000,0.091882,0.091875
5.027000,0.091882,0.091879
5.028000,0.091882,0.091882
5.029000,0.091888,0.091885
5.030000,0.091888,0.091888
5.031000,0.091894,0.091888
5.032000,0.091894,0.091888
5.033000,0.091894,0.091891
5.034000,0.091894,0.091894
5.035000,0.091898,0.091894
5.036000,0.091891,0.091891
5.037000,0.091901,0.091891
5.038000,0.091894,0.091891
5.039000,0.091901,0.091891
5.040000,0.091894,0.091891
5.041000,0.091898,0.091894
5.042000,0.091901,0.091894
5.043000,0.091901,0.091894
5.044000,0.091894,0.091894
5.045000,0.091904,0.091891
5.046000,0.091901,0.091894
5.047000,0.091894,0.091894
5.048000,0.091898,0.091894
5.049000,0.091901,0.091894
5.050000,0.091901,0.091894
5.051000,0.091901,0.091898
5.052000,0.091898,0.091894
5.053000,0.091901,0.091894
5.054000,0.091904,0.091894
5.055000,0.091901,0.091894
5.056000,0.091901,0.091894
5.057000,0.091898,0.091894
5.058000,0.091901,0.091894
5.059000,0.091901,0.091894
5.060000,0.091939,0.091939
5.061000,0.091920,0.091917
5.062000,0.091913,0.091907
5.063000,0.091907,0.091898
5.064000,0.091898,0.091894
5.065000,0.091670,0.091664
5.066000,0.091480,0.091467
5.067000,0.091366,0.091363
5.068000,0.091293,0.091290
5.069000,0.091246,0.091246
5.070000,0.091217,0.091208
5.071000,0.091192,0.091186
5.072000,0.091170,0.091167
5.073000,0.091157,0.091154
5.074000,0.091154,0.091151
5.075000,0.091148,0.091142
5.076000,0.091135,0.091135
5.077000,0.091129,0.091129
5.078000,0.091129,0.091126
5.079000,0.091126,0.091123
5.080000,0.091129,0.091123
5.081000,0.091123,0.091119
5.082000,0.091123,0.091119
5.083000,0.091119,0.091119
5.084000,0.091119,0.091113
5.085000,0.091116,0.091116
5.086000,0.091119,0.091116
5.087000,0.091123,0.091113
5.088000,0.091116,0.091110
5.089000,0.091119,0.091116
5.090000,0.091116,0.091116
5.091000,0.091113,0.091116
5.092000,0.091116,0.091116
5.093000,0.091116,0.091107
5.094000,0.091113,0.091110
5.095000,0.091113,0.091113
5.096000,0.091113,0.091104
5.097000,0.091110,0.091107
5.098000,0.091116,0.091110
5.099000,0.091110,0.091110
5.100000,0.091116,0.091110
5.101000,0.091116,0.091110
5.102000,0.091113,0.091113
5.103000,0.091110,0.091104
5.104000,0.091113,0.091110
5.105000,0.091113,0.091104
5.106000,0.091113,0.091110
5.107000,0.091110,0.091107
5.108000,0.091110,0.091104
5.109000,0.091113,0.091110
5.110000,0.091110,0.091107
5.111000,0.091107,0.091110
5.112000,0.091116,0.091116
5.113000,0.091116,0.091110
5.114000,0.091113,0.091119
5.115000,0.091347,0.091344
5.116000,0.091534,0.091534
5.117000,0.091645,0.091638
5.118000,0.091717,0.091714
5.119000,0.091765,0.091762
5.120000,0.091800,0.091793
5.121000,0.091825,0.091819
5.122000,0.091847,0.091841
5.123000,0.091856,0.091850
5.124000,0.091863,0.091860
5.125000,0.091872,0.091869
5.126000,0.091879,0.091875
5.127000,0.091879,0.091879
5.128000,0.091882,0.091885
5.129000,0.091885,0.091879
5.130000,0.091891,0.091885
5.131000,0.091891,0.091882
5.132000,0.091894,0.091888
5.133000,0.091898,0.091888
5.134000,0.091888,0.091891
5.135000,0.091901,0.091888
5.136000,0.091894,0.091888
5.137000,0.091898,0.091894
5.138000,0.091894,0.091894
5.139000,0.091894,0.091894
5.140000,0.091898,0.091888
5.141000,0.091898,0.091894
5.142000,0.091894,0.091891
5.143000,0.091894,0.091894
5.144000,0.091894,0.091894
5.145000,0.091894,0.091894
5.146000,0.091898,0.091894
5.147000,0.091901,0.091888
5.148000,0.091898,0.091894
5.149000,0.091901,0.091891
5.150000,0.091904,0.091894
5.151000,0.091898,0.091898
5.152000,0.091974,0.091970
5.153000,0.092024,0.092021
5.154000,0.092053,0.092053
5.155000,0.092072,0.092072
5.156000,0.092091,0.092087
5.157000,0.092097,0.092097
5.158000,0.092103,0.092100
5.159000,0.092113,0.092103
5.160000,0.092116,0.092113
5.161000,0.092116,0.092116
5.162000,0.092119,0.092116
5.163000,0.092119,0.092119
5.164000,0.092119,0.092119
5.165000,0.091891,0.091885
5.166000,0.091705,0.091698
5.167000,0.091597,0.091594
5.168000,0.091527,0.091527
5.169000,0.091486,0.091480
5.170000,0.091445,0.091445
5.171000,0.091426,0.091417
5.172000,0.091404,0.091407
5.173000,0.091388,0.091385
5.174000,0.091382,0.091379
5.175000,0.091376,0.091372
5.176000,0.091366,0.091369
5.177000,0.091363,0.091360
5.178000,0.091363,0.091360
5.179000,0.091360,0.091357
5.180000,0.091360,0.091357
5.181000,0.091360,0.091350
5.182000,0.091357,0.091353
5.183000,0.091350,0.091353
5.184000,0.091357,0.091350
5.185000,0.091353,0.091344
5.186000,0.091350,0.091350
5.187000,0.091350,0.091350
5.188000,0.091353,0.091344
5.189000,0.091353,0.091347
5.190000,0.091350,0.091347
5.191000,0.091350,0.091344
5.192000,0.091350,0.091344
5.193000,0.091347,0.091344
5.194000,0.091268,0.091268
5.195000,0.091224,0.091217
5.196000,0.091189,0.091189
5.197000,0.091173,0.091170
5.198000,0.091161,0.091157
5.199000,0.091154,0.091142
5.200000,0.091145,0.091138
5.201000,0.091135,0.091135
5.202000,0.091135,0.091129
5.203000,0.091132,0.091126
5.204000,0.091129,0.091129
5.205000,0.091129,0.091123
5.206000,0.091126,0.091123
5.207000,0.091129,0.091126
5.208000,0.091123,0.091119
5.209000,0.091123,0.091119
5.210000,0.091123,0.091119
5.211000,0.091126,0.091123
5.212000,0.091119,0.091116
5.213000,0.091119,0.091116
5.214000,0.091123,0.091116
5.215000,0.091350,0.091350
5.216000,0.091540,0.091534
5.217000,0.091648,0.091641
5.218000,0.091724,0.091717
5.219000,0.091765,0.091768
5.220000,0.091800,0.091796
5.221000,0.091825,0.091822
5.222000,0.091847,0.091834
5.223000,0.091856,0.091853
5.224000,0.091866,0.091869
5.225000,0.091869,0.091869
5.226000,0.091882,0.091875
5.227000,0.091882,0.091882
5.228000,0.091891,0.091882
5.229000,0.091891,0.091885
5.230000,0.091894,0.091888
5.231000,0.091894,0.091888
5.232000,0.091891,0.091894
5.233000,0.091898,0.091894
5.234000,0.091894,0.091891
5.235000,0.091901,0.091888
5.236000,0.091977,0.091970
5.237000,0.091948,0.091945
5.238000,0.091923,0.091926
5.239000,0.091920,0.091913
5.240000,0.091907,0.091910
5.241000,0.091913,0.091904
5.242000,0.091904,0.091901
5.243000,0.091907,0.091901
5.244000,0.091904,0.091901
5.245000,0.091901,0.091898
5.246000,0.091904,0.091894
5.247000,0.091901,0.091891
5.248000,0.091901,0.091891
5.249000,0.091901,0.091894
5.250000,0.091898,0.091901
5.251000,0.091904,0.091894
5.252000,0.091901,0.091894
5.253000,0.091904,0.091898
5.254000,0.091901,0.091901
5.255000,0.091898,0.091898
5.256000,0.091898,0.091898
5.257000,0.091901,0.091894
5.258000,0.091907,0.091901
5.259000,0.091901,0.091898
5.260000,0.091901,0.091898
5.261000,0.091907,0.091894
5.262000,0.091901,0.091898
5.263000,0.091904,0.091901
5.264000,0.091904,0.091894
5.265000,0.091679,0.091676
5.266000,0.091483,0.091477
5.267000,0.091369,0.091369
5.268000,0.091303,0.091303
5.269000,0.091262,0.091255
5.270000,0.091221,0.091217
5.271000,0.091198,0.091198
5.272000,0.091179,0.091176
5.273000,0.091167,0.091167
5.274000,0.091157,0.091157
5.275000,0.091154,0.091145
5.276000,0.091148,0.091142
5.277000,0.091138,0.091135
5.278000,0.091138,0.091129
5.279000,0.091135,0.091132
5.280000,0.091135,0.091129
5.281000,0.091129,0.091129
5.282000,0.091129,0.091126
5.283000,0.091129,0.091126
5.284000,0.091129,0.091123
5.285000,0.091129,0.091126
5.286000,0.091126,0.091123
5.287000,0.091126,0.091126
5.288000,0.091126,0.091123
5.289000,0.091123,0.091119
5.290000,0.091123,0.091123
5.291000,0.091126,0.091123
5.292000,0.091123,0.091119
5.293000,0.091123,0.091119
5.294000,0.091126,0.091123
5.295000,0.091123,0.091123
5.296000,0.091123,0.091119
5.297000,0.091119,0.091116
5.298000,0.091123,0.091116
5.299000,0.091123,0.091116
5.300000,0.091123,0.091126
5.301000,0.091123,0.091119
5.302000,0.091123,0.091123
5.303000,0.091116,0.091116
5.304000,0.091119,0.091116
5.305000,0.091119,0.091116
5.306000,0.091119,0.091119
5.307000,0.091116,0.091116
5.308000,0.091119,0.091116
5.309000,0.091126,0.091116
5.310000,0.091119,0.091110
5.311000,0.091123,0.091116
5.312000,0.091116,0.091119
5.313000,0.091116,0.091113
5.314000,0.091116,0.091116
5.315000,0.091344,0.091350
5.316000,0.091578,0.091578
5.317000,0.091667,0.091660
5.318000,0.091727,0.091724
5.319000,0.091774,0.091768
5.320000,0.091796,0.091793
5.321000,0.091825,0.091822
5.322000,0.091838,0.091838
5.323000,0.091856,0.091850
5.324000,0.091863,0.091856
5.325000,0.091866,0.091863
5.326000,0.091869,0.091869
5.327000,0.091879,0.091875
5.328000,0.091879,0.091875
5.329000,0.091879,0.091879
5.330000,0.091882,0.091882
5.331000,0.091885,0.091879
5.332000,0.091885,0.091882
5.333000,0.091888,0.091888
5.334000,0.091885,0.091882
5.335000,0.091888,0.091885
5.336000,0.091888,0.091885
5.337000,0.091891,0.091885
5.338000,0.091888,0.091885
5.339000,0.091888,0.091882
5.340000,0.091891,0.091894
5.341000,0.091891,0.091885
5.342000,0.091891,0.091888
5.343000,0.091885,0.091888
5.344000,0.091891,0.091891
5.345000,0.091888,0.091885
5.346000,0.091888,0.091888
5.347000,0.091894,0.091891
5.348000,0.091894,0.091891
5.349000,0.091894,0.091888
5.350000,0.091888,0.091888
5.351000,0.091891,0.091888
5.352000,0.091898,0.091885
5.353000,0.091891,0.091891
5.354000,0.091891,0.091888
5.355000,0.091894,0.091888
5.356000,0.091888,0.091888
5.357000,0.091894,0.091888
5.358000,0.091894,0.091888
5.359000,0.091894,0.091888
5.360000,0.091891,0.091891
5.361000,0.091894,0.091888
5.362000,0.091901,0.091898
5.363000,0.091901,0.091898
5.364000,0.091894,0.091894
5.365000,0.091667,0.091657
5.366000,0.091474,0.091467
5.367000,0.091360,0.091360
5.368000,0.091293,0.091290
5.369000,0.091249,0.091249
5.370000,0.091224,0.091211
5.371000,0.091192,0.091192
5.372000,0.091179,0.091173
5.373000,0.091161,0.091161
5.374000,0.091154,0.091154
5.375000,0.091148,0.091142
5.376000,0.091142,0.091135
5.377000,0.091135,0.091138
5.378000,0.091135,0.091129
5.379000,0.091132,0.091129
5.380000,0.091132,0.091129
5.381000,0.091132,0.091126
5.382000,0.091129,0.091129
5.383000,0.091129,0.091129
5.384000,0.091129,0.091119
5.385000,0.091126,0.091126
5.386000,0.091123,0.091126
5.387000,0.091123,0.091119
5.388000,0.091129,0.091123
5.389000,0.091129,0.091123
5.390000,0.091123,0.091123
5.391000,0.091126,0.091123
5.392000,0.091123,0.091119
5.393000,0.091123,0.091123
5.394000,0.091126,0.091123
5.395000,0.091116,0.091116
5.396000,0.091123,0.091119
5.397000,0.091123,0.091116
5.398000,0.091119,0.091119
5.399000,0.091119,0.091123
5.400000,0.091123,0.091119
5.401000,0.091123,0.091116
5.402000,0.091123,0.091119
5.403000,0.091119,0.091116
5.404000,0.091119,0.091113
5.405000,0.091123,0.091116
5.406000,0.091119,0.091116
5.407000,0.091119,0.091113
5.408000,0.091119,0.091116
5.409000,0.091198,0.091195
5.410000,0.091249,0.091246
5.411000,0.091278,0.091274
5.412000,0.091293,0.091293
5.413000,0.091309,0.091300
5.414000,0.091319,0.091316
5.415000,0.091553,0.091546
5.416000,0.091749,0.091743
5.417000,0.091860,0.091853
5.418000,0.091939,0.091926
5.419000,0.091983,0.091980
5.420000,0.092021,0.092015
5.421000,0.092046,0.092040
5.422000,0.092062,0.092065
5.423000,0.092078,0.092078
5.424000,0.092091,0.092081
5.425000,0.092091,0.092094
5.426000,0.092103,0.092097
5.427000,0.092110,0.092103
5.428000,0.092110,0.092103
5.429000,0.092116,0.092106
5.430000,0.092116,0.092110
5.431000,0.092119,0.092116
5.432000,0.092119,0.092116
5.433000,0.092119,0.092116
5.434000,0.092119,0.092116
5.435000,0.092119,0.092116
5.436000,0.092122,0.092119
5.437000,0.092125,0.092116
5.438000,0.092119,0.092122
5.439000,0.092122,0.092122
5.440000,0.092125,0.092122
5.441000,0.092122,0.092119
5.442000,0.092122,0.092119
5.443000,0.092125,0.092122
5.444000,0.092125,0.092125
5.445000,0.092129,0.092122
5.446000,0.092125,0.092119
5.447000,0.092125,0.092122
5.448000,0.092132,0.092129
5.449000,0.092129,0.092122
5.450000,0.092129,0.092125
5.451000,0.092049,0.092046
5.452000,0.091996,0.091999
5.453000,0.091977,0.091964
5.454000,0.091951,0.091948
5.455000,0.091939,0.091936
5.456000,0.091932,0.091926
5.457000,0.091926,0.091926
5.458000,0.091926,0.091920
5.459000,0.091920,0.091917
5.460000,0.091910,0.091913
5.461000,0.091913,0.091910
5.462000,0.091913,0.091907
5.463000,0.091910,0.091904
5.464000,0.091913,0.091904
5.465000,0.091676,0.091673
5.466000,0.091483,0.091477
5.467000,0.091376,0.091372
5.468000,0.091306,0.091303
5.469000,0.091259,0.091252
5.470000,0.091224,0.091221
5.471000,0.091205,0.091195
5.472000,0.091183,0.091179
5.473000,0.091170,0.091167
5.474000,0.091161,0.091154
5.475000,0.091154,0.091148
5.476000,0.091145,0.091142
5.477000,0.091142,0.091138
5.478000,0.091138,0.091135
5.479000,0.091135,0.091135
5.480000,0.091132,0.091129
5.481000,0.091132,0.091129
5.482000,0.091135,0.091129
5.483000,0.091129,0.091129
5.484000,0.091129,0.091123
5.485000,0.091129,0.091129
5.486000,0.091126,0.091126
5.487000,0.091129,0.091126
5.488000,0.091129,0.091126
5.489000,0.091126,0.091123
5.490000,0.091123,0.091123
5.491000,0.091126,0.091123
5.492000,0.091123,0.091119
5.493000,0.091202,0.091202
5.494000,0.091176,0.091170
5.495000,0.091154,0.091148
5.496000,0.091142,0.091138
5.497000,0.091138,0.091135
5.498000,0.091132,0.091126
5.499000,0.091132,0.091129
6.000000,0.091129,0.091123
6.001000,0.091129,0.091123
6.002000,0.091126,0.091123
6.003000,0.091119,0.091123
6.004000,0.091126,0.091123
6.005000,0.091119,0.091126
6.006000,0.091123,0.091123
6.007000,0.091123,0.091123
6.008000,0.091119,0.091123
6.009000,0.091119,0.091116
6.010000,0.091123,0.091116
6.011000,0.091119,0.091119
6.012000,0.091119,0.091116
6.013000,0.091119,0.091119
6.014000,0.091123,0.091116
6.015000,0.091350,0.091347
6.016000,0.091540,0.091540
6.017000,0.091648,0.091648
6.018000,0.091714,0.091711
6.019000,0.091768,0.091762
6.020000,0.091800,0.091796
6.021000,0.091825,0.091825
6.022000,0.091838,0.091844
6.023000,0.091856,0.091856
6.024000,0.091866,0.091860
6.025000,0.091875,0.091869
6.026000,0.091882,0.091875
6.027000,0.091882,0.091875
6.028000,0.091888,0.091882
6.029000,0.091891,0.091888
6.030000,0.091888,0.091885
6.031000,0.091894,0.091888
6.032000,0.091891,0.091891
6.033000,0.091898,0.091888
6.034000,0.091894,0.091891
6.035000,0.091898,0.091891
6.036000,0.091891,0.091888
6.037000,0.091891,0.091894
6.038000,0.091894,0.091894
6.039000,0.091901,0.091898
6.040000,0.091904,0.091891
6.041000,0.091901,0.091891
6.042000,0.091898,0.091898
6.043000,0.091901,0.091894
6.044000,0.091901,0.091894
6.045000,0.091901,0.091898
6.046000,0.091898,0.091894
6.047000,0.091901,0.091894
6.048000,0.091901,0.091894
6.049000,0.091901,0.091898
6.050000,0.091901,0.091891
6.051000,0.091898,0.091894
6.052000,0.091901,0.091894
6.053000,0.091907,0.091907
6.054000,0.091904,0.091901
6.055000,0.091901,0.091894
6.056000,0.091904,0.091898
6.057000,0.091901,0.091898
6.058000,0.091904,0.091898
6.059000,0.091898,0.091901
6.060000,0.091904,0.091898
6.061000,0.091901,0.091894
6.062000,0.091901,0.091901
6.063000,0.091901,0.091901
6.064000,0.091901,0.091898
6.065000,0.091673,0.091657
6.066000,0.091477,0.091474
6.067000,0.091366,0.091363
6.068000,0.091303,0.091303
6.069000,0.091259,0.091252
6.070000,0.091221,0.091217
6.071000,0.091198,0.091195
6.072000,0.091221,0.091217
6.073000,0.091186,0.091183
6.074000,0.091167,0.091161
6.075000,0.091154,0.091151
6.076000,0.091138,0.091138
6.077000,0.091135,0.091135
6.078000,0.091135,0.091135
6.079000,0.091129,0.091123
6.080000,0.091126,0.091119
6.081000,0.091126,0.091119
6.082000,0.091119,0.091119
6.083000,0.091123,0.091116
6.084000,0.091123,0.091113
6.085000,0.091123,0.091116
6.086000,0.091116,0.091113
6.087000,0.091123,0.091123
6.088000,0.091123,0.091113
6.089000,0.091116,0.091113
6.090000,0.091116,0.091113
6.091000,0.091113,0.091113
6.092000,0.091116,0.091110
6.093000,0.091113,0.091116
6.094000,0.091116,0.091113
6.095000,0.091116,0.091116
6.096000,0.091113,0.091110
6.097000,0.091113,0.091116
6.098000,0.091113,0.091110
6.099000,0.091116,0.091110
6.100000,0.091113,0.091113
6.101000,0.091113,0.091110
6.102000,0.091116,0.091107
6.103000,0.091113,0.091113
6.104000,0.091110,0.091113
6.105000,0.091119,0.091110
6.106000,0.091116,0.091113
6.107000,0.091110,0.091107
6.108000,0.091113,0.091113
6.109000,0.091110,0.091110
6.110000,0.091116,0.091110
6.111000,0.091110,0.091110
6.112000,0.091110,0.091113
6.113000,0.091110,0.091110
6.114000,0.091113,0.091107
6.115000,0.091341,0.091338
6.116000,0.091537,0.091527
6.117000,0.091641,0.091635
6.118000,0.091708,0.091711
6.119000,0.091755,0.091752
6.120000,0.091793,0.091793
6.121000,0.091815,0.091812
6.122000,0.091838,0.091828
6.123000,0.091850,0.091841
6.124000,0.091856,0.091853
6.125000,0.091866,0.091863
6.126000,0.091875,0.091872
6.127000,0.091882,0.091875
6.128000,0.091885,0.091882
6.129000,0.091882,0.091882
6.130000,0.091888,0.091882
6.131000,0.091894,0.091888
6.132000,0.091888,0.091888
6.133000,0.091894,0.091888
6.134000,0.091891,0.091885
6.135000,0.091891,0.091891
6.136000,0.091894,0.091888
6.137000,0.091898,0.091888
6.138000,0.091898,0.091888
6.139000,0.091891,0.091891
6.140000,0.091894,0.091888
6.141000,0.091894,0.091894
6.142000,0.091898,0.091891
6.143000,0.091898,0.091888
6.144000,0.091901,0.091894
6.145000,0.091898,0.091894
6.146000,0.091894,0.091891
6.147000,0.091901,0.091891
6.148000,0.091907,0.091901
6.149000,0.091901,0.091904
6.150000,0.091901,0.091898
6.151000,0.091901,0.091894
6.152000,0.091901,0.091894
6.153000,0.091901,0.091898
6.154000,0.091894,0.091894
6.155000,0.091898,0.091894
6.156000,0.091898,0.091898
6.157000,0.091898,0.091894
6.158000,0.091901,0.091894
6.159000,0.091901,0.091901
6.160000,0.091901,0.091898
6.161000,0.091894,0.091901
6.162000,0.091898,0.091894
6.163000,0.091901,0.091891
6.164000,0.091898,0.091894
6.165000,0.091670,0.091664
6.166000,0.091559,0.091553
6.167000,0.091499,0.091493
6.168000,0.091461,0.091455
6.169000,0.091429,0.091426
6.170000,0.091407,0.091404
6.171000,0.091395,0.091391
6.172000,0.091385,0.091382
6.173000,0.091376,0.091376
6.174000,0.091369,0.091363
6.175000,0.091363,0.091363
6.176000,0.091363,0.091357
6.177000,0.091360,0.091357
6.178000,0.091357,0.091353
6.179000,0.091353,0.091347
6.180000,0.091357,0.091350
6.181000,0.091350,0.091353
6.182000,0.091350,0.091347
6.183000,0.091350,0.091344
6.184000,0.091350,0.091347
6.185000,0.091347,0.091347
6.186000,0.091350,0.091350
6.187000,0.091350,0.091344
6.188000,0.091347,0.091347
6.189000,0.091347,0.091344
6.190000,0.091347,0.091344
6.191000,0.091350,0.091344
6.192000,0.091350,0.091344
6.193000,0.091347,0.091344
6.194000,0.091347,0.091347
6.195000,0.091350,0.091347
6.196000,0.091347,0.091344
6.197000,0.091350,0.091347
6.198000,0.091347,0.091341
6.199000,0.091347,0.091341
6.200000,0.091347,0.091350
6.201000,0.091347,0.091341
6.202000,0.091350,0.091350
6.203000,0.091347,0.091344
6.204000,0.091344,0.091341
6.205000,0.091353,0.091344
6.206000,0.091338,0.091344
6.207000,0.091344,0.091341
6.208000,0.091268,0.091265
6.209000,0.091217,0.091214
6.210000,0.091189,0.091186
6.211000,0.091173,0.091167
6.212000,0.091157,0.091154
6.213000,0.091148,0.091145
6.214000,0.091145,0.091138
6.215000,0.091366,0.091363
6.216000,0.091553,0.091550
6.217000,0.091660,0.091657
6.218000,0.091730,0.091720
6.219000,0.091774,0.091771
6.220000,0.091806,0.091800
6.221000,0.091828,0.091825
6.222000,0.091844,0.091844
6.223000,0.091863,0.091856
6.224000,0.091869,0.091869
6.225000,0.091875,0.091875
6.226000,0.091875,0.091875
6.227000,0.091882,0.091879
6.228000,0.091891,0.091882
6.229000,0.091888,0.091888
6.230000,0.091894,0.091894
6.231000,0.091894,0.091888
6.232000,0.091894,0.091888
6.233000,0.091898,0.091894
6.234000,0.091898,0.091888
6.235000,0.091901,0.091898
6.236000,0.091894,0.091894
6.237000,0.091894,0.091891
6.238000,0.091901,0.091894
6.239000,0.091894,0.091898
6.240000,0.091898,0.091894
6.241000,0.091901,0.091898
6.242000,0.091898,0.091898
6.243000,0.091910,0.091907
6.244000,0.091907,0.091901
6.245000,0.091904,0.091901
6.246000,0.091898,0.091898
6.247000,0.091901,0.091894
6.248000,0.091904,0.091898
6.249000,0.091898,0.091901
6.250000,0.091980,0.091977
6.251000,0.091951,0.091945
6.252000,0.091926,0.091926
6.253000,0.091917,0.091913
6.254000,0.091910,0.091910
6.255000,0.091907,0.091904
6.256000,0.091907,0.091907
6.257000,0.091910,0.091901
6.258000,0.091907,0.091904
6.259000,0.091904,0.091901
6.260000,0.091904,0.091898
6.261000,0.091907,0.091898
6.262000,0.091901,0.091901
6.263000,0.091901,0.091898
6.264000,0.091904,0.091901
6.265000,0.091670,0.091667
6.266000,0.091480,0.091477
6.267000,0.091366,0.091369
6.268000,0.091303,0.091300
6.269000,0.091252,0.091255
6.270000,0.091224,0.091217
6.271000,0.091195,0.091192
6.272000,0.091179,0.091176
6.273000,0.091164,0.091164
6.274000,0.091157,0.091157
6.275000,0.091151,0.091151
6.276000,0.091142,0.091142
6.277000,0.091142,0.091138
6.278000,0.091135,0.091135
6.279000,0.091132,0.091129
6.280000,0.091129,0.091129
6.281000,0.091129,0.091129
6.282000,0.091129,0.091126
6.283000,0.091129,0.091123
6.284000,0.091126,0.091123
6.285000,0.091129,0.091126
6.286000,0.091129,0.091123
6.287000,0.091123,0.091126
6.288000,0.091129,0.091123
6.289000,0.091132,0.091123
6.290000,0.091126,0.091123
6.291000,0.091126,0.091126
6.292000,0.091129,0.091123
6.293000,0.091126,0.091126
6.294000,0.091126,0.091123
6.295000,0.091126,0.091119
6.296000,0.091129,0.091123
6.297000,0.091126,0.091119
6.298000,0.091123,0.091119
6.299000,0.091123,0.091116
6.300000,0.091123,0.091123
6.301000,0.091119,0.091116
6.302000,0.091123,0.091119
6.303000,0.091123,0.091116
6.304000,0.091116,0.091119
6.305000,0.091119,0.091116
6.306000,0.091123,0.091113
6.307000,0.091123,0.091116
6.308000,0.091119,0.091113
6.309000,0.091123,0.091119
6.310000,0.091123,0.091119
6.311000,0.091119,0.091116
6.312000,0.091119,0.091116
6.313000,0.091119,0.091119
6.314000,0.091119,0.091119
6.315000,0.091350,0.091347
6.316000,0.091537,0.091534
6.317000,0.091648,0.091645
6.318000,0.091717,0.091714
6.319000,0.091765,0.091765
6.320000,0.091800,0.091796
6.321000,0.091825,0.091822
6.322000,0.091847,0.091838
6.323000,0.091860,0.091853
6.324000,0.091866,0.091863
6.325000,0.091869,0.091869
6.326000,0.091875,0.091875
6.327000,0.091885,0.091879
6.328000,0.091929,0.091923
6.329000,0.091907,0.091901
6.330000,0.091901,0.091894
6.331000,0.091894,0.091888
6.332000,0.091891,0.091888
6.333000,0.091894,0.091885
6.334000,0.091894,0.091888
6.335000,0.091888,0.091885
6.336000,0.091894,0.091888
6.337000,0.091891,0.091882
6.338000,0.091901,0.091891
6.339000,0.091898,0.091888
6.340000,0.091891,0.091888
6.341000,0.091894,0.091885
6.342000,0.091894,0.091888
6.343000,0.091894,0.091888
6.344000,0.091894,0.091888
6.345000,0.091898,0.091888
6.346000,0.091894,0.091888
6.347000,0.091891,0.091882
6.348000,0.091894,0.091888
6.349000,0.091891,0.091888
6.350000,0.091891,0.091888
6.351000,0.091894,0.091888
6.352000,0.091894,0.091888
6.353000,0.091894,0.091885
6.354000,0.091898,0.091885
6.355000,0.091894,0.091888
6.356000,0.091898,0.091888
6.357000,0.091891,0.091888
6.358000,0.091894,0.091882
6.359000,0.091894,0.091888
6.360000,0.091894,0.091888
6.361000,0.091894,0.091891
6.362000,0.091894,0.091888
6.363000,0.091894,0.091888
6.364000,0.091891,0.091891
6.365000,0.091664,0.091654
6.366000,0.091471,0.091464
6.367000,0.091363,0.091360
6.368000,0.091297,0.091290
6.369000,0.091246,0.091243
6.370000,0.091214,0.091208
6.371000,0.091189,0.091186
6.372000,0.091170,0.091164
6.373000,0.091161,0.091151
6.374000,0.091151,0.091138
6.375000,0.091142,0.091135
6.376000,0.091135,0.091129
6.377000,0.091135,0.091129
6.378000,0.091126,0.091126
6.379000,0.091123,0.091123
6.380000,0.091116,0.091116
6.381000,0.091119,0.091119
6.382000,0.091126,0.091119
6.383000,0.091126,0.091119
6.384000,0.091119,0.091123
6.385000,0.091123,0.091119
6.386000,0.091126,0.091123
6.387000,0.091126,0.091123
6.388000,0.091119,0.091119
6.389000,0.091126,0.091119
6.390000,0.091126,0.091116
6.391000,0.091123,0.091116
6.392000,0.091123,0.091123
6.393000,0.091123,0.091116
6.394000,0.091123,0.091119
6.395000,0.091123,0.091116
6.396000,0.091119,0.091116
6.397000,0.091119,0.091116
6.398000,0.091123,0.091123
6.399000,0.091119,0.091116
6.400000,0.091123,0.091119
6.401000,0.091123,0.091116
6.402000,0.091123,0.091123
6.403000,0.091116,0.091119
6.404000,0.091119,0.091119
6.405000,0.091116,0.091116
6.406000,0.091123,0.091116
6.407000,0.091116,0.091119
6.408000,0.091123,0.091116
6.409000,0.091119,0.091116
6.410000,0.091116,0.091110
6.411000,0.091116,0.091116
6.412000,0.091119,0.091110
6.413000,0.091119,0.091113
6.414000,0.091116,0.091113
6.415000,0.091347,0.091344
6.416000,0.091540,0.091534
6.417000,0.091648,0.091641
6.418000,0.091717,0.091711
6.419000,0.091768,0.091762
6.420000,0.091793,0.091793
6.421000,0.091825,0.091819
6.422000,0.091841,0.091838
6.423000,0.091932,0.091929
6.424000,0.091993,0.091993
6.425000,0.092030,0.092024
6.426000,0.092053,0.092049
6.427000,0.092068,0.092065
6.428000,0.092084,0.092078
6.429000,0.092097,0.092084
6.430000,0.092097,0.092097
6.431000,0.092106,0.092100
6.432000,0.092110,0.092100
6.433000,0.092122,0.092116
6.434000,0.092116,0.092119
6.435000,0.092122,0.092116
6.436000,0.092122,0.092113
6.437000,0.092119,0.092116
6.438000,0.092119,0.092116
6.439000,0.092119,0.092116
6.440000,0.092125,0.092116
6.441000,0.092122,0.092122
6.442000,0.092129,0.092116
6.443000,0.092129,0.092119
6.444000,0.092125,0.092119
6.445000,0.092129,0.092122
6.446000,0.092122,0.092116
6.447000,0.092125,0.092119
6.448000,0.092125,0.092122
6.449000,0.092125,0.092125
6.450000,0.092125,0.092119
6.451000,0.092125,0.092116
6.452000,0.092125,0.092122
6.453000,0.092129,0.092119
6.454000,0.092125,0.092122
6.455000,0.092122,0.092119
6.456000,0.092129,0.092122
6.457000,0.092122,0.092122
6.458000,0.092125,0.092125
6.459000,0.092125,0.092125
6.460000,0.092129,0.092125
6.461000,0.092129,0.092125
6.462000,0.092129,0.092125
6.463000,0.092132,0.092122
6.464000,0.092125,0.092122
6.465000,0.091819,0.091812
6.466000,0.091578,0.091572
6.467000,0.091439,0.091439
6.468000,0.091353,0.091350
6.469000,0.091297,0.091287
6.470000,0.091252,0.091243
6.471000,0.091221,0.091214
6.472000,0.091192,0.091192
6.473000,0.091179,0.091179
6.474000,0.091173,0.091170
6.475000,0.091157,0.091161
6.476000,0.091148,0.091145
6.477000,0.091148,0.091138
6.478000,0.091142,0.091138
6.479000,0.091135,0.091135
6.480000,0.091135,0.091132
6.481000,0.091132,0.091132
6.482000,0.091135,0.091126
6.483000,0.091129,0.091126
6.484000,0.091129,0.091129
6.485000,0.091132,0.091129
6.486000,0.091126,0.091123
6.487000,0.091129,0.091129
6.488000,0.091129,0.091123
6.489000,0.091123,0.091123
6.490000,0.091123,0.091119
6.491000,0.091123,0.091126
6.492000,0.091119,0.091123
6.493000,0.091126,0.091123
6.494000,0.091129,0.091119
6.495000,0.091126,0.091119
6.496000,0.091123,0.091119
6.497000,0.091123,0.091119
6.498000,0.091119,0.091123
6.499000,0.091123,0.091116
7.000000,0.091123,0.091116
7.001000,0.091123,0.091116
7.002000,0.091123,0.091116
7.003000,0.091123,0.091119
7.004000,0.091123,0.091119
7.005000,0.091123,0.091119
7.006000,0.091123,0.091119
7.007000,0.091198,0.091198
7.008000,0.091170,0.091167
7.009000,0.091151,0.091148
7.010000,0.091142,0.091132
7.011000,0.091132,0.091132
7.012000,0.091129,0.091132
7.013000,0.091129,0.091123
7.014000,0.091119,0.091119
7.015000,0.091350,0.091350
7.016000,0.091543,0.091540
7.017000,0.091648,0.091648
7.018000,0.091717,0.091717
7.019000,0.091768,0.091765
7.020000,0.091800,0.091793
7.021000,0.091825,0.091825
7.022000,0.091844,0.091841
7.023000,0.091856,0.091850
7.024000,0.091866,0.091863
7.025000,0.091872,0.091872
7.026000,0.091882,0.091875
7.027000,0.091882,0.091882
7.028000,0.091894,0.091894
7.029000,0.091894,0.091894
7.030000,0.091898,0.091891
7.031000,0.091901,0.091894
7.032000,0.091891,0.091888
7.033000,0.091894,0.091894
7.034000,0.091898,0.091891
7.035000,0.091894,0.091891
7.036000,0.091894,0.091898
7.037000,0.091898,0.091891
7.038000,0.091901,0.091891
7.039000,0.091901,0.091894
7.040000,0.091901,0.091888
7.041000,0.091901,0.091901
7.042000,0.091898,0.091891
7.043000,0.091901,0.091894
7.044000,0.091901,0.091891
7.045000,0.091894,0.091898
7.046000,0.091898,0.091898
7.047000,0.091901,0.091894
7.048000,0.091898,0.091894
7.049000,0.091901,0.091894
7.050000,0.091904,0.091898
7.051000,0.091898,0.091894
7.052000,0.091901,0.091894
7.053000,0.091901,0.091894
7.054000,0.091898,0.091891
7.055000,0.091898,0.091901
7.056000,0.091898,0.091894
7.057000,0.091894,0.091894
7.058000,0.091894,0.091891
7.059000,0.091904,0.091898
7.060000,0.091901,0.091894
7.061000,0.091901,0.091898
7.062000,0.091898,0.091898
7.063000,0.091901,0.091901
7.064000,0.091904,0.091894
7.065000,0.091673,0.091664
7.066000,0.091480,0.091474
7.067000,0.091372,0.091363
7.068000,0.091303,0.091297
7.069000,0.091259,0.091249
7.070000,0.091224,0.091217
7.071000,0.091195,0.091192
7.072000,0.091179,0.091176
7.073000,0.091167,0.091164
7.074000,0.091157,0.091154
7.075000,0.091145,0.091148
7.076000,0.091142,0.091138
7.077000,0.091138,0.091135
7.078000,0.091135,0.091132
7.079000,0.091129,0.091129
7.080000,0.091142,0.091129
7.081000,0.091129,0.091126
7.082000,0.091129,0.091126
7.083000,0.091129,0.091123
7.084000,0.091167,0.091161
7.085000,0.091148,0.091138
7.086000,0.091135,0.091129
7.087000,0.091132,0.091126
7.088000,0.091129,0.091119
7.089000,0.091123,0.091116
7.090000,0.091123,0.091116
7.091000,0.091119,0.091119
7.092000,0.091116,0.091113
7.093000,0.091116,0.091113
7.094000,0.091116,0.091116
7.095000,0.091116,0.091113
7.096000,0.091116,0.091110
7.097000,0.091119,0.091110
7.098000,0.091116,0.091113
7.099000,0.091116,0.091116
7.100000,0.091113,0.091110
7.101000,0.091116,0.091110
7.102000,0.091113,0.091113
7.103000,0.091110,0.091110
7.104000,0.091113,0.091110
7.105000,0.091113,0.091110
7.106000,0.091113,0.091110
7.107000,0.091113,0.091110
7.108000,0.091110,0.091110
7.109000,0.091110,0.091107
7.110000,0.091110,0.091110
7.111000,0.091116,0.091113
7.112000,0.091107,0.091107
7.113000,0.091110,0.091107
7.114000,0.091110,0.091107
7.115000,0.091341,0.091338
7.116000,0.091527,0.091527
7.117000,0.091638,0.091629
7.118000,0.091711,0.091705
7.119000,0.091758,0.091758
7.120000,0.091787,0.091787
7.121000,0.091815,0.091812
7.122000,0.091838,0.091828
7.123000,0.091844,0.091844
7.124000,0.091863,0.091856
7.125000,0.091869,0.091863
7.126000,0.091872,0.091866
7.127000,0.091875,0.091869
7.128000,0.091875,0.091875
7.129000,0.091882,0.091875
7.130000,0.091879,0.091875
7.131000,0.091885,0.091882
7.132000,0.091882,0.091882
7.133000,0.091882,0.091882
7.134000,0.091882,0.091882
7.135000,0.091891,0.091885
7.136000,0.091888,0.091879
7.137000,0.091888,0.091879
7.138000,0.091891,0.091891
7.139000,0.091891,0.091891
7.140000,0.091894,0.091888
7.141000,0.091894,0.091891
7.142000,0.091894,0.091894
7.143000,0.091894,0.091891
7.144000,0.091901,0.091898
7.145000,0.091898,0.091894
7.146000,0.091901,0.091894
7.147000,0.091901,0.091894
7.148000,0.091898,0.091894
7.149000,0.091898,0.091898
7.150000,0.091898,0.091894
7.151000,0.091901,0.091894
7.152000,0.091898,0.091901
7.153000,0.091901,0.091894
7.154000,0.091901,0.091901
7.155000,0.091898,0.091894
7.156000,0.091901,0.091894
7.157000,0.091898,0.091898
7.158000,0.091904,0.091898
7.159000,0.091901,0.091898
7.160000,0.091901,0.091898
7.161000,0.091901,0.091894
7.162000,0.091901,0.091898
7.163000,0.091901,0.091898
7.164000,0.091901,0.091898
7.165000,0.091670,0.091660
7.166000,0.091477,0.091477
7.167000,0.091366,0.091369
7.168000,0.091300,0.091300
7.169000,0.091252,0.091249
7.170000,0.091224,0.091211
7.171000,0.091198,0.091186
7.172000,0.091179,0.091176
7.173000,0.091164,0.091157
7.174000,0.091154,0.091151
7.175000,0.091148,0.091142
7.176000,0.091142,0.091138
7.177000,0.091138,0.091132
7.178000,0.091135,0.091129
7.179000,0.091211,0.091211
7.180000,0.091262,0.091259
7.181000,0.091290,0.091284
7.182000,0.091306,0.091300
7.183000,0.091312,0.091312
7.184000,0.091328,0.091319
7.185000,0.091331,0.091335
7.186000,0.091335,0.091331
7.187000,0.091338,0.091335
7.188000,0.091341,0.091338
7.189000,0.091341,0.091338
7.190000,0.091341,0.091341
7.191000,0.091341,0.091341
7.192000,0.091344,0.091344
7.193000,0.091341,0.091341
7.194000,0.091347,0.091338
7.195000,0.091344,0.091344
7.196000,0.091347,0.091341
7.197000,0.091347,0.091344
7.198000,0.091347,0.091341
7.199000,0.091344,0.091341
7.200000,0.091341,0.091347
7.201000,0.091344,0.091347
7.202000,0.091344,0.091338
7.203000,0.091341,0.091344
7.204000,0.091341,0.091341
7.205000,0.091347,0.091344
7.206000,0.091344,0.091338
7.207000,0.091347,0.091341
7.208000,0.091350,0.091344
7.209000,0.091341,0.091335
7.210000,0.091347,0.091341
7.211000,0.091347,0.091341
7.212000,0.091344,0.091350
7.213000,0.091344,0.091338
7.214000,0.091347,0.091341
7.215000,0.091572,0.091575
7.216000,0.091768,0.091765
7.217000,0.091872,0.091869
7.218000,0.091942,0.091939
7.219000,0.091999,0.091993
7.220000,0.092030,0.092024
7.221000,0.091977,0.091967
7.222000,0.091939,0.091936
7.223000,0.091920,0.091926
7.224000,0.091920,0.091913
7.225000,0.091913,0.091904
7.226000,0.091910,0.091901
7.227000,0.091904,0.091904
7.228000,0.091904,0.091901
7.229000,0.091901,0.091898
7.230000,0.091901,0.091894
7.231000,0.091907,0.091901
7.232000,0.091901,0.091891
7.233000,0.091898,0.091898
7.234000,0.091904,0.091894
7.235000,0.091898,0.091894
7.236000,0.091898,0.091894
7.237000,0.091901,0.091894
7.238000,0.091898,0.091891
7.239000,0.091898,0.091891
7.240000,0.091894,0.091898
7.241000,0.091901,0.091898
7.242000,0.091898,0.091894
7.243000,0.091901,0.091898
7.244000,0.091894,0.091898
7.245000,0.091904,0.091898
7.246000,0.091901,0.091894
7.247000,0.091904,0.091901
7.248000,0.091904,0.091898
7.249000,0.091901,0.091898
7.250000,0.091901,0.091891
7.251000,0.091901,0.091898
7.252000,0.091904,0.091898
7.253000,0.091901,0.091901
7.254000,0.091901,0.091894
7.255000,0.091901,0.091898
7.256000,0.091904,0.091894
7.257000,0.091904,0.091898
7.258000,0.091904,0.091898
7.259000,0.091910,0.091901
7.260000,0.091910,0.091898
7.261000,0.091901,0.091901
7.262000,0.091904,0.091898
7.263000,0.091983,0.091977
7.264000,0.091951,0.091951
7.265000,0.091698,0.091695
7.266000,0.091499,0.091493
7.267000,0.091382,0.091379
7.268000,0.091312,0.091309
7.269000,0.091265,0.091252
7.270000,0.091227,0.091224
7.271000,0.091202,0.091192
7.272000,0.091186,0.091179
7.273000,0.091170,0.091167
7.274000,0.091161,0.091154
7.275000,0.091154,0.091145
7.276000,0.091142,0.091138
7.277000,0.091142,0.091135
7.278000,0.091135,0.091132
7.279000,0.091132,0.091135
7.280000,0.091132,0.091129
7.281000,0.091129,0.091129
7.282000,0.091129,0.091126
7.283000,0.091129,0.091126
7.284000,0.091129,0.091123
7.285000,0.091129,0.091126
7.286000,0.091129,0.091119
7.287000,0.091129,0.091119
7.288000,0.091126,0.091123
7.289000,0.091123,0.091119
7.290000,0.091129,0.091116
7.291000,0.091123,0.091119
7.292000,0.091119,0.091123
7.293000,0.091123,0.091119
7.294000,0.091126,0.091116
7.295000,0.091123,0.091116
7.296000,0.091119,0.091116
7.297000,0.091123,0.091116
7.298000,0.091123,0.091116
7.299000,0.091123,0.091119
7.300000,0.091123,0.091119
7.301000,0.091123,0.091119
7.302000,0.091126,0.091116
7.303000,0.091126,0.091116
7.304000,0.091123,0.091116
7.305000,0.091123,0.091116
7.306000,0.091123,0.091119
7.307000,0.091123,0.091116
7.308000,0.091123,0.091113
7.309000,0.091119,0.091116
7.310000,0.091119,0.091116
7.311000,0.091116,0.091123
7.312000,0.091123,0.091113
7.313000,0.091113,0.091113
7.314000,0.091119,0.091113
7.315000,0.091360,0.091360
7.316000,0.091546,0.091543
7.317000,0.091651,0.091648
7.318000,0.091720,0.091714
7.319000,0.091765,0.091762
7.320000,0.091803,0.091800
7.321000,0.091825,0.091822
7.322000,0.091844,0.091841
7.323000,0.091853,0.091856
7.324000,0.091866,0.091866
7.325000,0.091875,0.091866
7.326000,0.091882,0.091875
7.327000,0.091888,0.091882
7.328000,0.091885,0.091885
7.329000,0.091888,0.091885
7.330000,0.091885,0.091888
7.331000,0.091894,0.091891
7.332000,0.091894,0.091888
7.333000,0.091894,0.091888
7.334000,0.091894,0.091891
7.335000,0.091898,0.091891
7.336000,0.091898,0.091888
7.337000,0.091901,0.091894
7.338000,0.091898,0.091894
7.339000,0.091901,0.091898
7.340000,0.091936,0.091939
7.341000,0.091920,0.091910
7.342000,0.091907,0.091904
7.343000,0.091901,0.091898
7.344000,0.091894,0.091898
7.345000,0.091894,0.091888
7.346000,0.091901,0.091894
7.347000,0.091894,0.091894
7.348000,0.091894,0.091888
7.349000,0.091898,0.091888
7.350000,0.091894,0.091888
7.351000,0.091894,0.091888
7.352000,0.091894,0.091888
7.353000,0.091894,0.091891
7.354000,0.091894,0.091888
7.355000,0.091894,0.091888
7.356000,0.091894,0.091888
7.357000,0.091894,0.091894
7.358000,0.091894,0.091888
7.359000,0.091894,0.091888
7.360000,0.091898,0.091891
7.361000,0.091894,0.091894
7.362000,0.091891,0.091888
7.363000,0.091891,0.091885
7.364000,0.091891,0.091888
7.365000,0.091664,0.091654
7.366000,0.091464,0.091467
7.367000,0.091360,0.091360
7.368000,0.091297,0.091293
7.369000,0.091246,0.091243
7.370000,0.091217,0.091205
7.371000,0.091192,0.091186
7.372000,0.091176,0.091167
7.373000,0.091161,0.091151
7.374000,0.091148,0.091148
7.375000,0.091142,0.091138
7.376000,0.091132,0.091132
7.377000,0.091129,0.091129
7.378000,0.091132,0.091123
7.379000,0.091126,0.091119
7.380000,0.091123,0.091123
7.381000,0.091126,0.091116
7.382000,0.091123,0.091116
7.383000,0.091123,0.091113
7.384000,0.091126,0.091116
7.385000,0.091126,0.091116
7.386000,0.091123,0.091123
7.387000,0.091123,0.091119
7.388000,0.091126,0.091119
7.389000,0.091126,0.091119
7.390000,0.091123,0.091129
7.391000,0.091123,0.091116
7.392000,0.091123,0.091119
7.393000,0.091123,0.091119
7.394000,0.091123,0.091126
7.395000,0.091123,0.091113
7.396000,0.091123,0.091119
7.397000,0.091123,0.091119
7.398000,0.091116,0.091119
7.399000,0.091119,0.091116
7.400000,0.091123,0.091119
7.401000,0.091119,0.091116
7.402000,0.091119,0.091116
7.403000,0.091123,0.091116
7.404000,0.091123,0.091116
7.405000,0.091123,0.091113
7.406000,0.091119,0.091116
7.407000,0.091123,0.091113
7.408000,0.091119,0.091119
7.409000,0.091123,0.091113
7.410000,0.091119,0.091113
7.411000,0.091119,0.091113
7.412000,0.091132,0.091119
7.413000,0.091123,0.091123
7.414000,0.091123,0.091116
7.415000,0.091350,0.091347
7.416000,0.091540,0.091537
7.417000,0.091651,0.091645
7.418000,0.091717,0.091714
7.419000,0.091768,0.091762
7.420000,0.091800,0.091793
7.421000,0.091825,0.091822
7.422000,0.091844,0.091838
7.423000,0.091853,0.091850
7.424000,0.091866,0.091860
7.425000,0.091948,0.091948
7.426000,0.092005,0.092002
7.427000,0.092037,0.092034
7.428000,0.092062,0.092056
7.429000,0.092075,0.092072
7.430000,0.092087,0.092081
7.431000,0.092097,0.092091
7.432000,0.092100,0.092094
7.433000,0.092110,0.092103
7.434000,0.092110,0.092103
7.435000,0.092110,0.092110
7.436000,0.092116,0.092110
7.437000,0.092116,0.092116
7.438000,0.092116,0.092113
7.439000,0.092119,0.092113
7.440000,0.092122,0.092116
7.441000,0.092116,0.092116
7.442000,0.092116,0.092113
7.443000,0.092122,0.092113
7.444000,0.092125,0.092122
7.445000,0.092125,0.092116
7.446000,0.092122,0.092122
7.447000,0.092119,0.092116
7.448000,0.092125,0.092119
7.449000,0.092122,0.092119
7.450000,0.092125,0.092122
7.451000,0.092125,0.092122
7.452000,0.092122,0.092122
7.453000,0.092129,0.092122
7.454000,0.092132,0.092122
7.455000,0.092125,0.092125
7.456000,0.092129,0.092122
7.457000,0.092129,0.092116
7.458000,0.092129,0.092122
7.459000,0.092129,0.092129
7.460000,0.092129,0.092122
7.461000,0.092129,0.092125
7.462000,0.092125,0.092129
7.463000,0.092132,0.092119
7.464000,0.092129,0.092125
7.465000,0.091898,0.091891
7.466000,0.091708,0.091701
7.467000,0.091518,0.091512
7.468000,0.091398,0.091395
7.469000,0.091322,0.091322
7.470000,0.091271,0.091265
7.471000,0.091236,0.091230
7.472000,0.091205,0.091202
7.473000,0.091189,0.091183
7.474000,0.091170,0.091167
7.475000,0.091164,0.091161
7.476000,0.091154,0.091154
7.477000,0.091148,0.091142
7.478000,0.091145,0.091138
7.479000,0.091135,0.091132
7.480000,0.091135,0.091132
7.481000,0.091138,0.091129
7.482000,0.091132,0.091135
7.483000,0.091132,0.091129
7.484000,0.091135,0.091126
7.485000,0.091129,0.091129
7.486000,0.091132,0.091126
7.487000,0.091132,0.091129
7.488000,0.091126,0.091126
7.489000,0.091123,0.091119
7.490000,0.091126,0.091126
7.491000,0.091126,0.091123
7.492000,0.091126,0.091123
7.493000,0.091126,0.091119
7.494000,0.091129,0.091123
7.495000,0.091129,0.091119
7.496000,0.091126,0.091119
7.497000,0.091123,0.091119
7.498000,0.091123,0.091126
7.499000,0.091123,0.091119
8.000000,0.091123,0.091123
8.001000,0.091119,0.091116
8.002000,0.091119,0.091116
8.003000,0.091126,0.091119
8.004000,0.091126,0.091116
8.005000,0.091126,0.091116
8.006000,0.091123,0.091123
8.007000,0.091123,0.091116
8.008000,0.091126,0.091123
8.009000,0.091208,0.091202
8.010000,0.091176,0.091170
8.011000,0.091151,0.091145
8.012000,0.091142,0.091138
8.013000,0.091142,0.091129
8.014000,0.091129,0.091129
8.015000,0.091357,0.091357
8.016000,0.091550,0.091543
8.017000,0.091648,0.091648
8.018000,0.091717,0.091720
8.019000,0.091771,0.091768
8.020000,0.091803,0.091800
8.021000,0.091825,0.091822
8.022000,0.091844,0.091841
8.023000,0.091856,0.091853
8.024000,0.091872,0.091863
8.025000,0.091872,0.091879
8.026000,0.091879,0.091875
8.027000,0.091888,0.091882
8.028000,0.091888,0.091885
8.029000,0.091888,0.091885
8.030000,0.091891,0.091891
8.031000,0.091894,0.091888
8.032000,0.091894,0.091891
8.033000,0.091894,0.091888
8.034000,0.091894,0.091891
8.035000,0.091898,0.091894
8.036000,0.091894,0.091898
8.037000,0.091894,0.091891
8.038000,0.091898,0.091894
8.039000,0.091898,0.091894
8.040000,0.091898,0.091894
8.041000,0.091901,0.091894
8.042000,0.091901,0.091901
8.043000,0.091898,0.091894
8.044000,0.091898,0.091894
8.045000,0.091901,0.091894
8.046000,0.091904,0.091894
8.047000,0.091901,0.091901
8.048000,0.091898,0.091898
8.049000,0.091901,0.091898
8.050000,0.091904,0.091901
8.051000,0.091901,0.091894
8.052000,0.091901,0.091894
8.053000,0.091901,0.091898
8.054000,0.091904,0.091894
8.055000,0.091898,0.091898
8.056000,0.091907,0.091898
8.057000,0.091901,0.091898
8.058000,0.091904,0.091898
8.059000,0.091904,0.091901
8.060000,0.091904,0.091898
8.061000,0.091901,0.091898
8.062000,0.091907,0.091894
8.063000,0.091901,0.091901
8.064000,0.091907,0.091898
8.065000,0.091670,0.091667
8.066000,0.091483,0.091477
8.067000,0.091372,0.091369
8.068000,0.091306,0.091303
8.069000,0.091259,0.091249
8.070000,0.091224,0.091217
8.071000,0.091195,0.091192
8.072000,0.091179,0.091173
8.073000,0.091167,0.091161
8.074000,0.091151,0.091154
8.075000,0.091145,0.091145
8.076000,0.091145,0.091142
8.077000,0.091142,0.091135
8.078000,0.091138,0.091132
8.079000,0.091135,0.091129
8.080000,0.091132,0.091126
8.081000,0.091132,0.091126
8.082000,0.091126,0.091126
8.083000,0.091126,0.091129
8.084000,0.091129,0.091129
8.085000,0.091129,0.091123
8.086000,0.091129,0.091123
8.087000,0.091123,0.091123
8.088000,0.091123,0.091119
8.089000,0.091129,0.091119
8.090000,0.091123,0.091123
8.091000,0.091123,0.091119
8.092000,0.091123,0.091116
8.093000,0.091126,0.091119
8.094000,0.091123,0.091123
8.095000,0.091126,0.091116
8.096000,0.091170,0.091164
8.097000,0.091142,0.091138
8.098000,0.091135,0.091129
8.099000,0.091123,0.091129
8.100000,0.091126,0.091116
8.101000,0.091123,0.091116
8.102000,0.091116,0.091116
8.103000,0.091123,0.091126
8.104000,0.091123,0.091119
8.105000,0.091123,0.091116
8.106000,0.091116,0.091110
8.107000,0.091116,0.091113
8.108000,0.091116,0.091113
8.109000,0.091113,0.091110
8.110000,0.091113,0.091110
8.111000,0.091110,0.091110
8.112000,0.091116,0.091104
8.113000,0.091113,0.091110
8.114000,0.091110,0.091107
8.115000,0.091341,0.091338
8.116000,0.091531,0.091527
8.117000,0.091632,0.091632
8.118000,0.091711,0.091711
8.119000,0.091758,0.091752
8.120000,0.091787,0.091787
8.121000,0.091815,0.091809
8.122000,0.091834,0.091828
8.123000,0.091847,0.091847
8.124000,0.091860,0.091850
8.125000,0.091866,0.091856
8.126000,0.091869,0.091866
8.127000,0.091875,0.091869
8.128000,0.091879,0.091872
8.129000,0.091879,0.091875
8.130000,0.091882,0.091872
8.131000,0.091888,0.091879
8.132000,0.091888,0.091879
8.133000,0.091888,0.091885
8.134000,0.091888,0.091885
8.135000,0.091891,0.091885
8.136000,0.091888,0.091888
8.137000,0.091891,0.091888
8.138000,0.091888,0.091885
8.139000,0.091891,0.091888
8.140000,0.091891,0.091888
8.141000,0.091898,0.091888
8.142000,0.091888,0.091891
8.143000,0.091894,0.091888
8.144000,0.091898,0.091888
8.145000,0.091894,0.091894
8.146000,0.091898,0.091891
8.147000,0.091894,0.091891
8.148000,0.091901,0.091898
8.149000,0.091904,0.091894
8.150000,0.091901,0.091898
8.151000,0.091904,0.091898
8.152000,0.091901,0.091901
8.153000,0.091907,0.091894
8.154000,0.091901,0.091894
8.155000,0.091904,0.091894
8.156000,0.091901,0.091904
8.157000,0.091901,0.091901
8.158000,0.091904,0.091898
8.159000,0.091901,0.091894
8.160000,0.091901,0.091894
8.161000,0.091904,0.091898
8.162000,0.091901,0.091901
8.163000,0.091904,0.091898
8.164000,0.091904,0.091898
8.165000,0.091670,0.091667
8.166000,0.091483,0.091477
8.167000,0.091372,0.091372
8.168000,0.091303,0.091300
8.169000,0.091259,0.091252
8.170000,0.091221,0.091217
8.171000,0.091195,0.091195
8.172000,0.091176,0.091173
8.173000,0.091167,0.091164
8.174000,0.091154,0.091148
8.175000,0.091148,0.091148
8.176000,0.091142,0.091135
8.177000,0.091138,0.091142
8.178000,0.091135,0.091129
8.179000,0.091135,0.091129
8.180000,0.091135,0.091126
8.181000,0.091129,0.091126
8.182000,0.091129,0.091123
8.183000,0.091126,0.091123
8.184000,0.091211,0.091202
8.185000,0.091262,0.091255
8.186000,0.091287,0.091281
8.187000,0.091303,0.091303
8.188000,0.091319,0.091312
8.189000,0.091325,0.091322
8.190000,0.091331,0.091325
8.191000,0.091338,0.091328
8.192000,0.091341,0.091338
8.193000,0.091344,0.091338
8.194000,0.091344,0.091338
8.195000,0.091344,0.091344
8.196000,0.091344,0.091344
8.197000,0.091344,0.091347
8.198000,0.091353,0.091353
8.199000,0.091350,0.091350
8.200000,0.091350,0.091347
8.201000,0.091347,0.091344
8.202000,0.091344,0.091344
8.203000,0.091350,0.091350
8.204000,0.091347,0.091344
8.205000,0.091347,0.091344
8.206000,0.091344,0.091344
8.207000,0.091344,0.091341
8.208000,0.091347,0.091344
8.209000,0.091347,0.091341
8.210000,0.091347,0.091341
8.211000,0.091347,0.091344
8.212000,0.091347,0.091341
8.213000,0.091347,0.091341
8.214000,0.091347,0.091347
8.215000,0.091578,0.091575
8.216000,0.091765,0.091765
8.217000,0.091882,0.091872
8.218000,0.091945,0.091936
8.219000,0.091993,0.091989
8.220000,0.092027,0.092021
8.221000,0.092053,0.092043
8.222000,0.092075,0.092065
8.223000,0.092081,0.092078
8.224000,0.092094,0.092091
8.225000,0.092100,0.092097
8.226000,0.092024,0.092024
8.227000,0.091980,0.091980
8.228000,0.091958,0.091948
8.229000,0.091939,0.091939
8.230000,0.091929,0.091926
8.231000,0.091926,0.091920
8.232000,0.091920,0.091913
8.233000,0.091910,0.091907
8.234000,0.091910,0.091907
8.235000,0.091904,0.091907
8.236000,0.091904,0.091901
8.237000,0.091901,0.091901
8.238000,0.091904,0.091901
8.239000,0.091901,0.091901
8.240000,0.091898,0.091898
8.241000,0.091901,0.091901
8.242000,0.091901,0.091898
8.243000,0.091901,0.091901
8.244000,0.091907,0.091901
8.245000,0.091904,0.091898
8.246000,0.091904,0.091901
8.247000,0.091904,0.091894
8.248000,0.091901,0.091898
8.249000,0.091904,0.091901
8.250000,0.091901,0.091898
8.251000,0.091901,0.091901
8.252000,0.091904,0.091901
8.253000,0.091901,0.091898
8.254000,0.091904,0.091901
8.255000,0.091901,0.091898
8.256000,0.091907,0.091898
8.257000,0.091901,0.091894
8.258000,0.091904,0.091901
8.259000,0.091901,0.091904
8.260000,0.091901,0.091901
8.261000,0.091904,0.091901
8.262000,0.091904,0.091901
8.263000,0.091904,0.091898
8.264000,0.091904,0.091904
8.265000,0.091673,0.091664
8.266000,0.091477,0.091471
8.267000,0.091372,0.091363
8.268000,0.091382,0.091382
8.269000,0.091306,0.091300
8.270000,0.091252,0.091252
8.271000,0.091217,0.091211
8.272000,0.091189,0.091192
8.273000,0.091176,0.091176
8.274000,0.091170,0.091161
8.275000,0.091161,0.091151
8.276000,0.091148,0.091148
8.277000,0.091142,0.091142
8.278000,0.091142,0.091135
8.279000,0.091138,0.091132
8.280000,0.091138,0.091135
8.281000,0.091132,0.091135
8.282000,0.091135,0.091126
8.283000,0.091135,0.091132
8.284000,0.091132,0.091126
8.285000,0.091129,0.091123
8.286000,0.091135,0.091123
8.287000,0.091129,0.091126
8.288000,0.091129,0.091129
8.289000,0.091123,0.091123
8.290000,0.091126,0.091119
8.291000,0.091126,0.091119
8.292000,0.091129,0.091116
8.293000,0.091132,0.091129
8.294000,0.091129,0.091126
8.295000,0.091126,0.091123
8.296000,0.091123,0.091123
8.297000,0.091126,0.091123
8.298000,0.091129,0.091123
8.299000,0.091123,0.091123
8.300000,0.091123,0.091123
8.301000,0.091123,0.091119
8.302000,0.091123,0.091123
8.303000,0.091123,0.091119
8.304000,0.091126,0.091119
8.305000,0.091123,0.091123
8.306000,0.091123,0.091123
8.307000,0.091126,0.091123
8.308000,0.091123,0.091116
8.309000,0.091119,0.091119
8.310000,0.091126,0.091119
8.311000,0.091123,0.091119
8.312000,0.091123,0.091116
8.313000,0.091116,0.091116
8.314000,0.091123,0.091113
8.315000,0.091350,0.091350
8.316000,0.091543,0.091534
8.317000,0.091645,0.091641
8.318000,0.091717,0.091714
8.319000,0.091768,0.091762
8.320000,0.091803,0.091800
8.321000,0.091825,0.091825
8.322000,0.091841,0.091841
8.323000,0.091853,0.091847
8.324000,0.091863,0.091863
8.325000,0.091872,0.091875
8.326000,0.091879,0.091875
8.327000,0.091885,0.091879
8.328000,0.091888,0.091882
8.329000,0.091888,0.091888
8.330000,0.091891,0.091888
8.331000,0.091894,0.091891
8.332000,0.091891,0.091891
8.333000,0.091894,0.091891
8.334000,0.091898,0.091891
8.335000,0.091898,0.091894
8.336000,0.091901,0.091891
8.337000,0.091901,0.091888
8.338000,0.091894,0.091894
8.339000,0.091894,0.091894
8.340000,0.091901,0.091891
8.341000,0.091898,0.091894
8.342000,0.091898,0.091894
8.343000,0.091901,0.091894
8.344000,0.091901,0.091894
8.345000,0.091898,0.091894
8.346000,0.091898,0.091894
8.347000,0.091901,0.091894
8.348000,0.091898,0.091894
8.349000,0.091898,0.091898
8.350000,0.091904,0.091898
8.351000,0.091898,0.091898
8.352000,0.091942,0.091936
8.353000,0.091920,0.091913
8.354000,0.091910,0.091904
8.355000,0.091904,0.091901
8.356000,0.091898,0.091901
8.357000,0.091901,0.091894
8.358000,0.091898,0.091894
8.359000,0.091898,0.091891
8.360000,0.091894,0.091891
8.361000,0.091894,0.091894
8.362000,0.091898,0.091891
8.363000,0.091898,0.091888
8.364000,0.091898,0.091888
8.365000,0.091664,0.091651
8.366000,0.091471,0.091471
8.367000,0.091363,0.091357
8.368000,0.091300,0.091290
8.369000,0.091246,0.091246
8.370000,0.091214,0.091211
8.371000,0.091189,0.091179
8.372000,0.091173,0.091167
8.373000,0.091157,0.091154
8.374000,0.091145,0.091145
8.375000,0.091138,0.091135
8.376000,0.091135,0.091129
8.377000,0.091129,0.091132
8.378000,0.091129,0.091123
8.379000,0.091126,0.091123
8.380000,0.091123,0.091123
8.381000,0.091123,0.091119
8.382000,0.091119,0.091119
8.383000,0.091123,0.091116
8.384000,0.091119,0.091113
8.385000,0.091116,0.091116
8.386000,0.091123,0.091113
8.387000,0.091116,0.091116
8.388000,0.091123,0.091123
8.389000,0.091126,0.091123
8.390000,0.091116,0.091116
8.391000,0.091116,0.091119
8.392000,0.091119,0.091116
8.393000,0.091116,0.091110
8.394000,0.091116,0.091110
8.395000,0.091116,0.091113
8.396000,0.091113,0.091113
8.397000,0.091113,0.091113
8.398000,0.091113,0.091107
8.399000,0.091113,0.091113
8.400000,0.091116,0.091119
8.401000,0.091119,0.091113
8.402000,0.091119,0.091119
8.403000,0.091123,0.091110
8.404000,0.091119,0.091116
8.405000,0.091123,0.091113
8.406000,0.091123,0.091113
8.407000,0.091119,0.091116
8.408000,0.091116,0.091116
8.409000,0.091119,0.091119
8.410000,0.091123,0.091113
8.411000,0.091123,0.091116
8.412000,0.091119,0.091116
8.413000,0.091116,0.091116
8.414000,0.091119,0.091116
8.415000,0.091353,0.091344
8.416000,0.091540,0.091534
8.417000,0.091641,0.091645
8.418000,0.091720,0.091708
8.419000,0.091765,0.091758
8.420000,0.091796,0.091796
8.421000,0.091825,0.091812
8.422000,0.091841,0.091838
8.423000,0.091856,0.091850
8.424000,0.091869,0.091853
8.425000,0.091879,0.091869
8.426000,0.091879,0.091872
8.427000,0.091885,0.091879
8.428000,0.091888,0.091879
8.429000,0.091888,0.091885
8.430000,0.091888,0.091885
8.431000,0.091888,0.091888
8.432000,0.091891,0.091885
8.433000,0.091894,0.091888
8.434000,0.091894,0.091894
8.435000,0.091891,0.091888
8.436000,0.091898,0.091891
8.437000,0.091898,0.091891
8.438000,0.091894,0.091891
8.439000,0.091894,0.091894
8.440000,0.091977,0.091974
8.441000,0.092024,0.092027
8.442000,0.092053,0.092053
8.443000,0.092075,0.092072
8.444000,0.092087,0.092081
8.445000,0.092094,0.092094
8.446000,0.092106,0.092097
8.447000,0.092110,0.092103
8.448000,0.092116,0.092113
8.449000,0.092113,0.092116
8.450000,0.092122,0.092116
8.451000,0.092116,0.092113
8.452000,0.092122,0.092116
8.453000,0.092122,0.092122
8.454000,0.092122,0.092119
8.455000,0.092119,0.092116
8.456000,0.092125,0.092122
8.457000,0.092125,0.092119
8.458000,0.092125,0.092119
8.459000,0.092122,0.092122
8.460000,0.092129,0.092122
8.461000,0.092125,0.092125
8.462000,0.092129,0.092122
8.463000,0.092129,0.092122
8.464000,0.092125,0.092129
8.465000,0.091894,0.091888
8.466000,0.091705,0.091701
8.467000,0.091594,0.091591
8.468000,0.091527,0.091521
8.469000,0.091480,0.091477
8.470000,0.091445,0.091442
8.471000,0.091426,0.091420
8.472000,0.091404,0.091395
8.473000,0.091391,0.091388
8.474000,0.091382,0.091379
8.475000,0.091376,0.091372
8.476000,0.091366,0.091366
8.477000,0.091369,0.091360
8.478000,0.091363,0.091357
8.479000,0.091360,0.091357
8.480000,0.091357,0.091360
8.481000,0.091357,0.091357
8.482000,0.091274,0.091271
8.483000,0.091236,0.091230
8.484000,0.091202,0.091195
8.485000,0.091179,0.091176
8.486000,0.091167,0.091157
8.487000,0.091154,0.091151
8.488000,0.091148,0.091145
8.489000,0.091138,0.091138
8.490000,0.091142,0.091135
8.491000,0.091135,0.091132
8.492000,0.091129,0.091129
8.493000,0.091135,0.091129
8.494000,0.091132,0.091129
8.495000,0.091126,0.091123
8.496000,0.091129,0.091126
8.497000,0.091126,0.091119
8.498000,0.091126,0.091126
8.499000,0.091129,0.091126
9.000000,0.091123,0.091123
9.001000,0.091129,0.091123
9.002000,0.091126,0.091119
9.003000,0.091123,0.091123
9.004000,0.091123,0.091123
9.005000,0.091129,0.091123
9.006000,0.091129,0.091119
9.007000,0.091123,0.091123
9.008000,0.091123,0.091116
9.009000,0.091119,0.091119
9.010000,0.091123,0.091123
9.011000,0.091116,0.091123
9.012000,0.091123,0.091113
9.013000,0.091123,0.091123
9.014000,0.091119,0.091116
9.015000,0.091347,0.091350
9.016000,0.091534,0.091540
9.017000,0.091648,0.091648
9.018000,0.091720,0.091717
9.019000,0.091768,0.091762
9.020000,0.091800,0.091796
9.021000,0.091828,0.091825
9.022000,0.091844,0.091844
9.023000,0.091856,0.091850
9.024000,0.091948,0.091945
9.025000,0.091920,0.091913
9.026000,0.091907,0.091904
9.027000,0.091904,0.091898
9.028000,0.091901,0.091898
9.029000,0.091898,0.091891
9.030000,0.091898,0.091894
9.031000,0.091894,0.091894
9.032000,0.091894,0.091894
9.033000,0.091898,0.091894
9.034000,0.091894,0.091888
9.035000,0.091901,0.091888
9.036000,0.091894,0.091894
9.037000,0.091901,0.091891
9.038000,0.091904,0.091891
9.039000,0.091894,0.091894
9.040000,0.091901,0.091891
9.041000,0.091901,0.091898
9.042000,0.091898,0.091894
9.043000,0.091901,0.091894
9.044000,0.091901,0.091894
9.045000,0.091898,0.091901
9.046000,0.091898,0.091891
9.047000,0.091898,0.091891
9.048000,0.091901,0.091898
9.049000,0.091901,0.091894
9.050000,0.091901,0.091891
9.051000,0.091898,0.091898
9.052000,0.091901,0.091898
9.053000,0.091901,0.091898
9.054000,0.091901,0.091898
9.055000,0.091901,0.091898
9.056000,0.091898,0.091894
9.057000,0.091904,0.091894
9.058000,0.091901,0.091894
9.059000,0.091901,0.091898
9.060000,0.091898,0.091894
9.061000,0.091901,0.091894
9.062000,0.091901,0.091898
9.063000,0.091901,0.091894
9.064000,0.091894,0.091898
9.065000,0.091667,0.091664
9.066000,0.091474,0.091471
9.067000,0.091366,0.091366
9.068000,0.091300,0.091290
9.069000,0.091252,0.091249
9.070000,0.091221,0.091217
9.071000,0.091195,0.091192
9.072000,0.091179,0.091173
9.073000,0.091164,0.091164
9.074000,0.091157,0.091148
9.075000,0.091151,0.091142
9.076000,0.091145,0.091142
9.077000,0.091142,0.091135
9.078000,0.091142,0.091145
9.079000,0.091145,0.091135
9.080000,0.091135,0.091132
9.081000,0.091132,0.091126
9.082000,0.091129,0.091129
9.083000,0.091132,0.091123
9.084000,0.091129,0.091119
9.085000,0.091126,0.091119
9.086000,0.091129,0.091119
9.087000,0.091119,0.091126
9.088000,0.091123,0.091126
9.089000,0.091123,0.091123
9.090000,0.091126,0.091119
9.091000,0.091123,0.091119
9.092000,0.091119,0.091123
9.093000,0.091126,0.091116
9.094000,0.091119,0.091123
9.095000,0.091123,0.091116
9.096000,0.091119,0.091123
9.097000,0.091119,0.091116
9.098000,0.091123,0.091116
9.099000,0.091123,0.091116
9.100000,0.091116,0.091119
9.101000,0.091126,0.091113
9.102000,0.091123,0.091116
9.103000,0.091123,0.091113
9.104000,0.091119,0.091119
9.105000,0.091123,0.091116
9.106000,0.091119,0.091116
9.107000,0.091123,0.091116
9.108000,0.091157,0.091161
9.109000,0.091138,0.091135
9.110000,0.091123,0.091123
9.111000,0.091123,0.091119
9.112000,0.091123,0.091123
9.113000,0.091116,0.091113
9.114000,0.091116,0.091113
9.115000,0.091347,0.091344
9.116000,0.091531,0.091527
9.117000,0.091645,0.091632
9.118000,0.091708,0.091711
9.119000,0.091762,0.091755
9.120000,0.091793,0.091781
9.121000,0.091815,0.091809
9.122000,0.091831,0.091831
9.123000,0.091844,0.091847
9.124000,0.091860,0.091856
9.125000,0.091866,0.091866
9.126000,0.091869,0.091866
9.127000,0.091879,0.091875
9.128000,0.091879,0.091872
9.129000,0.091882,0.091869
9.130000,0.091882,0.091882
9.131000,0.091879,0.091882
9.132000,0.091888,0.091882
9.133000,0.091888,0.091882
9.134000,0.091888,0.091885
9.135000,0.091891,0.091891
9.136000,0.091888,0.091885
9.137000,0.091891,0.091885
9.138000,0.091888,0.091885
9.139000,0.091891,0.091885
9.140000,0.091891,0.091885
9.141000,0.091891,0.091882
9.142000,0.091891,0.091885
9.143000,0.091888,0.091888
9.144000,0.091891,0.091888
9.145000,0.091891,0.091885
9.146000,0.091888,0.091885
9.147000,0.091891,0.091885
9.148000,0.091888,0.091888
9.149000,0.091891,0.091891
9.150000,0.091891,0.091888
9.151000,0.091888,0.091888
9.152000,0.091891,0.091888
9.153000,0.091894,0.091888
9.154000,0.091894,0.091888
9.155000,0.091894,0.091888
9.156000,0.091898,0.091888
9.157000,0.091891,0.091888
9.158000,0.091901,0.091894
9.159000,0.091898,0.091894
9.160000,0.091898,0.091898
9.161000,0.091901,0.091894
9.162000,0.091901,0.091891
9.163000,0.091901,0.091894
9.164000,0.091901,0.091898
9.165000,0.091673,0.091660
9.166000,0.091480,0.091471
9.167000,0.091369,0.091360
9.168000,0.091303,0.091300
9.169000,0.091255,0.091252
9.170000,0.091221,0.091214
9.171000,0.091195,0.091192
9.172000,0.091179,0.091176
9.173000,0.091164,0.091161
9.174000,0.091167,0.091164
9.175000,0.091157,0.091148
9.176000,0.091145,0.091138
9.177000,0.091142,0.091135
9.178000,0.091138,0.091132
9.179000,0.091135,0.091129
9.180000,0.091132,0.091129
9.181000,0.091129,0.091123
9.182000,0.091129,0.091126
9.183000,0.091129,0.091119
9.184000,0.091123,0.091126
9.185000,0.091129,0.091119
9.186000,0.091123,0.091123
9.187000,0.091126,0.091126
9.188000,0.091123,0.091119
9.189000,0.091126,0.091116
9.190000,0.091126,0.091116
9.191000,0.091123,0.091123
9.192000,0.091123,0.091119
9.193000,0.091119,0.091119
9.194000,0.091123,0.091123
9.195000,0.091123,0.091116
9.196000,0.091123,0.091119
9.197000,0.091198,0.091198
9.198000,0.091252,0.091249
9.199000,0.091281,0.091274
9.200000,0.091293,0.091297
9.201000,0.091309,0.091306
9.202000,0.091316,0.091319
9.203000,0.091325,0.091322
9.204000,0.091331,0.091328
9.205000,0.091335,0.091328
9.206000,0.091335,0.091331
9.207000,0.091341,0.091335
9.208000,0.091338,0.091331
9.209000,0.091338,0.091335
9.210000,0.091341,0.091338
9.211000,0.091344,0.091341
9.212000,0.091338,0.091338
9.213000,0.091341,0.091341
9.214000,0.091341,0.091338
9.215000,0.091572,0.091572
9.216000,0.091768,0.091762
9.217000,0.091875,0.091866
9.218000,0.091939,0.091939
9.219000,0.091989,0.091983
9.220000,0.092024,0.092018
9.221000,0.092046,0.092046
9.222000,0.092065,0.092065
9.223000,0.092081,0.092078
9.224000,0.092091,0.092084
9.225000,0.092094,0.092094
9.226000,0.092106,0.092097
9.227000,0.092106,0.092100
9.228000,0.092113,0.092106
9.229000,0.092113,0.092110
9.230000,0.092116,0.092113
9.231000,0.092113,0.092116
9.232000,0.092122,0.092110
9.233000,0.092119,0.092116
9.234000,0.092119,0.092116
9.235000,0.092119,0.092113
9.236000,0.092125,0.092119
9.237000,0.092129,0.092122
9.238000,0.092129,0.092119
9.239000,0.092043,0.092037
9.240000,0.091996,0.091989
9.241000,0.091970,0.091961
9.242000,0.091948,0.091942
9.243000,0.091932,0.091926
9.244000,0.091926,0.091920
9.245000,0.091917,0.091917
9.246000,0.091913,0.091907
9.247000,0.091913,0.091907
9.248000,0.091907,0.091907
9.249000,0.091907,0.091904
9.250000,0.091904,0.091904
9.251000,0.091904,0.091901
9.252000,0.091904,0.091898
9.253000,0.091910,0.091901
9.254000,0.091904,0.091901
9.255000,0.091904,0.091898
9.256000,0.091901,0.091901
9.257000,0.091901,0.091898
9.258000,0.091907,0.091901
9.259000,0.091901,0.091894
9.260000,0.091901,0.091901
9.261000,0.091904,0.091901
9.262000,0.091898,0.091898
9.263000,0.091904,0.091898
9.264000,0.091901,0.091901
9.265000,0.091673,0.091667
9.266000,0.091477,0.091474
9.267000,0.091376,0.091363
9.268000,0.091300,0.091297
9.269000,0.091265,0.091262
9.270000,0.091227,0.091224
9.271000,0.091198,0.091195
9.272000,0.091183,0.091179
9.273000,0.091164,0.091164
9.274000,0.091157,0.091154
9.275000,0.091151,0.091142
9.276000,0.091148,0.091148
9.277000,0.091135,0.091138
9.278000,0.091138,0.091135
9.279000,0.091132,0.091132
9.280000,0.091132,0.091129
9.281000,0.091211,0.091205
9.282000,0.091179,0.091179
9.283000,0.091157,0.091154
9.284000,0.091151,0.091142
9.285000,0.091145,0.091135
9.286000,0.091142,0.091135
9.287000,0.091129,0.091129
9.288000,0.091129,0.091129
9.289000,0.091132,0.091129
9.290000,0.091129,0.091126
9.291000,0.091126,0.091123
9.292000,0.091126,0.091126
9.293000,0.091126,0.091123
9.294000,0.091119,0.091119
9.295000,0.091126,0.091123
9.296000,0.091123,0.091123
9.297000,0.091129,0.091119
9.298000,0.091123,0.091119
9.299000,0.091119,0.091123
9.300000,0.091126,0.091123
9.301000,0.091123,0.091123
9.302000,0.091123,0.091119
9.303000,0.091123,0.091119
9.304000,0.091123,0.091119
9.305000,0.091119,0.091116
9.306000,0.091116,0.091119
9.307000,0.091123,0.091116
9.308000,0.091119,0.091116
9.309000,0.091119,0.091116
9.310000,0.091119,0.091116
9.311000,0.091119,0.091116
9.312000,0.091123,0.091123
9.313000,0.091123,0.091113
9.314000,0.091123,0.091119
9.315000,0.091350,0.091350
9.316000,0.091537,0.091540
9.317000,0.091651,0.091641
9.318000,0.091717,0.091714
9.319000,0.091771,0.091765
9.320000,0.091800,0.091793
9.321000,0.091828,0.091825
9.322000,0.091844,0.091838
9.323000,0.091860,0.091844
9.324000,0.091863,0.091860
9.325000,0.091872,0.091866
9.326000,0.091882,0.091875
9.327000,0.091879,0.091879
9.328000,0.091888,0.091885
9.329000,0.091888,0.091888
9.330000,0.091888,0.091888
9.331000,0.091891,0.091885
9.332000,0.091898,0.091885
9.333000,0.091894,0.091888
9.334000,0.091898,0.091888
9.335000,0.091898,0.091888
9.336000,0.091894,0.091891
9.337000,0.091898,0.091891
9.338000,0.091894,0.091888
9.339000,0.091894,0.091891
9.340000,0.091898,0.091888
9.341000,0.091898,0.091891
9.342000,0.091898,0.091891
9.343000,0.091898,0.091898
9.344000,0.091901,0.091891
9.345000,0.091901,0.091891
9.346000,0.091901,0.091894
9.347000,0.091901,0.091898
9.348000,0.091894,0.091898
9.349000,0.091894,0.091891
9.350000,0.091898,0.091894
9.351000,0.091898,0.091891
9.352000,0.091901,0.091894
9.353000,0.091898,0.091894
9.354000,0.091904,0.091898
9.355000,0.091901,0.091894
9.356000,0.091901,0.091891
9.357000,0.091901,0.091894
9.358000,0.091901,0.091898
9.359000,0.091904,0.091894
9.360000,0.091898,0.091894
9.361000,0.091901,0.091894
9.362000,0.091901,0.091898
9.363000,0.091901,0.091898
9.364000,0.091945,0.091939
9.365000,0.091701,0.091692
9.366000,0.091490,0.091486
9.367000,0.091379,0.091369
9.368000,0.091306,0.091297
9.369000,0.091255,0.091249
9.370000,0.091217,0.091217
9.371000,0.091192,0.091189
9.372000,0.091176,0.091167
9.373000,0.091161,0.091157
9.374000,0.091151,0.091151
9.375000,0.091142,0.091138
9.376000,0.091142,0.091135
9.377000,0.091135,0.091129
9.378000,0.091129,0.091129
9.379000,0.091126,0.091126
9.380000,0.091129,0.091119
9.381000,0.091123,0.091123
9.382000,0.091126,0.091123
9.383000,0.091123,0.091116
9.384000,0.091123,0.091116
9.385000,0.091119,0.091116
9.386000,0.091119,0.091116
9.387000,0.091116,0.091116
9.388000,0.091123,0.091119
9.389000,0.091123,0.091116
9.390000,0.091119,0.091113
9.391000,0.091116,0.091113
9.392000,0.091116,0.091113
9.393000,0.091116,0.091113
9.394000,0.091119,0.091107
9.395000,0.091116,0.091110
9.396000,0.091116,0.091116
9.397000,0.091116,0.091113
9.398000,0.091113,0.091110
9.399000,0.091113,0.091110
9.400000,0.091116,0.091110
9.401000,0.091113,0.091110
9.402000,0.091116,0.091110
9.403000,0.091113,0.091113
9.404000,0.091113,0.091110
9.405000,0.091113,0.091110
9.406000,0.091113,0.091110
9.407000,0.091113,0.091104
9.408000,0.091113,0.091107
9.409000,0.091113,0.091107
9.410000,0.091116,0.091107
9.411000,0.091107,0.091107
9.412000,0.091116,0.091113
9.413000,0.091116,0.091113
9.414000,0.091116,0.091113
9.415000,0.091350,0.091344
9.416000,0.091537,0.091534
9.417000,0.091645,0.091641
9.418000,0.091717,0.091711
9.419000,0.091765,0.091765
9.420000,0.091800,0.091800
9.421000,0.091825,0.091819
9.422000,0.091838,0.091834
9.423000,0.091850,0.091850
9.424000,0.091866,0.091863
9.425000,0.091872,0.091863
9.426000,0.091879,0.091879
9.427000,0.091879,0.091875
9.428000,0.091885,0.091882
9.429000,0.091888,0.091882
9.430000,0.091891,0.091882
9.431000,0.091894,0.091888
9.432000,0.091891,0.091891
9.433000,0.091891,0.091888
9.434000,0.091888,0.091891
9.435000,0.091891,0.091888
9.436000,0.091898,0.091894
9.437000,0.091894,0.091891
9.438000,0.091898,0.091894
9.439000,0.091894,0.091891
9.440000,0.091894,0.091894
9.441000,0.091898,0.091888
9.442000,0.091894,0.091891
9.443000,0.091901,0.091891
9.444000,0.091894,0.091891
9.445000,0.091901,0.091894
9.446000,0.091891,0.091894
9.447000,0.091898,0.091894
9.448000,0.091898,0.091898
9.449000,0.091898,0.091894
9.450000,0.091901,0.091894
9.451000,0.091901,0.091894
9.452000,0.091894,0.091894
9.453000,0.091977,0.091974
9.454000,0.092027,0.092024
9.455000,0.092059,0.092046
9.456000,0.092072,0.092072
9.457000,0.092087,0.092081
9.458000,0.092094,0.092091
9.459000,0.092103,0.092097
9.460000,0.092110,0.092106
9.461000,0.092116,0.092110
9.462000,0.092122,0.092125
9.463000,0.092125,0.092116
9.464000,0.092119,0.092122
9.465000,0.091894,0.091888
9.466000,0.091708,0.091698
9.467000,0.091597,0.091594
9.468000,0.091527,0.091521
9.469000,0.091477,0.091477
9.470000,0.091445,0.091445
9.471000,0.091423,0.091414
9.472000,0.091404,0.091398
9.473000,0.091385,0.091388
9.474000,0.091379,0.091379
9.475000,0.091372,0.091369
9.476000,0.091366,0.091366
9.477000,0.091360,0.091360
9.478000,0.091363,0.091357
9.479000,0.091357,0.091360
9.480000,0.091366,0.091353
9.481000,0.091357,0.091357
9.482000,0.091353,0.091347
9.483000,0.091353,0.091353
9.484000,0.091357,0.091347
9.485000,0.091347,0.091347
9.486000,0.091353,0.091344
9.487000,0.091350,0.091347
9.488000,0.091347,0.091344
9.489000,0.091344,0.091350
9.490000,0.091350,0.091344
9.491000,0.091347,0.091350
9.492000,0.091353,0.091350
9.493000,0.091350,0.091344
9.494000,0.091350,0.091347
9.495000,0.091265,0.091259
9.496000,0.091221,0.091214
9.497000,0.091189,0.091189
9.498000,0.091173,0.091167
9.499000,0.091161,0.091154
10.000000,0.091148,0.091148
10.001000,0.091142,0.091135
10.002000,0.091135,0.091132
10.003000,0.091132,0.091129
10.004000,0.091129,0.091126
10.005000,0.091129,0.091129
10.006000,0.091126,0.091123
10.007000,0.091126,0.091126
10.008000,0.091129,0.091123
10.009000,0.091123,0.091119
10.010000,0.091123,0.091119
10.011000,0.091126,0.091116
10.012000,0.091126,0.091119
10.013000,0.091123,0.091113
10.014000,0.091119,0.091116
10.015000,0.091353,0.091347
10.016000,0.091543,0.091540
10.017000,0.091651,0.091648
10.018000,0.091717,0.091717
10.019000,0.091765,0.091762
10.020000,0.091796,0.091800
10.021000,0.091831,0.091822
10.022000,0.091844,0.091844
10.023000,0.091856,0.091850
10.024000,0.091872,0.091860
10.025000,0.091875,0.091872
10.026000,0.091882,0.091872
10.027000,0.091882,0.091882
10.028000,0.091888,0.091885
10.029000,0.091894,0.091885
10.030000,0.091894,0.091888
10.031000,0.091891,0.091888
10.032000,0.091894,0.091891
10.033000,0.091894,0.091891
10.034000,0.091894,0.091891
10.035000,0.091894,0.091894
10.036000,0.091901,0.091894
10.037000,0.091974,0.091977
10.038000,0.091948,0.091942
10.039000,0.091923,0.091923
10.040000,0.091917,0.091913
10.041000,0.091913,0.091907
10.042000,0.091910,0.091901
10.043000,0.091904,0.091898
10.044000,0.091904,0.091901
10.045000,0.091907,0.091901
10.046000,0.091904,0.091894
10.047000,0.091898,0.091898
10.048000,0.091901,0.091894
10.049000,0.091901,0.091894
10.050000,0.091904,0.091894
10.051000,0.091901,0.091898
10.052000,0.091901,0.091894
10.053000,0.091898,0.091898
10.054000,0.091901,0.091898
10.055000,0.091894,0.091894
10.056000,0.091901,0.091894
10.057000,0.091904,0.091898
10.058000,0.091910,0.091907
10.059000,0.091904,0.091901
10.060000,0.091904,0.091901
10.061000,0.091901,0.091898
10.062000,0.091907,0.091898
10.063000,0.091901,0.091898
10.064000,0.091904,0.091901
10.065000,0.091670,0.091667
10.066000,0.091477,0.091477
10.067000,0.091372,0.091366
10.068000,0.091306,0.091303
10.069000,0.091259,0.091249
10.070000,0.091224,0.091214
10.071000,0.091198,0.091192
10.072000,0.091179,0.091176
10.073000,0.091164,0.091161
10.074000,0.091154,0.091151
10.075000,0.091151,0.091142
10.076000,0.091138,0.091135
10.077000,0.091142,0.091135
10.078000,0.091135,0.091132
10.079000,0.091135,0.091129
10.080000,0.091132,0.091126
10.081000,0.091132,0.091126
10.082000,0.091129,0.091129
10.083000,0.091126,0.091129
10.084000,0.091129,0.091123
10.085000,0.091129,0.091123
10.086000,0.091129,0.091126
10.087000,0.091126,0.091126
10.088000,0.091123,0.091123
10.089000,0.091123,0.091116
10.090000,0.091126,0.091123
10.091000,0.091123,0.091123
10.092000,0.091126,0.091123
10.093000,0.091123,0.091119
10.094000,0.091123,0.091119
10.095000,0.091126,0.091123
10.096000,0.091119,0.091123
10.097000,0.091123,0.091116
10.098000,0.091126,0.091119
10.099000,0.091123,0.091123
10.100000,0.091123,0.091113
10.101000,0.091123,0.091116
10.102000,0.091119,0.091123
10.103000,0.091116,0.091119
10.104000,0.091126,0.091119
10.105000,0.091119,0.091116
10.106000,0.091123,0.091113
10.107000,0.091119,0.091113
10.108000,0.091123,0.091119
10.109000,0.091116,0.091116
10.110000,0.091119,0.091116
10.111000,0.091119,0.091116
10.112000,0.091119,0.091116
10.113000,0.091123,0.091116
10.114000,0.091123,0.091116
10.115000,0.091344,0.091347
10.116000,0.091543,0.091534
10.117000,0.091645,0.091638
10.118000,0.091717,0.091714
10.119000,0.091768,0.091762
10.120000,0.091844,0.091834
10.121000,0.091841,0.091841
10.122000,0.091856,0.091844
10.123000,0.091863,0.091850
10.124000,0.091869,0.091863
10.125000,0.091869,0.091869
10.126000,0.091872,0.091869
10.127000,0.091875,0.091872
10.128000,0.091882,0.091872
10.129000,0.091882,0.091875
10.130000,0.091882,0.091882
10.131000,0.091885,0.091879
10.132000,0.091885,0.091882
10.133000,0.091891,0.091882
10.134000,0.091891,0.091885
10.135000,0.091888,0.091882
10.136000,0.091891,0.091882
10.137000,0.091891,0.091885
10.138000,0.091888,0.091888
10.139000,0.091891,0.091888
10.140000,0.091891,0.091888
10.141000,0.091891,0.091885
10.142000,0.091888,0.091885
10.143000,0.091885,0.091888
10.144000,0.091888,0.091885
10.145000,0.091885,0.091882
10.146000,0.091894,0.091882
10.147000,0.091891,0.091888
10.148000,0.091888,0.091888
10.149000,0.091894,0.091891
10.150000,0.091894,0.091885
10.151000,0.091891,0.091888
10.152000,0.091894,0.091888
10.153000,0.091904,0.091898
10.154000,0.091894,0.091888
10.155000,0.091894,0.091891
10.156000,0.091894,0.091888
10.157000,0.091898,0.091888
10.158000,0.091894,0.091891
10.159000,0.091891,0.091898
10.160000,0.091894,0.091891
10.161000,0.091894,0.091888
10.162000,0.091894,0.091885
10.163000,0.091901,0.091888
10.164000,0.091894,0.091891
10.165000,0.091667,0.091664
10.166000,0.091471,0.091474
10.167000,0.091366,0.091369
10.168000,0.091300,0.091297
10.169000,0.091255,0.091252
10.170000,0.091217,0.091214
10.171000,0.091192,0.091198
10.172000,0.091179,0.091170
10.173000,0.091164,0.091161
10.174000,0.091157,0.091154
10.175000,0.091151,0.091145
10.176000,0.091142,0.091138
10.177000,0.091138,0.091138
10.178000,0.091138,0.091129
10.179000,0.091135,0.091123
10.180000,0.091129,0.091129
10.181000,0.091129,0.091129
10.182000,0.091129,0.091126
10.183000,0.091129,0.091129
10.184000,0.091123,0.091123
10.185000,0.091126,0.091123
10.186000,0.091123,0.091123
10.187000,0.091126,0.091119
10.188000,0.091123,0.091119
10.189000,0.091123,0.091123
10.190000,0.091123,0.091119
10.191000,0.091126,0.091123
10.192000,0.091119,0.091123
10.193000,0.091123,0.091116
10.194000,0.091123,0.091123
10.195000,0.091123,0.091116
10.196000,0.091119,0.091123
10.197000,0.091129,0.091116
10.198000,0.091123,0.091119
10.199000,0.091123,0.091119
10.200000,0.091119,0.091116
10.201000,0.091123,0.091116
10.202000,0.091119,0.091116
10.203000,0.091123,0.091116
10.204000,0.091198,0.091195
10.205000,0.091249,0.091243
10.206000,0.091274,0.091274
10.207000,0.091300,0.091293
10.208000,0.091312,0.091303
10.209000,0.091319,0.091312
10.210000,0.091322,0.091322
10.211000,0.091325,0.091325
10.212000,0.091331,0.091331
10.213000,0.091335,0.091331
10.214000,0.091341,0.091331
10.215000,0.091565,0.091569
10.216000,0.091758,0.091755
10.217000,0.091869,0.091863
10.218000,0.091939,0.091936
10.219000,0.091983,0.091989
10.220000,0.092024,0.092018
10.221000,0.092046,0.092046
10.222000,0.092065,0.092065
10.223000,0.092078,0.092078
10.224000,0.092091,0.092091
10.225000,0.092094,0.092091
10.226000,0.092100,0.092100
10.227000,0.092106,0.092103
10.228000,0.092110,0.092106
10.229000,0.092116,0.092110
10.230000,0.092119,0.092113
10.231000,0.092116,0.092113
10.232000,0.092119,0.092116
10.233000,0.092119,0.092116
10.234000,0.092122,0.092119
10.235000,0.092122,0.092116
10.236000,0.092119,0.092119
10.237000,0.092122,0.092119
10.238000,0.092122,0.092119
10.239000,0.092122,0.092122
10.240000,0.092122,0.092119
10.241000,0.092122,0.092116
10.242000,0.092125,0.092119
10.243000,0.092125,0.092122
10.244000,0.092122,0.092122
10.245000,0.092125,0.092119
10.246000,0.092043,0.092040
10.247000,0.091996,0.091993
10.248000,0.091977,0.091970
10.249000,0.091958,0.091951
10.250000,0.091936,0.091936
10.251000,0.091929,0.091926
10.252000,0.091923,0.091920
10.253000,0.091920,0.091913
10.254000,0.091913,0.091913
10.255000,0.091913,0.091907
10.256000,0.091910,0.091910
10.257000,0.091910,0.091904
10.258000,0.091907,0.091901
10.259000,0.091907,0.091901
10.260000,0.091904,0.091901
10.261000,0.091904,0.091901
10.262000,0.091904,0.091901
10.263000,0.091910,0.091901
10.264000,0.091907,0.091901
10.265000,0.091670,0.091670
10.266000,0.091483,0.091477
10.267000,0.091376,0.091369
10.268000,0.091303,0.091300
10.269000,0.091259,0.091252
10.270000,0.091221,0.091221
10.271000,0.091202,0.091192
10.272000,0.091186,0.091176
10.273000,0.091167,0.091167
10.274000,0.091157,0.091154
10.275000,0.091148,0.091148
10.276000,0.091142,0.091145
10.277000,0.091135,0.091142
10.278000,0.091135,0.091132
10.279000,0.091129,0.091132
10.280000,0.091129,0.091129
10.281000,0.091132,0.091132
10.282000,0.091135,0.091126
10.283000,0.091126,0.091132
10.284000,0.091129,0.091129
10.285000,0.091129,0.091126
10.286000,0.091132,0.091123
10.287000,0.091126,0.091123
10.288000,0.091211,0.091208
10.289000,0.091173,0.091176
10.290000,0.091154,0.091151
10.291000,0.091148,0.091142
10.292000,0.091142,0.091135
10.293000,0.091132,0.091132
10.294000,0.091132,0.091126
10.295000,0.091129,0.091129
10.296000,0.091129,0.091119
10.297000,0.091126,0.091123
10.298000,0.091129,0.091123
10.299000,0.091123,0.091123
10.300000,0.091123,0.091123
10.301000,0.091123,0.091123
10.302000,0.091123,0.091116
10.303000,0.091126,0.091119
10.304000,0.091123,0.091119
10.305000,0.091123,0.091119
10.306000,0.091123,0.091123
10.307000,0.091119,0.091116
10.308000,0.091123,0.091123
10.309000,0.091123,0.091119
10.310000,0.091119,0.091119
10.311000,0.091119,0.091116
10.312000,0.091123,0.091116
10.313000,0.091123,0.091116
10.314000,0.091119,0.091123
10.315000,0.091357,0.091350
10.316000,0.091543,0.091543
10.317000,0.091648,0.091648
10.318000,0.091717,0.091711
10.319000,0.091768,0.091758
10.320000,0.091800,0.091800
10.321000,0.091828,0.091819
10.322000,0.091841,0.091841
10.323000,0.091856,0.091853
10.324000,0.091869,0.091863
10.325000,0.091875,0.091869
10.326000,0.091882,0.091869
10.327000,0.091885,0.091882
10.328000,0.091885,0.091885
10.329000,0.091891,0.091885
10.330000,0.091891,0.091888
10.331000,0.091894,0.091888
10.332000,0.091888,0.091894
10.333000,0.091894,0.091894
10.334000,0.091891,0.091894
10.335000,0.091894,0.091888
10.336000,0.091894,0.091894
10.337000,0.091894,0.091894
10.338000,0.091901,0.091888
10.339000,0.091898,0.091891
10.340000,0.091894,0.091891
10.341000,0.091894,0.091891
10.342000,0.091901,0.091898
10.343000,0.091904,0.091901
10.344000,0.091904,0.091898
10.345000,0.091904,0.091898
10.346000,0.091904,0.091894
10.347000,0.091904,0.091894
10.348000,0.091894,0.091894
10.349000,0.091901,0.091894
10.350000,0.091901,0.091898
10.351000,0.091898,0.091894
10.352000,0.091898,0.091898
10.353000,0.091898,0.091898
10.354000,0.091904,0.091894
10.355000,0.091901,0.091894
10.356000,0.091898,0.091898
10.357000,0.091904,0.091898
10.358000,0.091898,0.091898
10.359000,0.091901,0.091898
10.360000,0.091904,0.091901
10.361000,0.091898,0.091898
10.362000,0.091904,0.091904
10.363000,0.091904,0.091901
10.364000,0.091904,0.091901
10.365000,0.091670,0.091667
10.366000,0.091477,0.091477
10.367000,0.091369,0.091366
10.368000,0.091303,0.091300
10.369000,0.091255,0.091255
10.370000,0.091224,0.091217
10.371000,0.091195,0.091192
10.372000,0.091179,0.091176
10.373000,0.091164,0.091157
10.374000,0.091154,0.091151
10.375000,0.091145,0.091148
10.376000,0.091183,0.091179
10.377000,0.091157,0.091151
10.378000,0.091148,0.091142
10.379000,0.091138,0.091135
10.380000,0.091129,0.091126
10.381000,0.091126,0.091126
10.382000,0.091123,0.091123
10.383000,0.091126,0.091123
10.384000,0.091123,0.091113
10.385000,0.091116,0.091116
10.386000,0.091119,0.091113
10.387000,0.091116,0.091116
10.388000,0.091116,0.091113
10.389000,0.091119,0.091113
10.390000,0.091119,0.091113
10.391000,0.091113,0.091116
10.392000,0.091119,0.091110
10.393000,0.091113,0.091113
10.394000,0.091116,0.091113
10.395000,0.091110,0.091110
10.396000,0.091113,0.091113
10.397000,0.091116,0.091110
10.398000,0.091113,0.091113
10.399000,0.091113,0.091110
10.400000,0.091110,0.091110
10.401000,0.091116,0.091110
10.402000,0.091116,0.091107
10.403000,0.091110,0.091113
10.404000,0.091113,0.091110
10.405000,0.091116,0.091107
10.406000,0.091113,0.091110
10.407000,0.091113,0.091110
10.408000,0.091110,0.091107
10.409000,0.091110,0.091104
10.410000,0.091110,0.091110
10.411000,0.091113,0.091107
10.412000,0.091110,0.091107
10.413000,0.091110,0.091107
10.414000,0.091107,0.091104
10.415000,0.091344,0.091338
10.416000,0.091531,0.091527
10.417000,0.091635,0.091632
10.418000,0.091708,0.091701
10.419000,0.091752,0.091749
10.420000,0.091796,0.091784
10.421000,0.091819,0.091819
10.422000,0.091841,0.091834
10.423000,0.091853,0.091853
10.424000,0.091863,0.091860
10.425000,0.091872,0.091869
10.426000,0.091879,0.091869
10.427000,0.091879,0.091872
10.428000,0.091888,0.091879
10.429000,0.091888,0.091885
10.430000,0.091891,0.091888
10.431000,0.091888,0.091888
10.432000,0.091891,0.091888
10.433000,0.091894,0.091888
10.434000,0.091894,0.091888
10.435000,0.091894,0.091888
10.436000,0.091894,0.091888
10.437000,0.091901,0.091888
10.438000,0.091907,0.091901
10.439000,0.091901,0.091901
10.440000,0.091901,0.091901
10.441000,0.091901,0.091894
10.442000,0.091898,0.091894
10.443000,0.091898,0.091891
10.444000,0.091898,0.091891
10.445000,0.091898,0.091894
10.446000,0.091898,0.091894
10.447000,0.091901,0.091894
10.448000,0.091894,0.091894
10.449000,0.091901,0.091891
10.450000,0.091898,0.091894
10.451000,0.091904,0.091894
10.452000,0.091901,0.091894
10.453000,0.091901,0.091894
10.454000,0.091894,0.091898
10.455000,0.091898,0.091894
10.456000,0.091898,0.091894
10.457000,0.091898,0.091891
10.458000,0.091901,0.091894
10.459000,0.091901,0.091894
10.460000,0.091901,0.091898
10.461000,0.091983,0.091977
10.462000,0.092024,0.092024
10.463000,0.092053,0.092062
10.464000,0.092075,0.092075
10.465000,0.091863,0.091850
10.466000,0.091679,0.091673
10.467000,0.091572,0.091572
10.468000,0.091515,0.091505
10.469000,0.091471,0.091464
10.470000,0.091436,0.091433
10.471000,0.091417,0.091410
10.472000,0.091404,0.091391
10.473000,0.091388,0.091385
10.474000,0.091376,0.091379
10.475000,0.091372,0.091369
10.476000,0.091372,0.091366
10.477000,0.091360,0.091363
10.478000,0.091357,0.091357
10.479000,0.091357,0.091353
10.480000,0.091357,0.091353
10.481000,0.091353,0.091350
10.482000,0.091357,0.091350
10.483000,0.091350,0.091353
10.484000,0.091357,0.091353
10.485000,0.091350,0.091347
10.486000,0.091350,0.091347
10.487000,0.091350,0.091344
10.488000,0.091357,0.091344
10.489000,0.091347,0.091341
10.490000,0.091353,0.091347
10.491000,0.091350,0.091344
10.492000,0.091347,0.091344
10.493000,0.091347,0.091344
10.494000,0.091350,0.091344
10.495000,0.091347,0.091344
10.496000,0.091350,0.091341
10.497000,0.091350,0.091347
10.498000,0.091344,0.091344
10.499000,0.091347,0.091344
11.000000,0.091353,0.091344
11.001000,0.091350,0.091341
11.002000,0.091347,0.091338
11.003000,0.091265,0.091259
11.004000,0.091221,0.091214
11.005000,0.091189,0.091179
11.006000,0.091167,0.091167
11.007000,0.091154,0.091154
11.008000,0.091148,0.091142
11.009000,0.091142,0.091135
11.010000,0.091132,0.091132
11.011000,0.091135,0.091129
11.012000,0.091135,0.091129
11.013000,0.091126,0.091119
11.014000,0.091129,0.091119
11.015000,0.091357,0.091353
11.016000,0.091540,0.091540
11.017000,0.091654,0.091651
11.018000,0.091724,0.091717
11.019000,0.091768,0.091768
11.020000,0.091803,0.091796
11.021000,0.091828,0.091822
11.022000,0.091844,0.091838
11.023000,0.091860,0.091850
11.024000,0.091863,0.091863
11.025000,0.091879,0.091872
11.026000,0.091879,0.091869
11.027000,0.091882,0.091879
11.028000,0.091885,0.091879
11.029000,0.091891,0.091885
11.030000,0.091891,0.091888
11.031000,0.091894,0.091888
11.032000,0.091894,0.091888
11.033000,0.091904,0.091901
11.034000,0.091901,0.091898
11.035000,0.091894,0.091901
11.036000,0.091901,0.091888
11.037000,0.091898,0.091894
11.038000,0.091894,0.091894
11.039000,0.091898,0.091894
11.040000,0.091898,0.091894
11.041000,0.091898,0.091894
11.042000,0.091898,0.091898
11.043000,0.091894,0.091894
11.044000,0.091901,0.091891
11.045000,0.091983,0.091980
11.046000,0.091945,0.091942
11.047000,0.091926,0.091923
11.048000,0.091917,0.091913
11.049000,0.091910,0.091910
11.050000,0.091907,0.091904
11.051000,0.091910,0.091904
11.052000,0.091907,0.091901
11.053000,0.091907,0.091898
11.054000,0.091901,0.091901
11.055000,0.091904,0.091894
11.056000,0.091901,0.091901
11.057000,0.091901,0.091898
11.058000,0.091907,0.091898
11.059000,0.091901,0.091898
11.060000,0.091901,0.091901
11.061000,0.091901,0.091898
11.062000,0.091907,0.091901
11.063000,0.091904,0.091898
11.064000,0.091901,0.091901
11.065000,0.091673,0.091667
11.066000,0.091483,0.091477
11.067000,0.091376,0.091366
11.068000,0.091303,0.091303
11.069000,0.091252,0.091252
11.070000,0.091221,0.091217
11.071000,0.091195,0.091195
11.072000,0.091179,0.091176
11.073000,0.091164,0.091164
11.074000,0.091157,0.091154
11.075000,0.091145,0.091148
11.076000,0.091145,0.091138
11.077000,0.091138,0.091135
11.078000,0.091138,0.091132
11.079000,0.091135,0.091129
11.080000,0.091129,0.091129
11.081000,0.091129,0.091126
11.082000,0.091129,0.091129
11.083000,0.091129,0.091123
11.084000,0.091126,0.091123
11.085000,0.091129,0.091126
11.086000,0.091123,0.091119
11.087000,0.091126,0.091126
11.088000,0.091123,0.091123
11.089000,0.091129,0.091123
11.090000,0.091123,0.091123
11.091000,0.091123,0.091123
11.092000,0.091126,0.091119
11.093000,0.091126,0.091116
11.094000,0.091116,0.091119
11.095000,0.091123,0.091116
11.096000,0.091119,0.091123
11.097000,0.091116,0.091119
11.098000,0.091123,0.091113
11.099000,0.091116,0.091116
11.100000,0.091123,0.091119
11.101000,0.091123,0.091116
11.102000,0.091119,0.091113
11.103000,0.091123,0.091116
11.104000,0.091119,0.091116
11.105000,0.091119,0.091116
11.106000,0.091116,0.091113
11.107000,0.091116,0.091116
11.108000,0.091123,0.091116
11.109000,0.091116,0.091113
11.110000,0.091119,0.091116
11.111000,0.091119,0.091116
11.112000,0.091116,0.091113
11.113000,0.091116,0.091116
11.114000,0.091119,0.091113
11.115000,0.091344,0.091347
11.116000,0.091540,0.091537
11.117000,0.091645,0.091645
11.118000,0.091717,0.091711
11.119000,0.091762,0.091758
11.120000,0.091800,0.091800
11.121000,0.091831,0.091819
11.122000,0.091841,0.091844
11.123000,0.091860,0.091853
11.124000,0.091866,0.091860
11.125000,0.091872,0.091869
11.126000,0.091879,0.091875
11.127000,0.091879,0.091875
11.128000,0.091894,0.091891
11.129000,0.091898,0.091888
11.130000,0.091891,0.091891
11.131000,0.091894,0.091888
11.132000,0.091936,0.091932
11.133000,0.091913,0.091910
11.134000,0.091904,0.091901
11.135000,0.091898,0.091901
11.136000,0.091894,0.091891
11.137000,0.091898,0.091891
11.138000,0.091894,0.091891
11.139000,0.091891,0.091891
11.140000,0.091894,0.091891
11.141000,0.091894,0.091891
11.142000,0.091891,0.091891
11.143000,0.091891,0.091888
11.144000,0.091891,0.091888
11.145000,0.091894,0.091888
11.146000,0.091894,0.091888
11.147000,0.091894,0.091888
11.148000,0.091894,0.091885
11.149000,0.091894,0.091888
11.150000,0.091894,0.091888
11.151000,0.091891,0.091888
11.152000,0.091891,0.091885
11.153000,0.091894,0.091891
11.154000,0.091894,0.091888
11.155000,0.091894,0.091891
11.156000,0.091894,0.091894
11.157000,0.091894,0.091894
11.158000,0.091894,0.091888
11.159000,0.091891,0.091888
11.160000,0.091894,0.091894
11.161000,0.091894,0.091888
11.162000,0.091894,0.091888
11.163000,0.091894,0.091885
11.164000,0.091894,0.091891
11.165000,0.091664,0.091654
11.166000,0.091471,0.091467
11.167000,0.091363,0.091360
11.168000,0.091297,0.091290
11.169000,0.091249,0.091249
11.170000,0.091211,0.091211
11.171000,0.091189,0.091186
11.172000,0.091170,0.091170
11.173000,0.091161,0.091154
11.174000,0.091145,0.091142
11.175000,0.091142,0.091135
11.176000,0.091138,0.091135
11.177000,0.091129,0.091129
11.178000,0.091126,0.091123
11.179000,0.091129,0.091126
11.180000,0.091119,0.091119
11.181000,0.091119,0.091119
11.182000,0.091126,0.091119
11.183000,0.091123,0.091116
11.184000,0.091116,0.091113
11.185000,0.091123,0.091113
11.186000,0.091123,0.091116
11.187000,0.091116,0.091113
11.188000,0.091116,0.091119
11.189000,0.091119,0.091116
11.190000,0.091119,0.091119
11.191000,0.091123,0.091116
11.192000,0.091119,0.091119
11.193000,0.091123,0.091119
11.194000,0.091129,0.091119
11.195000,0.091126,0.091119
11.196000,0.091123,0.091116
11.197000,0.091123,0.091116
11.198000,0.091123,0.091116
11.199000,0.091119,0.091119
11.200000,0.091123,0.091116
11.201000,0.091116,0.091116
11.202000,0.091119,0.091116
11.203000,0.091123,0.091113
11.204000,0.091119,0.091119
11.205000,0.091123,0.091123
11.206000,0.091116,0.091119
11.207000,0.091119,0.091113
11.208000,0.091119,0.091116
11.209000,0.091119,0.091116
11.210000,0.091116,0.091119
11.211000,0.091123,0.091116
11.212000,0.091119,0.091116
11.213000,0.091119,0.091119
11.214000,0.091123,0.091110
11.215000,0.091350,0.091353
11.216000,0.091540,0.091534
11.217000,0.091641,0.091641
11.218000,0.091720,0.091717
11.219000,0.091768,0.091762
11.220000,0.091793,0.091796
11.221000,0.091819,0.091825
11.222000,0.091841,0.091834
11.223000,0.091856,0.091850
11.224000,0.091875,0.091866
11.225000,0.091875,0.091875
11.226000,0.091875,0.091879
11.227000,0.091882,0.091875
11.228000,0.091885,0.091885
11.229000,0.091970,0.091964
11.230000,0.092018,0.092018
11.231000,0.092053,0.092043
11.232000,0.092072,0.092059
11.233000,0.092081,0.092081
11.234000,0.092091,0.092087
11.235000,0.092097,0.092100
11.236000,0.092106,0.092103
11.237000,0.092106,0.092110
11.238000,0.092113,0.092110
11.239000,0.092116,0.092106
11.240000,0.092119,0.092110
11.241000,0.092119,0.092116
11.242000,0.092122,0.092116
11.243000,0.092116,0.092113
11.244000,0.092122,0.092113
11.245000,0.092119,0.092113
11.246000,0.092116,0.092116
11.247000,0.092122,0.092116
11.248000,0.092125,0.092116
11.249000,0.092122,0.092122
11.250000,0.092125,0.092119
11.251000,0.092122,0.092119
11.252000,0.092122,0.092119
11.253000,0.092122,0.092122
11.254000,0.092122,0.092122
11.255000,0.092129,0.092122
11.256000,0.092125,0.092119
11.257000,0.092125,0.092122
11.258000,0.092129,0.092122
11.259000,0.092125,0.092119
11.260000,0.092125,0.092122
11.261000,0.092125,0.092122
11.262000,0.092132,0.092125
11.263000,0.092129,0.092125
11.264000,0.092125,0.092122
11.265000,0.091894,0.091891
11.266000,0.091711,0.091701
11.267000,0.091600,0.091591
11.268000,0.091527,0.091527
11.269000,0.091480,0.091480
11.270000,0.091445,0.091442
11.271000,0.091344,0.091331
11.272000,0.091271,0.091271
11.273000,0.091233,0.091230
11.274000,0.091205,0.091198
11.275000,0.091189,0.091179
11.276000,0.091167,0.091170
11.277000,0.091157,0.091157
11.278000,0.091154,0.091151
11.279000,0.091145,0.091145
11.280000,0.091142,0.091138
11.281000,0.091138,0.091138
11.282000,0.091138,0.091135
11.283000,0.091135,0.091129
11.284000,0.091129,0.091129
11.285000,0.091135,0.091126
11.286000,0.091126,0.091129
11.287000,0.091129,0.091126
11.288000,0.091132,0.091123
11.289000,0.091129,0.091119
11.290000,0.091129,0.091126
11.291000,0.091123,0.091123
11.292000,0.091126,0.091126
11.293000,0.091132,0.091126
11.294000,0.091129,0.091119
11.295000,0.091123,0.091126
11.296000,0.091126,0.091119
11.297000,0.091126,0.091126
11.298000,0.091126,0.091123
11.299000,0.091123,0.091123
11.300000,0.091129,0.091126
11.301000,0.091123,0.091123
11.302000,0.091123,0.091123
11.303000,0.091126,0.091123
11.304000,0.091129,0.091123
11.305000,0.091126,0.091119
11.306000,0.091123,0.091119
11.307000,0.091123,0.091116
11.308000,0.091126,0.091123
11.309000,0.091123,0.091123
11.310000,0.091126,0.091119
11.311000,0.091123,0.091119
11.312000,0.091123,0.091123
11.313000,0.091205,0.091205
11.314000,0.091170,0.091164
11.315000,0.091382,0.091376
11.316000,0.091559,0.091559
11.317000,0.091664,0.091660
11.318000,0.091730,0.091727
11.319000,0.091781,0.091781
11.320000,0.091812,0.091806
11.321000,0.091838,0.091825
11.322000,0.091850,0.091844
11.323000,0.091863,0.091856
11.324000,0.091869,0.091866
11.325000,0.091875,0.091872
11.326000,0.091882,0.091882
11.327000,0.091888,0.091875
11.328000,0.091888,0.091885
11.329000,0.091891,0.091891
11.330000,0.091888,0.091888
11.331000,0.091891,0.091891
11.332000,0.091894,0.091891
11.333000,0.091901,0.091888
11.334000,0.091898,0.091891
11.335000,0.091898,0.091898
11.336000,0.091901,0.091891
11.337000,0.091898,0.091898
11.338000,0.091894,0.091894
11.339000,0.091898,0.091894
11.340000,0.091898,0.091894
11.341000,0.091904,0.091898
11.342000,0.091901,0.091894
11.343000,0.091904,0.091898
11.344000,0.091901,0.091898
11.345000,0.091904,0.091894
11.346000,0.091898,0.091894
11.347000,0.091898,0.091898
11.348000,0.091898,0.091898
11.349000,0.091901,0.091894
11.350000,0.091901,0.091894
11.351000,0.091894,0.091894
11.352000,0.091901,0.091898
11.353000,0.091901,0.091898
11.354000,0.091901,0.091898
11.355000,0.091904,0.091894
11.356000,0.091901,0.091894
11.357000,0.091894,0.091894
11.358000,0.091901,0.091901
11.359000,0.091901,0.091898
11.360000,0.091904,0.091901
11.361000,0.091898,0.091901
11.362000,0.091901,0.091901
11.363000,0.091901,0.091898
11.364000,0.091901,0.091894
11.365000,0.091676,0.091664
11.366000,0.091477,0.091477
11.367000,0.091366,0.091366
11.368000,0.091300,0.091300
11.369000,0.091255,0.091249
11.370000,0.091224,0.091217
11.371000,0.091195,0.091198
11.372000,0.091176,0.091176
11.373000,0.091167,0.091164
11.374000,0.091154,0.091151
11.375000,0.091148,0.091148
11.376000,0.091142,0.091142
11.377000,0.091138,0.091135
11.378000,0.091138,0.091135
11.379000,0.091135,0.091132
11.380000,0.091135,0.091129
11.381000,0.091132,0.091126
11.382000,0.091132,0.091126
11.383000,0.091129,0.091126
11.384000,0.091123,0.091129
11.385000,0.091123,0.091126
11.386000,0.091132,0.091123
11.387000,0.091129,0.091126
11.388000,0.091170,0.091167
11.389000,0.091142,0.091142
11.390000,0.091135,0.091135
11.391000,0.091129,0.091123
11.392000,0.091123,0.091123
11.393000,0.091123,0.091119
11.394000,0.091119,0.091113
11.395000,0.091123,0.091116
11.396000,0.091119,0.091116
11.397000,0.091119,0.091116
11.398000,0.091116,0.091116
11.399000,0.091116,0.091113
11.400000,0.091113,0.091116
11.401000,0.091116,0.091110
11.402000,0.091116,0.091110
11.403000,0.091113,0.091113
11.404000,0.091113,0.091107
11.405000,0.091116,0.091110
11.406000,0.091113,0.091110
11.407000,0.091113,0.091110
11.408000,0.091113,0.091110
11.409000,0.091113,0.091110
11.410000,0.091113,0.091110
11.411000,0.091113,0.091107
11.412000,0.091110,0.091107
11.413000,0.091113,0.091107
11.414000,0.091110,0.091104
11.415000,0.091347,0.091350
11.416000,0.091534,0.091537
11.417000,0.091638,0.091638
11.418000,0.091708,0.091711
11.419000,0.091762,0.091758
11.420000,0.091793,0.091790
11.421000,0.091819,0.091809
11.422000,0.091831,0.091825
11.423000,0.091844,0.091844
11.424000,0.091860,0.091856
11.425000,0.091863,0.091863
11.426000,0.091872,0.091863
11.427000,0.091875,0.091869
11.428000,0.091875,0.091875
11.429000,0.091879,0.091879
11.430000,0.091882,0.091879
11.431000,0.091888,0.091879
11.432000,0.091885,0.091879
11.433000,0.091888,0.091882
11.434000,0.091888,0.091882
11.435000,0.091891,0.091888
11.436000,0.091894,0.091888
11.437000,0.091894,0.091888
11.438000,0.091898,0.091894
11.439000,0.091901,0.091891
11.440000,0.091898,0.091894
11.441000,0.091894,0.091891
11.442000,0.091898,0.091894
11.443000,0.091894,0.091898
11.444000,0.091898,0.091891
11.445000,0.091901,0.091891
11.446000,0.091898,0.091894
11.447000,0.091898,0.091891
11.448000,0.091901,0.091891
11.449000,0.091901,0.091894
11.450000,0.091904,0.091894
11.451000,0.091901,0.091898
11.452000,0.091901,0.091891
11.453000,0.091898,0.091898
11.454000,0.091901,0.091894
11.455000,0.091901,0.091898
11.456000,0.091898,0.091894
11.457000,0.091894,0.091898
11.458000,0.091898,0.091891
11.459000,0.091901,0.091894
11.460000,0.091904,0.091894
11.461000,0.091898,0.091894
11.462000,0.091901,0.091898
11.463000,0.091898,0.091894
11.464000,0.091901,0.091901
11.465000,0.091673,0.091660
11.466000,0.091477,0.091471
11.467000,0.091372,0.091366
11.468000,0.091300,0.091297
11.469000,0.091255,0.091252
11.470000,0.091224,0.091214
11.471000,0.091195,0.091192
11.472000,0.091176,0.091176
11.473000,0.091167,0.091164
11.474000,0.091154,0.091148
11.475000,0.091233,0.091227
11.476000,0.091274,0.091268
11.477000,0.091300,0.091290
11.478000,0.091312,0.091306
11.479000,0.091328,0.091319
11.480000,0.091331,0.091322
11.481000,0.091335,0.091328
11.482000,0.091341,0.091335
11.483000,0.091341,0.091338
11.484000,0.091341,0.091341
11.485000,0.091341,0.091344
11.486000,0.091344,0.091347
11.487000,0.091347,0.091344
11.488000,0.091350,0.091341
11.489000,0.091350,0.091338
11.490000,0.091350,0.091347
11.491000,0.091344,0.091341
11.492000,0.091350,0.091344
11.493000,0.091347,0.091341
11.494000,0.091347,0.091344
11.495000,0.091347,0.091347
11.496000,0.091344,0.091344
11.497000,0.091347,0.091344
11.498000,0.091350,0.091344
11.499000,0.091350,0.091341
12.000000,0.091350,0.091344
12.001000,0.091353,0.091344
12.002000,0.091344,0.091341
12.003000,0.091347,0.091341
12.004000,0.091344,0.091347
12.005000,0.091347,0.091344
12.006000,0.091344,0.091338
12.007000,0.091344,0.091347
12.008000,0.091344,0.091341
12.009000,0.091347,0.091341
12.010000,0.091344,0.091341
12.011000,0.091344,0.091344
12.012000,0.091357,0.091350
12.013000,0.091350,0.091350
12.014000,0.091347,0.091344
12.015000,0.091572,0.091578
12.016000,0.091768,0.091762
12.017000,0.091793,0.091790
12.018000,0.091819,0.091806
12.019000,0.091838,0.091828
12.020000,0.091850,0.091850
12.021000,0.091863,0.091860
12.022000,0.091869,0.091866
12.023000,0.091875,0.091875
12.024000,0.091882,0.091875
12.025000,0.091888,0.091882
12.026000,0.091888,0.091888
12.027000,0.091894,0.091885
12.028000,0.091891,0.091888
12.029000,0.091898,0.091888
12.030000,0.091894,0.091891
12.031000,0.091894,0.091894
12.032000,0.091894,0.091898
12.033000,0.091901,0.091891
12.034000,0.091894,0.091894
12.035000,0.091898,0.091891
12.036000,0.091901,0.091898
12.037000,0.091898,0.091894
12.038000,0.091901,0.091894
12.039000,0.091901,0.091898
12.040000,0.091901,0.091898
12.041000,0.091901,0.091894
12.042000,0.091898,0.091898
12.043000,0.091901,0.091894
12.044000,0.091901,0.091898
12.045000,0.091907,0.091894
12.046000,0.091901,0.091894
12.047000,0.091898,0.091894
12.048000,0.091901,0.091898
12.049000,0.091901,0.091894
12.050000,0.091901,0.091898
12.051000,0.091901,0.091898
12.052000,0.091898,0.091898
12.053000,0.091901,0.091901
12.054000,0.091898,0.091907
12.055000,0.091901,0.091898
12.056000,0.091901,0.091898
12.057000,0.091904,0.091894
12.058000,0.091901,0.091898
12.059000,0.091986,0.091977
12.060000,0.091951,0.091939
12.061000,0.091929,0.091926
12.062000,0.091923,0.091913
12.063000,0.091913,0.091910
12.064000,0.091913,0.091907
12.065000,0.091676,0.091670
12.066000,0.091483,0.091477
12.067000,0.091376,0.091372
12.068000,0.091306,0.091300
12.069000,0.091259,0.091249
12.070000,0.091224,0.091217
12.071000,0.091195,0.091195
12.072000,0.091179,0.091176
12.073000,0.091164,0.091164
12.074000,0.091154,0.091154
12.075000,0.091151,0.091145
12.076000,0.091145,0.091142
12.077000,0.091142,0.091138
12.078000,0.091135,0.091135
12.079000,0.091135,0.091135
12.080000,0.091135,0.091132
12.081000,0.091135,0.091126
12.082000,0.091129,0.091129
12.083000,0.091126,0.091123
12.084000,0.091129,0.091123
12.085000,0.091126,0.091126
12.086000,0.091129,0.091126
12.087000,0.091126,0.091123
12.088000,0.091129,0.091119
12.089000,0.091129,0.091123
12.090000,0.091129,0.091123
12.091000,0.091126,0.091119
12.092000,0.091123,0.091123
12.093000,0.091123,0.091123
12.094000,0.091129,0.091123
12.095000,0.091126,0.091123
12.096000,0.091119,0.091119
12.097000,0.091123,0.091119
12.098000,0.091123,0.091119
12.099000,0.091123,0.091116
12.100000,0.091123,0.091119
12.101000,0.091123,0.091116
12.102000,0.091123,0.091116
12.103000,0.091123,0.091116
12.104000,0.091119,0.091123
12.105000,0.091126,0.091116
12.106000,0.091123,0.091119
12.107000,0.091123,0.091119
12.108000,0.091129,0.091123
12.109000,0.091123,0.091116
12.110000,0.091126,0.091119
12.111000,0.091119,0.091119
12.112000,0.091123,0.091116
12.113000,0.091119,0.091119
12.114000,0.091119,0.091116
12.115000,0.091347,0.091347
12.116000,0.091540,0.091537
12.117000,0.091645,0.091645
12.118000,0.091714,0.091711
12.119000,0.091765,0.091762
12.120000,0.091796,0.091796
12.121000,0.091822,0.091819
12.122000,0.091841,0.091838
12.123000,0.091853,0.091853
12.124000,0.091866,0.091860
12.125000,0.091875,0.091866
12.126000,0.091875,0.091875
12.127000,0.091885,0.091875
12.128000,0.091885,0.091879
12.129000,0.091888,0.091882
12.130000,0.091891,0.091882
12.131000,0.091891,0.091888
12.132000,0.091891,0.091882
12.133000,0.091891,0.091891
12.134000,0.091894,0.091891
12.135000,0.091894,0.091888
12.136000,0.091894,0.091894
12.137000,0.091888,0.091894
12.138000,0.091894,0.091891
12.139000,0.091891,0.091894
12.140000,0.091894,0.091888
12.141000,0.091894,0.091891
12.142000,0.091894,0.091888
12.143000,0.091898,0.091894
12.144000,0.091942,0.091932
12.145000,0.091913,0.091907
12.146000,0.091907,0.091901
12.147000,0.091901,0.091894
12.148000,0.091901,0.091894
12.149000,0.091898,0.091891
12.150000,0.091894,0.091888
12.151000,0.091891,0.091888
12.152000,0.091894,0.091882
12.153000,0.091891,0.091894
12.154000,0.091891,0.091888
12.155000,0.091894,0.091891
12.156000,0.091888,0.091888
12.157000,0.091891,0.091888
12.158000,0.091888,0.091888
12.159000,0.091891,0.091891
12.160000,0.091898,0.091888
12.161000,0.091894,0.091888
12.162000,0.091894,0.091888
12.163000,0.091891,0.091888
12.164000,0.091891,0.091888
12.165000,0.091660,0.091654
12.166000,0.091471,0.091461
12.167000,0.091363,0.091360
12.168000,0.091293,0.091287
12.169000,0.091246,0.091243
12.170000,0.091211,0.091205
12.171000,0.091186,0.091186
12.172000,0.091167,0.091170
12.173000,0.091157,0.091154
12.174000,0.091151,0.091145
12.175000,0.091145,0.091135
12.176000,0.091129,0.091129
12.177000,0.091129,0.091129
12.178000,0.091126,0.091123
12.179000,0.091123,0.091123
12.180000,0.091126,0.091119
12.181000,0.091129,0.091116
12.182000,0.091119,0.091119
12.183000,0.091126,0.091116
12.184000,0.091116,0.091113
12.185000,0.091116,0.091110
12.186000,0.091116,0.091113
12.187000,0.091119,0.091116
12.188000,0.091116,0.091110
12.189000,0.091119,0.091113
12.190000,0.091113,0.091113
12.191000,0.091116,0.091110
12.192000,0.091123,0.091116
12.193000,0.091116,0.091116
12.194000,0.091116,0.091113
12.195000,0.091123,0.091116
12.196000,0.091119,0.091116
12.197000,0.091119,0.091116
12.198000,0.091123,0.091123
12.199000,0.091119,0.091116
12.200000,0.091123,0.091116
12.201000,0.091123,0.091116
12.202000,0.091123,0.091119
12.203000,0.091132,0.091129
12.204000,0.091123,0.091119
12.205000,0.091129,0.091123
12.206000,0.091123,0.091119
12.207000,0.091116,0.091116
12.208000,0.091119,0.091119
12.209000,0.091123,0.091113
12.210000,0.091116,0.091116
12.211000,0.091119,0.091113
12.212000,0.091116,0.091116
12.213000,0.091123,0.091116
12.214000,0.091116,0.091113
12.215000,0.091350,0.091347
12.216000,0.091534,0.091534
12.217000,0.091641,0.091641
12.218000,0.091714,0.091717
12.219000,0.091765,0.091758
12.220000,0.091800,0.091800
12.221000,0.091822,0.091822
12.222000,0.091847,0.091838
12.223000,0.091850,0.091850
12.224000,0.091866,0.091856
12.225000,0.091875,0.091869
12.226000,0.091872,0.091875
12.227000,0.091875,0.091879
12.228000,0.091885,0.091879
12.229000,0.091885,0.091879
12.230000,0.091891,0.091882
12.231000,0.091894,0.091885
12.232000,0.091894,0.091885
12.233000,0.091898,0.091888
12.234000,0.091974,0.091970
12.235000,0.092021,0.092021
12.236000,0.092053,0.092049
12.237000,0.092072,0.092068
12.238000,0.092084,0.092084
12.239000,0.092091,0.092087
12.240000,0.092100,0.092097
12.241000,0.092106,0.092103
12.242000,0.092110,0.092103
12.243000,0.092116,0.092110
12.244000,0.092119,0.092116
12.245000,0.092119,0.092116
12.246000,0.092116,0.092116
12.247000,0.092122,0.092119
12.248000,0.092122,0.092116
12.249000,0.092119,0.092113
12.250000,0.092122,0.092119
12.251000,0.092122,0.092122
12.252000,0.092125,0.092116
12.253000,0.092125,0.092122
12.254000,0.092125,0.092119
12.255000,0.092122,0.092122
12.256000,0.092129,0.092119
12.257000,0.092122,0.092122
12.258000,0.092135,0.092119
12.259000,0.092125,0.092122
12.260000,0.092125,0.092119
12.261000,0.092125,0.092125
12.262000,0.092129,0.092119
12.263000,0.092125,0.092122
12.264000,0.092129,0.092122
12.265000,0.091894,0.091894
12.266000,0.091705,0.091708
12.267000,0.091597,0.091594
12.268000,0.091527,0.091524
12.269000,0.091483,0.091474
12.270000,0.091445,0.091445
12.271000,0.091420,0.091423
12.272000,0.091404,0.091401
12.273000,0.091391,0.091388
12.274000,0.091382,0.091379
12.275000,0.091379,0.091372
12.276000,0.091287,0.091281
12.277000,0.091233,0.091227
12.278000,0.091205,0.091202
12.279000,0.091186,0.091179
12.280000,0.091167,0.091167
12.281000,0.091161,0.091151
12.282000,0.091151,0.091148
12.283000,0.091145,0.091138
12.284000,0.091138,0.091138
12.285000,0.091142,0.091135
12.286000,0.091135,0.091132
12.287000,0.091132,0.091129
12.288000,0.091135,0.091129
12.289000,0.091129,0.091129
12.290000,0.091129,0.091126
12.291000,0.091126,0.091119
12.292000,0.091129,0.091123
12.293000,0.091126,0.091123
12.294000,0.091129,0.091123
12.295000,0.091123,0.091126
12.296000,0.091126,0.091119
12.297000,0.091129,0.091123
12.298000,0.091132,0.091126
12.299000,0.091126,0.091129
12.300000,0.091126,0.091123
12.301000,0.091123,0.091123
12.302000,0.091126,0.091119
12.303000,0.091123,0.091123
12.304000,0.091129,0.091119
12.305000,0.091126,0.091119
12.306000,0.091123,0.091116
12.307000,0.091123,0.091119
12.308000,0.091123,0.091116
12.309000,0.091126,0.091116
12.310000,0.091123,0.091119
12.311000,0.091123,0.091116
12.312000,0.091123,0.091119
12.313000,0.091123,0.091116
12.314000,0.091119,0.091116
12.315000,0.091347,0.091344
12.316000,0.091540,0.091537
12.317000,0.091648,0.091645
12.318000,0.091803,0.091803
12.319000,0.091815,0.091812
12.320000,0.091831,0.091828
12.321000,0.091844,0.091838
12.322000,0.091860,0.091850
12.323000,0.091866,0.091866
12.324000,0.091875,0.091866
12.325000,0.091879,0.091872
12.326000,0.091882,0.091879
12.327000,0.091888,0.091882
12.328000,0.091885,0.091888
12.329000,0.091891,0.091888
12.330000,0.091894,0.091885
12.331000,0.091898,0.091888
12.332000,0.091891,0.091891
12.333000,0.091891,0.091891
12.334000,0.091894,0.091891
12.335000,0.091898,0.091888
12.336000,0.091894,0.091891
12.337000,0.091898,0.091891
12.338000,0.091898,0.091891
12.339000,0.091901,0.091888
12.340000,0.091898,0.091894
12.341000,0.091898,0.091891
12.342000,0.091894,0.091894
12.343000,0.091898,0.091894
12.344000,0.091898,0.091894
12.345000,0.091898,0.091898
12.346000,0.091898,0.091888
12.347000,0.091898,0.091894
12.348000,0.091898,0.091891
12.349000,0.091898,0.091894
12.350000,0.091901,0.091894
12.351000,0.091901,0.091894
12.352000,0.091901,0.091898
12.353000,0.091904,0.091901
12.354000,0.091901,0.091894
12.355000,0.091904,0.091894
12.356000,0.091901,0.091894
12.357000,0.091898,0.091898
12.358000,0.091901,0.091894
12.359000,0.091907,0.091898
12.360000,0.091901,0.091898
12.361000,0.091901,0.091894
12.362000,0.091904,0.091891
12.363000,0.091898,0.091898
12.364000,0.091901,0.091898
12.365000,0.091667,0.091664
12.366000,0.091477,0.091471
12.367000,0.091369,0.091363
12.368000,0.091300,0.091300
12.369000,0.091255,0.091249
12.370000,0.091217,0.091217
12.371000,0.091198,0.091192
12.372000,0.091179,0.091176
12.373000,0.091164,0.091157
12.374000,0.091157,0.091151
12.375000,0.091148,0.091145
12.376000,0.091148,0.091142
12.377000,0.091138,0.091135
12.378000,0.091135,0.091129
12.379000,0.091129,0.091129
12.380000,0.091135,0.091129
12.381000,0.091129,0.091126
12.382000,0.091126,0.091126
12.383000,0.091129,0.091123
12.384000,0.091129,0.091119
12.385000,0.091129,0.091123
12.386000,0.091126,0.091123
12.387000,0.091123,0.091119
12.388000,0.091123,0.091119
12.389000,0.091126,0.091126
12.390000,0.091123,0.091116
12.391000,0.091116,0.091116
12.392000,0.091116,0.091123
12.393000,0.091135,0.091129
12.394000,0.091129,0.091123
12.395000,0.091129,0.091123
12.396000,0.091126,0.091116
12.397000,0.091123,0.091123
12.398000,0.091119,0.091116
12.399000,0.091126,0.091123
12.400000,0.091161,0.091161
12.401000,0.091142,0.091135
12.402000,0.091129,0.091129
12.403000,0.091126,0.091119
12.404000,0.091123,0.091116
12.405000,0.091123,0.091113
12.406000,0.091116,0.091116
12.407000,0.091116,0.091116
12.408000,0.091110,0.091110
12.409000,0.091113,0.091113
12.410000,0.091110,0.091110
12.411000,0.091113,0.091104
12.412000,0.091116,0.091110
12.413000,0.091113,0.091107
12.414000,0.091110,0.091110
12.415000,0.091338,0.091341
12.416000,0.091534,0.091524
12.417000,0.091641,0.091635
12.418000,0.091711,0.091705
12.419000,0.091752,0.091749
12.420000,0.091790,0.091787
12.421000,0.091815,0.091812
12.422000,0.091831,0.091834
12.423000,0.091844,0.091847
12.424000,0.091856,0.091853
12.425000,0.091869,0.091860
12.426000,0.091869,0.091863
12.427000,0.091872,0.091872
12.428000,0.091875,0.091869
12.429000,0.091882,0.091875
12.430000,0.091875,0.091875
12.431000,0.091885,0.091879
12.432000,0.091879,0.091882
12.433000,0.091885,0.091885
12.434000,0.091888,0.091882
12.435000,0.091882,0.091879
12.436000,0.091888,0.091885
12.437000,0.091885,0.091888
12.438000,0.091885,0.091879
12.439000,0.091888,0.091885
12.440000,0.091888,0.091885
12.441000,0.091885,0.091885
12.442000,0.091891,0.091888
12.443000,0.091894,0.091885
12.444000,0.091888,0.091888
12.445000,0.091888,0.091885
12.446000,0.091891,0.091885
12.447000,0.091888,0.091888
12.448000,0.091894,0.091882
12.449000,0.091888,0.091885
12.450000,0.091888,0.091888
12.451000,0.091894,0.091885
12.452000,0.091891,0.091888
12.453000,0.091894,0.091888
12.454000,0.091894,0.091888
12.455000,0.091901,0.091891
12.456000,0.091898,0.091891
12.457000,0.091894,0.091891
12.458000,0.091901,0.091891
12.459000,0.091898,0.091894
12.460000,0.091898,0.091888
12.461000,0.091904,0.091898
12.462000,0.091898,0.091894
12.463000,0.091901,0.091891
12.464000,0.091901,0.091894
12.465000,0.091664,0.091660
12.466000,0.091474,0.091471
12.467000,0.091369,0.091369
12.468000,0.091300,0.091297
12.469000,0.091252,0.091246
12.470000,0.091221,0.091214
12.471000,0.091189,0.091195
12.472000,0.091179,0.091173
12.473000,0.091161,0.091167
12.474000,0.091154,0.091151
12.475000,0.091145,0.091148
12.476000,0.091135,0.091135
12.477000,0.091132,0.091132
12.478000,0.091135,0.091129
12.479000,0.091135,0.091129
12.480000,0.091126,0.091126
12.481000,0.091126,0.091123
12.482000,0.091129,0.091123
12.483000,0.091129,0.091123
12.484000,0.091123,0.091119
12.485000,0.091129,0.091123
12.486000,0.091123,0.091119
12.487000,0.091126,0.091116
12.488000,0.091129,0.091135
12.489000,0.091126,0.091126
12.490000,0.091126,0.091126
12.491000,0.091123,0.091123
12.492000,0.091119,0.091119
12.493000,0.091119,0.091119
12.494000,0.091205,0.091202
12.495000,0.091255,0.091249
12.496000,0.091281,0.091278
12.497000,0.091293,0.091297
12.498000,0.091312,0.091306
12.499000,0.091325,0.091319
13.000000,0.091325,0.091325
13.001000,0.091331,0.091328
13.002000,0.091331,0.091331
13.003000,0.091335,0.091335
13.004000,0.091338,0.091335
13.005000,0.091344,0.091331
13.006000,0.091338,0.091338
13.007000,0.091341,0.091338
13.008000,0.091344,0.091341
13.009000,0.091344,0.091338
13.010000,0.091341,0.091341
13.011000,0.091347,0.091338
13.012000,0.091341,0.091338
13.013000,0.091344,0.091338
13.014000,0.091341,0.091338
13.015000,0.091575,0.091572
13.016000,0.091765,0.091768
13.017000,0.091875,0.091869
13.018000,0.091939,0.091936
13.019000,0.091993,0.091986
13.020000,0.092024,0.092021
13.021000,0.092046,0.092043
13.022000,0.092065,0.092062
13.023000,0.092084,0.092078
13.024000,0.092091,0.092087
13.025000,0.092097,0.092100
13.026000,0.092103,0.092100
13.027000,0.092110,0.092100
13.028000,0.092110,0.092106
13.029000,0.092113,0.092110
13.030000,0.092113,0.092110
13.031000,0.092116,0.092116
13.032000,0.092119,0.092113
13.033000,0.092116,0.092116
13.034000,0.092125,0.092116
13.035000,0.092119,0.092119
13.036000,0.092040,0.092034
13.037000,0.091989,0.091989
13.038000,0.091961,0.091964
13.039000,0.091951,0.091945
13.040000,0.091936,0.091929
13.041000,0.091923,0.091923
13.042000,0.091920,0.091913
13.043000,0.091913,0.091907
13.044000,0.091913,0.091907
13.045000,0.091910,0.091901
13.046000,0.091907,0.091907
13.047000,0.091898,0.091904
13.048000,0.091901,0.091904
13.049000,0.091904,0.091904
13.050000,0.091901,0.091898
13.051000,0.091901,0.091894
13.052000,0.091898,0.091898
13.053000,0.091901,0.091901
13.054000,0.091898,0.091898
13.055000,0.091904,0.091901
13.056000,0.091901,0.091901
13.057000,0.091901,0.091898
13.058000,0.091901,0.091898
13.059000,0.091901,0.091898
13.060000,0.091904,0.091898
13.061000,0.091904,0.091894
13.062000,0.091904,0.091901
13.063000,0.091904,0.091894
13.064000,0.091901,0.091894
13.065000,0.091673,0.091667
13.066000,0.091474,0.091474
13.067000,0.091372,0.091363
13.068000,0.091300,0.091300
13.069000,0.091255,0.091252
13.070000,0.091221,0.091217
13.071000,0.091195,0.091192
13.072000,0.091179,0.091176
13.073000,0.091164,0.091164
13.074000,0.091157,0.091154
13.075000,0.091148,0.091148
13.076000,0.091148,0.091142
13.077000,0.091142,0.091135
13.078000,0.091221,0.091221
13.079000,0.091183,0.091176
13.080000,0.091161,0.091157
13.081000,0.091148,0.091148
13.082000,0.091142,0.091142
13.083000,0.091148,0.091151
13.084000,0.091142,0.091138
13.085000,0.091135,0.091132
13.086000,0.091132,0.091135
13.087000,0.091129,0.091126
13.088000,0.091132,0.091126
13.089000,0.091129,0.091129
13.090000,0.091129,0.091123
13.091000,0.091129,0.091123
13.092000,0.091123,0.091123
13.093000,0.091123,0.091126
13.094000,0.091126,0.091123
13.095000,0.091126,0.091116
13.096000,0.091123,0.091119
13.097000,0.091129,0.091123
13.098000,0.091126,0.091123
13.099000,0.091123,0.091119
13.100000,0.091123,0.091116
13.101000,0.091126,0.091119
13.102000,0.091123,0.091119
13.103000,0.091123,0.091119
13.104000,0.091116,0.091116
13.105000,0.091123,0.091116
13.106000,0.091119,0.091116
13.107000,0.091119,0.091116
13.108000,0.091123,0.091119
13.109000,0.091119,0.091116
13.110000,0.091119,0.091116
13.111000,0.091113,0.091119
13.112000,0.091123,0.091113
13.113000,0.091119,0.091123
13.114000,0.091123,0.091116
13.115000,0.091347,0.091353
13.116000,0.091540,0.091537
13.117000,0.091651,0.091645
13.118000,0.091717,0.091717
13.119000,0.091768,0.091762
13.120000,0.091803,0.091796
13.121000,0.091825,0.091819
13.122000,0.091841,0.091841
13.123000,0.091853,0.091850
13.124000,0.091866,0.091863
13.125000,0.091872,0.091869
13.126000,0.091875,0.091872
13.127000,0.091885,0.091875
13.128000,0.091885,0.091882
13.129000,0.091888,0.091879
13.130000,0.091888,0.091885
13.131000,0.091888,0.091891
13.132000,0.091894,0.091888
13.133000,0.091894,0.091891
13.134000,0.091894,0.091888
13.135000,0.091894,0.091891
13.136000,0.091898,0.091891
13.137000,0.091898,0.091888
13.138000,0.091898,0.091888
13.139000,0.091898,0.091894
13.140000,0.091898,0.091891
13.141000,0.091898,0.091888
13.142000,0.091894,0.091891
13.143000,0.091898,0.091894
13.144000,0.091894,0.091894
13.145000,0.091898,0.091894
13.146000,0.091898,0.091894
13.147000,0.091901,0.091898
13.148000,0.091901,0.091894
13.149000,0.091898,0.091894
13.150000,0.091898,0.091891
13.151000,0.091894,0.091894
13.152000,0.091901,0.091894
13.153000,0.091901,0.091898
13.154000,0.091898,0.091898
13.155000,0.091901,0.091894
13.156000,0.091939,0.091936
13.157000,0.091920,0.091913
13.158000,0.091907,0.091904
13.159000,0.091904,0.091904
13.160000,0.091901,0.091898
13.161000,0.091898,0.091894
13.162000,0.091898,0.091888
13.163000,0.091898,0.091891
13.164000,0.091894,0.091894
13.165000,0.091667,0.091660
13.166000,0.091471,0.091467
13.167000,0.091366,0.091360
13.168000,0.091293,0.091287
13.169000,0.091246,0.091243
13.170000,0.091211,0.091205
13.171000,0.091186,0.091186
13.172000,0.091167,0.091167
13.173000,0.091167,0.091154
13.174000,0.091151,0.091145
13.175000,0.091138,0.091138
13.176000,0.091132,0.091132
13.177000,0.091129,0.091123
13.178000,0.091135,0.091129
13.179000,0.091135,0.091129
13.180000,0.091129,0.091119
13.181000,0.091126,0.091116
13.182000,0.091119,0.091116
13.183000,0.091119,0.091116
13.184000,0.091123,0.091116
13.185000,0.091116,0.091113
13.186000,0.091119,0.091116
13.187000,0.091116,0.091113
13.188000,0.091119,0.091116
13.189000,0.091119,0.091113
13.190000,0.091116,0.091110
13.191000,0.091110,0.091116
13.192000,0.091116,0.091110
13.193000,0.091116,0.091113
13.194000,0.091113,0.091110
13.195000,0.091113,0.091110
13.196000,0.091110,0.091110
13.197000,0.091116,0.091110
13.198000,0.091113,0.091113
13.199000,0.091119,0.091113
13.200000,0.091116,0.091113
13.201000,0.091110,0.091110
13.202000,0.091116,0.091110
13.203000,0.091116,0.091104
13.204000,0.091119,0.091116
13.205000,0.091116,0.091116
13.206000,0.091116,0.091119
13.207000,0.091123,0.091116
13.208000,0.091119,0.091116
13.209000,0.091123,0.091116
13.210000,0.091119,0.091116
13.211000,0.091113,0.091119
13.212000,0.091123,0.091116
13.213000,0.091119,0.091116
13.214000,0.091116,0.091113
13.215000,0.091350,0.091350
13.216000,0.091534,0.091537
13.217000,0.091645,0.091638
13.218000,0.091720,0.091714
13.219000,0.091765,0.091758
13.220000,0.091800,0.091793
13.221000,0.091822,0.091819
13.222000,0.091838,0.091834
13.223000,0.091853,0.091847
13.224000,0.091863,0.091856
13.225000,0.091869,0.091869
13.226000,0.091875,0.091872
13.227000,0.091882,0.091875
13.228000,0.091885,0.091875
13.229000,0.091888,0.091885
13.230000,0.091891,0.091888
13.231000,0.091894,0.091888
13.232000,0.091894,0.091885
13.233000,0.091891,0.091888
13.234000,0.091894,0.091891
13.235000,0.091891,0.091888
13.236000,0.091894,0.091894
13.237000,0.091888,0.091894
13.238000,0.091891,0.091888
13.239000,0.091894,0.091891
13.240000,0.091894,0.091891
13.241000,0.091891,0.091888
13.242000,0.091898,0.091891
13.243000,0.091898,0.091891
13.244000,0.091977,0.091974
13.245000,0.092021,0.092024
13.246000,0.092056,0.092046
13.247000,0.092072,0.092075
13.248000,0.092087,0.092084
13.249000,0.092094,0.092094
13.250000,0.092100,0.092097
13.251000,0.092106,0.092103
13.252000,0.092110,0.092110
13.253000,0.092113,0.092106
13.254000,0.092116,0.092113
13.255000,0.092116,0.092116
13.256000,0.092119,0.092116
13.257000,0.092119,0.092122
13.258000,0.092122,0.092116
13.259000,0.092122,0.092122
13.260000,0.092125,0.092119
13.261000,0.092125,0.092122
13.262000,0.092122,0.092119
13.263000,0.092122,0.092119
13.264000,0.092129,0.092122
13.265000,0.091894,0.091891
13.266000,0.091701,0.091695
13.267000,0.091591,0.091588
13.268000,0.091527,0.091521
13.269000,0.091477,0.091471
13.270000,0.091442,0.091439
13.271000,0.091420,0.091420
13.272000,0.091401,0.091398
13.273000,0.091388,0.091382
13.274000,0.091388,0.091385
13.275000,0.091376,0.091379
13.276000,0.091366,0.091366
13.277000,0.091366,0.091360
13.278000,0.091360,0.091360
13.279000,0.091357,0.091357
13.280000,0.091360,0.091353
13.281000,0.091357,0.091353
13.282000,0.091353,0.091350
13.283000,0.091350,0.091350
13.284000,0.091353,0.091347
13.285000,0.091350,0.091350
13.286000,0.091268,0.091265
13.287000,0.091221,0.091214
13.288000,0.091186,0.091189
13.289000,0.091173,0.091167
13.290000,0.091157,0.091151
13.291000,0.091151,0.091151
13.292000,0.091145,0.091138
13.293000,0.091142,0.091132
13.294000,0.091135,0.091129
13.295000,0.091129,0.091129
13.296000,0.091132,0.091126
13.297000,0.091129,0.091123
13.298000,0.091129,0.091123
13.299000,0.091126,0.091123
13.300000,0.091129,0.091123
13.301000,0.091126,0.091123
13.302000,0.091123,0.091116
13.303000,0.091123,0.091119
13.304000,0.091119,0.091119
13.305000,0.091123,0.091123
13.306000,0.091119,0.091116
13.307000,0.091123,0.091119
13.308000,0.091123,0.091116
13.309000,0.091123,0.091116
13.310000,0.091119,0.091113
13.311000,0.091116,0.091116
13.312000,0.091123,0.091116
13.313000,0.091119,0.091119
13.314000,0.091116,0.091113
13.315000,0.091347,0.091347
13.316000,0.091537,0.091534
13.317000,0.091648,0.091645
13.318000,0.091717,0.091708
13.319000,0.091768,0.091762
13.320000,0.091800,0.091793
13.321000,0.091828,0.091819
13.322000,0.091844,0.091841
13.323000,0.091856,0.091853
13.324000,0.091866,0.091866
13.325000,0.091875,0.091869
13.326000,0.091875,0.091875
13.327000,0.091882,0.091875
13.328000,0.091970,0.091964
13.329000,0.091932,0.091932
13.330000,0.091920,0.091913
13.331000,0.091910,0.091904
13.332000,0.091907,0.091901
13.333000,0.091901,0.091894
13.334000,0.091904,0.091894
13.335000,0.091898,0.091894
13.336000,0.091898,0.091894
13.337000,0.091898,0.091894
13.338000,0.091898,0.091894
13.339000,0.091901,0.091898
13.340000,0.091898,0.091894
13.341000,0.091901,0.091891
13.342000,0.091898,0.091891
13.343000,0.091901,0.091898
13.344000,0.091898,0.091894
13.345000,0.091894,0.091891
13.346000,0.091904,0.091894
13.347000,0.091898,0.091891
13.348000,0.091894,0.091894
13.349000,0.091901,0.091894
13.350000,0.091898,0.091891
13.351000,0.091901,0.091894
13.352000,0.091894,0.091894
13.353000,0.091894,0.091898
13.354000,0.091894,0.091891
13.355000,0.091894,0.091894
13.356000,0.091898,0.091894
13.357000,0.091901,0.091898
13.358000,0.091901,0.091894
13.359000,0.091901,0.091894
13.360000,0.091901,0.091898
13.361000,0.091894,0.091898
13.362000,0.091901,0.091894
13.363000,0.091901,0.091898
13.364000,0.091901,0.091894
13.365000,0.091667,0.091664
13.366000,0.091477,0.091471
13.367000,0.091369,0.091363
13.368000,0.091303,0.091293
13.369000,0.091262,0.091259
13.370000,0.091217,0.091221
13.371000,0.091198,0.091198
13.372000,0.091176,0.091176
13.373000,0.091164,0.091164
13.374000,0.091154,0.091151
13.375000,0.091148,0.091142
13.376000,0.091145,0.091142
13.377000,0.091135,0.091138
13.378000,0.091135,0.091129
13.379000,0.091135,0.091129
13.380000,0.091129,0.091126
13.381000,0.091129,0.091126
13.382000,0.091129,0.091126
13.383000,0.091129,0.091123
13.384000,0.091129,0.091126
13.385000,0.091129,0.091123
13.386000,0.091123,0.091123
13.387000,0.091126,0.091123
13.388000,0.091123,0.091126
13.389000,0.091129,0.091123
13.390000,0.091123,0.091119
13.391000,0.091123,0.091116
13.392000,0.091119,0.091123
13.393000,0.091126,0.091119
13.394000,0.091123,0.091126
13.395000,0.091129,0.091116
13.396000,0.091123,0.091119
13.397000,0.091123,0.091113
13.398000,0.091119,0.091116
13.399000,0.091123,0.091116
13.400000,0.091123,0.091116
13.401000,0.091123,0.091113
13.402000,0.091119,0.091113
13.403000,0.091123,0.091116
13.404000,0.091119,0.091119
13.405000,0.091119,0.091116
13.406000,0.091116,0.091116
13.407000,0.091116,0.091113
13.408000,0.091119,0.091123
13.409000,0.091119,0.091113
13.410000,0.091116,0.091113
13.411000,0.091123,0.091110
13.412000,0.091161,0.091154
13.413000,0.091138,0.091132
13.414000,0.091129,0.091119
13.415000,0.091350,0.091344
13.416000,0.091537,0.091534
13.417000,0.091641,0.091641
13.418000,0.091714,0.091711
13.419000,0.091762,0.091755
13.420000,0.091793,0.091790
13.421000,0.091819,0.091812
13.422000,0.091838,0.091831
13.423000,0.091847,0.091841
13.424000,0.091863,0.091856
13.425000,0.091869,0.091860
13.426000,0.091872,0.091863
13.427000,0.091872,0.091866
13.428000,0.091872,0.091872
13.429000,0.091882,0.091875
13.430000,0.091882,0.091875
13.431000,0.091882,0.091882
13.432000,0.091885,0.091879
13.433000,0.091885,0.091879
13.434000,0.091888,0.091882
13.435000,0.091888,0.091879
13.436000,0.091888,0.091885
13.437000,0.091888,0.091888
13.438000,0.091888,0.091888
13.439000,0.091882,0.091888
13.440000,0.091891,0.091885
13.441000,0.091888,0.091882
13.442000,0.091888,0.091879
13.443000,0.091888,0.091885
13.444000,0.091888,0.091882
13.445000,0.091888,0.091888
13.446000,0.091891,0.091888
13.447000,0.091891,0.091885
13.448000,0.091891,0.091885
13.449000,0.091888,0.091888
13.450000,0.091894,0.091888
13.451000,0.091891,0.091885
13.452000,0.091891,0.091888
13.453000,0.091888,0.091888
13.454000,0.091891,0.091888
13.455000,0.091888,0.091888
13.456000,0.091894,0.091882
13.457000,0.091888,0.091888
13.458000,0.091891,0.091888
13.459000,0.091891,0.091888
13.460000,0.091885,0.091891
13.461000,0.091894,0.091888
13.462000,0.091888,0.091885
13.463000,0.091891,0.091894
13.464000,0.091898,0.091891
13.465000,0.091679,0.091667
13.466000,0.091477,0.091477
13.467000,0.091369,0.091369
13.468000,0.091300,0.091297
13.469000,0.091255,0.091252
13.470000,0.091217,0.091217
13.471000,0.091192,0.091192
13.472000,0.091179,0.091176
13.473000,0.091161,0.091164
13.474000,0.091154,0.091151
13.475000,0.091148,0.091145
13.476000,0.091142,0.091142
13.477000,0.091135,0.091135
13.478000,0.091135,0.091132
13.479000,0.091135,0.091129
13.480000,0.091129,0.091132
13.481000,0.091126,0.091126
13.482000,0.091126,0.091123
13.483000,0.091129,0.091123
13.484000,0.091126,0.091119
13.485000,0.091126,0.091123
13.486000,0.091126,0.091126
13.487000,0.091123,0.091123
13.488000,0.091123,0.091119
13.489000,0.091123,0.091123
13.490000,0.091129,0.091113
13.491000,0.091123,0.091119
13.492000,0.091123,0.091119
13.493000,0.091119,0.091119
13.494000,0.091123,0.091116
13.495000,0.091119,0.091119
13.496000,0.091123,0.091116
13.497000,0.091119,0.091116
13.498000,0.091123,0.091113
13.499000,0.091119,0.091119
14.000000,0.091116,0.091113
14.001000,0.091119,0.091116
14.002000,0.091116,0.091116
14.003000,0.091119,0.091116
14.004000,0.091205,0.091205
14.005000,0.091249,0.091246
14.006000,0.091281,0.091274
14.007000,0.091293,0.091290
14.008000,0.091303,0.091309
14.009000,0.091316,0.091319
14.010000,0.091325,0.091319
14.011000,0.091331,0.091322
14.012000,0.091331,0.091325
14.013000,0.091331,0.091328
14.014000,0.091331,0.091331
14.015000,0.091565,0.091562
14.016000,0.091755,0.091755
14.017000,0.091866,0.091866
14.018000,0.091932,0.091936
14.019000,0.091989,0.091983
14.020000,0.092021,0.092015
14.021000,0.092049,0.092043
14.022000,0.092065,0.092062
14.023000,0.092084,0.092068
14.024000,0.092084,0.092081
14.025000,0.092100,0.092087
14.026000,0.092097,0.092100
14.027000,0.092110,0.092103
14.028000,0.092110,0.092103
14.029000,0.092110,0.092103
14.030000,0.092110,0.092110
14.031000,0.092113,0.092110
14.032000,0.092116,0.092110
14.033000,0.092116,0.092110
14.034000,0.092116,0.092116
14.035000,0.092119,0.092113
14.036000,0.092116,0.092116
14.037000,0.092125,0.092116
14.038000,0.092119,0.092116
14.039000,0.092122,0.092116
14.040000,0.092122,0.092119
14.041000,0.092119,0.092116
14.042000,0.092125,0.092116
14.043000,0.092122,0.092119
14.044000,0.092122,0.092122
14.045000,0.092122,0.092122
14.046000,0.092037,0.092040
14.047000,0.091993,0.091986
14.048000,0.091967,0.091961
14.049000,0.091945,0.091945
14.050000,0.091942,0.091932
14.051000,0.091926,0.091923
14.052000,0.091917,0.091913
14.053000,0.091917,0.091910
14.054000,0.091910,0.091907
14.055000,0.091910,0.091904
14.056000,0.091907,0.091901
14.057000,0.091901,0.091901
14.058000,0.091907,0.091901
14.059000,0.091907,0.091898
14.060000,0.091904,0.091901
14.061000,0.091898,0.091901
14.062000,0.091913,0.091907
14.063000,0.091904,0.091907
14.064000,0.091910,0.091904
14.065000,0.091673,0.091667
14.066000,0.091477,0.091477
14.067000,0.091372,0.091369
14.068000,0.091303,0.091297
14.069000,0.091259,0.091249
14.070000,0.091224,0.091214
14.071000,0.091192,0.091192
14.072000,0.091179,0.091179
14.073000,0.091164,0.091164
14.074000,0.091157,0.091154
14.075000,0.091148,0.091142
14.076000,0.091148,0.091138
14.077000,0.091135,0.091135
14.078000,0.091135,0.091132
14.079000,0.091132,0.091132
14.080000,0.091129,0.091129
14.081000,0.091132,0.091126
14.082000,0.091126,0.091123
14.083000,0.091132,0.091126
14.084000,0.091126,0.091123
14.085000,0.091123,0.091123
14.086000,0.091129,0.091123
14.087000,0.091126,0.091119
14.088000,0.091208,0.091208
14.089000,0.091167,0.091164
14.090000,0.091154,0.091148
14.091000,0.091142,0.091138
14.092000,0.091135,0.091129
14.093000,0.091135,0.091126
14.094000,0.091129,0.091119
14.095000,0.091126,0.091119
14.096000,0.091129,0.091123
14.097000,0.091126,0.091119
14.098000,0.091123,0.091126
14.099000,0.091123,0.091116
14.100000,0.091126,0.091123
14.101000,0.091123,0.091116
14.102000,0.091123,0.091116
14.103000,0.091119,0.091119
14.104000,0.091123,0.091113
14.105000,0.091123,0.091119
14.106000,0.091119,0.091119
14.107000,0.091116,0.091113
14.108000,0.091123,0.091110
14.109000,0.091116,0.091113
14.110000,0.091116,0.091113
14.111000,0.091113,0.091116
14.112000,0.091119,0.091110
14.113000,0.091119,0.091116
14.114000,0.091116,0.091116
14.115000,0.091353,0.091344
14.116000,0.091537,0.091537
14.117000,0.091648,0.091641
14.118000,0.091714,0.091708
14.119000,0.091765,0.091762
14.120000,0.091796,0.091793
14.121000,0.091819,0.091819
14.122000,0.091844,0.091838
14.123000,0.091850,0.091850
14.124000,0.091866,0.091860
14.125000,0.091869,0.091869
14.126000,0.091875,0.091869
14.127000,0.091882,0.091875
14.128000,0.091885,0.091882
14.129000,0.091885,0.091879
14.130000,0.091885,0.091885
14.131000,0.091894,0.091888
14.132000,0.091898,0.091885
14.133000,0.091894,0.091888
14.134000,0.091888,0.091888
14.135000,0.091894,0.091882
14.136000,0.091888,0.091891
14.137000,0.091894,0.091885
14.138000,0.091894,0.091891
14.139000,0.091891,0.091891
14.140000,0.091898,0.091888
14.141000,0.091894,0.091888
14.142000,0.091894,0.091894
14.143000,0.091901,0.091888
14.144000,0.091894,0.091894
14.145000,0.091894,0.091888
14.146000,0.091901,0.091891
14.147000,0.091894,0.091894
14.148000,0.091894,0.091888
14.149000,0.091901,0.091894
14.150000,0.091894,0.091894
14.151000,0.091898,0.091894
14.152000,0.091894,0.091891
14.153000,0.091898,0.091891
14.154000,0.091894,0.091894
14.155000,0.091901,0.091891
14.156000,0.091898,0.091898
14.157000,0.091898,0.091888
14.158000,0.091901,0.091901
14.159000,0.091901,0.091898
14.160000,0.091901,0.091891
14.161000,0.091901,0.091898
14.162000,0.091901,0.091894
14.163000,0.091898,0.091898
14.164000,0.091894,0.091894
14.165000,0.091667,0.091664
14.166000,0.091474,0.091471
14.167000,0.091369,0.091360
14.168000,0.091344,0.091338
14.169000,0.091268,0.091271
14.170000,0.091224,0.091221
14.171000,0.091195,0.091198
14.172000,0.091179,0.091173
14.173000,0.091164,0.091157
14.174000,0.091151,0.091145
14.175000,0.091142,0.091145
14.176000,0.091142,0.091135
14.177000,0.091129,0.091129
14.178000,0.091129,0.091123
14.179000,0.091126,0.091119
14.180000,0.091123,0.091116
14.181000,0.091119,0.091116
14.182000,0.091126,0.091119
14.183000,0.091116,0.091116
14.184000,0.091116,0.091116
14.185000,0.091116,0.091116
14.186000,0.091116,0.091113
14.187000,0.091123,0.091110
14.188000,0.091116,0.091113
14.189000,0.091116,0.091113
14.190000,0.091110,0.091113
14.191000,0.091116,0.091110
14.192000,0.091116,0.091110
14.193000,0.091113,0.091110
14.194000,0.091116,0.091113
14.195000,0.091116,0.091110
14.196000,0.091110,0.091110
14.197000,0.091110,0.091110
14.198000,0.091113,0.091110
14.199000,0.091110,0.091113
14.200000,0.091110,0.091110
14.201000,0.091110,0.091110
14.202000,0.091110,0.091107
14.203000,0.091110,0.091104
14.204000,0.091113,0.091107
14.205000,0.091110,0.091100
14.206000,0.091113,0.091107
14.207000,0.091110,0.091110
14.208000,0.091113,0.091107
14.209000,0.091110,0.091110
14.210000,0.091110,0.091107
14.211000,0.091110,0.091107
14.212000,0.091107,0.091110
14.213000,0.091113,0.091110
14.214000,0.091113,0.091107
14.215000,0.091341,0.091338
14.216000,0.091534,0.091531
14.217000,0.091635,0.091641
14.218000,0.091717,0.091711
14.219000,0.091762,0.091758
14.220000,0.091796,0.091793
14.221000,0.091822,0.091819
14.222000,0.091838,0.091838
14.223000,0.091856,0.091850
14.224000,0.091863,0.091860
14.225000,0.091872,0.091863
14.226000,0.091872,0.091872
14.227000,0.091882,0.091875
14.228000,0.091888,0.091875
14.229000,0.091885,0.091882
14.230000,0.091885,0.091885
14.231000,0.091888,0.091885
14.232000,0.091891,0.091885
14.233000,0.091891,0.091888
14.234000,0.091891,0.091885
14.235000,0.091891,0.091888
14.236000,0.091898,0.091891
14.237000,0.091891,0.091891
14.238000,0.091891,0.091891
14.239000,0.091891,0.091888
14.240000,0.091898,0.091888
14.241000,0.091894,0.091891
14.242000,0.091894,0.091891
14.243000,0.091894,0.091888
14.244000,0.091898,0.091891
14.245000,0.091894,0.091891
14.246000,0.091898,0.091891
14.247000,0.091901,0.091891
14.248000,0.091894,0.091894
14.249000,0.091891,0.091888
14.250000,0.091898,0.091894
14.251000,0.091894,0.091885
14.252000,0.091898,0.091891
14.253000,0.091904,0.091901
14.254000,0.091901,0.091891
14.255000,0.091898,0.091894
14.256000,0.091983,0.091986
14.257000,0.092034,0.092024
14.258000,0.092056,0.092053
14.259000,0.092078,0.092072
14.260000,0.092091,0.092084
14.261000,0.092097,0.092094
14.262000,0.092103,0.092097
14.263000,0.092106,0.092106
14.264000,0.092110,0.092110
14.265000,0.091885,0.091879
14.266000,0.091695,0.091692
14.267000,0.091584,0.091581
14.268000,0.091521,0.091518
14.269000,0.091471,0.091471
14.270000,0.091442,0.091439
14.271000,0.091420,0.091410
14.272000,0.091398,0.091401
14.273000,0.091388,0.091385
14.274000,0.091379,0.091376
14.275000,0.091372,0.091369
14.276000,0.091363,0.091360
14.277000,0.091363,0.091357
14.278000,0.091357,0.091357
14.279000,0.091360,0.091350
14.280000,0.091353,0.091357
14.281000,0.091353,0.091353
14.282000,0.091350,0.091350
14.283000,0.091353,0.091350
14.284000,0.091347,0.091347
14.285000,0.091347,0.091344
14.286000,0.091353,0.091344
14.287000,0.091347,0.091344
14.288000,0.091347,0.091347
14.289000,0.091347,0.091344
14.290000,0.091347,0.091347
14.291000,0.091347,0.091344
14.292000,0.091344,0.091344
14.293000,0.091347,0.091347
14.294000,0.091347,0.091344
14.295000,0.091347,0.091344
14.296000,0.091344,0.091347
14.297000,0.091344,0.091341
14.298000,0.091262,0.091259
14.299000,0.091214,0.091211
14.300000,0.091189,0.091179
14.301000,0.091167,0.091167
14.302000,0.091154,0.091151
14.303000,0.091148,0.091138
14.304000,0.091135,0.091135
14.305000,0.091135,0.091129
14.306000,0.091135,0.091129
14.307000,0.091129,0.091123
14.308000,0.091126,0.091123
14.309000,0.091123,0.091116
14.310000,0.091126,0.091119
14.311000,0.091126,0.091116
14.312000,0.091119,0.091119
14.313000,0.091116,0.091119
14.314000,0.091123,0.091110
14.315000,0.091344,0.091347
14.316000,0.091540,0.091534
14.317000,0.091645,0.091641
14.318000,0.091717,0.091714
14.319000,0.091768,0.091762
14.320000,0.091800,0.091796
14.321000,0.091825,0.091819
14.322000,0.091841,0.091838
14.323000,0.091853,0.091850
14.324000,0.091866,0.091860
14.325000,0.091872,0.091869
14.326000,0.091882,0.091872
14.327000,0.091879,0.091875
14.328000,0.091882,0.091882
14.329000,0.091891,0.091882
14.330000,0.091888,0.091882
14.331000,0.091888,0.091885
14.332000,0.091891,0.091888
14.333000,0.091894,0.091888
14.334000,0.091894,0.091885
14.335000,0.091898,0.091885
14.336000,0.091894,0.091888
14.337000,0.091898,0.091888
14.338000,0.091891,0.091885
14.339000,0.091894,0.091888
14.340000,0.091980,0.091977
14.341000,0.091939,0.091936
14.342000,0.091923,0.091923
14.343000,0.091917,0.091913
14.344000,0.091904,0.091907
14.345000,0.091904,0.091898
14.346000,0.091907,0.091894
14.347000,0.091904,0.091898
14.348000,0.091910,0.091904
14.349000,0.091901,0.091901
14.350000,0.091901,0.091901
14.351000,0.091901,0.091901
14.352000,0.091901,0.091898
14.353000,0.091901,0.091894
14.354000,0.091894,0.091894
14.355000,0.091901,0.091891
14.356000,0.091901,0.091894
14.357000,0.091898,0.091894
14.358000,0.091898,0.091898
14.359000,0.091901,0.091894
14.360000,0.091898,0.091891
14.361000,0.091898,0.091894
14.362000,0.091891,0.091894
14.363000,0.091898,0.091891
14.364000,0.091898,0.091891
14.365000,0.091667,0.091664
14.366000,0.091471,0.091471
14.367000,0.091363,0.091363
14.368000,0.091303,0.091293
14.369000,0.091252,0.091246
14.370000,0.091217,0.091211
14.371000,0.091192,0.091189
14.372000,0.091173,0.091170
14.373000,0.091164,0.091161
14.374000,0.091154,0.091154
14.375000,0.091145,0.091135
14.376000,0.091145,0.091135
14.377000,0.091138,0.091132
14.378000,0.091135,0.091129
14.379000,0.091132,0.091126
14.380000,0.091132,0.091126
14.381000,0.091126,0.091126
14.382000,0.091123,0.091123
14.383000,0.091126,0.091123
14.384000,0.091126,0.091123
14.385000,0.091123,0.091119
14.386000,0.091129,0.091119
14.387000,0.091123,0.091119
14.388000,0.091119,0.091116
14.389000,0.091119,0.091116
14.390000,0.091119,0.091123
14.391000,0.091126,0.091119
14.392000,0.091116,0.091116
14.393000,0.091123,0.091116
14.394000,0.091119,0.091119
14.395000,0.091119,0.091119
14.396000,0.091116,0.091119
14.397000,0.091119,0.091116
14.398000,0.091116,0.091116
14.399000,0.091119,0.091116
14.400000,0.091116,0.091119
14.401000,0.091119,0.091113
14.402000,0.091119,0.091116
14.403000,0.091116,0.091113
14.404000,0.091119,0.091113
14.405000,0.091116,0.091116
14.406000,0.091116,0.091116
14.407000,0.091116,0.091113
14.408000,0.091116,0.091116
14.409000,0.091110,0.091113
14.410000,0.091113,0.091110
14.411000,0.091113,0.091113
14.412000,0.091119,0.091110
14.413000,0.091119,0.091113
14.414000,0.091116,0.091110
14.415000,0.091347,0.091344
14.416000,0.091534,0.091534
14.417000,0.091641,0.091641
14.418000,0.091711,0.091705
14.419000,0.091762,0.091758
14.420000,0.091796,0.091790
14.421000,0.091822,0.091819
14.422000,0.091841,0.091834
14.423000,0.091850,0.091847
14.424000,0.091907,0.091894
14.425000,0.091891,0.091885
14.426000,0.091885,0.091879
14.427000,0.091885,0.091875
14.428000,0.091888,0.091879
14.429000,0.091888,0.091879
14.430000,0.091888,0.091879
14.431000,0.091882,0.091875
14.432000,0.091888,0.091882
14.433000,0.091882,0.091882
14.434000,0.091882,0.091885
14.435000,0.091885,0.091879
14.436000,0.091888,0.091885
14.437000,0.091885,0.091885
14.438000,0.091888,0.091882
14.439000,0.091888,0.091882
14.440000,0.091888,0.091885
14.441000,0.091885,0.091885
14.442000,0.091888,0.091882
14.443000,0.091901,0.091891
14.444000,0.091891,0.091888
14.445000,0.091888,0.091894
14.446000,0.091894,0.091888
14.447000,0.091891,0.091888
14.448000,0.091888,0.091888
14.449000,0.091888,0.091885
14.450000,0.091885,0.091888
14.451000,0.091885,0.091888
14.452000,0.091891,0.091888
14.453000,0.091888,0.091888
14.454000,0.091888,0.091888
14.455000,0.091891,0.091888
14.456000,0.091891,0.091885
14.457000,0.091891,0.091885
14.458000,0.091891,0.091888
14.459000,0.091894,0.091888
14.460000,0.091894,0.091882
14.461000,0.091888,0.091888
14.462000,0.091885,0.091885
14.463000,0.091894,0.091888
14.464000,0.091891,0.091888
14.465000,0.091664,0.091660
14.466000,0.091474,0.091461
14.467000,0.091360,0.091360
14.468000,0.091293,0.091287
14.469000,0.091246,0.091240
14.470000,0.091211,0.091208
14.471000,0.091186,0.091183
14.472000,0.091170,0.091164
14.473000,0.091161,0.091154
14.474000,0.091148,0.091148
14.475000,0.091145,0.091135
14.476000,0.091135,0.091132
14.477000,0.091135,0.091129
14.478000,0.091132,0.091129
14.479000,0.091132,0.091126
14.480000,0.091126,0.091126
14.481000,0.091129,0.091126
14.482000,0.091126,0.091129
14.483000,0.091126,0.091123
14.484000,0.091123,0.091123
14.485000,0.091126,0.091116
14.486000,0.091123,0.091119
14.487000,0.091116,0.091119
14.488000,0.091119,0.091123
14.489000,0.091126,0.091119
14.490000,0.091123,0.091119
14.491000,0.091126,0.091119
14.492000,0.091123,0.091116
14.493000,0.091119,0.091119
14.494000,0.091129,0.091116
14.495000,0.091123,0.091116
14.496000,0.091123,0.091119
14.497000,0.091119,0.091116
14.498000,0.091119,0.091116
14.499000,0.091116,0.091119
15.000000,0.091116,0.091113
15.001000,0.091119,0.091116
15.002000,0.091119,0.091113
15.003000,0.091119,0.091116
15.004000,0.091116,0.091116
15.005000,0.091110,0.091116
15.006000,0.091113,0.091116
15.007000,0.091116,0.091116
15.008000,0.091116,0.091116
15.009000,0.091119,0.091116
15.010000,0.091119,0.091119
15.011000,0.091116,0.091116
15.012000,0.091113,0.091110
15.013000,0.091119,0.091113
15.014000,0.091119,0.091113
15.015000,0.091344,0.091347
15.016000,0.091619,0.091613
15.017000,0.091777,0.091771
15.018000,0.091869,0.091866
15.019000,0.091936,0.091932
15.020000,0.091986,0.091980
15.021000,0.092015,0.092015
15.022000,0.092043,0.092034
15.023000,0.092065,0.092059
15.024000,0.092078,0.092072
15.025000,0.092087,0.092081
15.026000,0.092094,0.092091
15.027000,0.092100,0.092097
15.028000,0.092100,0.092100
15.029000,0.092106,0.092103
15.030000,0.092110,0.092106
15.031000,0.092113,0.092106
15.032000,0.092110,0.092106
15.033000,0.092119,0.092106
15.034000,0.092116,0.092113
15.035000,0.092122,0.092116
15.036000,0.092116,0.092113
15.037000,0.092119,0.092116
15.038000,0.092132,0.092129
15.039000,0.092122,0.092116
15.040000,0.092122,0.092119
15.041000,0.092122,0.092119
15.042000,0.092119,0.092116
15.043000,0.092122,0.092119
15.044000,0.092122,0.092122
15.045000,0.092125,0.092119
15.046000,0.092119,0.092122
15.047000,0.092119,0.092119
15.048000,0.092125,0.092122
15.049000,0.092125,0.092119
15.050000,0.092125,0.092119
15.051000,0.092122,0.092119
15.052000,0.092122,0.092119
15.053000,0.092129,0.092116
15.054000,0.092122,0.092122
15.055000,0.092122,0.092122
15.056000,0.092129,0.092122
15.057000,0.092122,0.092122
15.058000,0.092046,0.092037
15.059000,0.091996,0.091989
15.060000,0.091970,0.091961
15.061000,0.091951,0.091945
15.062000,0.091939,0.091929
15.063000,0.091929,0.091926
15.064000,0.091917,0.091913
15.065000,0.091689,0.091683
15.066000,0.091493,0.091483
15.067000,0.091382,0.091376
15.068000,0.091309,0.091303
15.069000,0.091262,0.091255
15.070000,0.091224,0.091224
15.071000,0.091198,0.091198
15.072000,0.091183,0.091179
15.073000,0.091167,0.091164
15.074000,0.091157,0.091151
15.075000,0.091154,0.091142
15.076000,0.091148,0.091138
15.077000,0.091138,0.091142
15.078000,0.091138,0.091132
15.079000,0.091135,0.091132
15.080000,0.091129,0.091129
15.081000,0.091129,0.091129
15.082000,0.091132,0.091129
15.083000,0.091123,0.091129
15.084000,0.091129,0.091123
15.085000,0.091129,0.091123
15.086000,0.091129,0.091123
15.087000,0.091126,0.091123
15.088000,0.091126,0.091123
15.089000,0.091126,0.091123
15.090000,0.091129,0.091123
15.091000,0.091126,0.091119
15.092000,0.091123,0.091119
15.093000,0.091123,0.091119
15.094000,0.091119,0.091123
15.095000,0.091123,0.091123
15.096000,0.091126,0.091119
15.097000,0.091119,0.091116
15.098000,0.091123,0.091119
15.099000,0.091123,0.091123
15.100000,0.091208,0.091202
15.101000,0.091170,0.091167
15.102000,0.091154,0.091145
15.103000,0.091145,0.091135
15.104000,0.091135,0.091129
15.105000,0.091135,0.091126
15.106000,0.091123,0.091123
15.107000,0.091129,0.091119
15.108000,0.091126,0.091119
15.109000,0.091123,0.091116
15.110000,0.091123,0.091116
15.111000,0.091119,0.091116
15.112000,0.091123,0.091123
15.113000,0.091116,0.091119
15.114000,0.091116,0.091113
15.115000,0.091350,0.091350
15.116000,0.091540,0.091534
15.117000,0.091641,0.091638
15.118000,0.091717,0.091711
15.119000,0.091765,0.091762
15.120000,0.091800,0.091793
15.121000,0.091825,0.091819
15.122000,0.091844,0.091831
15.123000,0.091850,0.091847
15.124000,0.091866,0.091856
15.125000,0.091872,0.091866
15.126000,0.091875,0.091869
15.127000,0.091882,0.091875
15.128000,0.091885,0.091879
15.129000,0.091885,0.091882
15.130000,0.091888,0.091882
15.131000,0.091888,0.091888
15.132000,0.091888,0.091885
15.133000,0.091901,0.091901
15.134000,0.091901,0.091894
15.135000,0.091894,0.091894
15.136000,0.091898,0.091891
15.137000,0.091894,0.091894
15.138000,0.091891,0.091888
15.139000,0.091894,0.091891
15.140000,0.091898,0.091888
15.141000,0.091894,0.091894
15.142000,0.091894,0.091891
15.143000,0.091891,0.091894
15.144000,0.091901,0.091894
15.145000,0.091898,0.091891
15.146000,0.091894,0.091891
15.147000,0.091898,0.091888
15.148000,0.091901,0.091894
15.149000,0.091898,0.091891
15.150000,0.091898,0.091894
15.151000,0.091894,0.091891
15.152000,0.091901,0.091891
15.153000,0.091898,0.091898
15.154000,0.091894,0.091894
15.155000,0.091901,0.091894
15.156000,0.091901,0.091891
15.157000,0.091898,0.091891
15.158000,0.091901,0.091901
15.159000,0.091898,0.091898
15.160000,0.091901,0.091898
15.161000,0.091901,0.091894
15.162000,0.091901,0.091894
15.163000,0.091898,0.091898
15.164000,0.091901,0.091898
15.165000,0.091667,0.091657
15.166000,0.091477,0.091464
15.167000,0.091369,0.091363
15.168000,0.091300,0.091297
15.169000,0.091252,0.091246
15.170000,0.091217,0.091211
15.171000,0.091195,0.091192
15.172000,0.091179,0.091176
15.173000,0.091167,0.091161
15.174000,0.091154,0.091157
15.175000,0.091142,0.091142
15.176000,0.091138,0.091135
15.177000,0.091135,0.091132
15.178000,0.091132,0.091126
15.179000,0.091129,0.091129
15.180000,0.091173,0.091170
15.181000,0.091145,0.091142
15.182000,0.091135,0.091135
15.183000,0.091129,0.091129
15.184000,0.091126,0.091126
15.185000,0.091123,0.091119
15.186000,0.091126,0.091113
15.187000,0.091116,0.091113
15.188000,0.091113,0.091116
15.189000,0.091116,0.091116
15.190000,0.091116,0.091110
15.191000,0.091116,0.091113
15.192000,0.091113,0.091113
15.193000,0.091116,0.091110
15.194000,0.091116,0.091107
15.195000,0.091116,0.091107
15.196000,0.091107,0.091110
15.197000,0.091110,0.091110
15.198000,0.091113,0.091110
15.199000,0.091110,0.091110
15.200000,0.091116,0.091104
15.201000,0.091113,0.091107
15.202000,0.091110,0.091107
15.203000,0.091113,0.091107
15.204000,0.091110,0.091104
15.205000,0.091113,0.091104
15.206000,0.091110,0.091110
15.207000,0.091110,0.091107
15.208000,0.091110,0.091104
15.209000,0.091110,0.091110
15.210000,0.091110,0.091110
15.211000,0.091110,0.091104
15.212000,0.091110,0.091110
15.213000,0.091110,0.091107
15.214000,0.091107,0.091104
15.215000,0.091341,0.091341
15.216000,0.091531,0.091527
15.217000,0.091638,0.091632
15.218000,0.091708,0.091708
15.219000,0.091758,0.091749
15.220000,0.091790,0.091787
15.221000,0.091809,0.091812
15.222000,0.091828,0.091825
15.223000,0.091844,0.091834
15.224000,0.091853,0.091850
15.225000,0.091866,0.091860
15.226000,0.091869,0.091869
15.227000,0.091882,0.091872
15.228000,0.091888,0.091885
15.229000,0.091894,0.091888
15.230000,0.091888,0.091882
15.231000,0.091888,0.091885
15.232000,0.091888,0.091888
15.233000,0.091888,0.091885
15.234000,0.091891,0.091888
15.235000,0.091894,0.091888
15.236000,0.091894,0.091891
15.237000,0.091894,0.091888
15.238000,0.091894,0.091894
15.239000,0.091894,0.091891
15.240000,0.091888,0.091888
15.241000,0.091898,0.091891
15.242000,0.091888,0.091888
15.243000,0.091898,0.091888
15.244000,0.091891,0.091891
15.245000,0.091894,0.091894
15.246000,0.091894,0.091891
15.247000,0.091898,0.091891
15.248000,0.091898,0.091888
15.249000,0.091898,0.091888
15.250000,0.091901,0.091891
15.251000,0.091898,0.091888
15.252000,0.091898,0.091894
15.253000,0.091894,0.091894
15.254000,0.091898,0.091891
15.255000,0.091894,0.091894
15.256000,0.091894,0.091891
15.257000,0.091894,0.091894
15.258000,0.091898,0.091894
15.259000,0.091898,0.091891
15.260000,0.091894,0.091898
15.261000,0.091894,0.091891
15.262000,0.091894,0.091894
15.263000,0.091894,0.091891
15.264000,0.091898,0.091891
15.265000,0.091667,0.091660
15.266000,0.091471,0.091467
15.267000,0.091455,0.091445
15.268000,0.091429,0.091433
15.269000,0.091414,0.091404
15.270000,0.091395,0.091395
15.271000,0.091385,0.091379
15.272000,0.091376,0.091369
15.273000,0.091369,0.091366
15.274000,0.091363,0.091360
15.275000,0.091357,0.091357
15.276000,0.091357,0.091350
15.277000,0.091357,0.091347
15.278000,0.091353,0.091353
15.279000,0.091353,0.091344
15.280000,0.091353,0.091350
15.281000,0.091350,0.091347
15.282000,0.091350,0.091344
15.283000,0.091350,0.091347
15.284000,0.091347,0.091347
15.285000,0.091350,0.091344
15.286000,0.091344,0.091347
15.287000,0.091350,0.091344
15.288000,0.091344,0.091344
15.289000,0.091347,0.091347
15.290000,0.091341,0.091344
15.291000,0.091344,0.091341
15.292000,0.091350,0.091344
15.293000,0.091347,0.091344
15.294000,0.091344,0.091341
15.295000,0.091347,0.091341
15.296000,0.091344,0.091338
15.297000,0.091347,0.091341
15.298000,0.091344,0.091338
15.299000,0.091344,0.091341
15.300000,0.091344,0.091344
15.301000,0.091344,0.091344
15.302000,0.091344,0.091341
15.303000,0.091344,0.091344
15.304000,0.091344,0.091338
15.305000,0.091341,0.091344
15.306000,0.091344,0.091344
15.307000,0.091347,0.091341
15.308000,0.091344,0.091341
15.309000,0.091259,0.091255
15.310000,0.091211,0.091211
15.311000,0.091183,0.091179
15.312000,0.091164,0.091161
15.313000,0.091154,0.091151
15.314000,0.091145,0.091138
15.315000,0.091369,0.091366
15.316000,0.091556,0.091553
15.317000,0.091654,0.091660
15.318000,0.091727,0.091720
15.319000,0.091768,0.091765
15.320000,0.091803,0.091800
15.321000,0.091825,0.091825
15.322000,0.091841,0.091841
15.323000,0.091860,0.091853
15.324000,0.091875,0.091872
15.325000,0.091875,0.091872
15.326000,0.091879,0.091875
15.327000,0.091885,0.091879
15.328000,0.091885,0.091882
15.329000,0.091888,0.091882
15.330000,0.091888,0.091888
15.331000,0.091894,0.091888
15.332000,0.091894,0.091891
15.333000,0.091894,0.091891
15.334000,0.091894,0.091888
15.335000,0.091894,0.091891
15.336000,0.091894,0.091888
15.337000,0.091898,0.091894
15.338000,0.091901,0.091894
15.339000,0.091894,0.091894
15.340000,0.091904,0.091894
15.341000,0.091894,0.091894
15.342000,0.091894,0.091888
15.343000,0.091901,0.091894
15.344000,0.091901,0.091894
15.345000,0.091894,0.091894
15.346000,0.091901,0.091894
15.347000,0.091901,0.091888
15.348000,0.091898,0.091894
15.349000,0.091894,0.091888
15.350000,0.091901,0.091891
15.351000,0.091983,0.091974
15.352000,0.091945,0.091942
15.353000,0.091926,0.091917
15.354000,0.091920,0.091913
15.355000,0.091913,0.091910
15.356000,0.091910,0.091904
15.357000,0.091907,0.091904
15.358000,0.091907,0.091904
15.359000,0.091901,0.091898
15.360000,0.091904,0.091901
15.361000,0.091904,0.091894
15.362000,0.091898,0.091898
15.363000,0.091901,0.091891
15.364000,0.091901,0.091901
15.365000,0.091670,0.091660
15.366000,0.091477,0.091477
15.367000,0.091366,0.091366
15.368000,0.091300,0.091300
15.369000,0.091259,0.091252
15.370000,0.091224,0.091211
15.371000,0.091195,0.091192
15.372000,0.091179,0.091176
15.373000,0.091161,0.091164
15.374000,0.091154,0.091151
15.375000,0.091145,0.091145
15.376000,0.091142,0.091135
15.377000,0.091138,0.091135
15.378000,0.091132,0.091132
15.379000,0.091132,0.091129
15.380000,0.091132,0.091129
15.381000,0.091129,0.091126
15.382000,0.091126,0.091126
15.383000,0.091126,0.091126
15.384000,0.091123,0.091123
15.385000,0.091123,0.091126
15.386000,0.091123,0.091119
15.387000,0.091116,0.091116
15.388000,0.091123,0.091119
15.389000,0.091123,0.091116
15.390000,0.091123,0.091119
15.391000,0.091119,0.091119
15.392000,0.091123,0.091116
15.393000,0.091116,0.091119
15.394000,0.091119,0.091119
15.395000,0.091119,0.091119
15.396000,0.091119,0.091116
15.397000,0.091116,0.091119
15.398000,0.091116,0.091110
15.399000,0.091116,0.091116
15.400000,0.091116,0.091116
15.401000,0.091123,0.091116
15.402000,0.091123,0.091119
15.403000,0.091119,0.091116
15.404000,0.091126,0.091113
15.405000,0.091123,0.091116
15.406000,0.091123,0.091116
15.407000,0.091123,0.091119
15.408000,0.091116,0.091113
15.409000,0.091116,0.091110
15.410000,0.091116,0.091116
15.411000,0.091119,0.091116
15.412000,0.091116,0.091110
15.413000,0.091116,0.091113
15.414000,0.091116,0.091110
15.415000,0.091347,0.091344
15.416000,0.091534,0.091534
15.417000,0.091641,0.091641
15.418000,0.091714,0.091711
15.419000,0.091771,0.091768
15.420000,0.091803,0.091796
15.421000,0.091828,0.091819
15.422000,0.091844,0.091838
15.423000,0.091856,0.091847
15.424000,0.091860,0.091860
15.425000,0.091872,0.091866
15.426000,0.091875,0.091869
15.427000,0.091882,0.091875
15.428000,0.091882,0.091879
15.429000,0.091888,0.091879
15.430000,0.091888,0.091879
15.431000,0.091885,0.091882
15.432000,0.091891,0.091891
15.433000,0.091888,0.091888
15.434000,0.091891,0.091888
15.435000,0.091894,0.091888
15.436000,0.091932,0.091926
15.437000,0.091910,0.091907
15.438000,0.091901,0.091898
15.439000,0.091901,0.091894
15.440000,0.091898,0.091891
15.441000,0.091888,0.091888
15.442000,0.091888,0.091888
15.443000,0.091891,0.091885
15.444000,0.091894,0.091885
15.445000,0.091891,0.091885
15.446000,0.091888,0.091888
15.447000,0.091888,0.091885
15.448000,0.091888,0.091885
15.449000,0.091891,0.091885
15.450000,0.091888,0.091885
15.451000,0.091894,0.091885
15.452000,0.091888,0.091882
15.453000,0.091891,0.091885
15.454000,0.091891,0.091885
15.455000,0.091888,0.091885
15.456000,0.091891,0.091882
15.457000,0.091891,0.091885
15.458000,0.091891,0.091885
15.459000,0.091888,0.091885
15.460000,0.091882,0.091882
15.461000,0.091888,0.091885
15.462000,0.091894,0.091885
15.463000,0.091888,0.091888
15.464000,0.091888,0.091888
15.465000,0.091660,0.091651
15.466000,0.091467,0.091461
15.467000,0.091357,0.091360
15.468000,0.091290,0.091290
15.469000,0.091243,0.091240
15.470000,0.091211,0.091202
15.471000,0.091183,0.091179
15.472000,0.091167,0.091161
15.473000,0.091154,0.091151
15.474000,0.091142,0.091142
15.475000,0.091135,0.091138
15.476000,0.091135,0.091129
15.477000,0.091129,0.091123
15.478000,0.091123,0.091123
15.479000,0.091123,0.091116
15.480000,0.091123,0.091113
15.481000,0.091116,0.091113
15.482000,0.091116,0.091116
15.483000,0.091116,0.091110
15.484000,0.091113,0.091113
15.485000,0.091119,0.091113
15.486000,0.091113,0.091110
15.487000,0.091113,0.091110
15.488000,0.091113,0.091107
15.489000,0.091116,0.091110
15.490000,0.091116,0.091113
15.491000,0.091116,0.091110
15.492000,0.091119,0.091116
15.493000,0.091119,0.091113
15.494000,0.091123,0.091116
15.495000,0.091123,0.091116
15.496000,0.091123,0.091119
15.497000,0.091116,0.091119
15.498000,0.091116,0.091116
15.499000,0.091116,0.091116
16.000000,0.091119,0.091116
16.001000,0.091116,0.091110
16.002000,0.091116,0.091116
16.003000,0.091113,0.091113
16.004000,0.091116,0.091110
16.005000,0.091119,0.091110
16.006000,0.091113,0.091113
16.007000,0.091116,0.091110
16.008000,0.091119,0.091116
16.009000,0.091119,0.091110
16.010000,0.091116,0.091110
16.011000,0.091113,0.091110
16.012000,0.091116,0.091113
16.013000,0.091116,0.091113
16.014000,0.091116,0.091113
16.015000,0.091350,0.091357
16.016000,0.091543,0.091540
16.017000,0.091648,0.091641
16.018000,0.091717,0.091711
16.019000,0.091765,0.091758
16.020000,0.091800,0.091793
16.021000,0.091822,0.091822
16.022000,0.091844,0.091838
16.023000,0.091853,0.091850
16.024000,0.091866,0.091860
16.025000,0.091869,0.091869
16.026000,0.091875,0.091872
16.027000,0.091879,0.091875
16.028000,0.091879,0.091879
16.029000,0.091885,0.091882
16.030000,0.091977,0.091964
16.031000,0.092018,0.092018
16.032000,0.092046,0.092046
16.033000,0.092068,0.092062
16.034000,0.092084,0.092075
16.035000,0.092094,0.092091
16.036000,0.092100,0.092091
16.037000,0.092103,0.092100
16.038000,0.092113,0.092103
16.039000,0.092113,0.092106
16.040000,0.092116,0.092113
16.041000,0.092116,0.092113
16.042000,0.092119,0.092113
16.043000,0.092119,0.092113
16.044000,0.092119,0.092116
16.045000,0.092116,0.092119
16.046000,0.092122,0.092119
16.047000,0.092116,0.092119
16.048000,0.092122,0.092119
16.049000,0.092125,0.092116
16.050000,0.092125,0.092116
16.051000,0.092119,0.092122
16.052000,0.092125,0.092119
16.053000,0.092122,0.092119
16.054000,0.092119,0.092119
16.055000,0.092125,0.092122
16.056000,0.092125,0.092122
16.057000,0.092122,0.092119
16.058000,0.092125,0.092122
16.059000,0.092125,0.092119
16.060000,0.092122,0.092119
16.061000,0.092122,0.092116
16.062000,0.092125,0.092116
16.063000,0.092122,0.092119
16.064000,0.092129,0.092122
16.065000,0.091894,0.091888
16.066000,0.091698,0.091705
16.067000,0.091597,0.091591
16.068000,0.091524,0.091524
16.069000,0.091483,0.091477
16.070000,0.091445,0.091442
16.071000,0.091417,0.091417
16.072000,0.091319,0.091312
16.073000,0.091259,0.091255
16.074000,0.091221,0.091214
16.075000,0.091198,0.091192
16.076000,0.091176,0.091179
16.077000,0.091164,0.091164
16.078000,0.091154,0.091154
16.079000,0.091148,0.091145
16.080000,0.091138,0.091142
16.081000,0.091138,0.091135
16.082000,0.091135,0.091132
16.083000,0.091129,0.091132
16.084000,0.091129,0.091126
16.085000,0.091129,0.091129
16.086000,0.091132,0.091126
16.087000,0.091126,0.091126
16.088000,0.091129,0.091123
16.089000,0.091126,0.091126
16.090000,0.091123,0.091123
16.091000,0.091126,0.091126
16.092000,0.091126,0.091119
16.093000,0.091123,0.091123
16.094000,0.091126,0.091123
16.095000,0.091123,0.091116
16.096000,0.091123,0.091119
16.097000,0.091123,0.091119
16.098000,0.091123,0.091119
16.099000,0.091123,0.091119
16.100000,0.091116,0.091116
16.101000,0.091119,0.091119
16.102000,0.091119,0.091119
16.103000,0.091119,0.091123
16.104000,0.091123,0.091113
16.105000,0.091116,0.091113
16.106000,0.091119,0.091116
16.107000,0.091119,0.091116
16.108000,0.091116,0.091113
16.109000,0.091116,0.091116
16.110000,0.091123,0.091113
16.111000,0.091123,0.091123
16.112000,0.091129,0.091126
16.113000,0.091126,0.091126
16.114000,0.091211,0.091202
16.115000,0.091401,0.091388
16.116000,0.091569,0.091565
16.117000,0.091667,0.091654
16.118000,0.091733,0.091724
16.119000,0.091771,0.091771
16.120000,0.091809,0.091800
16.121000,0.091825,0.091825
16.122000,0.091841,0.091838
16.123000,0.091860,0.091853
16.124000,0.091869,0.091860
16.125000,0.091872,0.091863
16.126000,0.091882,0.091875
16.127000,0.091882,0.091879
16.128000,0.091888,0.091882
16.129000,0.091888,0.091882
16.130000,0.091888,0.091885
16.131000,0.091894,0.091882
16.132000,0.091891,0.091888
16.133000,0.091898,0.091888
16.134000,0.091891,0.091885
16.135000,0.091891,0.091885
16.136000,0.091898,0.091888
16.137000,0.091894,0.091888
16.138000,0.091891,0.091891
16.139000,0.091894,0.091888
16.140000,0.091894,0.091888
16.141000,0.091894,0.091888
16.142000,0.091898,0.091891
16.143000,0.091894,0.091891
16.144000,0.091898,0.091888
16.145000,0.091901,0.091894
16.146000,0.091891,0.091891
16.147000,0.091894,0.091888
16.148000,0.091894,0.091894
16.149000,0.091898,0.091898
16.150000,0.091898,0.091894
16.151000,0.091901,0.091898
16.152000,0.091898,0.091888
16.153000,0.091888,0.091891
16.154000,0.091888,0.091891
16.155000,0.091898,0.091901
16.156000,0.091901,0.091894
16.157000,0.091898,0.091894
16.158000,0.091898,0.091894
16.159000,0.091901,0.091891
16.160000,0.091901,0.091894
16.161000,0.091898,0.091898
16.162000,0.091898,0.091894
16.163000,0.091901,0.091894
16.164000,0.091898,0.091891
16.165000,0.091667,0.091660
16.166000,0.091471,0.091474
16.167000,0.091363,0.091366
16.168000,0.091300,0.091293
16.169000,0.091249,0.091246
16.170000,0.091221,0.091217
16.171000,0.091189,0.091189
16.172000,0.091179,0.091170
16.173000,0.091164,0.091161
16.174000,0.091154,0.091151
16.175000,0.091145,0.091142
16.176000,0.091142,0.091135
16.177000,0.091132,0.091129
16.178000,0.091129,0.091126
16.179000,0.091132,0.091129
16.180000,0.091132,0.091123
16.181000,0.091129,0.091123
16.182000,0.091126,0.091119
16.183000,0.091126,0.091116
16.184000,0.091126,0.091123
16.185000,0.091123,0.091119
16.186000,0.091123,0.091116
16.187000,0.091126,0.091113
16.188000,0.091126,0.091116
16.189000,0.091119,0.091116
16.190000,0.091123,0.091116
16.191000,0.091123,0.091113
16.192000,0.091161,0.091157
16.193000,0.091142,0.091132
16.194000,0.091129,0.091123
16.195000,0.091126,0.091123
16.196000,0.091123,0.091119
16.197000,0.091123,0.091113
16.198000,0.091116,0.091113
16.199000,0.091116,0.091110
16.200000,0.091113,0.091110
16.201000,0.091113,0.091113
16.202000,0.091113,0.091110
16.203000,0.091113,0.091110
16.204000,0.091110,0.091107
16.205000,0.091113,0.091110
16.206000,0.091110,0.091110
16.207000,0.091116,0.091107
16.208000,0.091116,0.091116
16.209000,0.091116,0.091110
16.210000,0.091110,0.091104
16.211000,0.091113,0.091110
16.212000,0.091107,0.091104
16.213000,0.091110,0.091104
16.214000,0.091110,0.091110
16.215000,0.091338,0.091338
16.216000,0.091531,0.091524
16.217000,0.091632,0.091638
16.218000,0.091705,0.091705
16.219000,0.091752,0.091746
16.220000,0.091787,0.091781
16.221000,0.091812,0.091806
16.222000,0.091834,0.091825
16.223000,0.091844,0.091844
16.224000,0.091853,0.091850
16.225000,0.091863,0.091860
16.226000,0.091866,0.091866
16.227000,0.091869,0.091869
16.228000,0.091875,0.091872
16.229000,0.091879,0.091872
16.230000,0.091882,0.091872
16.231000,0.091882,0.091875
16.232000,0.091879,0.091875
16.233000,0.091885,0.091879
16.234000,0.091882,0.091882
16.235000,0.091882,0.091882
16.236000,0.091888,0.091885
16.237000,0.091882,0.091879
16.238000,0.091885,0.091879
16.239000,0.091885,0.091882
16.240000,0.091888,0.091885
16.241000,0.091891,0.091888
16.242000,0.091891,0.091891
16.243000,0.091891,0.091891
16.244000,0.091894,0.091888
16.245000,0.091894,0.091898
16.246000,0.091894,0.091891
16.247000,0.091894,0.091888
16.248000,0.091894,0.091891
16.249000,0.091898,0.091888
16.250000,0.091898,0.091891
16.251000,0.091898,0.091891
16.252000,0.091894,0.091891
16.253000,0.091894,0.091894
16.254000,0.091894,0.091891
16.255000,0.091898,0.091891
16.256000,0.091901,0.091898
16.257000,0.091894,0.091891
16.258000,0.091901,0.091894
16.259000,0.091898,0.091891
16.260000,0.091901,0.091891
16.261000,0.091898,0.091891
16.262000,0.091898,0.091901
16.263000,0.091901,0.091891
16.264000,0.091898,0.091891
16.265000,0.091670,0.091660
16.266000,0.091471,0.091474
16.267000,0.091369,0.091363
16.268000,0.091303,0.091297
16.269000,0.091255,0.091249
16.270000,0.091217,0.091211
16.271000,0.091192,0.091192
16.272000,0.091173,0.091170
16.273000,0.091161,0.091161
16.274000,0.091151,0.091148
16.275000,0.091145,0.091145
16.276000,0.091142,0.091138
16.277000,0.091132,0.091132
16.278000,0.091129,0.091135
16.279000,0.091129,0.091126
16.280000,0.091129,0.091126
16.281000,0.091217,0.091208
16.282000,0.091255,0.091255
16.283000,0.091284,0.091281
16.284000,0.091303,0.091297
16.285000,0.091309,0.091316
16.286000,0.091319,0.091322
16.287000,0.091328,0.091325
16.288000,0.091331,0.091331
16.289000,0.091335,0.091335
16.290000,0.091338,0.091338
16.291000,0.091344,0.091338
16.292000,0.091344,0.091335
16.293000,0.091344,0.091341
16.294000,0.091338,0.091341
16.295000,0.091341,0.091338
16.296000,0.091344,0.091341
16.297000,0.091341,0.091341
16.298000,0.091344,0.091341
16.299000,0.091341,0.091341
16.300000,0.091341,0.091335
16.301000,0.091344,0.091338
16.302000,0.091347,0.091338
16.303000,0.091353,0.091347
16.304000,0.091344,0.091341
16.305000,0.091344,0.091338
16.306000,0.091350,0.091338
16.307000,0.091341,0.091335
16.308000,0.091344,0.091338
16.309000,0.091344,0.091344
16.310000,0.091347,0.091341
16.311000,0.091338,0.091338
16.312000,0.091344,0.091338
16.313000,0.091341,0.091341
16.314000,0.091344,0.091341
16.315000,0.091565,0.091572
16.316000,0.091765,0.091762
16.317000,0.091872,0.091866
16.318000,0.091936,0.091936
16.319000,0.091989,0.091983
16.320000,0.092021,0.092015
16.321000,0.092049,0.092046
16.322000,0.092062,0.092062
16.323000,0.091989,0.091989
16.324000,0.091958,0.091955
16.325000,0.091936,0.091929
16.326000,0.091920,0.091923
16.327000,0.091917,0.091913
16.328000,0.091907,0.091910
16.329000,0.091907,0.091904
16.330000,0.091901,0.091894
16.331000,0.091901,0.091894
16.332000,0.091894,0.091894
16.333000,0.091901,0.091891
16.334000,0.091898,0.091898
16.335000,0.091901,0.091894
16.336000,0.091894,0.091894
16.337000,0.091898,0.091891
16.338000,0.091898,0.091898
16.339000,0.091901,0.091891
16.340000,0.091894,0.091891
16.341000,0.091894,0.091894
16.342000,0.091898,0.091888
16.343000,0.091901,0.091891
16.344000,0.091901,0.091885
16.345000,0.091894,0.091888
16.346000,0.091894,0.091885
16.347000,0.091894,0.091894
16.348000,0.091898,0.091894
16.349000,0.091898,0.091888
16.350000,0.091894,0.091891
16.351000,0.091901,0.091891
16.352000,0.091898,0.091891
16.353000,0.091894,0.091894
16.354000,0.091898,0.091891
16.355000,0.091898,0.091891
16.356000,0.091898,0.091891
16.357000,0.091898,0.091891
16.358000,0.091901,0.091898
16.359000,0.091894,0.091894
16.360000,0.091898,0.091891
16.361000,0.091901,0.091888
16.362000,0.091901,0.091894
16.363000,0.091898,0.091891
16.364000,0.091901,0.091894
16.365000,0.091755,0.091746
16.366000,0.091521,0.091518
16.367000,0.091395,0.091388
16.368000,0.091319,0.091312
16.369000,0.091265,0.091265
16.370000,0.091227,0.091224
16.371000,0.091202,0.091195
16.372000,0.091179,0.091173
16.373000,0.091167,0.091161
16.374000,0.091154,0.091154
16.375000,0.091151,0.091142
16.376000,0.091142,0.091138
16.377000,0.091135,0.091129
16.378000,0.091135,0.091129
16.379000,0.091132,0.091123
16.380000,0.091129,0.091129
16.381000,0.091129,0.091119
16.382000,0.091129,0.091126
16.383000,0.091126,0.091119
16.384000,0.091126,0.091123
16.385000,0.091126,0.091119
16.386000,0.091119,0.091123
16.387000,0.091123,0.091116
16.388000,0.091123,0.091119
16.389000,0.091123,0.091119
16.390000,0.091119,0.091119
16.391000,0.091116,0.091119
16.392000,0.091119,0.091123
16.393000,0.091123,0.091116
16.394000,0.091123,0.091116
16.395000,0.091116,0.091116
16.396000,0.091116,0.091119
16.397000,0.091119,0.091123
16.398000,0.091126,0.091123
16.399000,0.091123,0.091119
16.400000,0.091123,0.091116
16.401000,0.091119,0.091116
16.402000,0.091123,0.091113
16.403000,0.091116,0.091116
16.404000,0.091119,0.091113
16.405000,0.091116,0.091116
16.406000,0.091116,0.091116
16.407000,0.091116,0.091116
16.408000,0.091116,0.091113
16.409000,0.091119,0.091113
16.410000,0.091116,0.091113
16.411000,0.091119,0.091113
16.412000,0.091116,0.091113
16.413000,0.091116,0.091113
16.414000,0.091116,0.091113
16.415000,0.091347,0.091344
16.416000,0.091537,0.091534
16.417000,0.091638,0.091641
16.418000,0.091717,0.091708
16.419000,0.091762,0.091755
16.420000,0.091796,0.091793
16.421000,0.091819,0.091812
16.422000,0.091844,0.091838
16.423000,0.091853,0.091850
16.424000,0.091863,0.091863
16.425000,0.091869,0.091866
16.426000,0.091875,0.091869
16.427000,0.091879,0.091872
16.428000,0.091885,0.091879
16.429000,0.091888,0.091882
16.430000,0.091888,0.091885
16.431000,0.091888,0.091888
16.432000,0.091891,0.091885
16.433000,0.091891,0.091888
16.434000,0.091891,0.091885
16.435000,0.091888,0.091891
16.436000,0.091891,0.091885
16.437000,0.091891,0.091888
16.438000,0.091894,0.091888
16.439000,0.091894,0.091888
16.440000,0.091894,0.091891
16.441000,0.091891,0.091885
16.442000,0.091894,0.091888
16.443000,0.091894,0.091888
16.444000,0.091894,0.091894
16.445000,0.091898,0.091888
16.446000,0.091894,0.091888
16.447000,0.091894,0.091888
16.448000,0.091936,0.091932
16.449000,0.091917,0.091910
16.450000,0.091907,0.091901
16.451000,0.091901,0.091894
16.452000,0.091894,0.091891
16.453000,0.091891,0.091891
16.454000,0.091891,0.091888
16.455000,0.091891,0.091888
16.456000,0.091894,0.091885
16.457000,0.091894,0.091888
16.458000,0.091888,0.091882
16.459000,0.091891,0.091888
16.460000,0.091891,0.091882
16.461000,0.091891,0.091882
16.462000,0.091888,0.091888
16.463000,0.091891,0.091888
16.464000,0.091894,0.091885
16.465000,0.091660,0.091648
16.466000,0.091467,0.091464
16.467000,0.091360,0.091353
16.468000,0.091290,0.091287
16.469000,0.091246,0.091243
16.470000,0.091211,0.091205
16.471000,0.091183,0.091183
16.472000,0.091167,0.091161
16.473000,0.091154,0.091151
16.474000,0.091148,0.091142
16.475000,0.091135,0.091132
16.476000,0.091132,0.091129
16.477000,0.091126,0.091123
16.478000,0.091126,0.091119
16.479000,0.091123,0.091116
16.480000,0.091116,0.091116
16.481000,0.091119,0.091116
16.482000,0.091116,0.091119
16.483000,0.091116,0.091116
16.484000,0.091116,0.091110
16.485000,0.091119,0.091113
16.486000,0.091110,0.091107
16.487000,0.091110,0.091113
16.488000,0.091116,0.091104
16.489000,0.091113,0.091110
16.490000,0.091113,0.091107
16.491000,0.091107,0.091116
16.492000,0.091110,0.091110
16.493000,0.091123,0.091119
16.494000,0.091110,0.091113
16.495000,0.091116,0.091107
16.496000,0.091116,0.091110
16.497000,0.091116,0.091110
16.498000,0.091116,0.091116
16.499000,0.091116,0.091116
17.000000,0.091116,0.091116
17.001000,0.091116,0.091116
17.002000,0.091123,0.091110
17.003000,0.091123,0.091116
17.004000,0.091119,0.091116
17.005000,0.091123,0.091113
17.006000,0.091116,0.091116
17.007000,0.091119,0.091116
17.008000,0.091113,0.091116
17.009000,0.091116,0.091113
17.010000,0.091116,0.091119
17.011000,0.091116,0.091116
17.012000,0.091119,0.091113
17.013000,0.091119,0.091113
17.014000,0.091116,0.091113
17.015000,0.091350,0.091344
17.016000,0.091540,0.091534
17.017000,0.091641,0.091641
17.018000,0.091714,0.091708
17.019000,0.091765,0.091758
17.020000,0.091796,0.091790
17.021000,0.091819,0.091815
17.022000,0.091844,0.091834
17.023000,0.091850,0.091850
17.024000,0.091863,0.091860
17.025000,0.091869,0.091863
17.026000,0.091875,0.091872
17.027000,0.091875,0.091875
17.028000,0.091882,0.091875
17.029000,0.091882,0.091882
17.030000,0.091888,0.091882
17.031000,0.091891,0.091888
17.032000,0.091888,0.091885
17.033000,0.091888,0.091888
17.034000,0.091894,0.091888
17.035000,0.091891,0.091888
17.036000,0.091891,0.091888
17.037000,0.091891,0.091888
17.038000,0.091977,0.091974
17.039000,0.092024,0.092021
17.040000,0.092053,0.092046
17.041000,0.092072,0.092072
17.042000,0.092084,0.092081
17.043000,0.092097,0.092087
17.044000,0.092103,0.092097
17.045000,0.092106,0.092103
17.046000,0.092110,0.092103
17.047000,0.092113,0.092113
17.048000,0.092116,0.092110
17.049000,0.092116,0.092110
17.050000,0.092116,0.092116
17.051000,0.092122,0.092116
17.052000,0.092113,0.092116
17.053000,0.092122,0.092116
17.054000,0.092116,0.092119
17.055000,0.092122,0.092116
17.056000,0.092119,0.092119
17.057000,0.092122,0.092116
17.058000,0.092122,0.092119
17.059000,0.092122,0.092119
17.060000,0.092122,0.092122
17.061000,0.092125,0.092116
17.062000,0.092122,0.092119
17.063000,0.092122,0.092119
17.064000,0.092125,0.092119
17.065000,0.091894,0.091891
17.066000,0.091701,0.091695
17.067000,0.091591,0.091591
17.068000,0.091524,0.091521
17.069000,0.091471,0.091474
17.070000,0.091445,0.091442
17.071000,0.091417,0.091417
17.072000,0.091404,0.091398
17.073000,0.091388,0.091385
17.074000,0.091382,0.091379
17.075000,0.091369,0.091369
17.076000,0.091369,0.091366
17.077000,0.091363,0.091357
17.078000,0.091363,0.091350
17.079000,0.091357,0.091350
17.080000,0.091274,0.091265
17.081000,0.091217,0.091217
17.082000,0.091186,0.091186
17.083000,0.091173,0.091170
17.084000,0.091161,0.091154
17.085000,0.091148,0.091142
17.086000,0.091148,0.091142
17.087000,0.091135,0.091135
17.088000,0.091145,0.091142
17.089000,0.091135,0.091129
17.090000,0.091135,0.091126
17.091000,0.091129,0.091123
17.092000,0.091132,0.091123
17.093000,0.091126,0.091129
17.094000,0.091123,0.091126
17.095000,0.091126,0.091116
17.096000,0.091126,0.091119
17.097000,0.091126,0.091119
17.098000,0.091123,0.091113
17.099000,0.091116,0.091116
17.100000,0.091123,0.091116
17.101000,0.091123,0.091116
17.102000,0.091119,0.091116
17.103000,0.091119,0.091113
17.104000,0.091116,0.091113
17.105000,0.091119,0.091113
17.106000,0.091119,0.091119
17.107000,0.091123,0.091116
17.108000,0.091119,0.091116
17.109000,0.091119,0.091116
17.110000,0.091119,0.091116
17.111000,0.091119,0.091116
17.112000,0.091116,0.091113
17.113000,0.091119,0.091110
17.114000,0.091116,0.091113
17.115000,0.091350,0.091353
17.116000,0.091537,0.091534
17.117000,0.091648,0.091641
17.118000,0.091714,0.091711
17.119000,0.091765,0.091758
17.120000,0.091790,0.091796
17.121000,0.091825,0.091819
17.122000,0.091920,0.091920
17.123000,0.091904,0.091894
17.124000,0.091891,0.091885
17.125000,0.091894,0.091882
17.126000,0.091885,0.091885
17.127000,0.091888,0.091885
17.128000,0.091891,0.091885
17.129000,0.091891,0.091888
17.130000,0.091888,0.091888
17.131000,0.091894,0.091885
17.132000,0.091894,0.091885
17.133000,0.091891,0.091888
17.134000,0.091894,0.091891
17.135000,0.091894,0.091894
17.136000,0.091894,0.091888
17.137000,0.091894,0.091888
17.138000,0.091894,0.091888
17.139000,0.091894,0.091888
17.140000,0.091894,0.091891
17.141000,0.091894,0.091891
17.142000,0.091898,0.091891
17.143000,0.091888,0.091894
17.144000,0.091894,0.091894
17.145000,0.091898,0.091888
17.146000,0.091898,0.091888
17.147000,0.091894,0.091894
17.148000,0.091898,0.091898
17.149000,0.091894,0.091891
17.150000,0.091894,0.091891
17.151000,0.091898,0.091894
17.152000,0.091894,0.091894
17.153000,0.091894,0.091894
17.154000,0.091898,0.091891
17.155000,0.091894,0.091888
17.156000,0.091898,0.091894
17.157000,0.091894,0.091894
17.158000,0.091901,0.091894
17.159000,0.091894,0.091891
17.160000,0.091898,0.091894
17.161000,0.091894,0.091894
17.162000,0.091901,0.091894
17.163000,0.091901,0.091898
17.164000,0.091907,0.091888
17.165000,0.091673,0.091660
17.166000,0.091474,0.091471
17.167000,0.091369,0.091363
17.168000,0.091300,0.091297
17.169000,0.091255,0.091243
17.170000,0.091217,0.091214
17.171000,0.091192,0.091189
17.172000,0.091173,0.091170
17.173000,0.091167,0.091157
17.174000,0.091154,0.091151
17.175000,0.091148,0.091142
17.176000,0.091135,0.091135
17.177000,0.091135,0.091129
17.178000,0.091129,0.091129
17.179000,0.091132,0.091126
17.180000,0.091129,0.091132
17.181000,0.091129,0.091123
17.182000,0.091123,0.091126
17.183000,0.091135,0.091132
17.184000,0.091129,0.091126
17.185000,0.091129,0.091126
17.186000,0.091126,0.091123
17.187000,0.091123,0.091123
17.188000,0.091123,0.091123
17.189000,0.091123,0.091116
17.190000,0.091123,0.091116
17.191000,0.091116,0.091119
17.192000,0.091119,0.091119
17.193000,0.091123,0.091116
17.194000,0.091119,0.091119
17.195000,0.091119,0.091116
17.196000,0.091119,0.091116
17.197000,0.091126,0.091116
17.198000,0.091123,0.091116
17.199000,0.091123,0.091116
17.200000,0.091116,0.091113
17.201000,0.091119,0.091113
17.202000,0.091119,0.091113
17.203000,0.091119,0.091113
17.204000,0.091157,0.091154
17.205000,0.091132,0.091132
17.206000,0.091129,0.091123
17.207000,0.091116,0.091113
17.208000,0.091113,0.091113
17.209000,0.091116,0.091110
17.210000,0.091116,0.091104
17.211000,0.091110,0.091107
17.212000,0.091113,0.091110
17.213000,0.091110,0.091110
17.214000,0.091110,0.091104
17.215000,0.091338,0.091338
17.216000,0.091527,0.091527
17.217000,0.091632,0.091632
17.218000,0.091701,0.091705
17.219000,0.091755,0.091749
17.220000,0.091787,0.091784
17.221000,0.091815,0.091812
17.222000,0.091831,0.091831
17.223000,0.091847,0.091838
17.224000,0.091856,0.091850
17.225000,0.091860,0.091856
17.226000,0.091866,0.091863
17.227000,0.091866,0.091866
17.228000,0.091872,0.091872
17.229000,0.091875,0.091872
17.230000,0.091882,0.091875
17.231000,0.091879,0.091879
17.232000,0.091882,0.091882
17.233000,0.091879,0.091875
17.234000,0.091885,0.091879
17.235000,0.091885,0.091882
17.236000,0.091882,0.091879
17.237000,0.091882,0.091882
17.238000,0.091888,0.091885
17.239000,0.091882,0.091879
17.240000,0.091885,0.091885
17.241000,0.091882,0.091882
17.242000,0.091888,0.091885
17.243000,0.091888,0.091885
17.244000,0.091888,0.091885
17.245000,0.091888,0.091882
17.246000,0.091888,0.091882
17.247000,0.091888,0.091882
17.248000,0.091882,0.091885
17.249000,0.091888,0.091888
17.250000,0.091888,0.091888
17.251000,0.091891,0.091898
17.252000,0.091888,0.091885
17.253000,0.091891,0.091891
17.254000,0.091894,0.091891
17.255000,0.091888,0.091894
17.256000,0.091891,0.091891
17.257000,0.091891,0.091888
17.258000,0.091898,0.091894
17.259000,0.091894,0.091891
17.260000,0.091894,0.091894
17.261000,0.091894,0.091891
17.262000,0.091901,0.091885
17.263000,0.091891,0.091894
17.264000,0.091898,0.091894
17.265000,0.091667,0.091660
17.266000,0.091471,0.091464
17.267000,0.091363,0.091366
17.268000,0.091297,0.091297
17.269000,0.091252,0.091246
17.270000,0.091217,0.091211
17.271000,0.091189,0.091189
17.272000,0.091176,0.091170
17.273000,0.091161,0.091161
17.274000,0.091151,0.091145
17.275000,0.091142,0.091138
17.276000,0.091138,0.091132
17.277000,0.091129,0.091129
17.278000,0.091142,0.091135
17.279000,0.091135,0.091129
17.280000,0.091132,0.091129
17.281000,0.091129,0.091129
17.282000,0.091126,0.091119
17.283000,0.091126,0.091116
17.284000,0.091123,0.091119
17.285000,0.091123,0.091119
17.286000,0.091123,0.091123
17.287000,0.091119,0.091119
17.288000,0.091119,0.091123
17.289000,0.091119,0.091116
17.290000,0.091208,0.091205
17.291000,0.091255,0.091249
17.292000,0.091278,0.091274
17.293000,0.091297,0.091290
17.294000,0.091309,0.091306
17.295000,0.091319,0.091319
17.296000,0.091325,0.091319
17.297000,0.091331,0.091325
17.298000,0.091328,0.091331
17.299000,0.091335,0.091331
17.300000,0.091338,0.091335
17.301000,0.091338,0.091335
17.302000,0.091341,0.091338
17.303000,0.091338,0.091338
17.304000,0.091341,0.091338
17.305000,0.091341,0.091335
17.306000,0.091338,0.091338
17.307000,0.091338,0.091338
17.308000,0.091338,0.091338
17.309000,0.091344,0.091335
17.310000,0.091341,0.091335
17.311000,0.091341,0.091338
17.312000,0.091341,0.091338
17.313000,0.091338,0.091335
17.314000,0.091338,0.091335
17.315000,0.091575,0.091565
17.316000,0.091762,0.091758
17.317000,0.091869,0.091863
17.318000,0.091939,0.091936
17.319000,0.091986,0.091986
17.320000,0.092021,0.092018
17.321000,0.092043,0.092040
17.322000,0.092065,0.092059
17.323000,0.092081,0.092072
17.324000,0.092094,0.092084
17.325000,0.092094,0.092091
17.326000,0.092103,0.092097
17.327000,0.092106,0.092100
17.328000,0.092110,0.092106
17.329000,0.092113,0.092106
17.330000,0.092113,0.092113
17.331000,0.092116,0.092106
17.332000,0.092030,0.092027
17.333000,0.091986,0.091980
17.334000,0.091958,0.091951
17.335000,0.091945,0.091939
17.336000,0.091929,0.091920
17.337000,0.091917,0.091917
17.338000,0.091920,0.091913
17.339000,0.091910,0.091907
17.340000,0.091907,0.091901
17.341000,0.091901,0.091901
17.342000,0.091901,0.091901
17.343000,0.091904,0.091898
17.344000,0.091901,0.091894
17.345000,0.091898,0.091894
17.346000,0.091904,0.091891
17.347000,0.091904,0.091898
17.348000,0.091901,0.091894
17.349000,0.091901,0.091894
17.350000,0.091901,0.091898
17.351000,0.091901,0.091898
17.352000,0.091898,0.091894
17.353000,0.091898,0.091894
17.354000,0.091901,0.091898
17.355000,0.091898,0.091898
17.356000,0.091898,0.091894
17.357000,0.091907,0.091894
17.358000,0.091898,0.091898
17.359000,0.091901,0.091894
17.360000,0.091904,0.091894
17.361000,0.091901,0.091898
17.362000,0.091898,0.091898
17.363000,0.091898,0.091901
17.364000,0.091901,0.091894
17.365000,0.091673,0.091664
17.366000,0.091477,0.091471
17.367000,0.091369,0.091363
17.368000,0.091297,0.091300
17.369000,0.091255,0.091252
17.370000,0.091217,0.091214
17.371000,0.091195,0.091192
17.372000,0.091179,0.091176
17.373000,0.091167,0.091167
17.374000,0.091249,0.091249
17.375000,0.091198,0.091192
17.376000,0.091173,0.091167
17.377000,0.091157,0.091154
17.378000,0.091151,0.091148
17.379000,0.091142,0.091138
17.380000,0.091138,0.091135
17.381000,0.091135,0.091132
17.382000,0.091132,0.091132
17.383000,0.091129,0.091126
17.384000,0.091129,0.091123
17.385000,0.091129,0.091123
17.386000,0.091123,0.091123
17.387000,0.091129,0.091123
17.388000,0.091126,0.091123
17.389000,0.091123,0.091119
17.390000,0.091123,0.091119
17.391000,0.091123,0.091123
17.392000,0.091126,0.091116
17.393000,0.091119,0.091126
17.394000,0.091123,0.091116
17.395000,0.091116,0.091116
17.396000,0.091129,0.091119
17.397000,0.091116,0.091116
17.398000,0.091126,0.091123
17.399000,0.091119,0.091119
17.400000,0.091123,0.091116
17.401000,0.091116,0.091116
17.402000,0.091119,0.091110
17.403000,0.091123,0.091110
17.404000,0.091119,0.091116
17.405000,0.091116,0.091116
17.406000,0.091119,0.091116
17.407000,0.091119,0.091113
17.408000,0.091123,0.091116
17.409000,0.091119,0.091116
17.410000,0.091116,0.091123
17.411000,0.091119,0.091116
17.412000,0.091119,0.091116
17.413000,0.091116,0.091119
17.414000,0.091116,0.091113
17.415000,0.091344,0.091344
17.416000,0.091540,0.091537
17.417000,0.091645,0.091641
17.418000,0.091717,0.091714
17.419000,0.091762,0.091758
17.420000,0.091796,0.091793
17.421000,0.091825,0.091819
17.422000,0.091844,0.091838
17.423000,0.091856,0.091853
17.424000,0.091866,0.091860
17.425000,0.091869,0.091866
17.426000,0.091872,0.091869
17.427000,0.091882,0.091875
17.428000,0.091879,0.091882
17.429000,0.091888,0.091882
17.430000,0.091888,0.091882
17.431000,0.091891,0.091885
17.432000,0.091888,0.091888
17.433000,0.091891,0.091891
17.434000,0.091888,0.091888
17.435000,0.091888,0.091888
17.436000,0.091891,0.091888
17.437000,0.091891,0.091888
17.438000,0.091894,0.091888
17.439000,0.091891,0.091888
17.440000,0.091894,0.091891
17.441000,0.091894,0.091891
17.442000,0.091898,0.091891
17.443000,0.091894,0.091888
17.444000,0.091894,0.091888
17.445000,0.091894,0.091891
17.446000,0.091898,0.091894
17.447000,0.091894,0.091891
17.448000,0.091891,0.091891
17.449000,0.091891,0.091891
17.450000,0.091898,0.091888
17.451000,0.091894,0.091888
17.452000,0.091898,0.091894
17.453000,0.091894,0.091894
17.454000,0.091898,0.091888
17.455000,0.091894,0.091894
17.456000,0.091898,0.091891
17.457000,0.091894,0.091891
17.458000,0.091901,0.091894
17.459000,0.091898,0.091894
17.460000,0.091939,0.091939
17.461000,0.091913,0.091910
17.462000,0.091907,0.091901
17.463000,0.091901,0.091901
17.464000,0.091898,0.091894
17.465000,0.091670,0.091654
17.466000,0.091471,0.091467
17.467000,0.091366,0.091353
17.468000,0.091293,0.091287
17.469000,0.091255,0.091252
17.470000,0.091217,0.091211
17.471000,0.091192,0.091183
17.472000,0.091170,0.091167
17.473000,0.091154,0.091148
17.474000,0.091151,0.091145
17.475000,0.091138,0.091142
17.476000,0.091135,0.091132
17.477000,0.091132,0.091126
17.478000,0.091129,0.091123
17.479000,0.091123,0.091119
17.480000,0.091119,0.091113
17.481000,0.091123,0.091119
17.482000,0.091119,0.091113
17.483000,0.091119,0.091110
17.484000,0.091113,0.091113
17.485000,0.091116,0.091110
17.486000,0.091113,0.091110
17.487000,0.091113,0.091110
17.488000,0.091113,0.091110
17.489000,0.091110,0.091110
17.490000,0.091113,0.091113
17.491000,0.091113,0.091110
17.492000,0.091104,0.091110
17.493000,0.091113,0.091110
17.494000,0.091110,0.091104
17.495000,0.091110,0.091110
17.496000,0.091110,0.091110
17.497000,0.091104,0.091110
17.498000,0.091110,0.091110
17.499000,0.091110,0.091107
18.000000,0.091113,0.091113
18.001000,0.091110,0.091110
18.002000,0.091107,0.091104
18.003000,0.091110,0.091107
18.004000,0.091110,0.091107
18.005000,0.091110,0.091107
18.006000,0.091113,0.091107
18.007000,0.091110,0.091110
18.008000,0.091110,0.091113
18.009000,0.091113,0.091113
18.010000,0.091116,0.091113
18.011000,0.091116,0.091113
18.012000,0.091116,0.091113
18.013000,0.091116,0.091110
18.014000,0.091119,0.091113
18.015000,0.091344,0.091344
18.016000,0.091534,0.091537
18.017000,0.091641,0.091638
18.018000,0.091711,0.091708
18.019000,0.091762,0.091755
18.020000,0.091796,0.091790
18.021000,0.091825,0.091819
18.022000,0.091838,0.091838
18.023000,0.091853,0.091850
18.024000,0.091863,0.091860
18.025000,0.091869,0.091866
18.026000,0.091872,0.091869
18.027000,0.091875,0.091875
18.028000,0.091882,0.091882
18.029000,0.091885,0.091882
18.030000,0.091888,0.091885
18.031000,0.091891,0.091885
18.032000,0.091888,0.091888
18.033000,0.091891,0.091885
18.034000,0.091891,0.091888
18.035000,0.091898,0.091888
18.036000,0.091891,0.091891
18.037000,0.091898,0.091888
18.038000,0.091894,0.091888
18.039000,0.091891,0.091885
18.040000,0.091894,0.091891
18.041000,0.091894,0.091891
18.042000,0.091894,0.091894
18.043000,0.091894,0.091894
18.044000,0.091894,0.091891
18.045000,0.091894,0.091894
18.046000,0.091898,0.091891
18.047000,0.091894,0.091894
18.048000,0.091983,0.091983
18.049000,0.092027,0.092024
18.050000,0.092056,0.092049
18.051000,0.092075,0.092072
18.052000,0.092084,0.092084
18.053000,0.092097,0.092091
18.054000,0.092103,0.092097
18.055000,0.092110,0.092100
18.056000,0.092110,0.092110
18.057000,0.092113,0.092113
18.058000,0.092119,0.092110
18.059000,0.092119,0.092116
18.060000,0.092122,0.092116
18.061000,0.092122,0.092116
18.062000,0.092122,0.092119
18.063000,0.092122,0.092125
18.064000,0.092122,0.092122
18.065000,0.091904,0.091894
18.066000,0.091708,0.091698
18.067000,0.091594,0.091591
18.068000,0.091524,0.091524
18.069000,0.091480,0.091471
18.070000,0.091445,0.091445
18.071000,0.091420,0.091417
18.072000,0.091401,0.091401
18.073000,0.091391,0.091388
18.074000,0.091385,0.091379
18.075000,0.091369,0.091366
18.076000,0.091369,0.091366
18.077000,0.091363,0.091363
18.078000,0.091363,0.091357
18.079000,0.091363,0.091357
18.080000,0.091353,0.091353
18.081000,0.091353,0.091350
18.082000,0.091350,0.091353
18.083000,0.091353,0.091350
18.084000,0.091350,0.091347
18.085000,0.091350,0.091353
18.086000,0.091347,0.091347
18.087000,0.091350,0.091344
18.088000,0.091350,0.091347
18.089000,0.091347,0.091338
18.090000,0.091262,0.091259
18.091000,0.091214,0.091208
18.092000,0.091189,0.091183
18.093000,0.091173,0.091161
18.094000,0.091157,0.091154
18.095000,0.091151,0.091148
18.096000,0.091138,0.091138
18.097000,0.091135,0.091135
18.098000,0.091135,0.091129
18.099000,0.091132,0.091126
18.100000,0.091129,0.091119
18.101000,0.091129,0.091123
18.102000,0.091126,0.091126
18.103000,0.091126,0.091123
18.104000,0.091123,0.091116
18.105000,0.091123,0.091116
18.106000,0.091123,0.091119
18.107000,0.091126,0.091119
18.108000,0.091116,0.091119
18.109000,0.091119,0.091119
18.110000,0.091119,0.091110
18.111000,0.091116,0.091116
18.112000,0.091123,0.091116
18.113000,0.091119,0.091116
18.114000,0.091123,0.091113
18.115000,0.091344,0.091350
18.116000,0.091540,0.091540
18.117000,0.091645,0.091645
18.118000,0.091714,0.091714
18.119000,0.091762,0.091762
18.120000,0.091800,0.091796
18.121000,0.091819,0.091819
18.122000,0.091844,0.091838
18.123000,0.091856,0.091856
18.124000,0.091863,0.091860
18.125000,0.091869,0.091866
18.126000,0.091879,0.091875
18.127000,0.091885,0.091879
18.128000,0.091885,0.091879
18.129000,0.091885,0.091885
18.130000,0.091891,0.091882
18.131000,0.091891,0.091888
18.132000,0.091977,0.091974
18.133000,0.091932,0.091936
18.134000,0.091920,0.091917
18.135000,0.091917,0.091904
18.136000,0.091904,0.091904
18.137000,0.091904,0.091894
18.138000,0.091901,0.091901
18.139000,0.091898,0.091894
18.140000,0.091894,0.091891
18.141000,0.091901,0.091894
18.142000,0.091901,0.091891
18.143000,0.091901,0.091894
18.144000,0.091898,0.091901
18.145000,0.091901,0.091894
18.146000,0.091898,0.091894
18.147000,0.091894,0.091891
18.148000,0.091898,0.091891
18.149000,0.091901,0.091894
18.150000,0.091898,0.091894
18.151000,0.091894,0.091894
18.152000,0.091901,0.091888
18.153000,0.091891,0.091894
18.154000,0.091898,0.091898
18.155000,0.091898,0.091894
18.156000,0.091898,0.091898
18.157000,0.091894,0.091898
18.158000,0.091894,0.091891
18.159000,0.091898,0.091891
18.160000,0.091898,0.091894
18.161000,0.091904,0.091894
18.162000,0.091907,0.091907
18.163000,0.091904,0.091898
18.164000,0.091901,0.091901
18.165000,0.091673,0.091667
18.166000,0.091474,0.091471
18.167000,0.091366,0.091369
18.168000,0.091300,0.091293
18.169000,0.091259,0.091249
18.170000,0.091217,0.091211
18.171000,0.091198,0.091192
18.172000,0.091176,0.091170
18.173000,0.091164,0.091161
18.174000,0.091154,0.091148
18.175000,0.091148,0.091145
18.176000,0.091142,0.091138
18.177000,0.091135,0.091135
18.178000,0.091135,0.091129
18.179000,0.091132,0.091132
18.180000,0.091129,0.091123
18.181000,0.091123,0.091123
18.182000,0.091129,0.091119
18.183000,0.091123,0.091126
18.184000,0.091126,0.091119
18.185000,0.091123,0.091119
18.186000,0.091119,0.091123
18.187000,0.091126,0.091113
18.188000,0.091123,0.091116
18.189000,0.091123,0.091116
18.190000,0.091119,0.091116
18.191000,0.091116,0.091119
18.192000,0.091123,0.091116
18.193000,0.091123,0.091116
18.194000,0.091119,0.091116
18.195000,0.091119,0.091116
18.196000,0.091123,0.091119
18.197000,0.091119,0.091116
18.198000,0.091119,0.091116
18.199000,0.091116,0.091116
18.200000,0.091123,0.091113
18.201000,0.091113,0.091116
18.202000,0.091116,0.091113
18.203000,0.091116,0.091110
18.204000,0.091119,0.091110
18.205000,0.091116,0.091119
18.206000,0.091123,0.091110
18.207000,0.091116,0.091110
18.208000,0.091119,0.091116
18.209000,0.091116,0.091107
18.210000,0.091116,0.091116
18.211000,0.091116,0.091113
18.212000,0.091116,0.091110
18.213000,0.091116,0.091116
18.214000,0.091119,0.091113
18.215000,0.091344,0.091350
18.216000,0.091584,0.091575
18.217000,0.091660,0.091664
18.218000,0.091720,0.091717
18.219000,0.091765,0.091765
18.220000,0.091793,0.091796
18.221000,0.091819,0.091819
18.222000,0.091831,0.091825
18.223000,0.091850,0.091844
18.224000,0.091856,0.091853
18.225000,0.091866,0.091866
18.226000,0.091869,0.091863
18.227000,0.091875,0.091866
18.228000,0.091875,0.091875
18.229000,0.091879,0.091875
18.230000,0.091879,0.091879
18.231000,0.091882,0.091879
18.232000,0.091879,0.091879
18.233000,0.091882,0.091875
18.234000,0.091888,0.091879
18.235000,0.091882,0.091875
18.236000,0.091885,0.091882
18.237000,0.091885,0.091882
18.238000,0.091888,0.091888
18.239000,0.091888,0.091879
18.240000,0.091888,0.091879
18.241000,0.091888,0.091882
18.242000,0.091891,0.091885
18.243000,0.091888,0.091882
18.244000,0.091885,0.091885
18.245000,0.091888,0.091882
18.246000,0.091888,0.091885
18.247000,0.091888,0.091885
18.248000,0.091888,0.091888
18.249000,0.091891,0.091885
18.250000,0.091888,0.091885
18.251000,0.091888,0.091888
18.252000,0.091888,0.091888
18.253000,0.091891,0.091888
18.254000,0.091888,0.091885
18.255000,0.091891,0.091885
18.256000,0.091894,0.091888
18.257000,0.091891,0.091888
18.258000,0.091894,0.091894
18.259000,0.091894,0.091888
18.260000,0.091891,0.091888
18.261000,0.091891,0.091885
18.262000,0.091888,0.091885
18.263000,0.091894,0.091882
18.264000,0.091891,0.091888
18.265000,0.091664,0.091648
18.266000,0.091467,0.091461
18.267000,0.091363,0.091353
18.268000,0.091290,0.091287
18.269000,0.091243,0.091240
18.270000,0.091211,0.091208
18.271000,0.091179,0.091183
18.272000,0.091173,0.091167
18.273000,0.091164,0.091154
18.274000,0.091154,0.091148
18.275000,0.091142,0.091142
18.276000,0.091142,0.091135
18.277000,0.091135,0.091135
18.278000,0.091135,0.091129
18.279000,0.091129,0.091129
18.280000,0.091132,0.091126
18.281000,0.091129,0.091126
18.282000,0.091132,0.091123
18.283000,0.091123,0.091123
18.284000,0.091129,0.091116
18.285000,0.091129,0.091116
18.286000,0.091126,0.091116
18.287000,0.091123,0.091123
18.288000,0.091126,0.091119
18.289000,0.091116,0.091119
18.290000,0.091123,0.091119
18.291000,0.091119,0.091119
18.292000,0.091123,0.091123
18.293000,0.091123,0.091116
18.294000,0.091119,0.091116
18.295000,0.091119,0.091113
18.296000,0.091119,0.091123
18.297000,0.091123,0.091113
18.298000,0.091123,0.091116
18.299000,0.091123,0.091116
18.300000,0.091119,0.091116
18.301000,0.091119,0.091116
18.302000,0.091123,0.091116
18.303000,0.091119,0.091110
18.304000,0.091119,0.091116
18.305000,0.091123,0.091113
18.306000,0.091123,0.091116
18.307000,0.091116,0.091116
18.308000,0.091116,0.091113
18.309000,0.091116,0.091116
18.310000,0.091116,0.091116
18.311000,0.091113,0.091116
18.312000,0.091119,0.091113
18.313000,0.091208,0.091202
18.314000,0.091246,0.091249
18.315000,0.091505,0.091502
18.316000,0.091717,0.091714
18.317000,0.091834,0.091828
18.318000,0.091913,0.091907
18.319000,0.091970,0.091964
18.320000,0.092005,0.092002
18.321000,0.092040,0.092030
18.322000,0.092053,0.092056
18.323000,0.092075,0.092065
18.324000,0.092081,0.092078
18.325000,0.092091,0.092094
18.326000,0.092097,0.092094
18.327000,0.092103,0.092097
18.328000,0.092106,0.092106
18.329000,0.092113,0.092110
18.330000,0.092113,0.092110
18.331000,0.092116,0.092110
18.332000,0.092119,0.092110
18.333000,0.092116,0.092116
18.334000,0.092116,0.092113
18.335000,0.092116,0.092116
18.336000,0.092122,0.092110
18.337000,0.092116,0.092113
18.338000,0.092122,0.092113
18.339000,0.092116,0.092116
18.340000,0.092122,0.092116
18.341000,0.092122,0.092116
18.342000,0.092119,0.092116
18.343000,0.092116,0.092119
18.344000,0.092119,0.092116
18.345000,0.092119,0.092116
18.346000,0.092122,0.092122
18.347000,0.092119,0.092116
18.348000,0.092125,0.092119
18.349000,0.092122,0.092122
18.350000,0.092122,0.092119
18.351000,0.092119,0.092116
18.352000,0.092129,0.092116
18.353000,0.092129,0.092122
18.354000,0.092129,0.092119
18.355000,0.092040,0.092034
18.356000,0.091993,0.091989
18.357000,0.091970,0.091964
18.358000,0.091951,0.091945
18.359000,0.091936,0.091932
18.360000,0.091926,0.091917
18.361000,0.091917,0.091913
18.362000,0.091920,0.091913
18.363000,0.091913,0.091907
18.364000,0.091910,0.091907
18.365000,0.091673,0.091670
18.366000,0.091483,0.091483
18.367000,0.091376,0.091372
18.368000,0.091303,0.091303
18.369000,0.091255,0.091255
18.370000,0.091224,0.091217
18.371000,0.091202,0.091195
18.372000,0.091186,0.091176
18.373000,0.091167,0.091161
18.374000,0.091157,0.091157
18.375000,0.091148,0.091145
18.376000,0.091142,0.091135
18.377000,0.091142,0.091135
18.378000,0.091135,0.091135
18.379000,0.091135,0.091132
18.380000,0.091129,0.091132
18.381000,0.091129,0.091126
18.382000,0.091129,0.091126
18.383000,0.091129,0.091126
18.384000,0.091129,0.091126
18.385000,0.091126,0.091126
18.386000,0.091129,0.091123
18.387000,0.091129,0.091126
18.388000,0.091129,0.091123
18.389000,0.091126,0.091126
18.390000,0.091126,0.091123
18.391000,0.091119,0.091119
18.392000,0.091123,0.091119
18.393000,0.091129,0.091123
18.394000,0.091123,0.091116
18.395000,0.091123,0.091116
18.396000,0.091123,0.091123
18.397000,0.091202,0.091198
18.398000,0.091170,0.091167
18.399000,0.091154,0.091145
18.400000,0.091138,0.091135
18.401000,0.091135,0.091132
18.402000,0.091129,0.091123
18.403000,0.091129,0.091126
18.404000,0.091129,0.091123
18.405000,0.091126,0.091116
18.406000,0.091119,0.091116
18.407000,0.091129,0.091119
18.408000,0.091123,0.091116
18.409000,0.091123,0.091116
18.410000,0.091119,0.091116
18.411000,0.091119,0.091116
18.412000,0.091116,0.091113
18.413000,0.091123,0.091119
18.414000,0.091119,0.091110
18.415000,0.091350,0.091350
18.416000,0.091537,0.091531
18.417000,0.091645,0.091638
18.418000,0.091717,0.091714
18.419000,0.091762,0.091762
18.420000,0.091796,0.091793
18.421000,0.091822,0.091815
18.422000,0.091844,0.091838
18.423000,0.091853,0.091850
18.424000,0.091866,0.091860
18.425000,0.091869,0.091872
18.426000,0.091872,0.091869
18.427000,0.091882,0.091872
18.428000,0.091888,0.091882
18.429000,0.091888,0.091885
18.430000,0.091885,0.091882
18.431000,0.091885,0.091888
18.432000,0.091891,0.091885
18.433000,0.091891,0.091888
18.434000,0.091901,0.091891
18.435000,0.091891,0.091888
18.436000,0.091894,0.091888
18.437000,0.091894,0.091888
18.438000,0.091894,0.091891
18.439000,0.091894,0.091888
18.440000,0.091891,0.091888
18.441000,0.091894,0.091891
18.442000,0.091898,0.091888
18.443000,0.091894,0.091894
18.444000,0.091898,0.091894
18.445000,0.091898,0.091888
18.446000,0.091891,0.091894
18.447000,0.091894,0.091891
18.448000,0.091907,0.091901
18.449000,0.091901,0.091898
18.450000,0.091898,0.091894
18.451000,0.091901,0.091898
18.452000,0.091894,0.091894
18.453000,0.091901,0.091894
18.454000,0.091901,0.091894
18.455000,0.091901,0.091891
18.456000,0.091898,0.091894
18.457000,0.091901,0.091894
18.458000,0.091901,0.091898
18.459000,0.091901,0.091894
18.460000,0.091901,0.091898
18.461000,0.091901,0.091894
18.462000,0.091904,0.091894
18.463000,0.091901,0.091894
18.464000,0.091907,0.091894
18.465000,0.091660,0.091664
18.466000,0.091477,0.091471
18.467000,0.091366,0.091366
18.468000,0.091297,0.091293
18.469000,0.091249,0.091249
18.470000,0.091214,0.091221
18.471000,0.091192,0.091192
18.472000,0.091221,0.091211
18.473000,0.091183,0.091179
18.474000,0.091161,0.091161
18.475000,0.091154,0.091145
18.476000,0.091142,0.091135
18.477000,0.091135,0.091132
18.478000,0.091135,0.091126
18.479000,0.091129,0.091119
18.480000,0.091119,0.091119
18.481000,0.091123,0.091116
18.482000,0.091123,0.091119
18.483000,0.091119,0.091113
18.484000,0.091116,0.091116
18.485000,0.091116,0.091110
18.486000,0.091116,0.091116
18.487000,0.091116,0.091113
18.488000,0.091113,0.091110
18.489000,0.091119,0.091110
18.490000,0.091116,0.091107
18.491000,0.091116,0.091116
18.492000,0.091110,0.091107
18.493000,0.091116,0.091110
18.494000,0.091113,0.091113
18.495000,0.091113,0.091107
18.496000,0.091113,0.091104
18.497000,0.091110,0.091104
18.498000,0.091110,0.091110
18.499000,0.091110,0.091110
19.000000,0.091113,0.091107
19.001000,0.091110,0.091110
19.002000,0.091110,0.091107
19.003000,0.091110,0.091104
19.004000,0.091110,0.091100
19.005000,0.091110,0.091104
19.006000,0.091110,0.091104
19.007000,0.091110,0.091110
19.008000,0.091113,0.091104
19.009000,0.091113,0.091107
19.010000,0.091110,0.091104
19.011000,0.091110,0.091104
19.012000,0.091110,0.091104
19.013000,0.091107,0.091107
19.014000,0.091110,0.091107
19.015000,0.091341,0.091338
19.016000,0.091534,0.091521
19.017000,0.091635,0.091635
19.018000,0.091708,0.091705
19.019000,0.091758,0.091752
19.020000,0.091790,0.091793
19.021000,0.091819,0.091812
19.022000,0.091838,0.091834
19.023000,0.091850,0.091844
19.024000,0.091860,0.091856
19.025000,0.091869,0.091860
19.026000,0.091872,0.091866
19.027000,0.091879,0.091875
19.028000,0.091875,0.091879
19.029000,0.091882,0.091879
19.030000,0.091885,0.091882
19.031000,0.091888,0.091882
19.032000,0.091891,0.091882
19.033000,0.091888,0.091888
19.034000,0.091888,0.091885
19.035000,0.091891,0.091891
19.036000,0.091891,0.091888
19.037000,0.091894,0.091888
19.038000,0.091891,0.091885
19.039000,0.091891,0.091888
19.040000,0.091894,0.091891
19.041000,0.091891,0.091894
19.042000,0.091891,0.091888
19.043000,0.091907,0.091904
19.044000,0.091898,0.091898
19.045000,0.091894,0.091894
19.046000,0.091904,0.091894
19.047000,0.091898,0.091891
19.048000,0.091894,0.091891
19.049000,0.091894,0.091894
19.050000,0.091894,0.091898
19.051000,0.091894,0.091891
19.052000,0.091898,0.091891
19.053000,0.091894,0.091891
19.054000,0.091901,0.091894
19.055000,0.091898,0.091894
19.056000,0.091898,0.091894
19.057000,0.091894,0.091894
19.058000,0.091901,0.091898
19.059000,0.091901,0.091894
19.060000,0.091901,0.091894
19.061000,0.091986,0.091983
19.062000,0.092034,0.092021
19.063000,0.092059,0.092053
19.064000,0.092078,0.092068
19.065000,0.091856,0.091847
19.066000,0.091679,0.091673
19.067000,0.091569,0.091569
19.068000,0.091512,0.091505
19.069000,0.091464,0.091461
19.070000,0.091436,0.091433
19.071000,0.091414,0.091410
19.072000,0.091391,0.091388
19.073000,0.091382,0.091379
19.074000,0.091372,0.091372
19.075000,0.091369,0.091363
19.076000,0.091363,0.091357
19.077000,0.091357,0.091353
19.078000,0.091357,0.091353
19.079000,0.091357,0.091347
19.080000,0.091350,0.091347
19.081000,0.091350,0.091347
19.082000,0.091350,0.091344
19.083000,0.091350,0.091347
19.084000,0.091344,0.091350
19.085000,0.091350,0.091344
19.086000,0.091347,0.091344
19.087000,0.091350,0.091341
19.088000,0.091344,0.091341
19.089000,0.091341,0.091341
19.090000,0.091347,0.091338
19.091000,0.091347,0.091341
19.092000,0.091350,0.091341
19.093000,0.091347,0.091341
19.094000,0.091350,0.091341
19.095000,0.091344,0.091347
19.096000,0.091344,0.091344
19.097000,0.091344,0.091341
19.098000,0.091344,0.091344
19.099000,0.091344,0.091341
19.100000,0.091344,0.091344
19.101000,0.091344,0.091341
19.102000,0.091344,0.091338
19.103000,0.091259,0.091252
19.104000,0.091211,0.091205
19.105000,0.091179,0.091176
19.106000,0.091170,0.091161
19.107000,0.091151,0.091145
19.108000,0.091145,0.091142
19.109000,0.091138,0.091132
19.110000,0.091129,0.091129
19.111000,0.091132,0.091129
19.112000,0.091126,0.091126
19.113000,0.091123,0.091123
19.114000,0.091123,0.091123
19.115000,0.091353,0.091353
19.116000,0.091537,0.091540
19.117000,0.091648,0.091641
19.118000,0.091717,0.091717
19.119000,0.091768,0.091758
19.120000,0.091800,0.091796
19.121000,0.091825,0.091819
19.122000,0.091841,0.091838
19.123000,0.091856,0.091850
19.124000,0.091860,0.091860
19.125000,0.091875,0.091872
19.126000,0.091875,0.091869
19.127000,0.091882,0.091879
19.128000,0.091882,0.091885
19.129000,0.091888,0.091882
19.130000,0.091885,0.091885
19.131000,0.091888,0.091888
19.132000,0.091888,0.091882
19.133000,0.091898,0.091891
19.134000,0.091888,0.091891
19.135000,0.091894,0.091894
19.136000,0.091898,0.091894
19.137000,0.091898,0.091891
19.138000,0.091907,0.091901
19.139000,0.091901,0.091898
19.140000,0.091901,0.091894
19.141000,0.091898,0.091894
19.142000,0.091898,0.091894
19.143000,0.091904,0.091891
19.144000,0.091901,0.091894
19.145000,0.091986,0.091980
19.146000,0.092034,0.092024
19.147000,0.092056,0.092056
19.148000,0.092075,0.092068
19.149000,0.092091,0.092087
19.150000,0.092094,0.092097
19.151000,0.092103,0.092100
19.152000,0.092110,0.092106
19.153000,0.092113,0.092103
19.154000,0.092113,0.092103
19.155000,0.092116,0.092116
19.156000,0.092119,0.092116
19.157000,0.092122,0.092116
19.158000,0.092119,0.092113
19.159000,0.092119,0.092119
19.160000,0.092125,0.092119
19.161000,0.092129,0.092122
19.162000,0.092122,0.092122
19.163000,0.092122,0.092122
19.164000,0.092125,0.092119
19.165000,0.091894,0.091888
19.166000,0.091708,0.091701
19.167000,0.091597,0.091591
19.168000,0.091527,0.091521
19.169000,0.091480,0.091477
19.170000,0.091445,0.091445
19.171000,0.091417,0.091417
19.172000,0.091404,0.091401
19.173000,0.091391,0.091382
19.174000,0.091382,0.091376
19.175000,0.091372,0.091369
19.176000,0.091366,0.091360
19.177000,0.091366,0.091360
19.178000,0.091363,0.091357
19.179000,0.091360,0.091353
19.180000,0.091357,0.091353
19.181000,0.091357,0.091353
19.182000,0.091353,0.091353
19.183000,0.091353,0.091357
19.184000,0.091353,0.091350
19.185000,0.091350,0.091347
19.186000,0.091350,0.091347
19.187000,0.091265,0.091262
19.188000,0.091217,0.091211
19.189000,0.091189,0.091186
19.190000,0.091170,0.091167
19.191000,0.091157,0.091154
19.192000,0.091151,0.091145
19.193000,0.091148,0.091132
19.194000,0.091135,0.091135
19.195000,0.091135,0.091129
19.196000,0.091132,0.091129
19.197000,0.091129,0.091129
19.198000,0.091129,0.091123
19.199000,0.091126,0.091126
19.200000,0.091129,0.091123
19.201000,0.091123,0.091123
19.202000,0.091126,0.091123
19.203000,0.091119,0.091123
19.204000,0.091126,0.091116
19.205000,0.091119,0.091119
19.206000,0.091116,0.091119
19.207000,0.091123,0.091116
19.208000,0.091123,0.091119
19.209000,0.091119,0.091116
19.210000,0.091123,0.091119
19.211000,0.091119,0.091113
19.212000,0.091123,0.091119
19.213000,0.091116,0.091123
19.214000,0.091123,0.091116
19.215000,0.091347,0.091344
19.216000,0.091540,0.091540
19.217000,0.091645,0.091641
19.218000,0.091717,0.091717
19.219000,0.091762,0.091765
19.220000,0.091800,0.091796
19.221000,0.091822,0.091822
19.222000,0.091841,0.091841
19.223000,0.091856,0.091853
19.224000,0.091863,0.091860
19.225000,0.091875,0.091869
19.226000,0.091882,0.091872
19.227000,0.091882,0.091875
19.228000,0.091926,0.091920
19.229000,0.091901,0.091901
19.230000,0.091898,0.091891
19.231000,0.091894,0.091891
19.232000,0.091894,0.091888
19.233000,0.091904,0.091894
19.234000,0.091898,0.091888
19.235000,0.091888,0.091891
19.236000,0.091891,0.091891
19.237000,0.091894,0.091885
19.238000,0.091891,0.091885
19.239000,0.091894,0.091885
19.240000,0.091891,0.091888
19.241000,0.091891,0.091888
19.242000,0.091888,0.091888
19.243000,0.091882,0.091882
19.244000,0.091888,0.091882
19.245000,0.091891,0.091885
19.246000,0.091891,0.091888
19.247000,0.091894,0.091885
19.248000,0.091891,0.091888
19.249000,0.091894,0.091882
19.250000,0.091894,0.091885
19.251000,0.091891,0.091882
19.252000,0.091891,0.091888
19.253000,0.091891,0.091882
19.254000,0.091888,0.091885
19.255000,0.091894,0.091888
19.256000,0.091891,0.091885
19.257000,0.091891,0.091888
19.258000,0.091891,0.091885
19.259000,0.091894,0.091888
19.260000,0.091894,0.091888
19.261000,0.091888,0.091888
19.262000,0.091888,0.091888
19.263000,0.091891,0.091888
19.264000,0.091891,0.091888
19.265000,0.091664,0.091657
19.266000,0.091471,0.091461
19.267000,0.091360,0.091360
19.268000,0.091293,0.091284
19.269000,0.091246,0.091243
19.270000,0.091214,0.091211
19.271000,0.091195,0.091186
19.272000,0.091176,0.091167
19.273000,0.091161,0.091161
19.274000,0.091151,0.091148
19.275000,0.091142,0.091145
19.276000,0.091142,0.091142
19.277000,0.091135,0.091132
19.278000,0.091135,0.091132
19.279000,0.091132,0.091132
19.280000,0.091129,0.091123
19.281000,0.091129,0.091129
19.282000,0.091129,0.091126
19.283000,0.091126,0.091126
19.284000,0.091126,0.091123
19.285000,0.091126,0.091116
19.286000,0.091119,0.091123
19.287000,0.091126,0.091119
19.288000,0.091126,0.091119
19.289000,0.091116,0.091123
19.290000,0.091119,0.091123
19.291000,0.091123,0.091116
19.292000,0.091119,0.091119
19.293000,0.091123,0.091123
19.294000,0.091116,0.091116
19.295000,0.091126,0.091116
19.296000,0.091123,0.091116
19.297000,0.091119,0.091116
19.298000,0.091119,0.091116
19.299000,0.091119,0.091116
19.300000,0.091119,0.091116
19.301000,0.091123,0.091116
19.302000,0.091119,0.091116
19.303000,0.091123,0.091119
19.304000,0.091119,0.091116
19.305000,0.091119,0.091116
19.306000,0.091116,0.091116
19.307000,0.091119,0.091116
19.308000,0.091116,0.091113
19.309000,0.091116,0.091116
19.310000,0.091123,0.091116
19.311000,0.091205,0.091202
19.312000,0.091252,0.091246
19.313000,0.091281,0.091281
19.314000,0.091297,0.091293
19.315000,0.091540,0.091534
19.316000,0.091736,0.091733
19.317000,0.091850,0.091844
19.318000,0.091926,0.091920
19.319000,0.091974,0.091977
19.320000,0.092012,0.092008
19.321000,0.092040,0.092034
19.322000,0.092062,0.092053
19.323000,0.092072,0.092072
19.324000,0.092084,0.092081
19.325000,0.092097,0.092087
19.326000,0.092100,0.092097
19.327000,0.092110,0.092097
19.328000,0.092113,0.092113
19.329000,0.092116,0.092116
19.330000,0.092116,0.092113
19.331000,0.092116,0.092116
19.332000,0.092116,0.092116
19.333000,0.092122,0.092116
19.334000,0.092116,0.092119
19.335000,0.092116,0.092116
19.336000,0.092119,0.092116
19.337000,0.092122,0.092116
19.338000,0.092119,0.092116
19.339000,0.092119,0.092116
19.340000,0.092122,0.092119
19.341000,0.092122,0.092119
19.342000,0.092122,0.092119
19.343000,0.092122,0.092119
19.344000,0.092125,0.092116
19.345000,0.092122,0.092122
19.346000,0.092125,0.092119
19.347000,0.092125,0.092119
19.348000,0.092122,0.092125
19.349000,0.092125,0.092122
19.350000,0.092122,0.092125
19.351000,0.092129,0.092119
19.352000,0.092122,0.092122
19.353000,0.092037,0.092027
19.354000,0.091989,0.091989
19.355000,0.091961,0.091958
19.356000,0.091948,0.091945
19.357000,0.091936,0.091926
19.358000,0.091932,0.091923
19.359000,0.091920,0.091917
19.360000,0.091913,0.091913
19.361000,0.091913,0.091910
19.362000,0.091907,0.091907
19.363000,0.091907,0.091901
19.364000,0.091907,0.091901
19.365000,0.091673,0.091667
19.366000,0.091480,0.091474
19.367000,0.091376,0.091369
19.368000,0.091306,0.091303
19.369000,0.091259,0.091249
19.370000,0.091224,0.091214
19.371000,0.091198,0.091195
19.372000,0.091176,0.091179
19.373000,0.091167,0.091161
19.374000,0.091154,0.091151
19.375000,0.091145,0.091148
19.376000,0.091142,0.091142
19.377000,0.091138,0.091138
19.378000,0.091135,0.091135
19.379000,0.091132,0.091132
19.380000,0.091129,0.091132
19.381000,0.091132,0.091123
19.382000,0.091132,0.091123
19.383000,0.091129,0.091126
19.384000,0.091129,0.091129
19.385000,0.091126,0.091123
19.386000,0.091126,0.091126
19.387000,0.091123,0.091119
19.388000,0.091126,0.091123
19.389000,0.091126,0.091119
19.390000,0.091123,0.091116
19.391000,0.091123,0.091119
19.392000,0.091123,0.091123
19.393000,0.091123,0.091116
19.394000,0.091126,0.091123
19.395000,0.091211,0.091205
19.396000,0.091170,0.091161
19.397000,0.091145,0.091148
19.398000,0.091142,0.091135
19.399000,0.091135,0.091129
19.400000,0.091129,0.091126
19.401000,0.091129,0.091126
19.402000,0.091126,0.091126
19.403000,0.091126,0.091123
19.404000,0.091123,0.091119
19.405000,0.091126,0.091123
19.406000,0.091123,0.091116
19.407000,0.091119,0.091116
19.408000,0.091119,0.091116
19.409000,0.091123,0.091116
19.410000,0.091123,0.091123
19.411000,0.091119,0.091110
19.412000,0.091123,0.091119
19.413000,0.091119,0.091116
19.414000,0.091119,0.091116
19.415000,0.091347,0.091350
19.416000,0.091534,0.091534
19.417000,0.091648,0.091641
19.418000,0.091714,0.091711
19.419000,0.091762,0.091762
19.420000,0.091796,0.091796
19.421000,0.091822,0.091819
19.422000,0.091841,0.091841
19.423000,0.091856,0.091850
19.424000,0.091872,0.091869
19.425000,0.091879,0.091875
19.426000,0.091882,0.091879
19.427000,0.091879,0.091879
19.428000,0.091885,0.091882
19.429000,0.091888,0.091888
19.430000,0.091891,0.091891
19.431000,0.091891,0.091885
19.432000,0.091894,0.091891
19.433000,0.091894,0.091885
19.434000,0.091894,0.091888
19.435000,0.091898,0.091891
19.436000,0.091894,0.091891
19.437000,0.091891,0.091894
19.438000,0.091898,0.091891
19.439000,0.091894,0.091891
19.440000,0.091891,0.091891
19.441000,0.091894,0.091891
19.442000,0.091894,0.091894
19.443000,0.091894,0.091891
19.444000,0.091898,0.091894
19.445000,0.091894,0.091894
19.446000,0.091898,0.091891
19.447000,0.091898,0.091898
19.448000,0.091901,0.091888
19.449000,0.091898,0.091894
19.450000,0.091898,0.091891
19.451000,0.091894,0.091891
19.452000,0.091894,0.091894
19.453000,0.091894,0.091894
19.454000,0.091894,0.091894
19.455000,0.091898,0.091894
19.456000,0.091901,0.091891
19.457000,0.091901,0.091894
19.458000,0.091901,0.091894
19.459000,0.091901,0.091891
19.460000,0.091901,0.091894
19.461000,0.091894,0.091894
19.462000,0.091894,0.091894
19.463000,0.091894,0.091894
19.464000,0.091901,0.091891
19.465000,0.091664,0.091660
19.466000,0.091474,0.091471
19.467000,0.091369,0.091363
19.468000,0.091303,0.091293
19.469000,0.091255,0.091246
19.470000,0.091217,0.091214
19.471000,0.091189,0.091189
19.472000,0.091179,0.091170
19.473000,0.091164,0.091161
19.474000,0.091154,0.091151
19.475000,0.091148,0.091142
19.476000,0.091145,0.091135
19.477000,0.091138,0.091132
19.478000,0.091132,0.091126
19.479000,0.091129,0.091126
19.480000,0.091129,0.091126
19.481000,0.091129,0.091123
19.482000,0.091129,0.091119
19.483000,0.091126,0.091123
19.484000,0.091161,0.091167
19.485000,0.091148,0.091132
19.486000,0.091135,0.091126
19.487000,0.091126,0.091123
19.488000,0.091123,0.091123
19.489000,0.091123,0.091116
19.490000,0.091116,0.091116
19.491000,0.091116,0.091113
19.492000,0.091116,0.091110
19.493000,0.091116,0.091110
19.494000,0.091113,0.091107
19.495000,0.091116,0.091110
19.496000,0.091110,0.091110
19.497000,0.091113,0.091110
19.498000,0.091113,0.091107
19.499000,0.091110,0.091110
20.000000,0.091116,0.091110
20.001000,0.091113,0.091107
20.002000,0.091110,0.091110
20.003000,0.091113,0.091107
20.004000,0.091113,0.091107
20.005000,0.091110,0.091110
20.006000,0.091110,0.091107
20.007000,0.091110,0.091110
20.008000,0.091104,0.091110
20.009000,0.091110,0.091107
20.010000,0.091104,0.091104
20.011000,0.091110,0.091104
20.012000,0.091107,0.091110
20.013000,0.091113,0.091104
20.014000,0.091104,0.091104
20.015000,0.091338,0.091338
20.016000,0.091527,0.091527
20.017000,0.091632,0.091632
20.018000,0.091711,0.091701
20.019000,0.091762,0.091758
20.020000,0.091790,0.091787
20.021000,0.091815,0.091812
20.022000,0.091831,0.091831
20.023000,0.091844,0.091841
20.024000,0.091853,0.091850
20.025000,0.091866,0.091860
20.026000,0.091866,0.091863
20.027000,0.091869,0.091863
20.028000,0.091875,0.091869
20.029000,0.091872,0.091872
20.030000,0.091879,0.091872
20.031000,0.091882,0.091875
20.032000,0.091879,0.091875
20.033000,0.091882,0.091875
20.034000,0.091882,0.091875
20.035000,0.091879,0.091879
20.036000,0.091879,0.091882
20.037000,0.091882,0.091879
20.038000,0.091882,0.091879
20.039000,0.091885,0.091879
20.040000,0.091882,0.091885
20.041000,0.091891,0.091882
20.042000,0.091888,0.091888
20.043000,0.091891,0.091888
20.044000,0.091894,0.091888
20.045000,0.091894,0.091891
20.046000,0.091891,0.091888
20.047000,0.091891,0.091888
20.048000,0.091894,0.091888
20.049000,0.091898,0.091891
20.050000,0.091894,0.091891
20.051000,0.091891,0.091891
20.052000,0.091898,0.091888
20.053000,0.091894,0.091888
20.054000,0.091894,0.091894
20.055000,0.091898,0.091894
20.056000,0.091901,0.091894
20.057000,0.091901,0.091888
20.058000,0.091894,0.091894
20.059000,0.091894,0.091894
20.060000,0.091901,0.091891
20.061000,0.091894,0.091888
20.062000,0.091898,0.091891
20.063000,0.091894,0.091891
20.064000,0.091894,0.091891
20.065000,0.091667,0.091657
20.066000,0.091471,0.091467
20.067000,0.091366,0.091363
20.068000,0.091300,0.091300
20.069000,0.091249,0.091243
20.070000,0.091221,0.091214
20.071000,0.091192,0.091186
20.072000,0.091176,0.091170
20.073000,0.091164,0.091164
20.074000,0.091154,0.091154
20.075000,0.091145,0.091142
20.076000,0.091142,0.091138
20.077000,0.091132,0.091135
20.078000,0.091135,0.091129
20.079000,0.091126,0.091126
20.080000,0.091129,0.091126
20.081000,0.091129,0.091126
20.082000,0.091214,0.091211
20.083000,0.091262,0.091249
20.084000,0.091284,0.091281
20.085000,0.091303,0.091297
20.086000,0.091312,0.091312
20.087000,0.091319,0.091322
20.088000,0.091328,0.091328
20.089000,0.091335,0.091325
20.090000,0.091338,0.091331
20.091000,0.091341,0.091338
20.092000,0.091338,0.091331
20.093000,0.091344,0.091335
20.094000,0.091341,0.091338
20.095000,0.091341,0.091338
20.096000,0.091341,0.091341
20.097000,0.091344,0.091341
20.098000,0.091344,0.091341
20.099000,0.091344,0.091341
20.100000,0.091341,0.091338
20.101000,0.091344,0.091341
20.102000,0.091344,0.091338
20.103000,0.091344,0.091338
20.104000,0.091350,0.091341
20.105000,0.091344,0.091341
20.106000,0.091344,0.091338
20.107000,0.091344,0.091338
20.108000,0.091344,0.091344
20.109000,0.091341,0.091338
20.110000,0.091344,0.091338
20.111000,0.091341,0.091338
20.112000,0.091338,0.091338
20.113000,0.091341,0.091341
20.114000,0.091341,0.091341
20.115000,0.091578,0.091578
20.116000,0.091768,0.091765
20.117000,0.091875,0.091869
20.118000,0.091942,0.091939
20.119000,0.091989,0.091983
20.120000,0.092027,0.092021
20.121000,0.092046,0.092043
20.122000,0.092068,0.092059
20.123000,0.092075,0.092072
20.124000,0.092002,0.091999
20.125000,0.091961,0.091964
20.126000,0.091942,0.091939
20.127000,0.091929,0.091923
20.128000,0.091920,0.091913
20.129000,0.091910,0.091907
20.130000,0.091907,0.091904
20.131000,0.091907,0.091901
20.132000,0.091898,0.091901
20.133000,0.091901,0.091894
20.134000,0.091898,0.091894
20.135000,0.091898,0.091894
20.136000,0.091904,0.091894
20.137000,0.091894,0.091891
20.138000,0.091901,0.091894
20.139000,0.091904,0.091888
20.140000,0.091898,0.091891
20.141000,0.091898,0.091891
20.142000,0.091894,0.091894
20.143000,0.091898,0.091894
20.144000,0.091894,0.091894
20.145000,0.091898,0.091894
20.146000,0.091901,0.091894
20.147000,0.091904,0.091894
20.148000,0.091898,0.091898
20.149000,0.091904,0.091898
20.150000,0.091898,0.091894
20.151000,0.091894,0.091888
20.152000,0.091901,0.091898
20.153000,0.091898,0.091891
20.154000,0.091894,0.091894
20.155000,0.091901,0.091894
20.156000,0.091901,0.091894
20.157000,0.091894,0.091898
20.158000,0.091901,0.091894
20.159000,0.091901,0.091894
20.160000,0.091901,0.091894
20.161000,0.091901,0.091888
20.162000,0.091904,0.091898
20.163000,0.091898,0.091898
20.164000,0.091901,0.091894
20.165000,0.091667,0.091664
20.166000,0.091562,0.091559
20.167000,0.091414,0.091407
20.168000,0.091328,0.091322
20.169000,0.091265,0.091265
20.170000,0.091233,0.091227
20.171000,0.091202,0.091198
20.172000,0.091179,0.091179
20.173000,0.091170,0.091164
20.174000,0.091157,0.091148
20.175000,0.091151,0.091142
20.176000,0.091145,0.091142
20.177000,0.091138,0.091135
20.178000,0.091135,0.091129
20.179000,0.091135,0.091129
20.180000,0.091129,0.091126
20.181000,0.091129,0.091123
20.182000,0.091126,0.091123
20.183000,0.091126,0.091123
20.184000,0.091129,0.091119
20.185000,0.091123,0.091123
20.186000,0.091116,0.091123
20.187000,0.091123,0.091116
20.188000,0.091123,0.091116
20.189000,0.091126,0.091116
20.190000,0.091123,0.091119
20.191000,0.091116,0.091116
20.192000,0.091123,0.091116
20.193000,0.091123,0.091116
20.194000,0.091116,0.091110
20.195000,0.091119,0.091116
20.196000,0.091116,0.091113
20.197000,0.091116,0.091116
20.198000,0.091126,0.091113
20.199000,0.091123,0.091116
20.200000,0.091119,0.091116
20.201000,0.091119,0.091110
20.202000,0.091119,0.091116
20.203000,0.091119,0.091116
20.204000,0.091119,0.091116
20.205000,0.091123,0.091113
20.206000,0.091116,0.091116
20.207000,0.091119,0.091113
20.208000,0.091116,0.091113
20.209000,0.091116,0.091110
20.210000,0.091119,0.091113
20.211000,0.091123,0.091113
20.212000,0.091129,0.091126
20.213000,0.091126,0.091116
20.214000,0.091119,0.091116
20.215000,0.091353,0.091344
20.216000,0.091537,0.091537
20.217000,0.091648,0.091641
20.218000,0.091711,0.091711
20.219000,0.091762,0.091762
20.220000,0.091796,0.091793
20.221000,0.091822,0.091815
20.222000,0.091834,0.091838
20.223000,0.091856,0.091847
20.224000,0.091863,0.091863
20.225000,0.091869,0.091866
20.226000,0.091872,0.091869
20.227000,0.091882,0.091875
20.228000,0.091879,0.091879
20.229000,0.091888,0.091882
20.230000,0.091882,0.091882
20.231000,0.091885,0.091879
20.232000,0.091885,0.091891
20.233000,0.091894,0.091885
20.234000,0.091888,0.091882
20.235000,0.091888,0.091885
20.236000,0.091888,0.091888
20.237000,0.091885,0.091888
20.238000,0.091894,0.091885
20.239000,0.091891,0.091888
20.240000,0.091932,0.091926
20.241000,0.091910,0.091907
20.242000,0.091898,0.091894
20.243000,0.091901,0.091891
20.244000,0.091898,0.091891
20.245000,0.091894,0.091894
20.246000,0.091891,0.091888
20.247000,0.091894,0.091885
20.248000,0.091891,0.091882
20.249000,0.091885,0.091888
20.250000,0.091891,0.091888
20.251000,0.091885,0.091888
20.252000,0.091894,0.091885
20.253000,0.091888,0.091885
20.254000,0.091888,0.091882
20.255000,0.091888,0.091888
20.256000,0.091885,0.091882
20.257000,0.091888,0.091882
20.258000,0.091882,0.091882
20.259000,0.091888,0.091885
20.260000,0.091888,0.091885
20.261000,0.091888,0.091888
20.262000,0.091888,0.091885
20.263000,0.091894,0.091885
20.264000,0.091894,0.091888
20.265000,0.091654,0.091651
20.266000,0.091461,0.091458
20.267000,0.091360,0.091350
20.268000,0.091290,0.091290
20.269000,0.091240,0.091240
20.270000,0.091211,0.091205
20.271000,0.091183,0.091183
20.272000,0.091167,0.091164
20.273000,0.091148,0.091148
20.274000,0.091148,0.091138
20.275000,0.091142,0.091129
20.276000,0.091132,0.091129
20.277000,0.091126,0.091129
20.278000,0.091123,0.091123
20.279000,0.091123,0.091116
20.280000,0.091123,0.091116
20.281000,0.091119,0.091113
20.282000,0.091116,0.091113
20.283000,0.091119,0.091113
20.284000,0.091116,0.091113
20.285000,0.091116,0.091110
20.286000,0.091116,0.091116
20.287000,0.091113,0.091110
20.288000,0.091113,0.091107
20.289000,0.091110,0.091107
20.290000,0.091110,0.091107
20.291000,0.091116,0.091116
20.292000,0.091116,0.091116
20.293000,0.091113,0.091113
20.294000,0.091116,0.091113
20.295000,0.091119,0.091110
20.296000,0.091113,0.091116
20.297000,0.091113,0.091116
20.298000,0.091119,0.091113
20.299000,0.091116,0.091113
20.300000,0.091119,0.091113
20.301000,0.091123,0.091116
20.302000,0.091119,0.091113
20.303000,0.091116,0.091110
20.304000,0.091119,0.091113
20.305000,0.091116,0.091113
20.306000,0.091116,0.091113
20.307000,0.091116,0.091113
20.308000,0.091123,0.091119
20.309000,0.091119,0.091119
20.310000,0.091113,0.091113
20.311000,0.091119,0.091113
20.312000,0.091116,0.091116
20.313000,0.091116,0.091116
20.314000,0.091113,0.091110
20.315000,0.091347,0.091344
20.316000,0.091534,0.091531
20.317000,0.091641,0.091635
20.318000,0.091711,0.091705
20.319000,0.091758,0.091755
20.320000,0.091793,0.091787
20.321000,0.091819,0.091812
20.322000,0.091838,0.091834
20.323000,0.091850,0.091844
20.324000,0.091860,0.091856
20.325000,0.091866,0.091863
20.326000,0.091875,0.091869
20.327000,0.091875,0.091872
20.328000,0.091882,0.091875
20.329000,0.091885,0.091879
20.330000,0.091885,0.091882
20.331000,0.091888,0.091885
20.332000,0.091977,0.091967
20.333000,0.092024,0.092021
20.334000,0.092049,0.092046
20.335000,0.092065,0.092068
20.336000,0.092078,0.092081
20.337000,0.092094,0.092084
20.338000,0.092100,0.092091
20.339000,0.092100,0.092100
20.340000,0.092110,0.092097
20.341000,0.092110,0.092103
20.342000,0.092113,0.092106
20.343000,0.092113,0.092110
20.344000,0.092113,0.092110
20.345000,0.092113,0.092116
20.346000,0.092119,0.092119
20.347000,0.092122,0.092113
20.348000,0.092119,0.092116
20.349000,0.092122,0.092113
20.350000,0.092122,0.092113
20.351000,0.092116,0.092116
20.352000,0.092119,0.092113
20.353000,0.092119,0.092116
20.354000,0.092122,0.092116
20.355000,0.092122,0.092119
20.356000,0.092122,0.092122
20.357000,0.092122,0.092119
20.358000,0.092125,0.092116
20.359000,0.092125,0.092119
20.360000,0.092125,0.092119
20.361000,0.092125,0.092116
20.362000,0.092125,0.092122
20.363000,0.092125,0.092122
20.364000,0.092122,0.092122
20.365000,0.091894,0.091885
20.366000,0.091705,0.091698
20.367000,0.091594,0.091594
20.368000,0.091524,0.091521
20.369000,0.091480,0.091477
20.370000,0.091442,0.091439
20.371000,0.091420,0.091417
20.372000,0.091398,0.091395
20.373000,0.091385,0.091382
20.374000,0.091287,0.091287
20.375000,0.091240,0.091230
20.376000,0.091202,0.091205
20.377000,0.091183,0.091183
20.378000,0.091167,0.091164
20.379000,0.091154,0.091148
20.380000,0.091151,0.091148
20.381000,0.091145,0.091142
20.382000,0.091142,0.091135
20.383000,0.091138,0.091132
20.384000,0.091129,0.091129
20.385000,0.091132,0.091126
20.386000,0.091129,0.091123
20.387000,0.091129,0.091123
20.388000,0.091129,0.091123
20.389000,0.091129,0.091123
20.390000,0.091129,0.091119
20.391000,0.091126,0.091119
20.392000,0.091123,0.091123
20.393000,0.091123,0.091119
20.394000,0.091123,0.091116
20.395000,0.091126,0.091119
20.396000,0.091123,0.091123
20.397000,0.091113,0.091123
20.398000,0.091126,0.091113
20.399000,0.091119,0.091116
20.400000,0.091119,0.091116
20.401000,0.091123,0.091123
20.402000,0.091123,0.091119
20.403000,0.091129,0.091126
20.404000,0.091126,0.091119
20.405000,0.091119,0.091126
20.406000,0.091126,0.091116
20.407000,0.091119,0.091119
20.408000,0.091123,0.091119
20.409000,0.091123,0.091116
20.410000,0.091119,0.091116
20.411000,0.091123,0.091119
20.412000,0.091119,0.091116
20.413000,0.091119,0.091113
20.414000,0.091116,0.091119
20.415000,0.091347,0.091350
20.416000,0.091626,0.091619
20.417000,0.091692,0.091689
20.418000,0.091743,0.091739
20.419000,0.091781,0.091774
20.420000,0.091809,0.091809
20.421000,0.091831,0.091828
20.422000,0.091844,0.091847
20.423000,0.091860,0.091856
20.424000,0.091866,0.091863
20.425000,0.091879,0.091866
20.426000,0.091875,0.091875
20.427000,0.091885,0.091875
20.428000,0.091885,0.091882
20.429000,0.091891,0.091885
20.430000,0.091891,0.091888
20.431000,0.091894,0.091888
20.432000,0.091891,0.091891
20.433000,0.091898,0.091885
20.434000,0.091891,0.091891
20.435000,0.091898,0.091891
20.436000,0.091894,0.091891
20.437000,0.091898,0.091894
20.438000,0.091898,0.091898
20.439000,0.091898,0.091894
20.440000,0.091901,0.091891
20.441000,0.091898,0.091894
20.442000,0.091898,0.091894
20.443000,0.091894,0.091894
20.444000,0.091901,0.091891
20.445000,0.091898,0.091898
20.446000,0.091898,0.091891
20.447000,0.091898,0.091891
20.448000,0.091894,0.091894
20.449000,0.091901,0.091891
20.450000,0.091898,0.091894
20.451000,0.091901,0.091891
20.452000,0.091894,0.091894
20.453000,0.091898,0.091891
20.454000,0.091898,0.091894
20.455000,0.091894,0.091894
20.456000,0.091898,0.091894
20.457000,0.091898,0.091898
20.458000,0.091898,0.091894
20.459000,0.091898,0.091898
20.460000,0.091898,0.091894
20.461000,0.091901,0.091894
20.462000,0.091898,0.091898
20.463000,0.091901,0.091901
20.464000,0.091901,0.091894
20.465000,0.091670,0.091667
20.466000,0.091480,0.091471
20.467000,0.091369,0.091369
20.468000,0.091303,0.091293
20.469000,0.091259,0.091249
20.470000,0.091221,0.091214
20.471000,0.091198,0.091192
20.472000,0.091173,0.091173
20.473000,0.091164,0.091164
20.474000,0.091154,0.091151
20.475000,0.091151,0.091142
20.476000,0.091145,0.091142
20.477000,0.091142,0.091135
20.478000,0.091135,0.091135
20.479000,0.091135,0.091129
20.480000,0.091129,0.091129
20.481000,0.091132,0.091126
20.482000,0.091129,0.091126
20.483000,0.091129,0.091126
20.484000,0.091126,0.091123
20.485000,0.091126,0.091123
20.486000,0.091123,0.091123
20.487000,0.091119,0.091116
20.488000,0.091119,0.091119
20.489000,0.091126,0.091119
20.490000,0.091123,0.091119
20.491000,0.091123,0.091116
20.492000,0.091123,0.091123
20.493000,0.091116,0.091116
20.494000,0.091119,0.091113
20.495000,0.091119,0.091116
20.496000,0.091161,0.091161
20.497000,0.091138,0.091138
20.498000,0.091135,0.091135
20.499000,0.091129,0.091123
21.000000,0.091123,0.091119
21.001000,0.091116,0.091116
21.002000,0.091113,0.091119
21.003000,0.091116,0.091113
21.004000,0.091113,0.091110
21.005000,0.091113,0.091113
21.006000,0.091113,0.091110
21.007000,0.091110,0.091110
21.008000,0.091113,0.091104
21.009000,0.091107,0.091110
21.010000,0.091107,0.091107
21.011000,0.091110,0.091110
21.012000,0.091110,0.091107
21.013000,0.091110,0.091107
21.014000,0.091110,0.091107
21.015000,0.091335,0.091338
21.016000,0.091531,0.091521
21.017000,0.091635,0.091635
21.018000,0.091708,0.091705
21.019000,0.091755,0.091752
21.020000,0.091787,0.091787
21.021000,0.091819,0.091809
21.022000,0.091831,0.091822
21.023000,0.091847,0.091841
21.024000,0.091860,0.091850
21.025000,0.091860,0.091853
21.026000,0.091869,0.091860
21.027000,0.091869,0.091866
21.028000,0.091879,0.091869
21.029000,0.091875,0.091872
21.030000,0.091879,0.091875
21.031000,0.091885,0.091875
21.032000,0.091882,0.091882
21.033000,0.091882,0.091875
21.034000,0.091888,0.091879
21.035000,0.091885,0.091882
21.036000,0.091882,0.091882
21.037000,0.091882,0.091882
21.038000,0.091885,0.091882
21.039000,0.091888,0.091882
21.040000,0.091891,0.091885
21.041000,0.091891,0.091891
21.042000,0.091894,0.091891
21.043000,0.091891,0.091891
21.044000,0.091898,0.091894
21.045000,0.091894,0.091888
21.046000,0.091891,0.091891
21.047000,0.091891,0.091891
21.048000,0.091894,0.091888
21.049000,0.091898,0.091891
21.050000,0.091898,0.091894
21.051000,0.091898,0.091891
21.052000,0.091894,0.091901
21.053000,0.091894,0.091894
21.054000,0.091898,0.091894
21.055000,0.091904,0.091894
21.056000,0.091904,0.091898
21.057000,0.091901,0.091891
21.058000,0.091898,0.091894
21.059000,0.091898,0.091891
21.060000,0.091894,0.091894
21.061000,0.091898,0.091894
21.062000,0.091898,0.091888
21.063000,0.091901,0.091888
21.064000,0.091891,0.091898
21.065000,0.091667,0.091657
21.066000,0.091471,0.091471
21.067000,0.091372,0.091363
21.068000,0.091297,0.091293
21.069000,0.091249,0.091249
21.070000,0.091221,0.091211
21.071000,0.091192,0.091192
21.072000,0.091176,0.091170
21.073000,0.091161,0.091161
21.074000,0.091154,0.091148
21.075000,0.091142,0.091148
21.076000,0.091142,0.091138
21.077000,0.091135,0.091135
21.078000,0.091135,0.091129
21.079000,0.091135,0.091129
21.080000,0.091214,0.091214
21.081000,0.091262,0.091259
21.082000,0.091287,0.091284
21.083000,0.091306,0.091297
21.084000,0.091309,0.091309
21.085000,0.091322,0.091319
21.086000,0.091328,0.091325
21.087000,0.091331,0.091328
21.088000,0.091338,0.091331
21.089000,0.091338,0.091335
21.090000,0.091338,0.091338
21.091000,0.091341,0.091338
21.092000,0.091341,0.091338
21.093000,0.091353,0.091344
21.094000,0.091347,0.091344
21.095000,0.091344,0.091344
21.096000,0.091344,0.091341
21.097000,0.091341,0.091341
21.098000,0.091344,0.091344
21.099000,0.091347,0.091341
21.100000,0.091344,0.091341
21.101000,0.091344,0.091341
21.102000,0.091344,0.091344
21.103000,0.091344,0.091338
21.104000,0.091344,0.091338
21.105000,0.091344,0.091338
21.106000,0.091344,0.091341
21.107000,0.091341,0.091341
21.108000,0.091344,0.091338
21.109000,0.091344,0.091341
21.110000,0.091341,0.091338
21.111000,0.091341,0.091338
21.112000,0.091338,0.091341
21.113000,0.091344,0.091338
21.114000,0.091341,0.091344
21.115000,0.091569,0.091569
21.116000,0.091765,0.091762
21.117000,0.091869,0.091866
21.118000,0.091942,0.091936
21.119000,0.091989,0.091977
21.120000,0.092015,0.092012
21.121000,0.092040,0.092037
21.122000,0.091977,0.091967
21.123000,0.091948,0.091939
21.124000,0.091926,0.091920
21.125000,0.091920,0.091917
21.126000,0.091910,0.091907
21.127000,0.091910,0.091901
21.128000,0.091904,0.091898
21.129000,0.091904,0.091891
21.130000,0.091898,0.091898
21.131000,0.091901,0.091898
21.132000,0.091898,0.091888
21.133000,0.091898,0.091894
21.134000,0.091898,0.091894
21.135000,0.091894,0.091894
21.136000,0.091894,0.091888
21.137000,0.091898,0.091891
21.138000,0.091894,0.091891
21.139000,0.091894,0.091898
21.140000,0.091894,0.091891
21.141000,0.091894,0.091894
21.142000,0.091894,0.091891
21.143000,0.091898,0.091891
21.144000,0.091898,0.091888
21.145000,0.091894,0.091888
21.146000,0.091894,0.091894
21.147000,0.091894,0.091894
21.148000,0.091894,0.091898
21.149000,0.091898,0.091898
21.150000,0.091894,0.091894
21.151000,0.091901,0.091894
21.152000,0.091904,0.091888
21.153000,0.091898,0.091894
21.154000,0.091894,0.091894
21.155000,0.091894,0.091894
21.156000,0.091898,0.091894
21.157000,0.091901,0.091898
21.158000,0.091901,0.091894
21.159000,0.091898,0.091894
21.160000,0.091898,0.091894
21.161000,0.091898,0.091898
21.162000,0.091898,0.091894
21.163000,0.091901,0.091898
21.164000,0.091986,0.091983
21.165000,0.091711,0.091708
21.166000,0.091499,0.091502
21.167000,0.091382,0.091379
21.168000,0.091316,0.091312
21.169000,0.091262,0.091255
21.170000,0.091230,0.091217
21.171000,0.091202,0.091192
21.172000,0.091179,0.091173
21.173000,0.091164,0.091164
21.174000,0.091157,0.091154
21.175000,0.091148,0.091145
21.176000,0.091145,0.091138
21.177000,0.091135,0.091132
21.178000,0.091135,0.091129
21.179000,0.091129,0.091126
21.180000,0.091132,0.091129
21.181000,0.091129,0.091126
21.182000,0.091126,0.091119
21.183000,0.091129,0.091123
21.184000,0.091126,0.091123
21.185000,0.091126,0.091116
21.186000,0.091123,0.091119
21.187000,0.091123,0.091119
21.188000,0.091132,0.091135
21.189000,0.091126,0.091126
21.190000,0.091126,0.091119
21.191000,0.091123,0.091119
21.192000,0.091126,0.091123
21.193000,0.091126,0.091113
21.194000,0.091123,0.091116
21.195000,0.091123,0.091116
21.196000,0.091126,0.091119
21.197000,0.091119,0.091119
21.198000,0.091123,0.091116
21.199000,0.091119,0.091116
21.200000,0.091123,0.091116
21.201000,0.091119,0.091116
21.202000,0.091123,0.091119
21.203000,0.091116,0.091113
21.204000,0.091116,0.091116
21.205000,0.091116,0.091119
21.206000,0.091119,0.091110
21.207000,0.091116,0.091119
21.208000,0.091119,0.091113
21.209000,0.091116,0.091116
21.210000,0.091116,0.091116
21.211000,0.091116,0.091116
21.212000,0.091116,0.091113
21.213000,0.091113,0.091113
21.214000,0.091116,0.091113
21.215000,0.091347,0.091344
21.216000,0.091534,0.091534
21.217000,0.091641,0.091641
21.218000,0.091714,0.091711
21.219000,0.091762,0.091758
21.220000,0.091796,0.091793
21.221000,0.091822,0.091812
21.222000,0.091844,0.091834
21.223000,0.091853,0.091847
21.224000,0.091860,0.091860
21.225000,0.091869,0.091863
21.226000,0.091872,0.091872
21.227000,0.091882,0.091872
21.228000,0.091888,0.091875
21.229000,0.091888,0.091879
21.230000,0.091891,0.091882
21.231000,0.091891,0.091885
21.232000,0.091891,0.091888
21.233000,0.091894,0.091885
21.234000,0.091894,0.091885
21.235000,0.091888,0.091888
21.236000,0.091898,0.091888
21.237000,0.091898,0.091888
21.238000,0.091894,0.091891
21.239000,0.091894,0.091888
21.240000,0.091894,0.091888
21.241000,0.091891,0.091888
21.242000,0.091894,0.091885
21.243000,0.091894,0.091888
21.244000,0.091888,0.091891
21.245000,0.091898,0.091885
21.246000,0.091891,0.091891
21.247000,0.091891,0.091891
21.248000,0.091894,0.091894
21.249000,0.091894,0.091888
21.250000,0.091898,0.091891
21.251000,0.091894,0.091891
21.252000,0.091932,0.091936
21.253000,0.091913,0.091910
21.254000,0.091904,0.091901
21.255000,0.091901,0.091894
21.256000,0.091901,0.091888
21.257000,0.091898,0.091891
21.258000,0.091894,0.091891
21.259000,0.091888,0.091891
21.260000,0.091888,0.091888
21.261000,0.091888,0.091882
21.262000,0.091888,0.091885
21.263000,0.091891,0.091885
21.264000,0.091888,0.091882
21.265000,0.091654,0.091651
21.266000,0.091464,0.091461
21.267000,0.091357,0.091353
21.268000,0.091290,0.091284
21.269000,0.091243,0.091236
21.270000,0.091205,0.091205
21.271000,0.091183,0.091179
21.272000,0.091164,0.091161
21.273000,0.091154,0.091151
21.274000,0.091142,0.091142
21.275000,0.091132,0.091129
21.276000,0.091135,0.091129
21.277000,0.091129,0.091123
21.278000,0.091119,0.091116
21.279000,0.091119,0.091123
21.280000,0.091123,0.091116
21.281000,0.091113,0.091113
21.282000,0.091116,0.091110
21.283000,0.091126,0.091126
21.284000,0.091116,0.091119
21.285000,0.091116,0.091119
21.286000,0.091119,0.091113
21.287000,0.091116,0.091110
21.288000,0.091113,0.091110
21.289000,0.091116,0.091110
21.290000,0.091110,0.091110
21.291000,0.091116,0.091100
21.292000,0.091113,0.091110
21.293000,0.091110,0.091104
21.294000,0.091110,0.091116
21.295000,0.091113,0.091110
21.296000,0.091116,0.091107
21.297000,0.091110,0.091107
21.298000,0.091113,0.091110
21.299000,0.091110,0.091104
21.300000,0.091110,0.091107
21.301000,0.091110,0.091110
21.302000,0.091110,0.091104
21.303000,0.091110,0.091104
21.304000,0.091110,0.091104
21.305000,0.091113,0.091110
21.306000,0.091113,0.091110
21.307000,0.091116,0.091110
21.308000,0.091113,0.091110
21.309000,0.091113,0.091110
21.310000,0.091110,0.091110
21.311000,0.091113,0.091110
21.312000,0.091110,0.091110
21.313000,0.091113,0.091110
21.314000,0.091113,0.091116
21.315000,0.091341,0.091344
21.316000,0.091534,0.091534
21.317000,0.091641,0.091638
21.318000,0.091714,0.091711
21.319000,0.091762,0.091758
21.320000,0.091793,0.091790
21.321000,0.091819,0.091815
21.322000,0.091834,0.091831
21.323000,0.091850,0.091844
21.324000,0.091860,0.091856
21.325000,0.091869,0.091863
21.326000,0.091869,0.091872
21.327000,0.091875,0.091872
21.328000,0.091882,0.091875
21.329000,0.091885,0.091882
21.330000,0.091885,0.091879
21.331000,0.091885,0.091888
21.332000,0.091888,0.091882
21.333000,0.091891,0.091888
21.334000,0.091888,0.091882
21.335000,0.091891,0.091891
21.336000,0.091894,0.091885
21.337000,0.091888,0.091891
21.338000,0.091891,0.091888
21.339000,0.091894,0.091891
21.340000,0.091894,0.091888
21.341000,0.091894,0.091888
21.342000,0.091891,0.091891
21.343000,0.091894,0.091885
21.344000,0.091894,0.091891
21.345000,0.091901,0.091894
21.346000,0.091977,0.091980
21.347000,0.092027,0.092021
21.348000,0.092053,0.092049
21.349000,0.092072,0.092068
21.350000,0.092081,0.092078
21.351000,0.092091,0.092087
21.352000,0.092100,0.092100
21.353000,0.092106,0.092100
21.354000,0.092110,0.092103
21.355000,0.092110,0.092110
21.356000,0.092116,0.092110
21.357000,0.092116,0.092110
21.358000,0.092116,0.092113
21.359000,0.092119,0.092116
21.360000,0.092116,0.092113
21.361000,0.092119,0.092113
21.362000,0.092119,0.092122
21.363000,0.092125,0.092113
21.364000,0.092119,0.092116
21.365000,0.091888,0.091888
21.366000,0.091698,0.091692
21.367000,0.091597,0.091588
21.368000,0.091521,0.091518
21.369000,0.091480,0.091467
21.370000,0.091442,0.091439
21.371000,0.091417,0.091417
21.372000,0.091398,0.091401
21.373000,0.091388,0.091388
21.374000,0.091376,0.091369
21.375000,0.091369,0.091369
21.376000,0.091366,0.091366
21.377000,0.091360,0.091357
21.378000,0.091363,0.091360
21.379000,0.091363,0.091360
21.380000,0.091353,0.091357
21.381000,0.091357,0.091350
21.382000,0.091353,0.091353
21.383000,0.091353,0.091347
21.384000,0.091347,0.091347
21.385000,0.091353,0.091350
21.386000,0.091350,0.091347
21.387000,0.091344,0.091341
21.388000,0.091252,0.091252
21.389000,0.091211,0.091208
21.390000,0.091186,0.091183
21.391000,0.091170,0.091164
21.392000,0.091151,0.091154
21.393000,0.091148,0.091142
21.394000,0.091135,0.091142
21.395000,0.091129,0.091129
21.396000,0.091132,0.091129
21.397000,0.091132,0.091123
21.398000,0.091126,0.091119
21.399000,0.091123,0.091126
21.400000,0.091123,0.091119
21.401000,0.091119,0.091119
21.402000,0.091119,0.091119
21.403000,0.091119,0.091116
21.404000,0.091119,0.091116
21.405000,0.091123,0.091119
21.406000,0.091119,0.091119
21.407000,0.091119,0.091116
21.408000,0.091123,0.091113
21.409000,0.091119,0.091116
21.410000,0.091116,0.091116
21.411000,0.091119,0.091116
21.412000,0.091119,0.091116
21.413000,0.091116,0.091116
21.414000,0.091119,0.091113
21.415000,0.091347,0.091347
21.416000,0.091537,0.091537
21.417000,0.091645,0.091641
21.418000,0.091717,0.091708
21.419000,0.091765,0.091758
21.420000,0.091796,0.091793
21.421000,0.091825,0.091819
21.422000,0.091838,0.091838
21.423000,0.091856,0.091850
21.424000,0.091863,0.091856
21.425000,0.091872,0.091863
21.426000,0.091875,0.091875
21.427000,0.091882,0.091872
21.428000,0.091882,0.091882
21.429000,0.091891,0.091882
21.430000,0.091970,0.091970
21.431000,0.091939,0.091929
21.432000,0.091917,0.091913
21.433000,0.091913,0.091907
21.434000,0.091907,0.091907
21.435000,0.091901,0.091894
21.436000,0.091901,0.091901
21.437000,0.091901,0.091894
21.438000,0.091901,0.091891
21.439000,0.091904,0.091894
21.440000,0.091898,0.091894
21.441000,0.091898,0.091888
21.442000,0.091894,0.091888
21.443000,0.091894,0.091894
21.444000,0.091898,0.091894
21.445000,0.091894,0.091891
21.446000,0.091894,0.091891
21.447000,0.091898,0.091894
21.448000,0.091898,0.091888
21.449000,0.091894,0.091894
21.450000,0.091894,0.091891
21.451000,0.091894,0.091891
21.452000,0.091894,0.091891
21.453000,0.091898,0.091891
21.454000,0.091901,0.091891
21.455000,0.091901,0.091891
21.456000,0.091898,0.091894
21.457000,0.091898,0.091888
21.458000,0.091894,0.091894
21.459000,0.091894,0.091891
21.460000,0.091901,0.091891
21.461000,0.091901,0.091894
21.462000,0.091894,0.091888
21.463000,0.091894,0.091888
21.464000,0.091894,0.091891
21.465000,0.091667,0.091660
21.466000,0.091474,0.091471
21.467000,0.091366,0.091360
21.468000,0.091297,0.091297
21.469000,0.091249,0.091252
21.470000,0.091217,0.091211
21.471000,0.091192,0.091186
21.472000,0.091176,0.091173
21.473000,0.091164,0.091157
21.474000,0.091157,0.091154
21.475000,0.091151,0.091142
21.476000,0.091145,0.091142
21.477000,0.091138,0.091135
21.478000,0.091129,0.091129
21.479000,0.091126,0.091126
21.480000,0.091126,0.091132
21.481000,0.091123,0.091126
21.482000,0.091123,0.091116
21.483000,0.091123,0.091119
21.484000,0.091123,0.091123
21.485000,0.091123,0.091116
21.486000,0.091123,0.091123
21.487000,0.091123,0.091113
21.488000,0.091116,0.091119
21.489000,0.091119,0.091110
21.490000,0.091119,0.091116
21.491000,0.091123,0.091113
21.492000,0.091119,0.091119
21.493000,0.091126,0.091116
21.494000,0.091116,0.091116
21.495000,0.091123,0.091116
21.496000,0.091119,0.091116
21.497000,0.091116,0.091113
21.498000,0.091116,0.091113
21.499000,0.091123,0.091113
22.000000,0.091119,0.091116
22.001000,0.091119,0.091110
22.002000,0.091116,0.091116
22.003000,0.091116,0.091116
22.004000,0.091116,0.091116
22.005000,0.091116,0.091116
22.006000,0.091116,0.091110
22.007000,0.091119,0.091113
22.008000,0.091161,0.091154
22.009000,0.091138,0.091132
22.010000,0.091123,0.091123
22.011000,0.091119,0.091113
22.012000,0.091119,0.091107
22.013000,0.091116,0.091107
22.014000,0.091116,0.091110
22.015000,0.091338,0.091338
22.016000,0.091527,0.091524
22.017000,0.091635,0.091635
22.018000,0.091705,0.091705
22.019000,0.091749,0.091755
22.020000,0.091787,0.091787
22.021000,0.091809,0.091812
22.022000,0.091831,0.091828
22.023000,0.091841,0.091838
22.024000,0.091853,0.091850
22.025000,0.091863,0.091856
22.026000,0.091869,0.091863
22.027000,0.091872,0.091863
22.028000,0.091872,0.091872
22.029000,0.091879,0.091875
22.030000,0.091879,0.091872
22.031000,0.091875,0.091879
22.032000,0.091882,0.091875
22.033000,0.091882,0.091875
22.034000,0.091882,0.091879
22.035000,0.091885,0.091879
22.036000,0.091882,0.091879
22.037000,0.091882,0.091888
22.038000,0.091891,0.091882
22.039000,0.091888,0.091879
22.040000,0.091888,0.091882
22.041000,0.091888,0.091885
22.042000,0.091882,0.091882
22.043000,0.091882,0.091882
22.044000,0.091885,0.091882
22.045000,0.091885,0.091879
22.046000,0.091888,0.091882
22.047000,0.091888,0.091882
22.048000,0.091888,0.091885
22.049000,0.091891,0.091882
22.050000,0.091882,0.091882
22.051000,0.091885,0.091882
22.052000,0.091882,0.091885
22.053000,0.091888,0.091882
22.054000,0.091888,0.091885
22.055000,0.091885,0.091885
22.056000,0.091888,0.091885
22.057000,0.091891,0.091885
22.058000,0.091888,0.091888
22.059000,0.091891,0.091891
22.060000,0.091894,0.091891
22.061000,0.091898,0.091891
22.062000,0.091894,0.091894
22.063000,0.091891,0.091888
22.064000,0.091894,0.091891
22.065000,0.091670,0.091657
22.066000,0.091471,0.091467
22.067000,0.091363,0.091357
22.068000,0.091293,0.091290
22.069000,0.091255,0.091262
22.070000,0.091224,0.091221
22.071000,0.091192,0.091189
22.072000,0.091179,0.091170
22.073000,0.091164,0.091157
22.074000,0.091154,0.091151
22.075000,0.091142,0.091142
22.076000,0.091142,0.091138
22.077000,0.091132,0.091129
22.078000,0.091132,0.091129
22.079000,0.091129,0.091123
22.080000,0.091126,0.091123
22.081000,0.091126,0.091123
22.082000,0.091123,0.091119
22.083000,0.091119,0.091116
22.084000,0.091123,0.091116
22.085000,0.091119,0.091116
22.086000,0.091126,0.091119
22.087000,0.091123,0.091116
22.088000,0.091123,0.091119
22.089000,0.091123,0.091119
22.090000,0.091123,0.091116
22.091000,0.091119,0.091116
22.092000,0.091116,0.091113
22.093000,0.091119,0.091113
22.094000,0.091116,0.091110
22.095000,0.091119,0.091110
22.096000,0.091116,0.091116
22.097000,0.091116,0.091113
22.098000,0.091119,0.091123
22.099000,0.091205,0.091205
22.100000,0.091249,0.091249
22.101000,0.091278,0.091274
22.102000,0.091293,0.091290
22.103000,0.091309,0.091306
22.104000,0.091316,0.091306
22.105000,0.091325,0.091322
22.106000,0.091325,0.091322
22.107000,0.091331,0.091325
22.108000,0.091328,0.091328
22.109000,0.091335,0.091331
22.110000,0.091335,0.091331
22.111000,0.091335,0.091331
22.112000,0.091335,0.091331
22.113000,0.091338,0.091335
22.114000,0.091341,0.091335
22.115000,0.091565,0.091565
22.116000,0.091762,0.091755
22.117000,0.091869,0.091863
22.118000,0.091936,0.091929
22.119000,0.091983,0.091983
22.120000,0.092021,0.092012
22.121000,0.092043,0.092040
22.122000,0.092062,0.092062
22.123000,0.092072,0.092072
22.124000,0.092091,0.092081
22.125000,0.092094,0.092091
22.126000,0.092100,0.092094
22.127000,0.092106,0.092100
22.128000,0.092106,0.092103
22.129000,0.092110,0.092103
22.130000,0.092110,0.092110
22.131000,0.092113,0.092110
22.132000,0.092116,0.092106
22.133000,0.092122,0.092110
22.134000,0.092116,0.092113
22.135000,0.092113,0.092113
22.136000,0.092116,0.092113
22.137000,0.092116,0.092113
22.138000,0.092122,0.092119
22.139000,0.092119,0.092116
22.140000,0.092116,0.092113
22.141000,0.092027,0.092024
22.142000,0.091980,0.091983
22.143000,0.091958,0.091951
22.144000,0.091942,0.091932
22.145000,0.091929,0.091926
22.146000,0.091920,0.091917
22.147000,0.091917,0.091907
22.148000,0.091910,0.091910
22.149000,0.091907,0.091907
22.150000,0.091904,0.091901
22.151000,0.091904,0.091898
22.152000,0.091901,0.091894
22.153000,0.091901,0.091894
22.154000,0.091901,0.091898
22.155000,0.091894,0.091898
22.156000,0.091898,0.091894
22.157000,0.091898,0.091894
22.158000,0.091901,0.091891
22.159000,0.091901,0.091894
22.160000,0.091901,0.091894
22.161000,0.091898,0.091894
22.162000,0.091898,0.091898
22.163000,0.091901,0.091894
22.164000,0.091901,0.091894
22.165000,0.091679,0.091676
22.166000,0.091480,0.091477
22.167000,0.091369,0.091369
22.168000,0.091300,0.091293
22.169000,0.091249,0.091252
22.170000,0.091217,0.091214
22.171000,0.091192,0.091192
22.172000,0.091179,0.091170
22.173000,0.091161,0.091164
22.174000,0.091157,0.091151
22.175000,0.091145,0.091142
22.176000,0.091142,0.091138
22.177000,0.091138,0.091135
22.178000,0.091135,0.091123
22.179000,0.091135,0.091129
22.180000,0.091129,0.091129
22.181000,0.091126,0.091129
22.182000,0.091132,0.091129
22.183000,0.091211,0.091205
22.184000,0.091170,0.091161
22.185000,0.091151,0.091145
22.186000,0.091138,0.091142
22.187000,0.091135,0.091132
22.188000,0.091132,0.091126
22.189000,0.091132,0.091126
22.190000,0.091129,0.091119
22.191000,0.091123,0.091119
22.192000,0.091119,0.091123
22.193000,0.091119,0.091119
22.194000,0.091123,0.091113
22.195000,0.091116,0.091119
22.196000,0.091123,0.091123
22.197000,0.091119,0.091116
22.198000,0.091116,0.091116
22.199000,0.091116,0.091116
22.200000,0.091119,0.091116
22.201000,0.091119,0.091116
22.202000,0.091119,0.091116
22.203000,0.091116,0.091113
22.204000,0.091116,0.091110
22.205000,0.091116,0.091116
22.206000,0.091119,0.091113
22.207000,0.091119,0.091110
22.208000,0.091116,0.091113
22.209000,0.091113,0.091107
22.210000,0.091116,0.091113
22.211000,0.091119,0.091116
22.212000,0.091113,0.091116
22.213000,0.091116,0.091110
22.214000,0.091116,0.091113
22.215000,0.091344,0.091344
22.216000,0.091534,0.091534
22.217000,0.091648,0.091638
22.218000,0.091714,0.091711
22.219000,0.091762,0.091758
22.220000,0.091796,0.091793
22.221000,0.091819,0.091815
22.222000,0.091841,0.091831
22.223000,0.091850,0.091847
22.224000,0.091860,0.091853
22.225000,0.091866,0.091866
22.226000,0.091875,0.091872
22.227000,0.091879,0.091875
22.228000,0.091882,0.091875
22.229000,0.091885,0.091879
22.230000,0.091888,0.091882
22.231000,0.091891,0.091882
22.232000,0.091894,0.091882
22.233000,0.091891,0.091885
22.234000,0.091888,0.091882
22.235000,0.091891,0.091891
22.236000,0.091891,0.091891
22.237000,0.091894,0.091888
22.238000,0.091898,0.091888
22.239000,0.091894,0.091894
22.240000,0.091894,0.091891
22.241000,0.091894,0.091891
22.242000,0.091901,0.091891
22.243000,0.091891,0.091894
22.244000,0.091894,0.091891
22.245000,0.091888,0.091888
22.246000,0.091894,0.091891
22.247000,0.091894,0.091891
22.248000,0.091891,0.091888
22.249000,0.091891,0.091891
22.250000,0.091888,0.091885
22.251000,0.091891,0.091891
22.252000,0.091894,0.091894
22.253000,0.091894,0.091891
22.254000,0.091891,0.091888
22.255000,0.091898,0.091894
22.256000,0.091901,0.091894
22.257000,0.091901,0.091894
22.258000,0.091894,0.091891
22.259000,0.091894,0.091888
22.260000,0.091894,0.091894
22.261000,0.091898,0.091891
22.262000,0.091907,0.091904
22.263000,0.091898,0.091898
22.264000,0.091942,0.091932
22.265000,0.091692,0.091686
22.266000,0.091486,0.091480
22.267000,0.091372,0.091369
22.268000,0.091306,0.091293
22.269000,0.091252,0.091249
22.270000,0.091214,0.091211
22.271000,0.091186,0.091186
22.272000,0.091173,0.091167
22.273000,0.091154,0.091154
22.274000,0.091145,0.091142
22.275000,0.091135,0.091132
22.276000,0.091132,0.091132
22.277000,0.091126,0.091123
22.278000,0.091126,0.091123
22.279000,0.091123,0.091119
22.280000,0.091123,0.091113
22.281000,0.091123,0.091113
22.282000,0.091119,0.091116
22.283000,0.091116,0.091116
22.284000,0.091113,0.091113
22.285000,0.091116,0.091110
22.286000,0.091110,0.091113
22.287000,0.091113,0.091110
22.288000,0.091110,0.091110
22.289000,0.091110,0.091113
22.290000,0.091110,0.091113
22.291000,0.091113,0.091110
22.292000,0.091113,0.091110
22.293000,0.091113,0.091110
22.294000,0.091110,0.091104
22.295000,0.091110,0.091110
22.296000,0.091110,0.091107
22.297000,0.091107,0.091110
22.298000,0.091110,0.091107
22.299000,0.091110,0.091107
22.300000,0.091113,0.091104
22.301000,0.091113,0.091107
22.302000,0.091107,0.091110
22.303000,0.091113,0.091104
22.304000,0.091110,0.091110
22.305000,0.091110,0.091107
22.306000,0.091110,0.091110
22.307000,0.091113,0.091110
22.308000,0.091113,0.091107
22.309000,0.091116,0.091104
22.310000,0.091113,0.091113
22.311000,0.091113,0.091110
22.312000,0.091116,0.091110
22.313000,0.091113,0.091116
22.314000,0.091116,0.091110
22.315000,0.091344,0.091338
22.316000,0.091527,0.091531
22.317000,0.091638,0.091641
22.318000,0.091714,0.091708
22.319000,0.091768,0.091752
22.320000,0.091793,0.091790
22.321000,0.091825,0.091815
22.322000,0.091841,0.091831
22.323000,0.091850,0.091847
22.324000,0.091860,0.091860
22.325000,0.091869,0.091866
22.326000,0.091875,0.091869
22.327000,0.091879,0.091869
22.328000,0.091879,0.091875
22.329000,0.091879,0.091875
22.330000,0.091888,0.091882
22.331000,0.091888,0.091885
22.332000,0.091888,0.091885
22.333000,0.091888,0.091885
22.334000,0.091888,0.091885
22.335000,0.091885,0.091885
22.336000,0.091891,0.091885
22.337000,0.091891,0.091885
22.338000,0.091894,0.091885
22.339000,0.091888,0.091891
22.340000,0.091894,0.091882
22.341000,0.091888,0.091888
22.342000,0.091894,0.091885
22.343000,0.091894,0.091888
22.344000,0.091894,0.091891
22.345000,0.091894,0.091888
22.346000,0.091894,0.091888
22.347000,0.091898,0.091898
22.348000,0.091986,0.091970
22.349000,0.092024,0.092021
22.350000,0.092053,0.092046
22.351000,0.092072,0.092068
22.352000,0.092084,0.092078
22.353000,0.092094,0.092094
22.354000,0.092100,0.092097
22.355000,0.092110,0.092100
22.356000,0.092106,0.092100
22.357000,0.092113,0.092106
22.358000,0.092122,0.092113
22.359000,0.092119,0.092113
22.360000,0.092122,0.092113
22.361000,0.092119,0.092116
22.362000,0.092119,0.092116
22.363000,0.092119,0.092116
22.364000,0.092119,0.092113
22.365000,0.091894,0.091885
22.366000,0.091705,0.091698
22.367000,0.091591,0.091588
22.368000,0.091521,0.091518
22.369000,0.091474,0.091471
22.370000,0.091439,0.091439
22.371000,0.091417,0.091414
22.372000,0.091398,0.091398
22.373000,0.091388,0.091382
22.374000,0.091372,0.091376
22.375000,0.091369,0.091369
22.376000,0.091363,0.091360
22.377000,0.091357,0.091357
22.378000,0.091357,0.091350
22.379000,0.091350,0.091350
22.380000,0.091357,0.091347
22.381000,0.091350,0.091347
22.382000,0.091347,0.091350
22.383000,0.091353,0.091347
22.384000,0.091347,0.091347
22.385000,0.091353,0.091341
22.386000,0.091350,0.091347
22.387000,0.091350,0.091341
22.388000,0.091344,0.091344
22.389000,0.091341,0.091338
22.390000,0.091255,0.091252
22.391000,0.091208,0.091208
22.392000,0.091183,0.091179
22.393000,0.091167,0.091164
22.394000,0.091151,0.091151
22.395000,0.091145,0.091145
22.396000,0.091138,0.091138
22.397000,0.091135,0.091132
22.398000,0.091132,0.091129
22.399000,0.091126,0.091129
22.400000,0.091123,0.091126
22.401000,0.091123,0.091119
22.402000,0.091123,0.091123
22.403000,0.091123,0.091123
22.404000,0.091119,0.091116
22.405000,0.091123,0.091123
22.406000,0.091119,0.091116
22.407000,0.091123,0.091113
22.408000,0.091123,0.091116
22.409000,0.091119,0.091119
22.410000,0.091116,0.091113
22.411000,0.091116,0.091116
22.412000,0.091119,0.091113
22.413000,0.091110,0.091116
22.414000,0.091116,0.091113
22.415000,0.091344,0.091347
22.416000,0.091537,0.091534
22.417000,0.091641,0.091641
22.418000,0.091714,0.091711
22.419000,0.091762,0.091755
22.420000,0.091800,0.091787
22.421000,0.091819,0.091819
22.422000,0.091841,0.091838
22.423000,0.091850,0.091850
22.424000,0.091866,0.091863
22.425000,0.091869,0.091863
22.426000,0.091879,0.091872
22.427000,0.091879,0.091875
22.428000,0.091882,0.091882
22.429000,0.091885,0.091885
22.430000,0.091885,0.091885
22.431000,0.091891,0.091888
22.432000,0.091974,0.091970
22.433000,0.091936,0.091926
22.434000,0.091913,0.091917
22.435000,0.091907,0.091901
22.436000,0.091904,0.091904
22.437000,0.091901,0.091898
22.438000,0.091898,0.091901
22.439000,0.091898,0.091894
22.440000,0.091898,0.091888
22.441000,0.091901,0.091894
22.442000,0.091891,0.091894
22.443000,0.091901,0.091894
22.444000,0.091898,0.091891
22.445000,0.091898,0.091891
22.446000,0.091894,0.091891
22.447000,0.091901,0.091885
22.448000,0.091898,0.091898
22.449000,0.091898,0.091891
22.450000,0.091898,0.091888
22.451000,0.091894,0.091898
22.452000,0.091894,0.091894
22.453000,0.091910,0.091901
22.454000,0.091898,0.091898
22.455000,0.091901,0.091898
22.456000,0.091901,0.091894
22.457000,0.091901,0.091894
22.458000,0.091894,0.091894
22.459000,0.091898,0.091888
22.460000,0.091894,0.091891
22.461000,0.091898,0.091891
22.462000,0.091898,0.091894
22.463000,0.091894,0.091894
22.464000,0.091901,0.091891
22.465000,0.091667,0.091657
22.466000,0.091474,0.091471
22.467000,0.091366,0.091363
22.468000,0.091300,0.091297
22.469000,0.091252,0.091246
22.470000,0.091214,0.091214
22.471000,0.091192,0.091192
22.472000,0.091176,0.091173
22.473000,0.091167,0.091157
22.474000,0.091151,0.091145
22.475000,0.091142,0.091145
22.476000,0.091138,0.091135
22.477000,0.091135,0.091135
22.478000,0.091135,0.091129
22.479000,0.091126,0.091126
22.480000,0.091132,0.091126
22.481000,0.091129,0.091123
22.482000,0.091129,0.091126
22.483000,0.091123,0.091116
22.484000,0.091123,0.091119
22.485000,0.091126,0.091123
22.486000,0.091123,0.091123
22.487000,0.091119,0.091116
22.488000,0.091126,0.091119
22.489000,0.091116,0.091113
22.490000,0.091116,0.091116
22.491000,0.091123,0.091119
22.492000,0.091116,0.091113
22.493000,0.091123,0.091116
22.494000,0.091119,0.091116
22.495000,0.091119,0.091116
22.496000,0.091116,0.091116
22.497000,0.091119,0.091116
22.498000,0.091119,0.091113
22.499000,0.091123,0.091116
23.000000,0.091116,0.091113
23.001000,0.091116,0.091116
23.002000,0.091116,0.091113
23.003000,0.091119,0.091110
23.004000,0.091116,0.091113
23.005000,0.091116,0.091113
23.006000,0.091113,0.091116
23.007000,0.091116,0.091113
23.008000,0.091119,0.091113
23.009000,0.091116,0.091110
23.010000,0.091116,0.091110
23.011000,0.091119,0.091110
23.012000,0.091116,0.091110
23.013000,0.091116,0.091116
23.014000,0.091116,0.091113
23.015000,0.091344,0.091338
23.016000,0.091531,0.091527
23.017000,0.091641,0.091638
23.018000,0.091714,0.091711
23.019000,0.091762,0.091758
23.020000,0.091838,0.091831
23.021000,0.091838,0.091834
23.022000,0.091844,0.091844
23.023000,0.091856,0.091850
23.024000,0.091860,0.091860
23.025000,0.091869,0.091863
23.026000,0.091869,0.091866
23.027000,0.091875,0.091869
23.028000,0.091875,0.091869
23.029000,0.091875,0.091875
23.030000,0.091875,0.091875
23.031000,0.091885,0.091879
23.032000,0.091879,0.091875
23.033000,0.091885,0.091875
23.034000,0.091882,0.091879
23.035000,0.091885,0.091875
23.036000,0.091882,0.091879
23.037000,0.091885,0.091882
23.038000,0.091882,0.091879
23.039000,0.091885,0.091879
23.040000,0.091885,0.091875
23.041000,0.091888,0.091879
23.042000,0.091882,0.091879
23.043000,0.091885,0.091885
23.044000,0.091885,0.091879
23.045000,0.091888,0.091882
23.046000,0.091888,0.091882
23.047000,0.091888,0.091882
23.048000,0.091891,0.091888
23.049000,0.091891,0.091885
23.050000,0.091888,0.091882
23.051000,0.091888,0.091885
23.052000,0.091882,0.091882
23.053000,0.091891,0.091882
23.054000,0.091891,0.091879
23.055000,0.091888,0.091882
23.056000,0.091885,0.091885
23.057000,0.091888,0.091882
23.058000,0.091888,0.091882
23.059000,0.091891,0.091882
23.060000,0.091885,0.091882
23.061000,0.091891,0.091879
23.062000,0.091885,0.091879
23.063000,0.091888,0.091882
23.064000,0.091888,0.091882
23.065000,0.091654,0.091648
23.066000,0.091461,0.091458
23.067000,0.091360,0.091353
23.068000,0.091290,0.091290
23.069000,0.091246,0.091240
23.070000,0.091211,0.091208
23.071000,0.091186,0.091186
23.072000,0.091176,0.091170
23.073000,0.091161,0.091154
23.074000,0.091148,0.091145
23.075000,0.091142,0.091138
23.076000,0.091132,0.091138
23.077000,0.091138,0.091135
23.078000,0.091129,0.091126
23.079000,0.091129,0.091119
23.080000,0.091126,0.091123
23.081000,0.091126,0.091123
23.082000,0.091126,0.091119
23.083000,0.091123,0.091123
23.084000,0.091119,0.091116
23.085000,0.091119,0.091116
23.086000,0.091119,0.091119
23.087000,0.091123,0.091116
23.088000,0.091119,0.091116
23.089000,0.091116,0.091113
23.090000,0.091119,0.091116
23.091000,0.091123,0.091116
23.092000,0.091119,0.091116
23.093000,0.091113,0.091116
23.094000,0.091113,0.091110
23.095000,0.091119,0.091113
23.096000,0.091116,0.091113
23.097000,0.091119,0.091116
23.098000,0.091119,0.091110
23.099000,0.091116,0.091110
23.100000,0.091116,0.091116
23.101000,0.091116,0.091116
23.102000,0.091113,0.091113
23.103000,0.091110,0.091116
23.104000,0.091116,0.091113
23.105000,0.091116,0.091113
23.106000,0.091110,0.091113
23.107000,0.091119,0.091116
23.108000,0.091208,0.091202
23.109000,0.091249,0.091246
23.110000,0.091274,0.091271
23.111000,0.091293,0.091290
23.112000,0.091306,0.091306
23.113000,0.091312,0.091309
23.114000,0.091316,0.091316
23.115000,0.091553,0.091553
23.116000,0.091749,0.091749
23.117000,0.091860,0.091856
23.118000,0.091932,0.091923
23.119000,0.091977,0.091974
23.120000,0.092015,0.092012
23.121000,0.092040,0.092037
23.122000,0.092062,0.092056
23.123000,0.092072,0.092072
23.124000,0.092084,0.092078
23.125000,0.092097,0.092087
23.126000,0.092103,0.092091
23.127000,0.092103,0.092097
23.128000,0.092106,0.092100
23.129000,0.092110,0.092100
23.130000,0.092106,0.092106
23.131000,0.092113,0.092106
23.132000,0.092113,0.092110
23.133000,0.092116,0.092116
23.134000,0.092116,0.092110
23.135000,0.092119,0.092110
23.136000,0.092116,0.092113
23.137000,0.092119,0.092110
23.138000,0.092116,0.092116
23.139000,0.092119,0.092110
23.140000,0.092119,0.092113
23.141000,0.092119,0.092116
23.142000,0.092116,0.092116
23.143000,0.092129,0.092122
23.144000,0.092125,0.092122
23.145000,0.092125,0.092122
23.146000,0.092122,0.092125
23.147000,0.092119,0.092116
23.148000,0.092125,0.092119
23.149000,0.092116,0.092106
23.150000,0.092030,0.092024
23.151000,0.091983,0.091980
23.152000,0.091961,0.091958
23.153000,0.091939,0.091939
23.154000,0.091926,0.091923
23.155000,0.091920,0.091913
23.156000,0.091913,0.091913
23.157000,0.091917,0.091910
23.158000,0.091907,0.091901
23.159000,0.091901,0.091901
23.160000,0.091904,0.091898
23.161000,0.091901,0.091901
23.162000,0.091901,0.091898
23.163000,0.091898,0.091898
23.164000,0.091901,0.091898
23.165000,0.091670,0.091664
23.166000,0.091474,0.091467
23.167000,0.091369,0.091363
23.168000,0.091303,0.091293
23.169000,0.091249,0.091252
23.170000,0.091217,0.091211
23.171000,0.091195,0.091189
23.172000,0.091173,0.091173
23.173000,0.091161,0.091161
23.174000,0.091151,0.091151
23.175000,0.091142,0.091145
23.176000,0.091138,0.091135
23.177000,0.091138,0.091135
23.178000,0.091135,0.091129
23.179000,0.091132,0.091126
23.180000,0.091129,0.091123
23.181000,0.091123,0.091129
23.182000,0.091126,0.091123
23.183000,0.091123,0.091123
23.184000,0.091126,0.091116
23.185000,0.091126,0.091119
23.186000,0.091126,0.091119
23.187000,0.091123,0.091116
23.188000,0.091123,0.091119
23.189000,0.091123,0.091123
23.190000,0.091123,0.091116
23.191000,0.091126,0.091126
23.192000,0.091205,0.091205
23.193000,0.091161,0.091161
23.194000,0.091145,0.091142
23.195000,0.091135,0.091135
23.196000,0.091132,0.091129
23.197000,0.091129,0.091126
23.198000,0.091129,0.091123
23.199000,0.091126,0.091119
23.200000,0.091119,0.091119
23.201000,0.091119,0.091116
23.202000,0.091119,0.091113
23.203000,0.091116,0.091110
23.204000,0.091116,0.091116
23.205000,0.091113,0.091113
23.206000,0.091116,0.091113
23.207000,0.091116,0.091110
23.208000,0.091116,0.091110
23.209000,0.091119,0.091110
23.210000,0.091116,0.091110
23.211000,0.091119,0.091110
23.212000,0.091116,0.091113
23.213000,0.091113,0.091110
23.214000,0.091113,0.091113
23.215000,0.091344,0.091344
23.216000,0.091534,0.091534
23.217000,0.091645,0.091635
23.218000,0.091711,0.091708
23.219000,0.091762,0.091758
23.220000,0.091793,0.091790
23.221000,0.091822,0.091815
23.222000,0.091834,0.091834
23.223000,0.091850,0.091844
23.224000,0.091863,0.091853
23.225000,0.091869,0.091863
23.226000,0.091875,0.091866
23.227000,0.091875,0.091872
23.228000,0.091882,0.091875
23.229000,0.091882,0.091879
23.230000,0.091888,0.091875
23.231000,0.091885,0.091882
23.232000,0.091885,0.091882
23.233000,0.091888,0.091888
23.234000,0.091891,0.091885
23.235000,0.091888,0.091888
23.236000,0.091894,0.091888
23.237000,0.091888,0.091882
23.238000,0.091901,0.091901
23.239000,0.091898,0.091888
23.240000,0.091898,0.091898
23.241000,0.091891,0.091891
23.242000,0.091894,0.091888
23.243000,0.091888,0.091888
23.244000,0.091894,0.091891
23.245000,0.091894,0.091891
23.246000,0.091894,0.091888
23.247000,0.091888,0.091888
23.248000,0.091891,0.091888
23.249000,0.091894,0.091888
23.250000,0.091894,0.091894
23.251000,0.091894,0.091891
23.252000,0.091898,0.091891
23.253000,0.091894,0.091888
23.254000,0.091894,0.091891
23.255000,0.091891,0.091891
23.256000,0.091898,0.091891
23.257000,0.091894,0.091888
23.258000,0.091901,0.091891
23.259000,0.091894,0.091894
23.260000,0.091894,0.091888
23.261000,0.091898,0.091891
23.262000,0.091894,0.091894
23.263000,0.091898,0.091888
23.264000,0.091894,0.091891
23.265000,0.091667,0.091660
23.266000,0.091474,0.091464
23.267000,0.091363,0.091360
23.268000,0.091293,0.091290
23.269000,0.091252,0.091246
23.270000,0.091214,0.091211
23.271000,0.091192,0.091192
23.272000,0.091170,0.091170
23.273000,0.091161,0.091154
23.274000,0.091154,0.091145
23.275000,0.091148,0.091138
23.276000,0.091176,0.091176
23.277000,0.091154,0.091148
23.278000,0.091138,0.091138
23.279000,0.091135,0.091129
23.280000,0.091129,0.091123
23.281000,0.091123,0.091119
23.282000,0.091126,0.091116
23.283000,0.091119,0.091116
23.284000,0.091116,0.091113
23.285000,0.091110,0.091113
23.286000,0.091113,0.091113
23.287000,0.091116,0.091113
23.288000,0.091113,0.091107
23.289000,0.091113,0.091110
23.290000,0.091113,0.091110
23.291000,0.091110,0.091113
23.292000,0.091113,0.091107
23.293000,0.091113,0.091110
23.294000,0.091110,0.091107
23.295000,0.091110,0.091104
23.296000,0.091107,0.091107
23.297000,0.091113,0.091107
23.298000,0.091110,0.091104
23.299000,0.091107,0.091104
23.300000,0.091107,0.091104
23.301000,0.091110,0.091107
23.302000,0.091107,0.091104
23.303000,0.091110,0.091100
23.304000,0.091104,0.091104
23.305000,0.091110,0.091104
23.306000,0.091110,0.091104
23.307000,0.091107,0.091100
23.308000,0.091110,0.091104
23.309000,0.091110,0.091100
23.310000,0.091107,0.091107
23.311000,0.091110,0.091107
23.312000,0.091104,0.091110
23.313000,0.091110,0.091107
23.314000,0.091110,0.091100
23.315000,0.091335,0.091335
23.316000,0.091527,0.091527
23.317000,0.091632,0.091629
23.318000,0.091701,0.091701
23.319000,0.091752,0.091749
23.320000,0.091781,0.091781
23.321000,0.091809,0.091809
23.322000,0.091831,0.091828
23.323000,0.091844,0.091838
23.324000,0.091853,0.091847
23.325000,0.091863,0.091856
23.326000,0.091866,0.091863
23.327000,0.091869,0.091869
23.328000,0.091879,0.091875
23.329000,0.091882,0.091875
23.330000,0.091885,0.091882
23.331000,0.091882,0.091885
23.332000,0.091888,0.091885
23.333000,0.091901,0.091894
23.334000,0.091891,0.091888
23.335000,0.091888,0.091891
23.336000,0.091888,0.091888
23.337000,0.091891,0.091885
23.338000,0.091891,0.091891
23.339000,0.091891,0.091885
23.340000,0.091894,0.091888
23.341000,0.091891,0.091888
23.342000,0.091891,0.091888
23.343000,0.091891,0.091888
23.344000,0.091891,0.091888
23.345000,0.091894,0.091888
23.346000,0.091894,0.091885
23.347000,0.091891,0.091885
23.348000,0.091894,0.091891
23.349000,0.091894,0.091888
23.350000,0.091894,0.091888
23.351000,0.091898,0.091888
23.352000,0.091894,0.091891
23.353000,0.091894,0.091888
23.354000,0.091894,0.091888
23.355000,0.091894,0.091888
23.356000,0.091898,0.091891
23.357000,0.091894,0.091888
23.358000,0.091891,0.091888
23.359000,0.091894,0.091888
23.360000,0.091894,0.091888
23.361000,0.091898,0.091891
23.362000,0.091894,0.091891
23.363000,0.091894,0.091888
23.364000,0.091891,0.091891
23.365000,0.091664,0.091654
23.366000,0.091471,0.091464
23.367000,0.091369,0.091366
23.368000,0.091385,0.091388
23.369000,0.091382,0.091382
23.370000,0.091379,0.091376
23.371000,0.091369,0.091369
23.372000,0.091369,0.091357
23.373000,0.091357,0.091357
23.374000,0.091357,0.091353
23.375000,0.091350,0.091350
23.376000,0.091353,0.091353
23.377000,0.091350,0.091344
23.378000,0.091353,0.091344
23.379000,0.091350,0.091344
23.380000,0.091344,0.091350
23.381000,0.091350,0.091341
23.382000,0.091344,0.091338
23.383000,0.091347,0.091341
23.384000,0.091344,0.091341
23.385000,0.091341,0.091344
23.386000,0.091347,0.091341
23.387000,0.091347,0.091338
23.388000,0.091341,0.091338
23.389000,0.091347,0.091338
23.390000,0.091344,0.091338
23.391000,0.091341,0.091338
23.392000,0.091344,0.091341
23.393000,0.091344,0.091341
23.394000,0.091341,0.091341
23.395000,0.091341,0.091338
23.396000,0.091341,0.091338
23.397000,0.091344,0.091338
23.398000,0.091344,0.091341
23.399000,0.091344,0.091344
23.400000,0.091341,0.091338
23.401000,0.091344,0.091338
23.402000,0.091341,0.091338
23.403000,0.091344,0.091341
23.404000,0.091341,0.091338
23.405000,0.091344,0.091341
23.406000,0.091341,0.091341
23.407000,0.091344,0.091341
23.408000,0.091344,0.091338
23.409000,0.091338,0.091335
23.410000,0.091249,0.091249
23.411000,0.091211,0.091205
23.412000,0.091179,0.091183
23.413000,0.091161,0.091157
23.414000,0.091148,0.091148
23.415000,0.091372,0.091369
23.416000,0.091556,0.091553
23.417000,0.091660,0.091657
23.418000,0.091724,0.091720
23.419000,0.091771,0.091765
23.420000,0.091806,0.091800
23.421000,0.091819,0.091819
23.422000,0.091841,0.091838
23.423000,0.091856,0.091847
23.424000,0.091863,0.091863
23.425000,0.091872,0.091869
23.426000,0.091879,0.091872
23.427000,0.091879,0.091875
23.428000,0.091894,0.091888
23.429000,0.091894,0.091888
23.430000,0.091888,0.091888
23.431000,0.091888,0.091885
23.432000,0.091891,0.091888
23.433000,0.091891,0.091888
23.434000,0.091891,0.091885
23.435000,0.091891,0.091885
23.436000,0.091891,0.091888
23.437000,0.091898,0.091891
23.438000,0.091894,0.091885
23.439000,0.091888,0.091894
23.440000,0.091898,0.091888
23.441000,0.091894,0.091894
23.442000,0.091894,0.091888
23.443000,0.091891,0.091894
23.444000,0.091894,0.091888
23.445000,0.091898,0.091888
23.446000,0.091894,0.091888
23.447000,0.091894,0.091891
23.448000,0.091891,0.091891
23.449000,0.091901,0.091891
23.450000,0.091901,0.091891
23.451000,0.091907,0.091898
23.452000,0.091977,0.091977
23.453000,0.091942,0.091936
23.454000,0.091926,0.091917
23.455000,0.091917,0.091913
23.456000,0.091907,0.091904
23.457000,0.091907,0.091901
23.458000,0.091904,0.091901
23.459000,0.091901,0.091898
23.460000,0.091901,0.091898
23.461000,0.091898,0.091894
23.462000,0.091894,0.091894
23.463000,0.091898,0.091898
23.464000,0.091904,0.091894
23.465000,0.091667,0.091660
23.466000,0.091477,0.091467
23.467000,0.091369,0.091363
23.468000,0.091297,0.091297
23.469000,0.091252,0.091246
23.470000,0.091217,0.091214
23.471000,0.091192,0.091189
23.472000,0.091173,0.091167
23.473000,0.091161,0.091154
23.474000,0.091154,0.091151
23.475000,0.091145,0.091138
23.476000,0.091142,0.091142
23.477000,0.091135,0.091132
23.478000,0.091129,0.091126
23.479000,0.091129,0.091126
23.480000,0.091129,0.091126
23.481000,0.091123,0.091119
23.482000,0.091126,0.091119
23.483000,0.091123,0.091116
23.484000,0.091123,0.091116
23.485000,0.091119,0.091116
23.486000,0.091119,0.091116
23.487000,0.091123,0.091116
23.488000,0.091119,0.091113
23.489000,0.091116,0.091123
23.490000,0.091116,0.091119
23.491000,0.091123,0.091116
23.492000,0.091123,0.091116
23.493000,0.091116,0.091116
23.494000,0.091116,0.091123
23.495000,0.091116,0.091116
23.496000,0.091116,0.091113
23.497000,0.091113,0.091113
23.498000,0.091116,0.091116
23.499000,0.091113,0.091110
24.000000,0.091119,0.091110
24.001000,0.091119,0.091113
24.002000,0.091116,0.091110
24.003000,0.091116,0.091110
24.004000,0.091116,0.091113
24.005000,0.091119,0.091107
24.006000,0.091116,0.091110
24.007000,0.091116,0.091110
24.008000,0.091116,0.091113
24.009000,0.091116,0.091116
24.010000,0.091116,0.091110
24.011000,0.091110,0.091113
24.012000,0.091116,0.091113
24.013000,0.091116,0.091110
24.014000,0.091116,0.091113
24.015000,0.091344,0.091344
24.016000,0.091531,0.091534
24.017000,0.091641,0.091638
24.018000,0.091711,0.091711
24.019000,0.091762,0.091758
24.020000,0.091800,0.091793
24.021000,0.091819,0.091819
24.022000,0.091841,0.091834
24.023000,0.091850,0.091844
24.024000,0.091866,0.091863
24.025000,0.091869,0.091869
24.026000,0.091875,0.091875
24.027000,0.091875,0.091879
24.028000,0.091882,0.091882
24.029000,0.091888,0.091885
24.030000,0.091888,0.091882
24.031000,0.091888,0.091885
24.032000,0.091929,0.091926
24.033000,0.091913,0.091904
24.034000,0.091901,0.091898
24.035000,0.091894,0.091888
24.036000,0.091891,0.091891
24.037000,0.091894,0.091888
24.038000,0.091888,0.091888
24.039000,0.091891,0.091882
24.040000,0.091894,0.091885
24.041000,0.091888,0.091888
24.042000,0.091888,0.091885
24.043000,0.091891,0.091885
24.044000,0.091891,0.091885
24.045000,0.091888,0.091882
24.046000,0.091888,0.091882
24.047000,0.091888,0.091885
24.048000,0.091891,0.091882
24.049000,0.091888,0.091882
24.050000,0.091888,0.091885
24.051000,0.091888,0.091882
24.052000,0.091882,0.091885
24.053000,0.091888,0.091885
24.054000,0.091891,0.091888
24.055000,0.091888,0.091882
24.056000,0.091888,0.091882
24.057000,0.091888,0.091882
24.058000,0.091894,0.091885
24.059000,0.091888,0.091882
24.060000,0.091888,0.091885
24.061000,0.091891,0.091885
24.062000,0.091888,0.091888
24.063000,0.091891,0.091885
24.064000,0.091894,0.091885
24.065000,0.091664,0.091654
24.066000,0.091464,0.091464
24.067000,0.091363,0.091357
24.068000,0.091293,0.091287
24.069000,0.091246,0.091243
24.070000,0.091208,0.091208
24.071000,0.091183,0.091183
24.072000,0.091167,0.091161
24.073000,0.091154,0.091151
24.074000,0.091151,0.091138
24.075000,0.091142,0.091132
24.076000,0.091129,0.091129
24.077000,0.091126,0.091126
24.078000,0.091126,0.091119
24.079000,0.091126,0.091123
24.080000,0.091119,0.091119
24.081000,0.091119,0.091113
24.082000,0.091123,0.091116
24.083000,0.091119,0.091113
24.084000,0.091119,0.091113
24.085000,0.091116,0.091110
24.086000,0.091113,0.091116
24.087000,0.091119,0.091107
24.088000,0.091113,0.091110
24.089000,0.091116,0.091113
24.090000,0.091119,0.091116
24.091000,0.091119,0.091116
24.092000,0.091116,0.091123
24.093000,0.091116,0.091119
24.094000,0.091119,0.091119
24.095000,0.091123,0.091119
24.096000,0.091116,0.091119
24.097000,0.091116,0.091116
24.098000,0.091119,0.091116
24.099000,0.091119,0.091113
24.100000,0.091119,0.091113
24.101000,0.091123,0.091116
24.102000,0.091116,0.091113
24.103000,0.091119,0.091116
24.104000,0.091119,0.091116
24.105000,0.091119,0.091116
24.106000,0.091116,0.091116
24.107000,0.091116,0.091113
24.108000,0.091116,0.091107
24.109000,0.091119,0.091116
24.110000,0.091119,0.091110
24.111000,0.091116,0.091113
24.112000,0.091116,0.091113
24.113000,0.091116,0.091110
24.114000,0.091113,0.091113
24.115000,0.091350,0.091344
24.116000,0.091531,0.091531
24.117000,0.091641,0.091641
24.118000,0.091717,0.091708
24.119000,0.091765,0.091771
24.120000,0.091800,0.091796
24.121000,0.091815,0.091822
24.122000,0.091838,0.091838
24.123000,0.091856,0.091850
24.124000,0.091863,0.091856
24.125000,0.091872,0.091866
24.126000,0.091875,0.091866
24.127000,0.091882,0.091875
24.128000,0.091882,0.091875
24.129000,0.091888,0.091888
24.130000,0.091974,0.091974
24.131000,0.092024,0.092015
24.132000,0.092049,0.092043
24.133000,0.092068,0.092065
24.134000,0.092081,0.092078
24.135000,0.092091,0.092087
24.136000,0.092097,0.092091
24.137000,0.092106,0.092103
24.138000,0.092103,0.092106
24.139000,0.092110,0.092103
24.140000,0.092113,0.092106
24.141000,0.092113,0.092106
24.142000,0.092116,0.092113
24.143000,0.092116,0.092113
24.144000,0.092119,0.092113
24.145000,0.092116,0.092113
24.146000,0.092119,0.092116
24.147000,0.092119,0.092116
24.148000,0.092116,0.092116
24.149000,0.092122,0.092116
24.150000,0.092116,0.092113
24.151000,0.092122,0.092116
24.152000,0.092122,0.092119
24.153000,0.092122,0.092119
24.154000,0.092119,0.092119
24.155000,0.092122,0.092119
24.156000,0.092122,0.092116
24.157000,0.092122,0.092116
24.158000,0.092119,0.092116
24.159000,0.092125,0.092119
24.160000,0.092129,0.092119
24.161000,0.092125,0.092122
24.162000,0.092122,0.092119
24.163000,0.092125,0.092119
24.164000,0.092122,0.092119
24.165000,0.091891,0.091885
24.166000,0.091705,0.091695
24.167000,0.091597,0.091588
24.168000,0.091524,0.091521
24.169000,0.091477,0.091477
24.170000,0.091445,0.091442
24.171000,0.091420,0.091407
24.172000,0.091312,0.091306
24.173000,0.091255,0.091249
24.174000,0.091217,0.091217
24.175000,0.091195,0.091192
24.176000,0.091176,0.091167
24.177000,0.091161,0.091164
24.178000,0.091154,0.091154
24.179000,0.091142,0.091142
24.180000,0.091142,0.091138
24.181000,0.091135,0.091135
24.182000,0.091135,0.091129
24.183000,0.091135,0.091129
24.184000,0.091129,0.091123
24.185000,0.091126,0.091123
24.186000,0.091129,0.091119
24.187000,0.091123,0.091126
24.188000,0.091126,0.091123
24.189000,0.091129,0.091119
24.190000,0.091123,0.091123
24.191000,0.091126,0.091123
24.192000,0.091123,0.091116
24.193000,0.091123,0.091116
24.194000,0.091126,0.091116
24.195000,0.091123,0.091119
24.196000,0.091123,0.091119
24.197000,0.091126,0.091116
24.198000,0.091123,0.091116
24.199000,0.091123,0.091116
24.200000,0.091126,0.091116
24.201000,0.091116,0.091116
24.202000,0.091119,0.091123
24.203000,0.091116,0.091113
24.204000,0.091119,0.091116
24.205000,0.091119,0.091116
24.206000,0.091119,0.091113
24.207000,0.091123,0.091113
24.208000,0.091119,0.091116
24.209000,0.091116,0.091113
24.210000,0.091123,0.091113
24.211000,0.091116,0.091113
24.212000,0.091116,0.091119
24.213000,0.091126,0.091123
24.214000,0.091202,0.091205
24.215000,0.091401,0.091395
24.216000,0.091569,0.091569
24.217000,0.091670,0.091660
24.218000,0.091730,0.091730
24.219000,0.091774,0.091768
24.220000,0.091806,0.091806
24.221000,0.091828,0.091825
24.222000,0.091844,0.091841
24.223000,0.091863,0.091850
24.224000,0.091866,0.091863
24.225000,0.091872,0.091869
24.226000,0.091879,0.091869
24.227000,0.091882,0.091875
24.228000,0.091885,0.091882
24.229000,0.091888,0.091885
24.230000,0.091891,0.091888
24.231000,0.091888,0.091888
24.232000,0.091891,0.091885
24.233000,0.091891,0.091888
24.234000,0.091894,0.091888
24.235000,0.091894,0.091891
24.236000,0.091898,0.091888
24.237000,0.091894,0.091885
24.238000,0.091898,0.091891
24.239000,0.091894,0.091888
24.240000,0.091898,0.091894
24.241000,0.091898,0.091891
24.242000,0.091898,0.091888
24.243000,0.091894,0.091888
24.244000,0.091901,0.091891
24.245000,0.091894,0.091891
24.246000,0.091898,0.091891
24.247000,0.091898,0.091891
24.248000,0.091898,0.091894
24.249000,0.091901,0.091891
24.250000,0.091894,0.091891
24.251000,0.091894,0.091898
24.252000,0.091901,0.091891
24.253000,0.091894,0.091894
24.254000,0.091898,0.091888
24.255000,0.091898,0.091891
24.256000,0.091901,0.091898
24.257000,0.091898,0.091891
24.258000,0.091898,0.091894
24.259000,0.091901,0.091898
24.260000,0.091898,0.091891
24.261000,0.091898,0.091894
24.262000,0.091898,0.091894
24.263000,0.091901,0.091894
24.264000,0.091894,0.091891
24.265000,0.091670,0.091657
24.266000,0.091474,0.091477
24.267000,0.091363,0.091366
24.268000,0.091297,0.091297
24.269000,0.091259,0.091249
24.270000,0.091217,0.091214
24.271000,0.091192,0.091189
24.272000,0.091179,0.091173
24.273000,0.091161,0.091157
24.274000,0.091151,0.091148
24.275000,0.091142,0.091138
24.276000,0.091142,0.091138
24.277000,0.091135,0.091135
24.278000,0.091129,0.091135
24.279000,0.091129,0.091126
24.280000,0.091126,0.091126
24.281000,0.091126,0.091123
24.282000,0.091126,0.091126
24.283000,0.091129,0.091126
24.284000,0.091123,0.091119
24.285000,0.091129,0.091123
24.286000,0.091123,0.091119
24.287000,0.091123,0.091123
24.288000,0.091161,0.091154
24.289000,0.091138,0.091135
24.290000,0.091132,0.091126
24.291000,0.091129,0.091123
24.292000,0.091119,0.091119
24.293000,0.091119,0.091119
24.294000,0.091123,0.091113
24.295000,0.091113,0.091119
24.296000,0.091116,0.091113
24.297000,0.091113,0.091113
24.298000,0.091113,0.091110
24.299000,0.091113,0.091107
24.300000,0.091110,0.091110
24.301000,0.091110,0.091110
24.302000,0.091116,0.091110
24.303000,0.091110,0.091110
24.304000,0.091113,0.091107
24.305000,0.091113,0.091110
24.306000,0.091107,0.091110
24.307000,0.091107,0.091107
24.308000,0.091110,0.091110
24.309000,0.091110,0.091110
24.310000,0.091107,0.091107
24.311000,0.091110,0.091110
24.312000,0.091119,0.091116
24.313000,0.091116,0.091113
24.314000,0.091113,0.091110
24.315000,0.091338,0.091338
24.316000,0.091527,0.091524
24.317000,0.091632,0.091635
24.318000,0.091705,0.091701
24.319000,0.091752,0.091749
24.320000,0.091787,0.091784
24.321000,0.091812,0.091806
24.322000,0.091834,0.091825
24.323000,0.091841,0.091841
24.324000,0.091856,0.091850
24.325000,0.091860,0.091856
24.326000,0.091869,0.091863
24.327000,0.091869,0.091866
24.328000,0.091875,0.091872
24.329000,0.091879,0.091869
24.330000,0.091879,0.091875
24.331000,0.091879,0.091879
24.332000,0.091882,0.091875
24.333000,0.091885,0.091882
24.334000,0.091882,0.091882
24.335000,0.091885,0.091879
24.336000,0.091882,0.091882
24.337000,0.091885,0.091882
24.338000,0.091888,0.091882
24.339000,0.091888,0.091885
24.340000,0.091888,0.091885
24.341000,0.091891,0.091888
24.342000,0.091894,0.091891
24.343000,0.091894,0.091888
24.344000,0.091891,0.091891
24.345000,0.091894,0.091888
24.346000,0.091894,0.091888
24.347000,0.091898,0.091885
24.348000,0.091894,0.091888
24.349000,0.091898,0.091891
24.350000,0.091898,0.091894
24.351000,0.091894,0.091894
24.352000,0.091894,0.091894
24.353000,0.091894,0.091894
24.354000,0.091898,0.091891
24.355000,0.091894,0.091891
24.356000,0.091901,0.091894
24.357000,0.091901,0.091891
24.358000,0.091894,0.091891
24.359000,0.091898,0.091891
24.360000,0.091898,0.091891
24.361000,0.091898,0.091891
24.362000,0.091898,0.091891
24.363000,0.091898,0.091898
24.364000,0.091898,0.091894
24.365000,0.091673,0.091660
24.366000,0.091477,0.091471
24.367000,0.091363,0.091369
24.368000,0.091300,0.091293
24.369000,0.091252,0.091243
24.370000,0.091214,0.091214
24.371000,0.091192,0.091189
24.372000,0.091179,0.091173
24.373000,0.091164,0.091161
24.374000,0.091157,0.091145
24.375000,0.091145,0.091138
24.376000,0.091142,0.091138
24.377000,0.091135,0.091132
24.378000,0.091132,0.091126
24.379000,0.091135,0.091135
24.380000,0.091221,0.091221
24.381000,0.091259,0.091262
24.382000,0.091290,0.091284
24.383000,0.091303,0.091303
24.384000,0.091312,0.091316
24.385000,0.091322,0.091322
24.386000,0.091325,0.091328
24.387000,0.091335,0.091325
24.388000,0.091331,0.091328
24.389000,0.091338,0.091338
24.390000,0.091341,0.091338
24.391000,0.091341,0.091338
24.392000,0.091344,0.091341
24.393000,0.091344,0.091338
24.394000,0.091344,0.091344
24.395000,0.091344,0.091341
24.396000,0.091344,0.091344
24.397000,0.091344,0.091344
24.398000,0.091344,0.091341
24.399000,0.091341,0.091338
24.400000,0.091347,0.091344
24.401000,0.091344,0.091341
24.402000,0.091344,0.091341
24.403000,0.091347,0.091338
24.404000,0.091347,0.091338
24.405000,0.091347,0.091338
24.406000,0.091341,0.091344
24.407000,0.091344,0.091338
24.408000,0.091347,0.091344
24.409000,0.091344,0.091344
24.410000,0.091350,0.091335
24.411000,0.091344,0.091344
24.412000,0.091347,0.091344
24.413000,0.091341,0.091341
24.414000,0.091344,0.091338
24.415000,0.091569,0.091565
24.416000,0.091762,0.091762
24.417000,0.091869,0.091869
24.418000,0.091939,0.091939
24.419000,0.091989,0.091986
24.420000,0.092018,0.092024
24.421000,0.092043,0.092034
24.422000,0.091974,0.091967
24.423000,0.091945,0.091942
24.424000,0.091929,0.091926
24.425000,0.091913,0.091913
24.426000,0.091913,0.091904
24.427000,0.091910,0.091901
24.428000,0.091904,0.091901
24.429000,0.091901,0.091898
24.430000,0.091904,0.091894
24.431000,0.091898,0.091898
24.432000,0.091898,0.091894
24.433000,0.091898,0.091891
24.434000,0.091894,0.091891
24.435000,0.091901,0.091891
24.436000,0.091898,0.091891
24.437000,0.091894,0.091898
24.438000,0.091898,0.091894
24.439000,0.091894,0.091891
24.440000,0.091898,0.091888
24.441000,0.091894,0.091894
24.442000,0.091898,0.091891
24.443000,0.091894,0.091894
24.444000,0.091901,0.091894
24.445000,0.091898,0.091891
24.446000,0.091898,0.091894
24.447000,0.091894,0.091894
24.448000,0.091904,0.091894
24.449000,0.091901,0.091891
24.450000,0.091898,0.091894
24.451000,0.091894,0.091894
24.452000,0.091901,0.091891
24.453000,0.091901,0.091894
24.454000,0.091901,0.091894
24.455000,0.091894,0.091891
24.456000,0.091901,0.091894
24.457000,0.091898,0.091894
24.458000,0.091898,0.091894
24.459000,0.091901,0.091891
24.460000,0.091898,0.091894
24.461000,0.091898,0.091894
24.462000,0.091898,0.091894
24.463000,0.091907,0.091901
24.464000,0.091986,0.091980
24.465000,0.091711,0.091705
24.466000,0.091502,0.091499
24.467000,0.091388,0.091385
24.468000,0.091316,0.091309
24.469000,0.091262,0.091259
24.470000,0.091227,0.091217
24.471000,0.091198,0.091192
24.472000,0.091179,0.091179
24.473000,0.091167,0.091167
24.474000,0.091151,0.091151
24.475000,0.091145,0.091148
24.476000,0.091138,0.091142
24.477000,0.091135,0.091135
24.478000,0.091135,0.091132
24.479000,0.091135,0.091129
24.480000,0.091129,0.091123
24.481000,0.091129,0.091126
24.482000,0.091132,0.091123
24.483000,0.091126,0.091126
24.484000,0.091129,0.091123
24.485000,0.091129,0.091123
24.486000,0.091123,0.091123
24.487000,0.091126,0.091126
24.488000,0.091129,0.091116
24.489000,0.091126,0.091116
24.490000,0.091116,0.091119
24.491000,0.091123,0.091123
24.492000,0.091119,0.091119
24.493000,0.091126,0.091119
24.494000,0.091119,0.091119
24.495000,0.091119,0.091116
24.496000,0.091126,0.091116
24.497000,0.091123,0.091123
24.498000,0.091123,0.091116
24.499000,0.091123,0.091116
25.000000,0.091119,0.091113
25.001000,0.091119,0.091116
25.002000,0.091116,0.091116
25.003000,0.091126,0.091123
25.004000,0.091123,0.091119
25.005000,0.091119,0.091116
25.006000,0.091116,0.091116
25.007000,0.091119,0.091116
25.008000,0.091123,0.091113
25.009000,0.091119,0.091116
25.010000,0.091119,0.091113
25.011000,0.091116,0.091113
25.012000,0.091119,0.091110
25.013000,0.091119,0.091116
25.014000,0.091119,0.091110
25.015000,0.091347,0.091344
25.016000,0.091537,0.091537
25.017000,0.091641,0.091641
25.018000,0.091708,0.091711
25.019000,0.091762,0.091758
25.020000,0.091796,0.091793
25.021000,0.091822,0.091819
25.022000,0.091841,0.091838
25.023000,0.091856,0.091844
25.024000,0.091863,0.091863
25.025000,0.091875,0.091863
25.026000,0.091882,0.091869
25.027000,0.091879,0.091869
25.028000,0.091879,0.091879
25.029000,0.091888,0.091879
25.030000,0.091888,0.091885
25.031000,0.091894,0.091885
25.032000,0.091888,0.091888
25.033000,0.091888,0.091891
25.034000,0.091894,0.091885
25.035000,0.091891,0.091888
25.036000,0.091888,0.091885
25.037000,0.091894,0.091885
25.038000,0.091894,0.091888
25.039000,0.091894,0.091894
25.040000,0.091888,0.091894
25.041000,0.091894,0.091894
25.042000,0.091894,0.091894
25.043000,0.091891,0.091891
25.044000,0.091936,0.091932
25.045000,0.091917,0.091907
25.046000,0.091907,0.091898
25.047000,0.091901,0.091894
25.048000,0.091894,0.091888
25.049000,0.091898,0.091891
25.050000,0.091894,0.091891
25.051000,0.091891,0.091888
25.052000,0.091891,0.091888
25.053000,0.091888,0.091885
25.054000,0.091888,0.091885
25.055000,0.091888,0.091891
25.056000,0.091888,0.091885
25.057000,0.091894,0.091885
25.058000,0.091891,0.091888
25.059000,0.091891,0.091885
25.060000,0.091888,0.091885
25.061000,0.091888,0.091885
25.062000,0.091891,0.091885
25.063000,0.091891,0.091882
25.064000,0.091891,0.091891
25.065000,0.091654,0.091648
25.066000,0.091464,0.091461
25.067000,0.091360,0.091353
25.068000,0.091290,0.091287
25.069000,0.091243,0.091243
25.070000,0.091211,0.091208
25.071000,0.091183,0.091179
25.072000,0.091167,0.091167
25.073000,0.091151,0.091148
25.074000,0.091148,0.091142
25.075000,0.091142,0.091132
25.076000,0.091129,0.091126
25.077000,0.091126,0.091123
25.078000,0.091123,0.091119
25.079000,0.091126,0.091123
25.080000,0.091119,0.091116
25.081000,0.091126,0.091110
25.082000,0.091123,0.091113
25.083000,0.091123,0.091110
25.084000,0.091116,0.091110
25.085000,0.091116,0.091113
25.086000,0.091116,0.091116
25.087000,0.091116,0.091110
25.088000,0.091116,0.091113
25.089000,0.091116,0.091110
25.090000,0.091113,0.091113
25.091000,0.091116,0.091116
25.092000,0.091116,0.091110
25.093000,0.091116,0.091113
25.094000,0.091113,0.091110
25.095000,0.091110,0.091110
25.096000,0.091110,0.091107
25.097000,0.091113,0.091107
25.098000,0.091116,0.091116
25.099000,0.091116,0.091113
25.100000,0.091113,0.091110
25.101000,0.091110,0.091113
25.102000,0.091110,0.091107
25.103000,0.091116,0.091110
25.104000,0.091113,0.091110
25.105000,0.091119,0.091116
25.106000,0.091116,0.091113
25.107000,0.091113,0.091113
25.108000,0.091116,0.091113
25.109000,0.091119,0.091116
25.110000,0.091119,0.091116
25.111000,0.091116,0.091116
25.112000,0.091116,0.091110
25.113000,0.091113,0.091113
25.114000,0.091119,0.091116
25.115000,0.091344,0.091347
25.116000,0.091537,0.091537
25.117000,0.091641,0.091638
25.118000,0.091717,0.091708
25.119000,0.091762,0.091755
25.120000,0.091796,0.091793
25.121000,0.091819,0.091819
25.122000,0.091838,0.091834
25.123000,0.091850,0.091850
25.124000,0.091860,0.091860
25.125000,0.091866,0.091866
25.126000,0.091875,0.091872
25.127000,0.091879,0.091879
25.128000,0.091882,0.091879
25.129000,0.091885,0.091882
25.130000,0.091885,0.091882
25.131000,0.091888,0.091882
25.132000,0.091888,0.091885
25.133000,0.091891,0.091882
25.134000,0.091891,0.091888
25.135000,0.091891,0.091891
25.136000,0.091894,0.091891
25.137000,0.091894,0.091888
25.138000,0.091894,0.091891
25.139000,0.091894,0.091894
25.140000,0.091891,0.091888
25.141000,0.091898,0.091888
25.142000,0.091894,0.091888
25.143000,0.091904,0.091898
25.144000,0.091986,0.091977
25.145000,0.092030,0.092027
25.146000,0.092053,0.092049
25.147000,0.092072,0.092072
25.148000,0.092084,0.092081
25.149000,0.092103,0.092091
25.150000,0.092097,0.092097
25.151000,0.092106,0.092103
25.152000,0.092106,0.092106
25.153000,0.092116,0.092103
25.154000,0.092113,0.092113
25.155000,0.092116,0.092113
25.156000,0.092116,0.092116
25.157000,0.092116,0.092116
25.158000,0.092122,0.092113
25.159000,0.092122,0.092119
25.160000,0.092122,0.092113
25.161000,0.092119,0.092119
25.162000,0.092122,0.092116
25.163000,0.092122,0.092122
25.164000,0.092125,0.092119
25.165000,0.091894,0.091882
25.166000,0.091701,0.091692
25.167000,0.091591,0.091588
25.168000,0.091524,0.091521
25.169000,0.091477,0.091477
25.170000,0.091445,0.091442
25.171000,0.091414,0.091414
25.172000,0.091404,0.091398
25.173000,0.091382,0.091385
25.174000,0.091382,0.091372
25.175000,0.091369,0.091363
25.176000,0.091366,0.091363
25.177000,0.091363,0.091357
25.178000,0.091353,0.091353
25.179000,0.091353,0.091350
25.180000,0.091353,0.091350
25.181000,0.091353,0.091350
25.182000,0.091350,0.091350
25.183000,0.091350,0.091344
25.184000,0.091353,0.091344
25.185000,0.091344,0.091338
25.186000,0.091259,0.091252
25.187000,0.091214,0.091208
25.188000,0.091189,0.091186
25.189000,0.091170,0.091161
25.190000,0.091161,0.091151
25.191000,0.091145,0.091142
25.192000,0.091142,0.091138
25.193000,0.091148,0.091142
25.194000,0.091135,0.091135
25.195000,0.091132,0.091126
25.196000,0.091129,0.091129
25.197000,0.091129,0.091126
25.198000,0.091129,0.091123
25.199000,0.091129,0.091119
25.200000,0.091123,0.091123
25.201000,0.091123,0.091119
25.202000,0.091123,0.091116
25.203000,0.091123,0.091116
25.204000,0.091123,0.091119
25.205000,0.091126,0.091116
25.206000,0.091119,0.091116
25.207000,0.091119,0.091119
25.208000,0.091116,0.091116
25.209000,0.091119,0.091113
25.210000,0.091116,0.091116
25.211000,0.091119,0.091113
25.212000,0.091119,0.091116
25.213000,0.091116,0.091116
25.214000,0.091113,0.091116
25.215000,0.091344,0.091350
25.216000,0.091537,0.091537
25.217000,0.091645,0.091641
25.218000,0.091714,0.091711
25.219000,0.091762,0.091758
25.220000,0.091800,0.091793
25.221000,0.091822,0.091819
25.222000,0.091841,0.091834
25.223000,0.091853,0.091847
25.224000,0.091869,0.091863
25.225000,0.091872,0.091869
25.226000,0.091879,0.091872
25.227000,0.091888,0.091888
25.228000,0.091964,0.091961
25.229000,0.091929,0.091929
25.230000,0.091913,0.091913
25.231000,0.091910,0.091904
25.232000,0.091901,0.091901
25.233000,0.091898,0.091894
25.234000,0.091901,0.091894
25.235000,0.091898,0.091894
25.236000,0.091891,0.091891
25.237000,0.091898,0.091885
25.238000,0.091894,0.091888
25.239000,0.091891,0.091888
25.240000,0.091894,0.091894
25.241000,0.091894,0.091888
25.242000,0.091894,0.091891
25.243000,0.091901,0.091888
25.244000,0.091891,0.091888
25.245000,0.091894,0.091894
25.246000,0.091891,0.091891
25.247000,0.091894,0.091891
25.248000,0.091894,0.091891
25.249000,0.091894,0.091888
25.250000,0.091894,0.091891
25.251000,0.091891,0.091891
25.252000,0.091894,0.091888
25.253000,0.091894,0.091894
25.254000,0.091898,0.091894
25.255000,0.091901,0.091894
25.256000,0.091894,0.091894
25.257000,0.091901,0.091888
25.258000,0.091898,0.091891
25.259000,0.091898,0.091891
25.260000,0.091898,0.091898
25.261000,0.091898,0.091894
25.262000,0.091901,0.091894
25.263000,0.091894,0.091891
25.264000,0.091894,0.091894
25.265000,0.091664,0.091660
25.266000,0.091474,0.091467
25.267000,0.091366,0.091363
25.268000,0.091297,0.091293
25.269000,0.091252,0.091246
25.270000,0.091214,0.091211
25.271000,0.091192,0.091189
25.272000,0.091173,0.091170
25.273000,0.091164,0.091157
25.274000,0.091154,0.091148
25.275000,0.091145,0.091145
25.276000,0.091138,0.091135
25.277000,0.091135,0.091129
25.278000,0.091135,0.091129
25.279000,0.091129,0.091129
25.280000,0.091129,0.091126
25.281000,0.091126,0.091123
25.282000,0.091126,0.091119
25.283000,0.091123,0.091119
25.284000,0.091123,0.091119
25.285000,0.091123,0.091123
25.286000,0.091126,0.091119
25.287000,0.091123,0.091119
25.288000,0.091135,0.091129
25.289000,0.091129,0.091123
25.290000,0.091126,0.091116
25.291000,0.091126,0.091119
25.292000,0.091123,0.091119
25.293000,0.091123,0.091119
25.294000,0.091123,0.091116
25.295000,0.091123,0.091119
25.296000,0.091123,0.091116
25.297000,0.091123,0.091116
25.298000,0.091119,0.091116
25.299000,0.091113,0.091110
25.300000,0.091161,0.091154
25.301000,0.091135,0.091135
25.302000,0.091129,0.091129
25.303000,0.091126,0.091119
25.304000,0.091116,0.091116
25.305000,0.091116,0.091110
25.306000,0.091116,0.091110
25.307000,0.091113,0.091110
25.308000,0.091110,0.091110
25.309000,0.091107,0.091107
25.310000,0.091107,0.091107
25.311000,0.091107,0.091104
25.312000,0.091107,0.091104
25.313000,0.091110,0.091104
25.314000,0.091110,0.091104
25.315000,0.091341,0.091338
25.316000,0.091531,0.091524
25.317000,0.091635,0.091629
25.318000,0.091701,0.091701
25.319000,0.091752,0.091749
25.320000,0.091787,0.091787
25.321000,0.091809,0.091812
25.322000,0.091828,0.091828
25.323000,0.091847,0.091841
25.324000,0.091856,0.091853
25.325000,0.091860,0.091860
25.326000,0.091863,0.091863
25.327000,0.091872,0.091866
25.328000,0.091875,0.091866
25.329000,0.091879,0.091869
25.330000,0.091875,0.091875
25.331000,0.091882,0.091872
25.332000,0.091882,0.091879
25.333000,0.091885,0.091879
25.334000,0.091879,0.091875
25.335000,0.091888,0.091882
25.336000,0.091888,0.091875
25.337000,0.091888,0.091882
25.338000,0.091885,0.091882
25.339000,0.091888,0.091879
25.340000,0.091885,0.091882
25.341000,0.091885,0.091885
25.342000,0.091885,0.091885
25.343000,0.091891,0.091888
25.344000,0.091891,0.091888
25.345000,0.091894,0.091891
25.346000,0.091891,0.091885
25.347000,0.091894,0.091888
25.348000,0.091891,0.091891
25.349000,0.091901,0.091891
25.350000,0.091891,0.091888
25.351000,0.091901,0.091891
25.352000,0.091894,0.091891
25.353000,0.091901,0.091894
25.354000,0.091898,0.091888
25.355000,0.091894,0.091891
25.356000,0.091901,0.091894
25.357000,0.091901,0.091898
25.358000,0.091894,0.091891
25.359000,0.091898,0.091894
25.360000,0.091894,0.091894
25.361000,0.091898,0.091888
25.362000,0.091901,0.091894
25.363000,0.091894,0.091891
25.364000,0.091898,0.091894
25.365000,0.091664,0.091660
25.366000,0.091477,0.091471
25.367000,0.091369,0.091366
25.368000,0.091297,0.091287
25.369000,0.091252,0.091249
25.370000,0.091217,0.091211
25.371000,0.091192,0.091186
25.372000,0.091173,0.091170
25.373000,0.091164,0.091161
25.374000,0.091151,0.091151
25.375000,0.091138,0.091145
25.376000,0.091142,0.091135
25.377000,0.091135,0.091132
25.378000,0.091135,0.091129
25.379000,0.091135,0.091126
25.380000,0.091132,0.091123
25.381000,0.091126,0.091129
25.382000,0.091126,0.091123
25.383000,0.091142,0.091142
25.384000,0.091224,0.091221
25.385000,0.091262,0.091259
25.386000,0.091287,0.091281
25.387000,0.091300,0.091300
25.388000,0.091316,0.091309
25.389000,0.091319,0.091316
25.390000,0.091331,0.091325
25.391000,0.091331,0.091325
25.392000,0.091338,0.091331
25.393000,0.091338,0.091335
25.394000,0.091335,0.091335
25.395000,0.091344,0.091338
25.396000,0.091344,0.091338
25.397000,0.091341,0.091341
25.398000,0.091344,0.091341
25.399000,0.091344,0.091338
25.400000,0.091344,0.091341
25.401000,0.091341,0.091344
25.402000,0.091338,0.091341
25.403000,0.091344,0.091338
25.404000,0.091344,0.091338
25.405000,0.091338,0.091341
25.406000,0.091341,0.091344
25.407000,0.091347,0.091338
25.408000,0.091344,0.091344
25.409000,0.091344,0.091344
25.410000,0.091344,0.091341
25.411000,0.091341,0.091338
25.412000,0.091344,0.091341
25.413000,0.091341,0.091341
25.414000,0.091344,0.091335
25.415000,0.091572,0.091572
25.416000,0.091765,0.091758
25.417000,0.091872,0.091869
25.418000,0.091939,0.091932
25.419000,0.091986,0.091980
25.420000,0.092021,0.092012
25.421000,0.092043,0.092040
25.422000,0.092068,0.092062
25.423000,0.092081,0.092078
25.424000,0.092094,0.092084
25.425000,0.092091,0.092081
25.426000,0.092008,0.092005
25.427000,0.091974,0.091967
25.428000,0.091951,0.091942
25.429000,0.091932,0.091926
25.430000,0.091926,0.091917
25.431000,0.091923,0.091910
25.432000,0.091913,0.091904
25.433000,0.091904,0.091904
25.434000,0.091904,0.091901
25.435000,0.091901,0.091901
25.436000,0.091901,0.091894
25.437000,0.091901,0.091894
25.438000,0.091901,0.091901
25.439000,0.091901,0.091898
25.440000,0.091898,0.091891
25.441000,0.091894,0.091894
25.442000,0.091898,0.091894
25.443000,0.091894,0.091894
25.444000,0.091901,0.091898
25.445000,0.091898,0.091894
25.446000,0.091904,0.091898
25.447000,0.091898,0.091894
25.448000,0.091894,0.091898
25.449000,0.091901,0.091894
25.450000,0.091894,0.091894
25.451000,0.091901,0.091894
25.452000,0.091898,0.091894
25.453000,0.091894,0.091891
25.454000,0.091901,0.091898
25.455000,0.091901,0.091894
25.456000,0.091901,0.091894
25.457000,0.091901,0.091894
25.458000,0.091898,0.091891
25.459000,0.091898,0.091894
25.460000,0.091894,0.091901
25.461000,0.091901,0.091894
25.462000,0.091898,0.091901
25.463000,0.091898,0.091898
25.464000,0.091894,0.091898
25.465000,0.091667,0.091664
25.466000,0.091480,0.091471
25.467000,0.091376,0.091376
25.468000,0.091388,0.091379
25.469000,0.091303,0.091293
25.470000,0.091243,0.091246
25.471000,0.091211,0.091211
25.472000,0.091189,0.091186
25.473000,0.091173,0.091167
25.474000,0.091161,0.091157
25.475000,0.091154,0.091151
25.476000,0.091145,0.091142
25.477000,0.091138,0.091135
25.478000,0.091145,0.091142
25.479000,0.091138,0.091138
25.480000,0.091132,0.091129
25.481000,0.091132,0.091129
25.482000,0.091126,0.091126
25.483000,0.091129,0.091129
25.484000,0.091123,0.091126
25.485000,0.091119,0.091123
25.486000,0.091123,0.091123
25.487000,0.091123,0.091119
25.488000,0.091126,0.091123
25.489000,0.091126,0.091123
25.490000,0.091123,0.091119
25.491000,0.091123,0.091119
25.492000,0.091123,0.091116
25.493000,0.091123,0.091119
25.494000,0.091123,0.091119
25.495000,0.091123,0.091123
25.496000,0.091123,0.091113
25.497000,0.091119,0.091116
25.498000,0.091123,0.091116
25.499000,0.091119,0.091116
26.000000,0.091123,0.091116
26.001000,0.091119,0.091113
26.002000,0.091116,0.091116
26.003000,0.091119,0.091116
26.004000,0.091116,0.091119
26.005000,0.091116,0.091113
26.006000,0.091123,0.091113
26.007000,0.091119,0.091113
26.008000,0.091119,0.091113
26.009000,0.091129,0.091116
26.010000,0.091116,0.091113
26.011000,0.091116,0.091116
26.012000,0.091123,0.091110
26.013000,0.091119,0.091110
26.014000,0.091119,0.091116
26.015000,0.091344,0.091350
26.016000,0.091534,0.091537
26.017000,0.091648,0.091638
26.018000,0.091714,0.091717
26.019000,0.091765,0.091762
26.020000,0.091796,0.091790
26.021000,0.091819,0.091815
26.022000,0.091838,0.091834
26.023000,0.091850,0.091847
26.024000,0.091863,0.091860
26.025000,0.091872,0.091866
26.026000,0.091875,0.091869
26.027000,0.091882,0.091875
26.028000,0.091882,0.091879
26.029000,0.091885,0.091882
26.030000,0.091885,0.091882
26.031000,0.091882,0.091888
26.032000,0.091891,0.091888
26.033000,0.091888,0.091888
26.034000,0.091891,0.091888
26.035000,0.091894,0.091888
26.036000,0.091891,0.091888
26.037000,0.091891,0.091888
26.038000,0.091894,0.091888
26.039000,0.091894,0.091894
26.040000,0.091891,0.091891
26.041000,0.091891,0.091888
26.042000,0.091898,0.091894
26.043000,0.091894,0.091888
26.044000,0.091898,0.091898
26.045000,0.091891,0.091894
26.046000,0.091894,0.091891
26.047000,0.091898,0.091894
26.048000,0.091894,0.091888
26.049000,0.091894,0.091891
26.050000,0.091894,0.091891
26.051000,0.091898,0.091891
26.052000,0.091898,0.091891
26.053000,0.091894,0.091894
26.054000,0.091894,0.091891
26.055000,0.091894,0.091891
26.056000,0.091942,0.091936
26.057000,0.091920,0.091913
26.058000,0.091910,0.091904
26.059000,0.091907,0.091898
26.060000,0.091901,0.091898
26.061000,0.091894,0.091894
26.062000,0.091894,0.091894
26.063000,0.091891,0.091894
26.064000,0.091898,0.091891
26.065000,0.091664,0.091657
26.066000,0.091471,0.091467
26.067000,0.091363,0.091357
26.068000,0.091290,0.091287
26.069000,0.091243,0.091243
26.070000,0.091208,0.091208
26.071000,0.091192,0.091183
26.072000,0.091167,0.091164
26.073000,0.091154,0.091148
26.074000,0.091154,0.091148
26.075000,0.091145,0.091142
26.076000,0.091135,0.091129
26.077000,0.091135,0.091129
26.078000,0.091129,0.091126
26.079000,0.091126,0.091123
26.080000,0.091119,0.091123
26.081000,0.091129,0.091116
26.082000,0.091119,0.091116
26.083000,0.091123,0.091116
26.084000,0.091119,0.091116
26.085000,0.091116,0.091116
26.086000,0.091119,0.091116
26.087000,0.091113,0.091113
26.088000,0.091116,0.091116
26.089000,0.091113,0.091113
26.090000,0.091110,0.091107
26.091000,0.091113,0.091110
26.092000,0.091113,0.091113
26.093000,0.091110,0.091113
26.094000,0.091113,0.091113
26.095000,0.091110,0.091110
26.096000,0.091113,0.091110
26.097000,0.091110,0.091104
26.098000,0.091116,0.091110
26.099000,0.091116,0.091110
26.100000,0.091110,0.091113
26.101000,0.091110,0.091110
26.102000,0.091110,0.091110
26.103000,0.091113,0.091110
26.104000,0.091113,0.091110
26.105000,0.091113,0.091110
26.106000,0.091110,0.091110
26.107000,0.091110,0.091107
26.108000,0.091113,0.091110
26.109000,0.091113,0.091110
26.110000,0.091110,0.091110
26.111000,0.091107,0.091110
26.112000,0.091107,0.091107
26.113000,0.091104,0.091104
26.114000,0.091113,0.091107
26.115000,0.091347,0.091341
26.116000,0.091531,0.091527
26.117000,0.091641,0.091635
26.118000,0.091714,0.091708
26.119000,0.091762,0.091758
26.120000,0.091800,0.091787
26.121000,0.091819,0.091819
26.122000,0.091838,0.091831
26.123000,0.091850,0.091850
26.124000,0.091869,0.091853
26.125000,0.091869,0.091863
26.126000,0.091875,0.091869
26.127000,0.091875,0.091879
26.128000,0.091882,0.091875
26.129000,0.091888,0.091879
26.130000,0.091885,0.091882
26.131000,0.091888,0.091882
26.132000,0.091888,0.091888
26.133000,0.091888,0.091888
26.134000,0.091888,0.091885
26.135000,0.091891,0.091888
26.136000,0.091888,0.091888
26.137000,0.091894,0.091885
26.138000,0.091894,0.091891
26.139000,0.091891,0.091888
26.140000,0.091894,0.091891
26.141000,0.091898,0.091888
26.142000,0.091894,0.091891
26.143000,0.091894,0.091894
26.144000,0.091898,0.091888
26.145000,0.091898,0.091894
26.146000,0.091894,0.091885
26.147000,0.091894,0.091891
26.148000,0.091894,0.091894
26.149000,0.091901,0.091891
26.150000,0.091894,0.091894
26.151000,0.091894,0.091888
26.152000,0.091894,0.091894
26.153000,0.091898,0.091894
26.154000,0.091904,0.091898
26.155000,0.091993,0.091986
26.156000,0.092034,0.092024
26.157000,0.092056,0.092049
26.158000,0.092078,0.092075
26.159000,0.092087,0.092084
26.160000,0.092091,0.092091
26.161000,0.092106,0.092097
26.162000,0.092110,0.092103
26.163000,0.092113,0.092110
26.164000,0.092113,0.092113
26.165000,0.091885,0.091879
26.166000,0.091698,0.091692
26.167000,0.091591,0.091584
26.168000,0.091524,0.091518
26.169000,0.091483,0.091477
26.170000,0.091445,0.091442
26.171000,0.091426,0.091417
26.172000,0.091401,0.091398
26.173000,0.091388,0.091388
26.174000,0.091382,0.091372
26.175000,0.091369,0.091366
26.176000,0.091366,0.091363
26.177000,0.091360,0.091357
26.178000,0.091357,0.091357
26.179000,0.091353,0.091353
26.180000,0.091353,0.091347
26.181000,0.091350,0.091350
26.182000,0.091350,0.091347
26.183000,0.091350,0.091350
26.184000,0.091353,0.091347
26.185000,0.091347,0.091347
26.186000,0.091347,0.091344
26.187000,0.091347,0.091350
26.188000,0.091347,0.091347
26.189000,0.091350,0.091347
26.190000,0.091344,0.091344
26.191000,0.091344,0.091347
26.192000,0.091350,0.091344
26.193000,0.091347,0.091341
26.194000,0.091344,0.091338
26.195000,0.091350,0.091341
26.196000,0.091335,0.091335
26.197000,0.091255,0.091249
26.198000,0.091208,0.091202
26.199000,0.091179,0.091176
26.200000,0.091170,0.091164
26.201000,0.091154,0.091148
26.202000,0.091145,0.091142
26.203000,0.091142,0.091132
26.204000,0.091135,0.091129
26.205000,0.091132,0.091123
26.206000,0.091126,0.091126
26.207000,0.091126,0.091119
26.208000,0.091126,0.091119
26.209000,0.091126,0.091119
26.210000,0.091126,0.091116
26.211000,0.091123,0.091119
26.212000,0.091119,0.091116
26.213000,0.091123,0.091116
26.214000,0.091123,0.091116
26.215000,0.091347,0.091344
26.216000,0.091534,0.091537
26.217000,0.091645,0.091648
26.218000,0.091717,0.091711
26.219000,0.091762,0.091755
26.220000,0.091796,0.091793
26.221000,0.091825,0.091822
26.222000,0.091844,0.091834
26.223000,0.091856,0.091853
26.224000,0.091863,0.091860
26.225000,0.091869,0.091866
26.226000,0.091879,0.091875
26.227000,0.091879,0.091882
26.228000,0.091885,0.091882
26.229000,0.091885,0.091882
26.230000,0.091888,0.091885
26.231000,0.091888,0.091885
26.232000,0.091888,0.091891
26.233000,0.091891,0.091885
26.234000,0.091894,0.091891
26.235000,0.091891,0.091888
26.236000,0.091894,0.091891
26.237000,0.091898,0.091894
26.238000,0.091907,0.091898
26.239000,0.091974,0.091970
26.240000,0.091942,0.091932
26.241000,0.091920,0.091917
26.242000,0.091920,0.091904
26.243000,0.091904,0.091904
26.244000,0.091907,0.091898
26.245000,0.091904,0.091901
26.246000,0.091901,0.091898
26.247000,0.091904,0.091898
26.248000,0.091904,0.091898
26.249000,0.091898,0.091891
26.250000,0.091898,0.091894
26.251000,0.091898,0.091894
26.252000,0.091901,0.091888
26.253000,0.091901,0.091894
26.254000,0.091898,0.091894
26.255000,0.091898,0.091888
26.256000,0.091898,0.091894
26.257000,0.091901,0.091894
26.258000,0.091901,0.091894
26.259000,0.091901,0.091894
26.260000,0.091898,0.091894
26.261000,0.091898,0.091894
26.262000,0.091894,0.091894
26.263000,0.091901,0.091894
26.264000,0.091898,0.091898
26.265000,0.091673,0.091670
26.266000,0.091480,0.091477
26.267000,0.091369,0.091363
26.268000,0.091297,0.091300
26.269000,0.091255,0.091249
26.270000,0.091221,0.091214
26.271000,0.091192,0.091186
26.272000,0.091179,0.091176
26.273000,0.091167,0.091157
26.274000,0.091151,0.091154
26.275000,0.091148,0.091142
26.276000,0.091135,0.091138
26.277000,0.091135,0.091129
26.278000,0.091135,0.091132
26.279000,0.091132,0.091129
26.280000,0.091129,0.091119
26.281000,0.091129,0.091126
26.282000,0.091123,0.091126
26.283000,0.091129,0.091119
26.284000,0.091126,0.091123
26.285000,0.091129,0.091119
26.286000,0.091126,0.091119
26.287000,0.091123,0.091116
26.288000,0.091123,0.091123
26.289000,0.091119,0.091116
26.290000,0.091126,0.091116
26.291000,0.091123,0.091116
26.292000,0.091116,0.091119
26.293000,0.091116,0.091119
26.294000,0.091123,0.091116
26.295000,0.091123,0.091116
26.296000,0.091119,0.091116
26.297000,0.091123,0.091116
26.298000,0.091116,0.091116
26.299000,0.091119,0.091116
26.300000,0.091119,0.091116
26.301000,0.091116,0.091116
26.302000,0.091119,0.091113
26.303000,0.091119,0.091113
26.304000,0.091119,0.091110
26.305000,0.091123,0.091113
26.306000,0.091116,0.091119
26.307000,0.091119,0.091110
26.308000,0.091116,0.091110
26.309000,0.091116,0.091113
26.310000,0.091116,0.091110
26.311000,0.091113,0.091113
26.312000,0.091157,0.091151
26.313000,0.091135,0.091132
26.314000,0.091126,0.091119
26.315000,0.091350,0.091347
26.316000,0.091534,0.091531
26.317000,0.091641,0.091638
26.318000,0.091711,0.091705
26.319000,0.091762,0.091755
26.320000,0.091790,0.091787
26.321000,0.091812,0.091812
26.322000,0.091828,0.091831
26.323000,0.091844,0.091844
26.324000,0.091856,0.091850
26.325000,0.091866,0.091860
26.326000,0.091869,0.091866
26.327000,0.091875,0.091869
26.328000,0.091875,0.091872
26.329000,0.091882,0.091875
26.330000,0.091879,0.091875
26.331000,0.091885,0.091875
26.332000,0.091879,0.091882
26.333000,0.091882,0.091879
26.334000,0.091885,0.091879
26.335000,0.091882,0.091882
26.336000,0.091882,0.091882
26.337000,0.091888,0.091882
26.338000,0.091882,0.091875
26.339000,0.091885,0.091885
26.340000,0.091885,0.091882
26.341000,0.091885,0.091885
26.342000,0.091891,0.091879
26.343000,0.091888,0.091882
26.344000,0.091894,0.091885
26.345000,0.091888,0.091885
26.346000,0.091888,0.091882
26.347000,0.091888,0.091885
26.348000,0.091888,0.091882
26.349000,0.091885,0.091882
26.350000,0.091888,0.091888
26.351000,0.091888,0.091882
26.352000,0.091888,0.091888
26.353000,0.091888,0.091882
26.354000,0.091888,0.091885
26.355000,0.091888,0.091885
26.356000,0.091888,0.091885
26.357000,0.091888,0.091885
26.358000,0.091882,0.091885
26.359000,0.091891,0.091888
26.360000,0.091888,0.091894
26.361000,0.091898,0.091888
26.362000,0.091907,0.091904
26.363000,0.091901,0.091898
26.364000,0.091898,0.091901
26.365000,0.091667,0.091667
26.366000,0.091477,0.091477
26.367000,0.091369,0.091366
26.368000,0.091297,0.091293
26.369000,0.091246,0.091252
26.370000,0.091221,0.091211
26.371000,0.091192,0.091192
26.372000,0.091176,0.091176
26.373000,0.091164,0.091161
26.374000,0.091154,0.091151
26.375000,0.091142,0.091138
26.376000,0.091145,0.091138
26.377000,0.091135,0.091132
26.378000,0.091135,0.091126
26.379000,0.091135,0.091129
26.380000,0.091129,0.091126
26.381000,0.091126,0.091123
26.382000,0.091126,0.091129
26.383000,0.091129,0.091123
26.384000,0.091123,0.091126
26.385000,0.091123,0.091123
26.386000,0.091126,0.091119
26.387000,0.091116,0.091116
26.388000,0.091126,0.091116
26.389000,0.091123,0.091116
26.390000,0.091126,0.091119
26.391000,0.091119,0.091119
26.392000,0.091126,0.091116
26.393000,0.091123,0.091116
26.394000,0.091123,0.091113
26.395000,0.091123,0.091116
26.396000,0.091116,0.091116
26.397000,0.091126,0.091123
26.398000,0.091116,0.091119
26.399000,0.091126,0.091129
26.400000,0.091211,0.091211
26.401000,0.091255,0.091249
26.402000,0.091281,0.091274
26.403000,0.091297,0.091293
26.404000,0.091306,0.091306
26.405000,0.091319,0.091309
26.406000,0.091322,0.091325
26.407000,0.091325,0.091322
26.408000,0.091331,0.091325
26.409000,0.091331,0.091335
26.410000,0.091335,0.091331
26.411000,0.091338,0.091331
26.412000,0.091338,0.091338
26.413000,0.091338,0.091338
26.414000,0.091338,0.091331
26.415000,0.091569,0.091565
26.416000,0.091762,0.091755
26.417000,0.091869,0.091863
26.418000,0.091939,0.091932
26.419000,0.091986,0.091983
26.420000,0.092021,0.092008
26.421000,0.092040,0.092037
26.422000,0.092065,0.092053
26.423000,0.092075,0.092072
26.424000,0.092087,0.092078
26.425000,0.092094,0.092091
26.426000,0.092100,0.092097
26.427000,0.092103,0.092100
26.428000,0.092113,0.092100
26.429000,0.092110,0.092110
26.430000,0.092110,0.092110
26.431000,0.092116,0.092110
26.432000,0.092113,0.092106
26.433000,0.092116,0.092110
26.434000,0.092116,0.092116
26.435000,0.092116,0.092110
26.436000,0.092119,0.092116
26.437000,0.092116,0.092119
26.438000,0.092119,0.092116
26.439000,0.092119,0.092116
26.440000,0.092122,0.092119
26.441000,0.092113,0.092113
26.442000,0.092034,0.092027
26.443000,0.091983,0.091983
26.444000,0.091964,0.091951
26.445000,0.091942,0.091939
26.446000,0.091926,0.091932
26.447000,0.091929,0.091920
26.448000,0.091920,0.091913
26.449000,0.091910,0.091907
26.450000,0.091907,0.091904
26.451000,0.091904,0.091901
26.452000,0.091904,0.091901
26.453000,0.091901,0.091898
26.454000,0.091901,0.091898
26.455000,0.091904,0.091894
26.456000,0.091901,0.091898
26.457000,0.091898,0.091894
26.458000,0.091907,0.091898
26.459000,0.091904,0.091898
26.460000,0.091904,0.091901
26.461000,0.091901,0.091898
26.462000,0.091901,0.091901
26.463000,0.091901,0.091894
26.464000,0.091898,0.091901
26.465000,0.091667,0.091667
26.466000,0.091474,0.091474
26.467000,0.091372,0.091366
26.468000,0.091303,0.091300
26.469000,0.091255,0.091255
26.470000,0.091221,0.091214
26.471000,0.091198,0.091192
26.472000,0.091176,0.091173
26.473000,0.091164,0.091161
26.474000,0.091157,0.091154
26.475000,0.091151,0.091142
26.476000,0.091142,0.091142
26.477000,0.091138,0.091132
26.478000,0.091132,0.091129
26.479000,0.091132,0.091129
26.480000,0.091126,0.091123
26.481000,0.091129,0.091129
26.482000,0.091129,0.091129
26.483000,0.091135,0.091132
26.484000,0.091211,0.091205
26.485000,0.091170,0.091167
26.486000,0.091148,0.091148
26.487000,0.091142,0.091138
26.488000,0.091135,0.091135
26.489000,0.091129,0.091126
26.490000,0.091129,0.091129
26.491000,0.091123,0.091123
26.492000,0.091132,0.091123
26.493000,0.091126,0.091119
26.494000,0.091116,0.091119
26.495000,0.091123,0.091116
26.496000,0.091123,0.091123
26.497000,0.091123,0.091123
26.498000,0.091123,0.091116
26.499000,0.091119,0.091116
27.000000,0.091116,0.091116
27.001000,0.091116,0.091116
27.002000,0.091123,0.091110
27.003000,0.091119,0.091113
27.004000,0.091116,0.091116
27.005000,0.091116,0.091116
27.006000,0.091116,0.091113
27.007000,0.091119,0.091113
27.008000,0.091119,0.091116
27.009000,0.091116,0.091116
27.010000,0.091116,0.091113
27.011000,0.091116,0.091113
27.012000,0.091116,0.091116
27.013000,0.091116,0.091110
27.014000,0.091116,0.091116
27.015000,0.091347,0.091344
27.016000,0.091534,0.091537
27.017000,0.091641,0.091641
27.018000,0.091711,0.091711
27.019000,0.091765,0.091755
27.020000,0.091796,0.091790
27.021000,0.091825,0.091812
27.022000,0.091838,0.091834
27.023000,0.091850,0.091847
27.024000,0.091860,0.091856
27.025000,0.091869,0.091869
27.026000,0.091882,0.091872
27.027000,0.091882,0.091872
27.028000,0.091882,0.091875
27.029000,0.091882,0.091882
27.030000,0.091888,0.091882
27.031000,0.091891,0.091882
27.032000,0.091888,0.091888
27.033000,0.091894,0.091885
27.034000,0.091888,0.091885
27.035000,0.091891,0.091882
27.036000,0.091894,0.091888
27.037000,0.091894,0.091888
27.038000,0.091891,0.091888
27.039000,0.091888,0.091894
27.040000,0.091894,0.091891
27.041000,0.091894,0.091888
27.042000,0.091901,0.091888
27.043000,0.091894,0.091891
27.044000,0.091894,0.091891
27.045000,0.091894,0.091894
27.046000,0.091898,0.091891
27.047000,0.091894,0.091894
27.048000,0.091894,0.091888
27.049000,0.091894,0.091894
27.050000,0.091894,0.091894
27.051000,0.091894,0.091894
27.052000,0.091898,0.091891
27.053000,0.091904,0.091898
27.054000,0.091898,0.091898
27.055000,0.091898,0.091898
27.056000,0.091898,0.091894
27.057000,0.091901,0.091894
27.058000,0.091898,0.091891
27.059000,0.091894,0.091891
27.060000,0.091898,0.091894
27.061000,0.091891,0.091894
27.062000,0.091901,0.091888
27.063000,0.091894,0.091894
27.064000,0.091898,0.091894
27.065000,0.091670,0.091654
27.066000,0.091474,0.091471
27.067000,0.091369,0.091366
27.068000,0.091338,0.091338
27.069000,0.091268,0.091268
27.070000,0.091224,0.091224
27.071000,0.091192,0.091192
27.072000,0.091176,0.091170
27.073000,0.091161,0.091154
27.074000,0.091148,0.091145
27.075000,0.091142,0.091135
27.076000,0.091135,0.091126
27.077000,0.091132,0.091132
27.078000,0.091126,0.091123
27.079000,0.091119,0.091119
27.080000,0.091123,0.091116
27.081000,0.091119,0.091116
27.082000,0.091116,0.091113
27.083000,0.091119,0.091113
27.084000,0.091116,0.091113
27.085000,0.091116,0.091113
27.086000,0.091116,0.091110
27.087000,0.091113,0.091113
27.088000,0.091113,0.091107
27.089000,0.091113,0.091110
27.090000,0.091113,0.091104
27.091000,0.091113,0.091107
27.092000,0.091110,0.091110
27.093000,0.091110,0.091110
27.094000,0.091110,0.091110
27.095000,0.091113,0.091107
27.096000,0.091110,0.091110
27.097000,0.091110,0.091110
27.098000,0.091113,0.091107
27.099000,0.091107,0.091107
27.100000,0.091110,0.091110
27.101000,0.091110,0.091107
27.102000,0.091110,0.091107
27.103000,0.091110,0.091107
27.104000,0.091110,0.091100
27.105000,0.091107,0.091104
27.106000,0.091107,0.091110
27.107000,0.091113,0.091104
27.108000,0.091110,0.091104
27.109000,0.091110,0.091104
27.110000,0.091110,0.091104
27.111000,0.091107,0.091104
27.112000,0.091104,0.091107
27.113000,0.091110,0.091113
27.114000,0.091110,0.091107
27.115000,0.091347,0.091341
27.116000,0.091534,0.091531
27.117000,0.091641,0.091638
27.118000,0.091720,0.091711
27.119000,0.091765,0.091758
27.120000,0.091800,0.091793
27.121000,0.091822,0.091819
27.122000,0.091841,0.091834
27.123000,0.091856,0.091847
27.124000,0.091863,0.091860
27.125000,0.091872,0.091863
27.126000,0.091872,0.091869
27.127000,0.091879,0.091869
27.128000,0.091879,0.091875
27.129000,0.091888,0.091879
27.130000,0.091888,0.091885
27.131000,0.091888,0.091885
27.132000,0.091888,0.091885
27.133000,0.091894,0.091885
27.134000,0.091888,0.091888
27.135000,0.091894,0.091885
27.136000,0.091894,0.091888
27.137000,0.091894,0.091891
27.138000,0.091891,0.091891
27.139000,0.091894,0.091891
27.140000,0.091891,0.091891
27.141000,0.091894,0.091891
27.142000,0.091898,0.091891
27.143000,0.091894,0.091891
27.144000,0.091901,0.091891
27.145000,0.091894,0.091891
27.146000,0.091894,0.091888
27.147000,0.091898,0.091891
27.148000,0.091907,0.091898
27.149000,0.091898,0.091898
27.150000,0.091894,0.091894
27.151000,0.091901,0.091898
27.152000,0.091901,0.091894
27.153000,0.091907,0.091907
27.154000,0.091993,0.091986
27.155000,0.092037,0.092027
27.156000,0.092062,0.092056
27.157000,0.092078,0.092072
27.158000,0.092094,0.092081
27.159000,0.092097,0.092094
27.160000,0.092106,0.092097
27.161000,0.092106,0.092106
27.162000,0.092113,0.092103
27.163000,0.092110,0.092113
27.164000,0.092119,0.092116
27.165000,0.091888,0.091882
27.166000,0.091701,0.091698
27.167000,0.091591,0.091584
27.168000,0.091518,0.091521
27.169000,0.091477,0.091467
27.170000,0.091442,0.091439
27.171000,0.091417,0.091414
27.172000,0.091395,0.091401
27.173000,0.091385,0.091385
27.174000,0.091376,0.091376
27.175000,0.091376,0.091369
27.176000,0.091363,0.091363
27.177000,0.091360,0.091357
27.178000,0.091357,0.091353
27.179000,0.091357,0.091353
27.180000,0.091357,0.091353
27.181000,0.091353,0.091353
27.182000,0.091350,0.091347
27.183000,0.091357,0.091344
27.184000,0.091350,0.091350
27.185000,0.091357,0.091347
27.186000,0.091347,0.091344
27.187000,0.091350,0.091344
27.188000,0.091347,0.091347
27.189000,0.091344,0.091344
27.190000,0.091347,0.091347
27.191000,0.091344,0.091344
27.192000,0.091344,0.091344
27.193000,0.091347,0.091338
27.194000,0.091347,0.091347
27.195000,0.091338,0.091335
27.196000,0.091252,0.091249
27.197000,0.091211,0.091202
27.198000,0.091186,0.091183
27.199000,0.091167,0.091167
27.200000,0.091157,0.091151
27.201000,0.091145,0.091142
27.202000,0.091138,0.091138
27.203000,0.091135,0.091129
27.204000,0.091132,0.091129
27.205000,0.091129,0.091129
27.206000,0.091126,0.091126
27.207000,0.091129,0.091123
27.208000,0.091129,0.091119
27.209000,0.091123,0.091116
27.210000,0.091119,0.091119
27.211000,0.091119,0.091113
27.212000,0.091123,0.091116
27.213000,0.091119,0.091116
27.214000,0.091123,0.091116
27.215000,0.091344,0.091350
27.216000,0.091534,0.091537
27.217000,0.091645,0.091641
27.218000,0.091717,0.091711
27.219000,0.091768,0.091762
27.220000,0.091800,0.091796
27.221000,0.091815,0.091819
27.222000,0.091838,0.091841
27.223000,0.091850,0.091850
27.224000,0.091866,0.091856
27.225000,0.091872,0.091869
27.226000,0.091875,0.091869
27.227000,0.091879,0.091875
27.228000,0.091888,0.091879
27.229000,0.091888,0.091882
27.230000,0.091888,0.091885
27.231000,0.091885,0.091888
27.232000,0.091888,0.091885
27.233000,0.091891,0.091888
27.234000,0.091894,0.091888
27.235000,0.091894,0.091891
27.236000,0.091898,0.091891
27.237000,0.091904,0.091898
27.238000,0.091977,0.091977
27.239000,0.091939,0.091932
27.240000,0.091920,0.091917
27.241000,0.091913,0.091907
27.242000,0.091907,0.091901
27.243000,0.091913,0.091907
27.244000,0.091904,0.091901
27.245000,0.091907,0.091901
27.246000,0.091901,0.091894
27.247000,0.091898,0.091898
27.248000,0.091898,0.091891
27.249000,0.091901,0.091894
27.250000,0.091901,0.091898
27.251000,0.091898,0.091894
27.252000,0.091898,0.091894
27.253000,0.091901,0.091888
27.254000,0.091894,0.091894
27.255000,0.091898,0.091894
27.256000,0.091901,0.091894
27.257000,0.091901,0.091894
27.258000,0.091901,0.091891
27.259000,0.091904,0.091898
27.260000,0.091901,0.091894
27.261000,0.091898,0.091894
27.262000,0.091901,0.091898
27.263000,0.091904,0.091891
27.264000,0.091898,0.091894
27.265000,0.091673,0.091664
27.266000,0.091474,0.091467
27.267000,0.091369,0.091366
27.268000,0.091293,0.091300
27.269000,0.091255,0.091255
27.270000,0.091224,0.091211
27.271000,0.091192,0.091192
27.272000,0.091176,0.091173
27.273000,0.091167,0.091164
27.274000,0.091151,0.091151
27.275000,0.091145,0.091145
27.276000,0.091148,0.091138
27.277000,0.091135,0.091135
27.278000,0.091138,0.091129
27.279000,0.091132,0.091129
27.280000,0.091129,0.091123
27.281000,0.091129,0.091126
27.282000,0.091126,0.091126
27.283000,0.091123,0.091123
27.284000,0.091129,0.091123
27.285000,0.091126,0.091119
27.286000,0.091123,0.091119
27.287000,0.091123,0.091123
27.288000,0.091119,0.091116
27.289000,0.091123,0.091116
27.290000,0.091123,0.091119
27.291000,0.091116,0.091119
27.292000,0.091123,0.091123
27.293000,0.091123,0.091119
27.294000,0.091123,0.091119
27.295000,0.091116,0.091119
27.296000,0.091116,0.091116
27.297000,0.091119,0.091113
27.298000,0.091123,0.091116
27.299000,0.091123,0.091119
27.300000,0.091116,0.091116
27.301000,0.091119,0.091116
27.302000,0.091119,0.091116
27.303000,0.091119,0.091119
27.304000,0.091116,0.091116
27.305000,0.091119,0.091116
27.306000,0.091119,0.091119
27.307000,0.091123,0.091113
27.308000,0.091116,0.091113
27.309000,0.091116,0.091113
27.310000,0.091116,0.091119
27.311000,0.091119,0.091113
27.312000,0.091119,0.091113
27.313000,0.091113,0.091110
27.314000,0.091119,0.091113
27.315000,0.091344,0.091347
27.316000,0.091537,0.091534
27.317000,0.091648,0.091648
27.318000,0.091711,0.091711
27.319000,0.091762,0.091762
27.320000,0.091800,0.091793
27.321000,0.091825,0.091819
27.322000,0.091838,0.091838
27.323000,0.091853,0.091844
27.324000,0.091907,0.091904
27.325000,0.091891,0.091885
27.326000,0.091885,0.091882
27.327000,0.091885,0.091882
27.328000,0.091888,0.091882
27.329000,0.091885,0.091882
27.330000,0.091888,0.091875
27.331000,0.091885,0.091882
27.332000,0.091888,0.091882
27.333000,0.091885,0.091882
27.334000,0.091888,0.091875
27.335000,0.091888,0.091882
27.336000,0.091885,0.091882
27.337000,0.091888,0.091882
27.338000,0.091898,0.091894
27.339000,0.091888,0.091888
27.340000,0.091894,0.091885
27.341000,0.091891,0.091888
27.342000,0.091888,0.091882
27.343000,0.091888,0.091885
27.344000,0.091888,0.091885
27.345000,0.091885,0.091885
27.346000,0.091888,0.091885
27.347000,0.091888,0.091888
27.348000,0.091894,0.091888
27.349000,0.091888,0.091891
27.350000,0.091888,0.091885
27.351000,0.091888,0.091885
27.352000,0.091888,0.091888
27.353000,0.091891,0.091888
27.354000,0.091894,0.091888
27.355000,0.091894,0.091885
27.356000,0.091888,0.091888
27.357000,0.091891,0.091891
27.358000,0.091891,0.091888
27.359000,0.091888,0.091885
27.360000,0.091888,0.091888
27.361000,0.091888,0.091888
27.362000,0.091888,0.091888
27.363000,0.091888,0.091882
27.364000,0.091891,0.091888
27.365000,0.091657,0.091648
27.366000,0.091464,0.091458
27.367000,0.091360,0.091357
27.368000,0.091287,0.091287
27.369000,0.091246,0.091240
27.370000,0.091211,0.091211
27.371000,0.091183,0.091183
27.372000,0.091164,0.091167
27.373000,0.091154,0.091154
27.374000,0.091148,0.091148
27.375000,0.091142,0.091142
27.376000,0.091135,0.091135
27.377000,0.091135,0.091132
27.378000,0.091132,0.091129
27.379000,0.091132,0.091129
27.380000,0.091132,0.091123
27.381000,0.091126,0.091126
27.382000,0.091126,0.091123
27.383000,0.091129,0.091119
27.384000,0.091126,0.091119
27.385000,0.091126,0.091123
27.386000,0.091123,0.091113
27.387000,0.091119,0.091119
27.388000,0.091116,0.091113
27.389000,0.091119,0.091113
27.390000,0.091123,0.091116
27.391000,0.091119,0.091116
27.392000,0.091126,0.091113
27.393000,0.091123,0.091113
27.394000,0.091123,0.091113
27.395000,0.091119,0.091116
27.396000,0.091123,0.091119
27.397000,0.091116,0.091110
27.398000,0.091119,0.091113
27.399000,0.091123,0.091113
27.400000,0.091113,0.091113
27.401000,0.091116,0.091113
27.402000,0.091123,0.091116
27.403000,0.091116,0.091113
27.404000,0.091110,0.091113
27.405000,0.091113,0.091116
27.406000,0.091119,0.091113
27.407000,0.091116,0.091110
27.408000,0.091116,0.091116
27.409000,0.091119,0.091116
27.410000,0.091119,0.091113
27.411000,0.091116,0.091110
27.412000,0.091123,0.091123
27.413000,0.091211,0.091205
27.414000,0.091249,0.091249
27.415000,0.091505,0.091502
27.416000,0.091714,0.091711
27.417000,0.091838,0.091828
27.418000,0.091910,0.091910
27.419000,0.091970,0.091961
27.420000,0.092005,0.091999
27.421000,0.092034,0.092030
27.422000,0.092053,0.092049
27.423000,0.092072,0.092065
27.424000,0.092084,0.092075
27.425000,0.092091,0.092084
27.426000,0.092097,0.092091
27.427000,0.092100,0.092097
27.428000,0.092106,0.092100
27.429000,0.092110,0.092106
27.430000,0.092110,0.092106
27.431000,0.092116,0.092106
27.432000,0.092116,0.092113
27.433000,0.092125,0.092122
27.434000,0.092119,0.092116
27.435000,0.092119,0.092116
27.436000,0.092116,0.092116
27.437000,0.092119,0.092113
27.438000,0.092119,0.092116
27.439000,0.092116,0.092116
27.440000,0.092116,0.092113
27.441000,0.092119,0.092116
27.442000,0.092122,0.092116
27.443000,0.092119,0.092119
27.444000,0.092122,0.092119
27.445000,0.092119,0.092116
27.446000,0.092119,0.092116
27.447000,0.092119,0.092119
27.448000,0.092125,0.092116
27.449000,0.092122,0.092116
27.450000,0.092119,0.092122
27.451000,0.092119,0.092122
27.452000,0.092122,0.092116
27.453000,0.092122,0.092116
27.454000,0.092116,0.092106
27.455000,0.092030,0.092030
27.456000,0.091993,0.091980
27.457000,0.091964,0.091951
27.458000,0.091945,0.091939
27.459000,0.091929,0.091929
27.460000,0.091923,0.091920
27.461000,0.091923,0.091913
27.462000,0.091913,0.091907
27.463000,0.091907,0.091913
27.464000,0.091910,0.091904
27.465000,0.091670,0.091670
27.466000,0.091477,0.091477
27.467000,0.091376,0.091369
27.468000,0.091306,0.091300
27.469000,0.091255,0.091252
27.470000,0.091221,0.091217
27.471000,0.091192,0.091192
27.472000,0.091176,0.091176
27.473000,0.091167,0.091161
27.474000,0.091154,0.091154
27.475000,0.091148,0.091142
27.476000,0.091142,0.091142
27.477000,0.091138,0.091132
27.478000,0.091135,0.091132
27.479000,0.091129,0.091129
27.480000,0.091132,0.091126
27.481000,0.091129,0.091126
27.482000,0.091129,0.091126
27.483000,0.091123,0.091119
27.484000,0.091126,0.091123
27.485000,0.091119,0.091123
27.486000,0.091123,0.091119
27.487000,0.091123,0.091119
27.488000,0.091123,0.091116
27.489000,0.091123,0.091119
27.490000,0.091123,0.091123
27.491000,0.091126,0.091116
27.492000,0.091123,0.091119
27.493000,0.091116,0.091116
27.494000,0.091116,0.091116
27.495000,0.091116,0.091113
27.496000,0.091132,0.091129
27.497000,0.091198,0.091202
27.498000,0.091161,0.091161
27.499000,0.091148,0.091142
28.000000,0.091135,0.091132
28.001000,0.091129,0.091126
28.002000,0.091129,0.091123
28.003000,0.091123,0.091123
28.004000,0.091123,0.091116
28.005000,0.091126,0.091116
28.006000,0.091119,0.091116
28.007000,0.091119,0.091119
28.008000,0.091116,0.091119
28.009000,0.091123,0.091116
28.010000,0.091119,0.091116
28.011000,0.091116,0.091113
28.012000,0.091116,0.091119
28.013000,0.091116,0.091113
28.014000,0.091113,0.091116
28.015000,0.091344,0.091350
28.016000,0.091534,0.091534
28.017000,0.091645,0.091648
28.018000,0.091714,0.091711
28.019000,0.091762,0.091758
28.020000,0.091800,0.091790
28.021000,0.091819,0.091815
28.022000,0.091841,0.091831
28.023000,0.091850,0.091853
28.024000,0.091860,0.091860
28.025000,0.091872,0.091866
28.026000,0.091869,0.091872
28.027000,0.091882,0.091869
28.028000,0.091894,0.091885
28.029000,0.091891,0.091888
28.030000,0.091891,0.091891
28.031000,0.091891,0.091888
28.032000,0.091888,0.091888
28.033000,0.091891,0.091885
28.034000,0.091898,0.091888
28.035000,0.091888,0.091891
28.036000,0.091898,0.091891
28.037000,0.091894,0.091888
28.038000,0.091891,0.091888
28.039000,0.091894,0.091888
28.040000,0.091894,0.091891
28.041000,0.091894,0.091894
28.042000,0.091891,0.091888
28.043000,0.091898,0.091888
28.044000,0.091894,0.091894
28.045000,0.091894,0.091888
28.046000,0.091891,0.091891
28.047000,0.091898,0.091888
28.048000,0.091898,0.091894
28.049000,0.091891,0.091888
28.050000,0.091894,0.091894
28.051000,0.091894,0.091891
28.052000,0.091894,0.091888
28.053000,0.091898,0.091894
28.054000,0.091894,0.091891
28.055000,0.091891,0.091891
28.056000,0.091898,0.091891
28.057000,0.091898,0.091894
28.058000,0.091894,0.091891
28.059000,0.091894,0.091894
28.060000,0.091894,0.091898
28.061000,0.091904,0.091891
28.062000,0.091898,0.091894
28.063000,0.091894,0.091898
28.064000,0.091898,0.091894
28.065000,0.091673,0.091660
28.066000,0.091474,0.091471
28.067000,0.091369,0.091363
28.068000,0.091306,0.091293
28.069000,0.091252,0.091246
28.070000,0.091214,0.091214
28.071000,0.091192,0.091192
28.072000,0.091173,0.091167
28.073000,0.091161,0.091161
28.074000,0.091151,0.091148
28.075000,0.091145,0.091142
28.076000,0.091142,0.091135
28.077000,0.091135,0.091129
28.078000,0.091135,0.091129
28.079000,0.091129,0.091126
28.080000,0.091173,0.091167
28.081000,0.091148,0.091145
28.082000,0.091135,0.091132
28.083000,0.091129,0.091126
28.084000,0.091116,0.091123
28.085000,0.091116,0.091116
28.086000,0.091116,0.091123
28.087000,0.091116,0.091113
28.088000,0.091119,0.091113
28.089000,0.091116,0.091110
28.090000,0.091116,0.091116
28.091000,0.091116,0.091110
28.092000,0.091116,0.091110
28.093000,0.091113,0.091110
28.094000,0.091113,0.091107
28.095000,0.091110,0.091110
28.096000,0.091116,0.091110
28.097000,0.091110,0.091110
28.098000,0.091116,0.091110
28.099000,0.091119,0.091107
28.100000,0.091110,0.091110
28.101000,0.091113,0.091110
28.102000,0.091110,0.091107
28.103000,0.091110,0.091107
28.104000,0.091107,0.091104
28.105000,0.091110,0.091107
28.106000,0.091113,0.091110
28.107000,0.091110,0.091110
28.108000,0.091107,0.091104
28.109000,0.091107,0.091110
28.110000,0.091113,0.091104
28.111000,0.091110,0.091107
28.112000,0.091110,0.091104
28.113000,0.091110,0.091110
28.114000,0.091110,0.091104
28.115000,0.091338,0.091331
28.116000,0.091527,0.091527
28.117000,0.091635,0.091632
28.118000,0.091708,0.091701
28.119000,0.091755,0.091749
28.120000,0.091790,0.091781
28.121000,0.091812,0.091806
28.122000,0.091828,0.091825
28.123000,0.091844,0.091844
28.124000,0.091860,0.091860
28.125000,0.091863,0.091856
28.126000,0.091869,0.091863
28.127000,0.091869,0.091866
28.128000,0.091875,0.091869
28.129000,0.091875,0.091875
28.130000,0.091875,0.091872
28.131000,0.091875,0.091879
28.132000,0.091885,0.091875
28.133000,0.091888,0.091875
28.134000,0.091888,0.091885
28.135000,0.091888,0.091885
28.136000,0.091882,0.091882
28.137000,0.091891,0.091882
28.138000,0.091891,0.091885
28.139000,0.091888,0.091891
28.140000,0.091898,0.091894
28.141000,0.091891,0.091891
28.142000,0.091891,0.091894
28.143000,0.091891,0.091888
28.144000,0.091894,0.091885
28.145000,0.091894,0.091888
28.146000,0.091894,0.091888
28.147000,0.091894,0.091888
28.148000,0.091894,0.091888
28.149000,0.091894,0.091894
28.150000,0.091894,0.091888
28.151000,0.091898,0.091894
28.152000,0.091898,0.091894
28.153000,0.091891,0.091894
28.154000,0.091894,0.091888
28.155000,0.091894,0.091894
28.156000,0.091894,0.091888
28.157000,0.091891,0.091891
28.158000,0.091901,0.091891
28.159000,0.091894,0.091891
28.160000,0.091894,0.091891
28.161000,0.091898,0.091894
28.162000,0.091894,0.091894
28.163000,0.091894,0.091894
28.164000,0.091898,0.091894
28.165000,0.091664,0.091660
28.166000,0.091474,0.091467
28.167000,0.091366,0.091363
28.168000,0.091300,0.091293
28.169000,0.091249,0.091249
28.170000,0.091217,0.091214
28.171000,0.091192,0.091189
28.172000,0.091176,0.091179
28.173000,0.091255,0.091252
28.174000,0.091287,0.091284
28.175000,0.091303,0.091303
28.176000,0.091319,0.091316
28.177000,0.091328,0.091322
28.178000,0.091331,0.091331
28.179000,0.091338,0.091331
28.180000,0.091335,0.091338
28.181000,0.091341,0.091341
28.182000,0.091338,0.091341
28.183000,0.091341,0.091338
28.184000,0.091341,0.091338
28.185000,0.091344,0.091341
28.186000,0.091344,0.091341
28.187000,0.091344,0.091338
28.188000,0.091341,0.091341
28.189000,0.091347,0.091335
28.190000,0.091344,0.091344
28.191000,0.091350,0.091341
28.192000,0.091341,0.091344
28.193000,0.091344,0.091344
28.194000,0.091344,0.091338
28.195000,0.091341,0.091341
28.196000,0.091341,0.091341
28.197000,0.091347,0.091338
28.198000,0.091341,0.091338
28.199000,0.091338,0.091338
28.200000,0.091341,0.091338
28.201000,0.091344,0.091341
28.202000,0.091347,0.091341
28.203000,0.091344,0.091338
28.204000,0.091344,0.091344
28.205000,0.091344,0.091341
28.206000,0.091344,0.091338
28.207000,0.091344,0.091338
28.208000,0.091341,0.091338
28.209000,0.091341,0.091341
28.210000,0.091344,0.091335
28.211000,0.091341,0.091338
28.212000,0.091341,0.091335
28.213000,0.091338,0.091335
28.214000,0.091335,0.091328
28.215000,0.091477,0.091477
28.216000,0.091626,0.091626
28.217000,0.091708,0.091705
28.218000,0.091762,0.091752
28.219000,0.091803,0.091806
28.220000,0.091828,0.091822
28.221000,0.091847,0.091841
28.222000,0.091853,0.091853
28.223000,0.091866,0.091860
28.224000,0.091875,0.091866
28.225000,0.091879,0.091875
28.226000,0.091882,0.091872
28.227000,0.091882,0.091879
28.228000,0.091888,0.091882
28.229000,0.091888,0.091888
28.230000,0.091891,0.091885
28.231000,0.091888,0.091888
28.232000,0.091894,0.091888
28.233000,0.091894,0.091888
28.234000,0.091894,0.091888
28.235000,0.091891,0.091888
28.236000,0.091891,0.091888
28.237000,0.091894,0.091888
28.238000,0.091894,0.091891
28.239000,0.091894,0.091891
28.240000,0.091894,0.091894
28.241000,0.091894,0.091891
28.242000,0.091894,0.091888
28.243000,0.091898,0.091891
28.244000,0.091894,0.091894
28.245000,0.091891,0.091894
28.246000,0.091898,0.091891
28.247000,0.091901,0.091894
28.248000,0.091894,0.091891
28.249000,0.091898,0.091894
28.250000,0.091898,0.091894
28.251000,0.091894,0.091891
28.252000,0.091898,0.091898
28.253000,0.091901,0.091888
28.254000,0.091894,0.091891
28.255000,0.091904,0.091894
28.256000,0.091910,0.091907
28.257000,0.091983,0.091983
28.258000,0.091942,0.091936
28.259000,0.091923,0.091917
28.260000,0.091913,0.091907
28.261000,0.091913,0.091907
28.262000,0.091907,0.091907
28.263000,0.091907,0.091901
28.264000,0.091901,0.091898
28.265000,0.091673,0.091667
28.266000,0.091477,0.091471
28.267000,0.091369,0.091369
28.268000,0.091300,0.091297
28.269000,0.091255,0.091246
28.270000,0.091217,0.091214
28.271000,0.091192,0.091192
28.272000,0.091186,0.091173
28.273000,0.091164,0.091161
28.274000,0.091161,0.091151
28.275000,0.091151,0.091145
28.276000,0.091138,0.091142
28.277000,0.091138,0.091138
28.278000,0.091135,0.091135
28.279000,0.091132,0.091132
28.280000,0.091129,0.091129
28.281000,0.091123,0.091126
28.282000,0.091129,0.091123
28.283000,0.091126,0.091126
28.284000,0.091129,0.091126
28.285000,0.091129,0.091123
28.286000,0.091129,0.091123
28.287000,0.091123,0.091123
28.288000,0.091126,0.091116
28.289000,0.091126,0.091119
28.290000,0.091123,0.091116
28.291000,0.091126,0.091116
28.292000,0.091123,0.091116
28.293000,0.091119,0.091119
28.294000,0.091126,0.091116
28.295000,0.091119,0.091116
28.296000,0.091119,0.091113
28.297000,0.091123,0.091119
28.298000,0.091126,0.091116
28.299000,0.091119,0.091116
28.300000,0.091119,0.091119
28.301000,0.091119,0.091116
28.302000,0.091119,0.091116
28.303000,0.091123,0.091116
28.304000,0.091116,0.091113
28.305000,0.091123,0.091113
28.306000,0.091116,0.091116
28.307000,0.091119,0.091113
28.308000,0.091123,0.091113
28.309000,0.091116,0.091113
28.310000,0.091116,0.091113
28.311000,0.091116,0.091113
28.312000,0.091116,0.091113
28.313000,0.091119,0.091116
28.314000,0.091119,0.091116
28.315000,0.091357,0.091353
28.316000,0.091543,0.091543
28.317000,0.091645,0.091648
28.318000,0.091711,0.091714
28.319000,0.091762,0.091755
28.320000,0.091800,0.091796
28.321000,0.091822,0.091819
28.322000,0.091838,0.091841
28.323000,0.091850,0.091847
28.324000,0.091863,0.091856
28.325000,0.091869,0.091863
28.326000,0.091875,0.091869
28.327000,0.091882,0.091879
28.328000,0.091885,0.091879
28.329000,0.091885,0.091879
28.330000,0.091888,0.091882
28.331000,0.091888,0.091885
28.332000,0.091888,0.091888
28.333000,0.091891,0.091882
28.334000,0.091888,0.091885
28.335000,0.091891,0.091888
28.336000,0.091939,0.091932
28.337000,0.091913,0.091910
28.338000,0.091901,0.091898
28.339000,0.091898,0.091894
28.340000,0.091898,0.091894
28.341000,0.091888,0.091888
28.342000,0.091894,0.091888
28.343000,0.091885,0.091888
28.344000,0.091888,0.091888
28.345000,0.091894,0.091885
28.346000,0.091888,0.091885
28.347000,0.091891,0.091885
28.348000,0.091888,0.091882
28.349000,0.091888,0.091882
28.350000,0.091888,0.091888
28.351000,0.091888,0.091882
28.352000,0.091888,0.091888
28.353000,0.091885,0.091882
28.354000,0.091891,0.091888
28.355000,0.091891,0.091888
28.356000,0.091888,0.091888
28.357000,0.091888,0.091888
28.358000,0.091888,0.091882
28.359000,0.091888,0.091888
28.360000,0.091894,0.091885
28.361000,0.091888,0.091882
28.362000,0.091888,0.091888
28.363000,0.091891,0.091885
28.364000,0.091891,0.091888
28.365000,0.091660,0.091648
28.366000,0.091464,0.091458
28.367000,0.091360,0.091360
28.368000,0.091293,0.091287
28.369000,0.091246,0.091243
28.370000,0.091211,0.091205
28.371000,0.091179,0.091183
28.372000,0.091170,0.091170
28.373000,0.091151,0.091154
28.374000,0.091145,0.091145
28.375000,0.091138,0.091132
28.376000,0.091135,0.091129
28.377000,0.091126,0.091129
28.378000,0.091129,0.091119
28.379000,0.091123,0.091119
28.380000,0.091123,0.091113
28.381000,0.091119,0.091110
28.382000,0.091116,0.091116
28.383000,0.091116,0.091113
28.384000,0.091116,0.091116
28.385000,0.091116,0.091113
28.386000,0.091116,0.091113
28.387000,0.091116,0.091113
28.388000,0.091113,0.091116
28.389000,0.091113,0.091110
28.390000,0.091110,0.091107
28.391000,0.091116,0.091110
28.392000,0.091110,0.091107
28.393000,0.091116,0.091113
28.394000,0.091116,0.091110
28.395000,0.091119,0.091113
28.396000,0.091119,0.091116
28.397000,0.091116,0.091116
28.398000,0.091116,0.091113
28.399000,0.091116,0.091113
28.400000,0.091119,0.091116
28.401000,0.091116,0.091116
28.402000,0.091119,0.091110
28.403000,0.091119,0.091110
28.404000,0.091116,0.091116
28.405000,0.091116,0.091116
28.406000,0.091119,0.091113
28.407000,0.091116,0.091116
28.408000,0.091116,0.091113
28.409000,0.091119,0.091116
28.410000,0.091116,0.091110
28.411000,0.091113,0.091116
28.412000,0.091126,0.091123
28.413000,0.091123,0.091116
28.414000,0.091116,0.091116
28.415000,0.091344,0.091344
28.416000,0.091537,0.091531
28.417000,0.091648,0.091641
28.418000,0.091717,0.091708
28.419000,0.091762,0.091758
28.420000,0.091793,0.091790
28.421000,0.091819,0.091815
28.422000,0.091838,0.091831
28.423000,0.091850,0.091847
28.424000,0.091860,0.091856
28.425000,0.091869,0.091866
28.426000,0.091875,0.091869
28.427000,0.091875,0.091872
28.428000,0.091882,0.091875
28.429000,0.091885,0.091879
28.430000,0.091885,0.091882
28.431000,0.091891,0.091885
28.432000,0.091888,0.091885
28.433000,0.091891,0.091888
28.434000,0.091901,0.091898
28.435000,0.091986,0.091983
28.436000,0.092034,0.092024
28.437000,0.092053,0.092049
28.438000,0.092068,0.092068
28.439000,0.092087,0.092078
28.440000,0.092094,0.092087
28.441000,0.092097,0.092100
28.442000,0.092100,0.092103
28.443000,0.092113,0.092110
28.444000,0.092113,0.092113
28.445000,0.092113,0.092110
28.446000,0.092113,0.092113
28.447000,0.092119,0.092110
28.448000,0.092116,0.092116
28.449000,0.092116,0.092116
28.450000,0.092119,0.092116
28.451000,0.092116,0.092113
28.452000,0.092119,0.092116
28.453000,0.092122,0.092116
28.454000,0.092122,0.092119
28.455000,0.092122,0.092119
28.456000,0.092119,0.092113
28.457000,0.092119,0.092116
28.458000,0.092122,0.092116
28.459000,0.092122,0.092119
28.460000,0.092125,0.092119
28.461000,0.092122,0.092116
28.462000,0.092119,0.092119
28.463000,0.092122,0.092116
28.464000,0.092129,0.092116
28.465000,0.091891,0.091885
28.466000,0.091708,0.091701
28.467000,0.091597,0.091588
28.468000,0.091524,0.091521
28.469000,0.091480,0.091477
28.470000,0.091445,0.091436
28.471000,0.091420,0.091414
28.472000,0.091401,0.091395
28.473000,0.091391,0.091382
28.474000,0.091382,0.091376
28.475000,0.091372,0.091372
28.476000,0.091363,0.091347
28.477000,0.091262,0.091262
28.478000,0.091221,0.091217
28.479000,0.091195,0.091192
28.480000,0.091176,0.091173
28.481000,0.091161,0.091161
28.482000,0.091157,0.091148
28.483000,0.091148,0.091142
28.484000,0.091142,0.091135
28.485000,0.091135,0.091135
28.486000,0.091135,0.091129
28.487000,0.091132,0.091126
28.488000,0.091132,0.091123
28.489000,0.091129,0.091119
28.490000,0.091129,0.091123
28.491000,0.091123,0.091119
28.492000,0.091123,0.091123
28.493000,0.091129,0.091116
28.494000,0.091123,0.091116
28.495000,0.091126,0.091116
28.496000,0.091123,0.091116
28.497000,0.091123,0.091116
28.498000,0.091123,0.091119
28.499000,0.091119,0.091116
29.000000,0.091119,0.091116
29.001000,0.091119,0.091116
29.002000,0.091119,0.091116
29.003000,0.091119,0.091123
29.004000,0.091123,0.091119
29.005000,0.091119,0.091113
29.006000,0.091116,0.091116
29.007000,0.091116,0.091119
29.008000,0.091129,0.091126
29.009000,0.091123,0.091116
29.010000,0.091119,0.091119
29.011000,0.091123,0.091116
29.012000,0.091116,0.091116
29.013000,0.091116,0.091116
29.014000,0.091116,0.091113
29.015000,0.091347,0.091344
29.016000,0.091534,0.091534
29.017000,0.091645,0.091645
29.018000,0.091727,0.091720
29.019000,0.091844,0.091838
29.020000,0.091838,0.091831
29.021000,0.091847,0.091844
29.022000,0.091856,0.091853
29.023000,0.091866,0.091863
29.024000,0.091875,0.091866
29.025000,0.091879,0.091869
29.026000,0.091882,0.091879
29.027000,0.091885,0.091875
29.028000,0.091888,0.091882
29.029000,0.091891,0.091882
29.030000,0.091888,0.091882
29.031000,0.091885,0.091885
29.032000,0.091894,0.091885
29.033000,0.091891,0.091888
29.034000,0.091888,0.091888
29.035000,0.091888,0.091888
29.036000,0.091894,0.091888
29.037000,0.091888,0.091888
29.038000,0.091891,0.091891
29.039000,0.091891,0.091888
29.040000,0.091894,0.091888
29.041000,0.091894,0.091891
29.042000,0.091894,0.091891
29.043000,0.091888,0.091894
29.044000,0.091894,0.091894
29.045000,0.091901,0.091894
29.046000,0.091898,0.091888
29.047000,0.091891,0.091891
29.048000,0.091894,0.091891
29.049000,0.091894,0.091891
29.050000,0.091898,0.091888
29.051000,0.091894,0.091891
29.052000,0.091894,0.091894
29.053000,0.091891,0.091898
29.054000,0.091894,0.091891
29.055000,0.091898,0.091891
29.056000,0.091898,0.091894
29.057000,0.091901,0.091898
29.058000,0.091901,0.091894
29.059000,0.091894,0.091891
29.060000,0.091901,0.091891
29.061000,0.091901,0.091891
29.062000,0.091898,0.091894
29.063000,0.091901,0.091888
29.064000,0.091898,0.091894
29.065000,0.091667,0.091657
29.066000,0.091477,0.091471
29.067000,0.091369,0.091360
29.068000,0.091293,0.091297
29.069000,0.091255,0.091249
29.070000,0.091214,0.091214
29.071000,0.091192,0.091189
29.072000,0.091170,0.091170
29.073000,0.091164,0.091157
29.074000,0.091151,0.091145
29.075000,0.091142,0.091138
29.076000,0.091138,0.091132
29.077000,0.091135,0.091129
29.078000,0.091132,0.091132
29.079000,0.091129,0.091135
29.080000,0.091132,0.091123
29.081000,0.091129,0.091123
29.082000,0.091126,0.091123
29.083000,0.091123,0.091123
29.084000,0.091126,0.091123
29.085000,0.091123,0.091119
29.086000,0.091119,0.091116
29.087000,0.091123,0.091119
29.088000,0.091126,0.091119
29.089000,0.091123,0.091116
29.090000,0.091123,0.091116
29.091000,0.091119,0.091116
29.092000,0.091161,0.091161
29.093000,0.091135,0.091138
29.094000,0.091132,0.091129
29.095000,0.091119,0.091116
29.096000,0.091123,0.091119
29.097000,0.091116,0.091116
29.098000,0.091116,0.091113
29.099000,0.091116,0.091116
29.100000,0.091110,0.091116
29.101000,0.091119,0.091110
29.102000,0.091113,0.091110
29.103000,0.091116,0.091116
29.104000,0.091116,0.091110
29.105000,0.091113,0.091110
29.106000,0.091110,0.091110
29.107000,0.091113,0.091107
29.108000,0.091110,0.091100
29.109000,0.091107,0.091107
29.110000,0.091104,0.091110
29.111000,0.091113,0.091104
29.112000,0.091107,0.091104
29.113000,0.091110,0.091107
29.114000,0.091110,0.091104
29.115000,0.091341,0.091335
29.116000,0.091527,0.091531
29.117000,0.091632,0.091635
29.118000,0.091708,0.091698
29.119000,0.091755,0.091749
29.120000,0.091787,0.091784
29.121000,0.091812,0.091806
29.122000,0.091828,0.091825
29.123000,0.091844,0.091844
29.124000,0.091856,0.091847
29.125000,0.091856,0.091860
29.126000,0.091863,0.091863
29.127000,0.091863,0.091869
29.128000,0.091879,0.091869
29.129000,0.091879,0.091875
29.130000,0.091882,0.091872
29.131000,0.091882,0.091875
29.132000,0.091879,0.091879
29.133000,0.091882,0.091882
29.134000,0.091882,0.091875
29.135000,0.091882,0.091875
29.136000,0.091888,0.091879
29.137000,0.091882,0.091885
29.138000,0.091885,0.091879
29.139000,0.091882,0.091882
29.140000,0.091885,0.091885
29.141000,0.091891,0.091879
29.142000,0.091888,0.091882
29.143000,0.091891,0.091885
29.144000,0.091891,0.091888
29.145000,0.091888,0.091888
29.146000,0.091894,0.091888
29.147000,0.091894,0.091888
29.148000,0.091894,0.091891
29.149000,0.091891,0.091888
29.150000,0.091894,0.091894
29.151000,0.091894,0.091891
29.152000,0.091898,0.091888
29.153000,0.091901,0.091888
29.154000,0.091894,0.091894
29.155000,0.091894,0.091891
29.156000,0.091894,0.091894
29.157000,0.091894,0.091894
29.158000,0.091894,0.091891
29.159000,0.091898,0.091894
29.160000,0.091894,0.091898
29.161000,0.091894,0.091894
29.162000,0.091898,0.091894
29.163000,0.091891,0.091891
29.164000,0.091898,0.091894
29.165000,0.091667,0.091660
29.166000,0.091471,0.091471
29.167000,0.091366,0.091366
29.168000,0.091293,0.091297
29.169000,0.091252,0.091243
29.170000,0.091217,0.091217
29.171000,0.091192,0.091186
29.172000,0.091173,0.091170
29.173000,0.091157,0.091157
29.174000,0.091151,0.091148
29.175000,0.091142,0.091142
29.176000,0.091138,0.091135
29.177000,0.091129,0.091129
29.178000,0.091132,0.091123
29.179000,0.091129,0.091129
29.180000,0.091129,0.091123
29.181000,0.091123,0.091123
29.182000,0.091119,0.091119
29.183000,0.091119,0.091123
29.184000,0.091135,0.091126
29.185000,0.091217,0.091217
29.186000,0.091259,0.091252
29.187000,0.091281,0.091281
29.188000,0.091297,0.091300
29.189000,0.091312,0.091309
29.190000,0.091322,0.091319
29.191000,0.091325,0.091325
29.192000,0.091331,0.091328
29.193000,0.091335,0.091328
29.194000,0.091341,0.091331
29.195000,0.091338,0.091338
29.196000,0.091341,0.091338
29.197000,0.091338,0.091335
29.198000,0.091350,0.091347
29.199000,0.091344,0.091341
29.200000,0.091344,0.091338
29.201000,0.091344,0.091341
29.202000,0.091347,0.091341
29.203000,0.091344,0.091344
29.204000,0.091341,0.091335
29.205000,0.091344,0.091344
29.206000,0.091344,0.091341
29.207000,0.091344,0.091338
29.208000,0.091341,0.091341
29.209000,0.091341,0.091341
29.210000,0.091344,0.091335
29.211000,0.091341,0.091338
29.212000,0.091344,0.091338
29.213000,0.091335,0.091341
29.214000,0.091344,0.091338
29.215000,0.091572,0.091572
29.216000,0.091762,0.091758
29.217000,0.091866,0.091866
29.218000,0.091936,0.091939
29.219000,0.091986,0.091983
29.220000,0.092021,0.092018
29.221000,0.092046,0.092040
29.222000,0.092062,0.092059
29.223000,0.092078,0.092072
29.224000,0.092084,0.092084
29.225000,0.092097,0.092091
29.226000,0.092087,0.092081
29.227000,0.092015,0.092002
29.228000,0.091970,0.091967
29.229000,0.091951,0.091948
29.230000,0.091936,0.091932
29.231000,0.091929,0.091920
29.232000,0.091913,0.091913
29.233000,0.091910,0.091904
29.234000,0.091910,0.091904
29.235000,0.091901,0.091901
29.236000,0.091907,0.091898
29.237000,0.091898,0.091898
29.238000,0.091898,0.091894
29.239000,0.091901,0.091898
29.240000,0.091901,0.091891
29.241000,0.091901,0.091894
29.242000,0.091901,0.091891
29.243000,0.091898,0.091894
29.244000,0.091901,0.091891
29.245000,0.091901,0.091894
29.246000,0.091894,0.091894
29.247000,0.091898,0.091894
29.248000,0.091901,0.091888
29.249000,0.091901,0.091898
29.250000,0.091904,0.091888
29.251000,0.091901,0.091898
29.252000,0.091894,0.091891
29.253000,0.091894,0.091891
29.254000,0.091901,0.091894
29.255000,0.091898,0.091894
29.256000,0.091894,0.091894
29.257000,0.091901,0.091894
29.258000,0.091894,0.091894
29.259000,0.091901,0.091891
29.260000,0.091898,0.091894
29.261000,0.091894,0.091894
29.262000,0.091901,0.091891
29.263000,0.091898,0.091894
29.264000,0.091894,0.091891
29.265000,0.091667,0.091664
29.266000,0.091471,0.091467
29.267000,0.091369,0.091360
29.268000,0.091306,0.091309
29.269000,0.091338,0.091331
29.270000,0.091262,0.091255
29.271000,0.091217,0.091214
29.272000,0.091189,0.091192
29.273000,0.091179,0.091170
29.274000,0.091161,0.091157
29.275000,0.091151,0.091148
29.276000,0.091142,0.091142
29.277000,0.091145,0.091132
29.278000,0.091135,0.091135
29.279000,0.091132,0.091129
29.280000,0.091132,0.091129
29.281000,0.091129,0.091123
29.282000,0.091126,0.091123
29.283000,0.091126,0.091123
29.284000,0.091123,0.091123
29.285000,0.091123,0.091119
29.286000,0.091123,0.091119
29.287000,0.091119,0.091119
29.288000,0.091123,0.091119
29.289000,0.091123,0.091119
29.290000,0.091123,0.091113
29.291000,0.091123,0.091116
29.292000,0.091123,0.091116
29.293000,0.091132,0.091126
29.294000,0.091119,0.091119
29.295000,0.091119,0.091116
29.296000,0.091126,0.091116
29.297000,0.091119,0.091113
29.298000,0.091116,0.091116
29.299000,0.091116,0.091116
29.300000,0.091113,0.091110
29.301000,0.091116,0.091116
29.302000,0.091116,0.091113
29.303000,0.091116,0.091110
29.304000,0.091116,0.091113
29.305000,0.091113,0.091116
29.306000,0.091123,0.091110
29.307000,0.091116,0.091116
29.308000,0.091116,0.091113
29.309000,0.091119,0.091113
29.310000,0.091116,0.091113
29.311000,0.091116,0.091116
29.312000,0.091116,0.091107
29.313000,0.091119,0.091113
29.314000,0.091113,0.091110
29.315000,0.091344,0.091344
29.316000,0.091534,0.091531
29.317000,0.091641,0.091641
29.318000,0.091714,0.091711
29.319000,0.091758,0.091758
29.320000,0.091796,0.091790
29.321000,0.091822,0.091812
29.322000,0.091838,0.091831
29.323000,0.091847,0.091850
29.324000,0.091860,0.091860
29.325000,0.091866,0.091860
29.326000,0.091875,0.091869
29.327000,0.091879,0.091872
29.328000,0.091882,0.091879
29.329000,0.091885,0.091882
29.330000,0.091882,0.091885
29.331000,0.091888,0.091885
29.332000,0.091891,0.091888
29.333000,0.091888,0.091885
29.334000,0.091888,0.091885
29.335000,0.091891,0.091885
29.336000,0.091898,0.091885
29.337000,0.091898,0.091888
29.338000,0.091894,0.091888
29.339000,0.091894,0.091888
29.340000,0.091894,0.091888
29.341000,0.091894,0.091885
29.342000,0.091894,0.091888
29.343000,0.091894,0.091882
29.344000,0.091888,0.091888
29.345000,0.091891,0.091888
29.346000,0.091891,0.091894
29.347000,0.091894,0.091891
29.348000,0.091936,0.091929
29.349000,0.091917,0.091907
29.350000,0.091904,0.091901
29.351000,0.091894,0.091898
29.352000,0.091894,0.091891
29.353000,0.091891,0.091891
29.354000,0.091894,0.091888
29.355000,0.091891,0.091888
29.356000,0.091891,0.091888
29.357000,0.091894,0.091885
29.358000,0.091888,0.091888
29.359000,0.091891,0.091888
29.360000,0.091894,0.091888
29.361000,0.091888,0.091885
29.362000,0.091891,0.091888
29.363000,0.091891,0.091888
29.364000,0.091888,0.091882
29.365000,0.091654,0.091654
29.366000,0.091464,0.091461
29.367000,0.091357,0.091357
29.368000,0.091293,0.091287
29.369000,0.091246,0.091240
29.370000,0.091205,0.091208
29.371000,0.091179,0.091183
29.372000,0.091167,0.091167
29.373000,0.091154,0.091148
29.374000,0.091142,0.091142
29.375000,0.091135,0.091138
29.376000,0.091135,0.091132
29.377000,0.091132,0.091126
29.378000,0.091123,0.091123
29.379000,0.091123,0.091123
29.380000,0.091119,0.091116
29.381000,0.091119,0.091116
29.382000,0.091116,0.091116
29.383000,0.091113,0.091110
29.384000,0.091113,0.091110
29.385000,0.091113,0.091110
29.386000,0.091113,0.091107
29.387000,0.091116,0.091113
29.388000,0.091123,0.091119
29.389000,0.091119,0.091116
29.390000,0.091116,0.091116
29.391000,0.091110,0.091107
29.392000,0.091116,0.091107
29.393000,0.091116,0.091110
29.394000,0.091116,0.091116
29.395000,0.091116,0.091110
29.396000,0.091116,0.091113
29.397000,0.091123,0.091110
29.398000,0.091119,0.091110
29.399000,0.091116,0.091113
29.400000,0.091119,0.091113
29.401000,0.091119,0.091116
29.402000,0.091113,0.091110
29.403000,0.091119,0.091113
29.404000,0.091116,0.091113
29.405000,0.091119,0.091113
29.406000,0.091119,0.091110
29.407000,0.091119,0.091116
29.408000,0.091116,0.091110
29.409000,0.091116,0.091113
29.410000,0.091116,0.091110
29.411000,0.091119,0.091110
29.412000,0.091119,0.091116
29.413000,0.091116,0.091110
29.414000,0.091113,0.091110
29.415000,0.091344,0.091341
29.416000,0.091534,0.091534
29.417000,0.091648,0.091641
29.418000,0.091711,0.091705
29.419000,0.091765,0.091755
29.420000,0.091793,0.091793
29.421000,0.091815,0.091815
29.422000,0.091838,0.091834
29.423000,0.091850,0.091844
29.424000,0.091863,0.091860
29.425000,0.091869,0.091863
29.426000,0.091869,0.091869
29.427000,0.091879,0.091869
29.428000,0.091888,0.091879
29.429000,0.091891,0.091879
29.430000,0.091885,0.091882
29.431000,0.091888,0.091885
29.432000,0.091891,0.091882
29.433000,0.091891,0.091888
29.434000,0.091898,0.091898
29.435000,0.091983,0.091977
29.436000,0.092027,0.092024
29.437000,0.092053,0.092049
29.438000,0.092072,0.092065
29.439000,0.092078,0.092078
29.440000,0.092097,0.092091
29.441000,0.092097,0.092097
29.442000,0.092103,0.092097
29.443000,0.092106,0.092103
29.444000,0.092113,0.092113
29.445000,0.092113,0.092106
29.446000,0.092116,0.092103
29.447000,0.092116,0.092110
29.448000,0.092119,0.092113
29.449000,0.092119,0.092116
29.450000,0.092119,0.092113
29.451000,0.092119,0.092113
29.452000,0.092116,0.092116
29.453000,0.092119,0.092113
29.454000,0.092116,0.092116
29.455000,0.092119,0.092116
29.456000,0.092119,0.092116
29.457000,0.092122,0.092113
29.458000,0.092122,0.092116
29.459000,0.092125,0.092116
29.460000,0.092122,0.092116
29.461000,0.092122,0.092116
29.462000,0.092122,0.092119
29.463000,0.092119,0.092122
29.464000,0.092119,0.092116
29.465000,0.091891,0.091885
29.466000,0.091698,0.091692
29.467000,0.091594,0.091588
29.468000,0.091524,0.091515
29.469000,0.091477,0.091467
29.470000,0.091442,0.091439
29.471000,0.091417,0.091407
29.472000,0.091398,0.091395
29.473000,0.091388,0.091385
29.474000,0.091379,0.091376
29.475000,0.091369,0.091366
29.476000,0.091357,0.091347
29.477000,0.091268,0.091259
29.478000,0.091217,0.091217
29.479000,0.091192,0.091189
29.480000,0.091176,0.091167
29.481000,0.091157,0.091157
29.482000,0.091154,0.091148
29.483000,0.091157,0.091151
29.484000,0.091142,0.091138
29.485000,0.091135,0.091138
29.486000,0.091135,0.091132
29.487000,0.091129,0.091126
29.488000,0.091129,0.091119
29.489000,0.091126,0.091119
29.490000,0.091119,0.091119
29.491000,0.091126,0.091119
29.492000,0.091123,0.091119
29.493000,0.091123,0.091116
29.494000,0.091126,0.091113
29.495000,0.091123,0.091116
29.496000,0.091123,0.091116
29.497000,0.091116,0.091116
29.498000,0.091119,0.091116
29.499000,0.091119,0.091116
30.000000,0.091123,0.091110
30.001000,0.091119,0.091119
30.002000,0.091116,0.091113
30.003000,0.091116,0.091116
30.004000,0.091123,0.091113
30.005000,0.091116,0.091110
30.006000,0.091113,0.091116
30.007000,0.091116,0.091113
30.008000,0.091116,0.091116
30.009000,0.091116,0.091116
30.010000,0.091116,0.091116
30.011000,0.091116,0.091116
30.012000,0.091116,0.091116
30.013000,0.091119,0.091116
30.014000,0.091119,0.091113
30.015000,0.091344,0.091344
30.016000,0.091540,0.091534
30.017000,0.091648,0.091641
30.018000,0.091724,0.091724
30.019000,0.091844,0.091838
30.020000,0.091834,0.091841
30.021000,0.091844,0.091844
30.022000,0.091856,0.091850
30.023000,0.091866,0.091863
30.024000,0.091866,0.091872
30.025000,0.091879,0.091875
30.026000,0.091882,0.091875
30.027000,0.091885,0.091879
30.028000,0.091888,0.091882
30.029000,0.091888,0.091885
30.030000,0.091885,0.091882
30.031000,0.091891,0.091885
30.032000,0.091888,0.091885
30.033000,0.091891,0.091882
30.034000,0.091888,0.091888
30.035000,0.091894,0.091882
30.036000,0.091891,0.091888
30.037000,0.091888,0.091888
30.038000,0.091891,0.091891
30.039000,0.091888,0.091888
30.040000,0.091894,0.091891
30.041000,0.091898,0.091891
30.042000,0.091894,0.091888
30.043000,0.091894,0.091891
30.044000,0.091891,0.091894
30.045000,0.091894,0.091891
30.046000,0.091898,0.091888
30.047000,0.091898,0.091891
30.048000,0.091898,0.091891
30.049000,0.091894,0.091891
30.050000,0.091894,0.091888
30.051000,0.091894,0.091894
30.052000,0.091898,0.091885
30.053000,0.091894,0.091888
30.054000,0.091894,0.091888
30.055000,0.091898,0.091891
30.056000,0.091894,0.091894
30.057000,0.091894,0.091888
30.058000,0.091894,0.091888
30.059000,0.091894,0.091888
30.060000,0.091894,0.091891
30.061000,0.091898,0.091894
30.062000,0.091898,0.091894
30.063000,0.091898,0.091891
30.064000,0.091898,0.091888
30.065000,0.091670,0.091660
30.066000,0.091471,0.091471
30.067000,0.091363,0.091363
30.068000,0.091297,0.091297
30.069000,0.091249,0.091243
30.070000,0.091214,0.091214
30.071000,0.091186,0.091186
30.072000,0.091173,0.091173
30.073000,0.091167,0.091157
30.074000,0.091151,0.091148
30.075000,0.091145,0.091138
30.076000,0.091142,0.091142
30.077000,0.091138,0.091135
30.078000,0.091142,0.091138
30.079000,0.091138,0.091129
30.080000,0.091129,0.091129
30.081000,0.091132,0.091123
30.082000,0.091126,0.091123
30.083000,0.091126,0.091123
30.084000,0.091123,0.091123
30.085000,0.091123,0.091116
30.086000,0.091119,0.091116
30.087000,0.091123,0.091113
30.088000,0.091116,0.091123
30.089000,0.091119,0.091116
30.090000,0.091119,0.091116
30.091000,0.091119,0.091119
30.092000,0.091116,0.091116
30.093000,0.091119,0.091113
30.094000,0.091123,0.091113
30.095000,0.091119,0.091116
30.096000,0.091119,0.091113
30.097000,0.091119,0.091113
30.098000,0.091113,0.091110
30.099000,0.091116,0.091116
30.100000,0.091116,0.091110
30.101000,0.091116,0.091113
30.102000,0.091116,0.091113
30.103000,0.091113,0.091113
30.104000,0.091161,0.091151
30.105000,0.091135,0.091135
30.106000,0.091126,0.091123
30.107000,0.091119,0.091116
30.108000,0.091116,0.091113
30.109000,0.091116,0.091107
30.110000,0.091116,0.091104
30.111000,0.091110,0.091110
30.112000,0.091110,0.091100
30.113000,0.091110,0.091104
30.114000,0.091107,0.091104
30.115000,0.091335,0.091338
30.116000,0.091524,0.091524
30.117000,0.091632,0.091629
30.118000,0.091708,0.091698
30.119000,0.091752,0.091752
30.120000,0.091787,0.091781
30.121000,0.091812,0.091809
30.122000,0.091828,0.091825
30.123000,0.091844,0.091838
30.124000,0.091850,0.091847
30.125000,0.091856,0.091856
30.126000,0.091866,0.091860
30.127000,0.091869,0.091866
30.128000,0.091875,0.091872
30.129000,0.091879,0.091872
30.130000,0.091875,0.091875
30.131000,0.091882,0.091872
30.132000,0.091879,0.091882
30.133000,0.091882,0.091875
30.134000,0.091879,0.091879
30.135000,0.091882,0.091875
30.136000,0.091885,0.091875
30.137000,0.091885,0.091882
30.138000,0.091885,0.091875
30.139000,0.091885,0.091882
30.140000,0.091882,0.091875
30.141000,0.091882,0.091879
30.142000,0.091885,0.091879
30.143000,0.091885,0.091879
30.144000,0.091885,0.091882
30.145000,0.091885,0.091882
30.146000,0.091891,0.091879
30.147000,0.091885,0.091882
30.148000,0.091891,0.091888
30.149000,0.091888,0.091885
30.150000,0.091891,0.091882
30.151000,0.091882,0.091879
30.152000,0.091885,0.091885
30.153000,0.091894,0.091888
30.154000,0.091888,0.091891
30.155000,0.091898,0.091882
30.156000,0.091888,0.091888
30.157000,0.091894,0.091891
30.158000,0.091894,0.091888
30.159000,0.091891,0.091891
30.160000,0.091894,0.091894
30.161000,0.091894,0.091891
30.162000,0.091894,0.091894
30.163000,0.091898,0.091894
30.164000,0.091891,0.091891
30.165000,0.091664,0.091660
30.166000,0.091471,0.091464
30.167000,0.091363,0.091357
30.168000,0.091303,0.091293
30.169000,0.091249,0.091243
30.170000,0.091217,0.091208
30.171000,0.091189,0.091189
30.172000,0.091176,0.091173
30.173000,0.091161,0.091154
30.174000,0.091154,0.091154
30.175000,0.091142,0.091145
30.176000,0.091145,0.091132
30.177000,0.091132,0.091129
30.178000,0.091135,0.091129
30.179000,0.091129,0.091126
30.180000,0.091123,0.091123
30.181000,0.091126,0.091123
30.182000,0.091119,0.091123
30.183000,0.091123,0.091119
30.184000,0.091119,0.091116
30.185000,0.091116,0.091116
30.186000,0.091123,0.091119
30.187000,0.091119,0.091119
30.188000,0.091119,0.091113
30.189000,0.091116,0.091116
30.190000,0.091119,0.091116
30.191000,0.091123,0.091116
30.192000,0.091129,0.091129
30.193000,0.091211,0.091214
30.194000,0.091255,0.091255
30.195000,0.091281,0.091274
30.196000,0.091303,0.091290
30.197000,0.091309,0.091303
30.198000,0.091316,0.091316
30.199000,0.091325,0.091316
30.200000,0.091328,0.091325
30.201000,0.091331,0.091325
30.202000,0.091328,0.091325
30.203000,0.091331,0.091331
30.204000,0.091338,0.091331
30.205000,0.091338,0.091335
30.206000,0.091341,0.091331
30.207000,0.091338,0.091335
30.208000,0.091335,0.091335
30.209000,0.091341,0.091338
30.210000,0.091341,0.091338
30.211000,0.091344,0.091331
30.212000,0.091338,0.091341
30.213000,0.091338,0.091335
30.214000,0.091338,0.091335
30.215000,0.091569,0.091565
30.216000,0.091758,0.091755
30.217000,0.091872,0.091860
30.218000,0.091936,0.091939
30.219000,0.091986,0.091980
30.220000,0.092021,0.092015
30.221000,0.092046,0.092046
30.222000,0.092062,0.092059
30.223000,0.092075,0.092072
30.224000,0.092087,0.092084
30.225000,0.092097,0.092087
30.226000,0.092100,0.092097
30.227000,0.092103,0.092103
30.228000,0.092113,0.092103
30.229000,0.092110,0.092110
30.230000,0.092110,0.092106
30.231000,0.092110,0.092113
30.232000,0.092119,0.092110
30.233000,0.092116,0.092116
30.234000,0.092103,0.092094
30.235000,0.092024,0.092021
30.236000,0.091980,0.091983
30.237000,0.091955,0.091951
30.238000,0.091945,0.091932
30.239000,0.091926,0.091926
30.240000,0.091923,0.091917
30.241000,0.091917,0.091910
30.242000,0.091913,0.091907
30.243000,0.091907,0.091901
30.244000,0.091910,0.091901
30.245000,0.091901,0.091898
30.246000,0.091901,0.091898
30.247000,0.091898,0.091901
30.248000,0.091901,0.091898
30.249000,0.091901,0.091894
30.250000,0.091901,0.091894
30.251000,0.091901,0.091894
30.252000,0.091901,0.091894
30.253000,0.091901,0.091898
30.254000,0.091898,0.091898
30.255000,0.091898,0.091894
30.256000,0.091901,0.091894
30.257000,0.091898,0.091894
30.258000,0.091901,0.091894
30.259000,0.091901,0.091894
30.260000,0.091901,0.091901
30.261000,0.091898,0.091894
30.262000,0.091894,0.091894
30.263000,0.091901,0.091894
30.264000,0.091901,0.091894
30.265000,0.091667,0.091664
30.266000,0.091474,0.091471
30.267000,0.091369,0.091366
30.268000,0.091297,0.091297
30.269000,0.091259,0.091255
30.270000,0.091227,0.091217
30.271000,0.091195,0.091192
30.272000,0.091176,0.091176
30.273000,0.091164,0.091161
30.274000,0.091154,0.091151
30.275000,0.091148,0.091142
30.276000,0.091154,0.091154
30.277000,0.091217,0.091217
30.278000,0.091176,0.091173
30.279000,0.091154,0.091154
30.280000,0.091148,0.091148
30.281000,0.091142,0.091138
30.282000,0.091135,0.091135
30.283000,0.091132,0.091129
30.284000,0.091135,0.091129
30.285000,0.091135,0.091126
30.286000,0.091129,0.091126
30.287000,0.091129,0.091129
30.288000,0.091126,0.091123
30.289000,0.091123,0.091119
30.290000,0.091126,0.091123
30.291000,0.091123,0.091123
30.292000,0.091126,0.091119
30.293000,0.091123,0.091123
30.294000,0.091123,0.091123
30.295000,0.091119,0.091119
30.296000,0.091119,0.091119
30.297000,0.091119,0.091119
30.298000,0.091123,0.091116
30.299000,0.091126,0.091119
30.300000,0.091119,0.091119
30.301000,0.091119,0.091119
30.302000,0.091119,0.091116
30.303000,0.091119,0.091110
30.304000,0.091119,0.091116
30.305000,0.091123,0.091113
30.306000,0.091123,0.091116
30.307000,0.091119,0.091113
30.308000,0.091116,0.091113
30.309000,0.091119,0.091116
30.310000,0.091116,0.091116
30.311000,0.091113,0.091113
30.312000,0.091119,0.091116
30.313000,0.091116,0.091113
30.314000,0.091116,0.091116
30.315000,0.091347,0.091347
30.316000,0.091537,0.091534
30.317000,0.091645,0.091641
30.318000,0.091711,0.091708
30.319000,0.091765,0.091758
30.320000,0.091800,0.091793
30.321000,0.091825,0.091819
30.322000,0.091841,0.091838
30.323000,0.091853,0.091850
30.324000,0.091863,0.091860
30.325000,0.091872,0.091866
30.326000,0.091875,0.091875
30.327000,0.091879,0.091879
30.328000,0.091882,0.091879
30.329000,0.091882,0.091882
30.330000,0.091888,0.091885
30.331000,0.091894,0.091891
30.332000,0.091891,0.091885
30.333000,0.091891,0.091885
30.334000,0.091891,0.091888
30.335000,0.091891,0.091888
30.336000,0.091894,0.091888
30.337000,0.091898,0.091888
30.338000,0.091891,0.091888
30.339000,0.091894,0.091894
30.340000,0.091898,0.091888
30.341000,0.091894,0.091891
30.342000,0.091898,0.091888
30.343000,0.091891,0.091894
30.344000,0.091894,0.091888
30.345000,0.091894,0.091891
30.346000,0.091894,0.091888
30.347000,0.091898,0.091891
30.348000,0.091894,0.091891
30.349000,0.091898,0.091894
30.350000,0.091894,0.091888
30.351000,0.091894,0.091891
30.352000,0.091898,0.091888
30.353000,0.091894,0.091891
30.354000,0.091898,0.091891
30.355000,0.091894,0.091891
30.356000,0.091898,0.091891
30.357000,0.091894,0.091894
30.358000,0.091898,0.091888
30.359000,0.091894,0.091891
30.360000,0.091939,0.091932
30.361000,0.091917,0.091910
30.362000,0.091913,0.091898
30.363000,0.091894,0.091898
30.364000,0.091901,0.091891
30.365000,0.091673,0.091670
30.366000,0.091477,0.091471
30.367000,0.091363,0.091357
30.368000,0.091297,0.091290
30.369000,0.091249,0.091243
30.370000,0.091208,0.091208
30.371000,0.091189,0.091183
30.372000,0.091173,0.091161
30.373000,0.091157,0.091154
30.374000,0.091148,0.091142
30.375000,0.091138,0.091135
30.376000,0.091132,0.091129
30.377000,0.091132,0.091123
30.378000,0.091129,0.091126
30.379000,0.091126,0.091119
30.380000,0.091119,0.091123
30.381000,0.091119,0.091116
30.382000,0.091123,0.091113
30.383000,0.091116,0.091116
30.384000,0.091116,0.091113
30.385000,0.091116,0.091110
30.386000,0.091116,0.091110
30.387000,0.091116,0.091107
30.388000,0.091107,0.091113
30.389000,0.091113,0.091110
30.390000,0.091113,0.091110
30.391000,0.091113,0.091107
30.392000,0.091116,0.091110
30.393000,0.091116,0.091107
30.394000,0.091113,0.091110
30.395000,0.091113,0.091104
30.396000,0.091110,0.091110
30.397000,0.091110,0.091107
30.398000,0.091113,0.091110
30.399000,0.091110,0.091110
30.400000,0.091110,0.091107
30.401000,0.091113,0.091110
30.402000,0.091110,0.091107
30.403000,0.091110,0.091107
30.404000,0.091110,0.091110
30.405000,0.091113,0.091104
30.406000,0.091113,0.091107
30.407000,0.091104,0.091107
30.408000,0.091110,0.091110
30.409000,0.091116,0.091110
30.410000,0.091113,0.091113
30.411000,0.091119,0.091110
30.412000,0.091119,0.091113
30.413000,0.091119,0.091113
30.414000,0.091119,0.091113
30.415000,0.091350,0.091341
30.416000,0.091534,0.091534
30.417000,0.091645,0.091638
30.418000,0.091714,0.091708
30.419000,0.091762,0.091762
30.420000,0.091800,0.091790
30.421000,0.091819,0.091819
30.422000,0.091838,0.091838
30.423000,0.091853,0.091850
30.424000,0.091866,0.091856
30.425000,0.091872,0.091869
30.426000,0.091875,0.091866
30.427000,0.091882,0.091875
30.428000,0.091882,0.091882
30.429000,0.091885,0.091882
30.430000,0.091885,0.091885
30.431000,0.091891,0.091888
30.432000,0.091891,0.091882
30.433000,0.091894,0.091885
30.434000,0.091894,0.091885
30.435000,0.091894,0.091891
30.436000,0.091894,0.091888
30.437000,0.091891,0.091891
30.438000,0.091891,0.091891
30.439000,0.091894,0.091888
30.440000,0.091898,0.091894
30.441000,0.091894,0.091891
30.442000,0.091901,0.091888
30.443000,0.091894,0.091888
30.444000,0.091891,0.091888
30.445000,0.091894,0.091888
30.446000,0.091901,0.091888
30.447000,0.091898,0.091888
30.448000,0.091907,0.091901
30.449000,0.091989,0.091989
30.450000,0.092034,0.092024
30.451000,0.092059,0.092049
30.452000,0.092078,0.092072
30.453000,0.092087,0.092084
30.454000,0.092097,0.092097
30.455000,0.092103,0.092100
30.456000,0.092110,0.092103
30.457000,0.092110,0.092110
30.458000,0.092116,0.092113
30.459000,0.092116,0.092110
30.460000,0.092116,0.092110
30.461000,0.092122,0.092116
30.462000,0.092132,0.092129
30.463000,0.092125,0.092119
30.464000,0.092122,0.092119
30.465000,0.091894,0.091891
30.466000,0.091705,0.091695
30.467000,0.091591,0.091591
30.468000,0.091524,0.091521
30.469000,0.091477,0.091471
30.470000,0.091439,0.091442
30.471000,0.091417,0.091417
30.472000,0.091404,0.091395
30.473000,0.091385,0.091382
30.474000,0.091376,0.091379
30.475000,0.091372,0.091372
30.476000,0.091369,0.091363
30.477000,0.091363,0.091360
30.478000,0.091357,0.091357
30.479000,0.091363,0.091350
30.480000,0.091357,0.091353
30.481000,0.091357,0.091353
30.482000,0.091350,0.091350
30.483000,0.091357,0.091350
30.484000,0.091353,0.091347
30.485000,0.091353,0.091344
30.486000,0.091347,0.091350
30.487000,0.091347,0.091344
30.488000,0.091341,0.091347
30.489000,0.091350,0.091341
30.490000,0.091335,0.091328
30.491000,0.091252,0.091249
30.492000,0.091205,0.091211
30.493000,0.091186,0.091179
30.494000,0.091164,0.091161
30.495000,0.091148,0.091148
30.496000,0.091148,0.091142
30.497000,0.091135,0.091135
30.498000,0.091138,0.091129
30.499000,0.091129,0.091126
31.000000,0.091129,0.091129
31.001000,0.091129,0.091123
31.002000,0.091123,0.091119
31.003000,0.091123,0.091119
31.004000,0.091123,0.091119
31.005000,0.091123,0.091119
31.006000,0.091123,0.091116
31.007000,0.091123,0.091123
31.008000,0.091126,0.091116
31.009000,0.091123,0.091116
31.010000,0.091119,0.091116
31.011000,0.091119,0.091116
31.012000,0.091123,0.091116
31.013000,0.091116,0.091113
31.014000,0.091116,0.091116
31.015000,0.091350,0.091350
31.016000,0.091537,0.091534
31.017000,0.091645,0.091641
31.018000,0.091717,0.091711
31.019000,0.091765,0.091758
31.020000,0.091796,0.091796
31.021000,0.091819,0.091819
31.022000,0.091834,0.091834
31.023000,0.091856,0.091850
31.024000,0.091860,0.091860
31.025000,0.091869,0.091869
31.026000,0.091879,0.091875
31.027000,0.091879,0.091875
31.028000,0.091879,0.091882
31.029000,0.091888,0.091882
31.030000,0.091888,0.091885
31.031000,0.091888,0.091885
31.032000,0.091901,0.091901
31.033000,0.091974,0.091964
31.034000,0.091932,0.091926
31.035000,0.091917,0.091910
31.036000,0.091907,0.091907
31.037000,0.091907,0.091901
31.038000,0.091901,0.091898
31.039000,0.091898,0.091898
31.040000,0.091898,0.091894
31.041000,0.091901,0.091894
31.042000,0.091898,0.091894
31.043000,0.091894,0.091891
31.044000,0.091894,0.091891
31.045000,0.091894,0.091891
31.046000,0.091894,0.091888
31.047000,0.091891,0.091888
31.048000,0.091894,0.091891
31.049000,0.091894,0.091888
31.050000,0.091891,0.091894
31.051000,0.091898,0.091891
31.052000,0.091894,0.091894
31.053000,0.091901,0.091891
31.054000,0.091898,0.091888
31.055000,0.091894,0.091888
31.056000,0.091894,0.091891
31.057000,0.091898,0.091894
31.058000,0.091907,0.091898
31.059000,0.091901,0.091898
31.060000,0.091898,0.091898
31.061000,0.091901,0.091898
31.062000,0.091894,0.091898
31.063000,0.091901,0.091894
31.064000,0.091894,0.091891
31.065000,0.091667,0.091660
31.066000,0.091474,0.091471
31.067000,0.091366,0.091363
31.068000,0.091300,0.091293
31.069000,0.091249,0.091252
31.070000,0.091211,0.091211
31.071000,0.091192,0.091186
31.072000,0.091173,0.091167
31.073000,0.091164,0.091161
31.074000,0.091148,0.091148
31.075000,0.091138,0.091142
31.076000,0.091142,0.091135
31.077000,0.091132,0.091132
31.078000,0.091135,0.091129
31.079000,0.091129,0.091129
31.080000,0.091129,0.091129
31.081000,0.091126,0.091123
31.082000,0.091126,0.091119
31.083000,0.091123,0.091123
31.084000,0.091123,0.091123
31.085000,0.091119,0.091119
31.086000,0.091123,0.091119
31.087000,0.091119,0.091119
31.088000,0.091123,0.091116
31.089000,0.091123,0.091119
31.090000,0.091123,0.091116
31.091000,0.091116,0.091116
31.092000,0.091123,0.091116
31.093000,0.091123,0.091116
31.094000,0.091116,0.091113
31.095000,0.091116,0.091116
31.096000,0.091119,0.091116
31.097000,0.091119,0.091110
31.098000,0.091116,0.091116
31.099000,0.091116,0.091113
31.100000,0.091113,0.091116
31.101000,0.091119,0.091110
31.102000,0.091113,0.091116
31.103000,0.091116,0.091116
31.104000,0.091116,0.091113
31.105000,0.091116,0.091113
31.106000,0.091116,0.091116
31.107000,0.091119,0.091116
31.108000,0.091119,0.091113
31.109000,0.091116,0.091113
31.110000,0.091116,0.091113
31.111000,0.091113,0.091116
31.112000,0.091116,0.091113
31.113000,0.091116,0.091110
31.114000,0.091116,0.091110
31.115000,0.091347,0.091344
31.116000,0.091575,0.091575
31.117000,0.091664,0.091660
31.118000,0.091724,0.091720
31.119000,0.091768,0.091762
31.120000,0.091793,0.091790
31.121000,0.091819,0.091812
31.122000,0.091838,0.091831
31.123000,0.091844,0.091844
31.124000,0.091860,0.091853
31.125000,0.091863,0.091863
31.126000,0.091866,0.091863
31.127000,0.091875,0.091863
31.128000,0.091872,0.091869
31.129000,0.091879,0.091872
31.130000,0.091882,0.091875
31.131000,0.091879,0.091879
31.132000,0.091879,0.091879
31.133000,0.091882,0.091882
31.134000,0.091882,0.091882
31.135000,0.091888,0.091882
31.136000,0.091888,0.091879
31.137000,0.091882,0.091882
31.138000,0.091885,0.091882
31.139000,0.091879,0.091882
31.140000,0.091888,0.091875
31.141000,0.091885,0.091885
31.142000,0.091888,0.091885
31.143000,0.091882,0.091882
31.144000,0.091888,0.091888
31.145000,0.091888,0.091879
31.146000,0.091888,0.091879
31.147000,0.091885,0.091882
31.148000,0.091888,0.091882
31.149000,0.091888,0.091882
31.150000,0.091888,0.091885
31.151000,0.091888,0.091885
31.152000,0.091888,0.091882
31.153000,0.091888,0.091898
31.154000,0.091888,0.091888
31.155000,0.091888,0.091888
31.156000,0.091888,0.091888
31.157000,0.091888,0.091888
31.158000,0.091891,0.091879
31.159000,0.091888,0.091888
31.160000,0.091888,0.091885
31.161000,0.091888,0.091885
31.162000,0.091891,0.091885
31.163000,0.091891,0.091888
31.164000,0.091894,0.091891
31.165000,0.091664,0.091657
31.166000,0.091471,0.091467
31.167000,0.091363,0.091363
31.168000,0.091300,0.091287
31.169000,0.091249,0.091243
31.170000,0.091214,0.091211
31.171000,0.091192,0.091189
31.172000,0.091173,0.091173
31.173000,0.091164,0.091157
31.174000,0.091151,0.091148
31.175000,0.091145,0.091135
31.176000,0.091135,0.091135
31.177000,0.091135,0.091129
31.178000,0.091142,0.091129
31.179000,0.091129,0.091123
31.180000,0.091132,0.091123
31.181000,0.091123,0.091123
31.182000,0.091123,0.091123
31.183000,0.091126,0.091119
31.184000,0.091123,0.091119
31.185000,0.091126,0.091116
31.186000,0.091119,0.091119
31.187000,0.091123,0.091123
31.188000,0.091116,0.091119
31.189000,0.091119,0.091116
31.190000,0.091116,0.091116
31.191000,0.091123,0.091113
31.192000,0.091119,0.091113
31.193000,0.091119,0.091116
31.194000,0.091116,0.091116
31.195000,0.091116,0.091123
31.196000,0.091119,0.091119
31.197000,0.091119,0.091110
31.198000,0.091116,0.091116
31.199000,0.091119,0.091113
31.200000,0.091126,0.091116
31.201000,0.091116,0.091113
31.202000,0.091116,0.091110
31.203000,0.091116,0.091113
31.204000,0.091126,0.091129
31.205000,0.091211,0.091208
31.206000,0.091255,0.091252
31.207000,0.091284,0.091278
31.208000,0.091297,0.091297
31.209000,0.091309,0.091306
31.210000,0.091316,0.091316
31.211000,0.091322,0.091322
31.212000,0.091325,0.091325
31.213000,0.091331,0.091328
31.214000,0.091335,0.091328
31.215000,0.091559,0.091565
31.216000,0.091758,0.091752
31.217000,0.091863,0.091863
31.218000,0.091932,0.091929
31.219000,0.091983,0.091977
31.220000,0.092015,0.092012
31.221000,0.092040,0.092040
31.222000,0.092059,0.092059
31.223000,0.092075,0.092072
31.224000,0.092087,0.092081
31.225000,0.092091,0.092087
31.226000,0.092097,0.092094
31.227000,0.092106,0.092097
31.228000,0.092110,0.092106
31.229000,0.092106,0.092110
31.230000,0.092113,0.092106
31.231000,0.092116,0.092110
31.232000,0.092116,0.092116
31.233000,0.092113,0.092113
31.234000,0.092116,0.092110
31.235000,0.092113,0.092110
31.236000,0.092116,0.092113
31.237000,0.092122,0.092116
31.238000,0.092119,0.092116
31.239000,0.092119,0.092110
31.240000,0.092119,0.092116
31.241000,0.092116,0.092116
31.242000,0.092116,0.092113
31.243000,0.092122,0.092116
31.244000,0.092119,0.092119
31.245000,0.092122,0.092116
31.246000,0.092106,0.092103
31.247000,0.092024,0.092018
31.248000,0.091996,0.091989
31.249000,0.091964,0.091961
31.250000,0.091948,0.091939
31.251000,0.091932,0.091929
31.252000,0.091923,0.091923
31.253000,0.091913,0.091913
31.254000,0.091910,0.091910
31.255000,0.091907,0.091901
31.256000,0.091904,0.091904
31.257000,0.091907,0.091898
31.258000,0.091904,0.091901
31.259000,0.091904,0.091901
31.260000,0.091901,0.091898
31.261000,0.091901,0.091901
31.262000,0.091901,0.091898
31.263000,0.091901,0.091894
31.264000,0.091901,0.091898
31.265000,0.091670,0.091660
31.266000,0.091480,0.091471
31.267000,0.091369,0.091366
31.268000,0.091300,0.091293
31.269000,0.091255,0.091252
31.270000,0.091221,0.091214
31.271000,0.091195,0.091189
31.272000,0.091179,0.091173
31.273000,0.091164,0.091161
31.274000,0.091157,0.091148
31.275000,0.091148,0.091142
31.276000,0.091142,0.091135
31.277000,0.091135,0.091138
31.278000,0.091129,0.091126
31.279000,0.091129,0.091132
31.280000,0.091129,0.091126
31.281000,0.091129,0.091126
31.282000,0.091132,0.091123
31.283000,0.091123,0.091119
31.284000,0.091123,0.091116
31.285000,0.091123,0.091116
31.286000,0.091123,0.091119
31.287000,0.091126,0.091119
31.288000,0.091138,0.091132
31.289000,0.091205,0.091198
31.290000,0.091167,0.091161
31.291000,0.091145,0.091142
31.292000,0.091138,0.091132
31.293000,0.091132,0.091126
31.294000,0.091135,0.091126
31.295000,0.091132,0.091123
31.296000,0.091126,0.091126
31.297000,0.091123,0.091119
31.298000,0.091123,0.091116
31.299000,0.091123,0.091116
31.300000,0.091119,0.091119
31.301000,0.091119,0.091119
31.302000,0.091116,0.091116
31.303000,0.091119,0.091116
31.304000,0.091119,0.091119
31.305000,0.091119,0.091119
31.306000,0.091119,0.091116
31.307000,0.091123,0.091110
31.308000,0.091123,0.091113
31.309000,0.091116,0.091113
31.310000,0.091119,0.091110
31.311000,0.091123,0.091110
31.312000,0.091116,0.091116
31.313000,0.091116,0.091113
31.314000,0.091116,0.091113
31.315000,0.091344,0.091344
31.316000,0.091534,0.091534
31.317000,0.091638,0.091641
31.318000,0.091711,0.091708
31.319000,0.091765,0.091758
31.320000,0.091793,0.091793
31.321000,0.091822,0.091819
31.322000,0.091838,0.091834
31.323000,0.091850,0.091847
31.324000,0.091860,0.091856
31.325000,0.091866,0.091863
31.326000,0.091875,0.091875
31.327000,0.091875,0.091875
31.328000,0.091882,0.091875
31.329000,0.091888,0.091879
31.330000,0.091882,0.091879
31.331000,0.091888,0.091885
31.332000,0.091891,0.091882
31.333000,0.091888,0.091888
31.334000,0.091891,0.091888
31.335000,0.091891,0.091888
31.336000,0.091894,0.091885
31.337000,0.091894,0.091891
31.338000,0.091894,0.091891
31.339000,0.091891,0.091885
31.340000,0.091891,0.091888
31.341000,0.091891,0.091888
31.342000,0.091898,0.091888
31.343000,0.091898,0.091901
31.344000,0.091904,0.091894
31.345000,0.091898,0.091891
31.346000,0.091901,0.091891
31.347000,0.091898,0.091888
31.348000,0.091894,0.091891
31.349000,0.091894,0.091891
31.350000,0.091894,0.091888
31.351000,0.091894,0.091885
31.352000,0.091894,0.091891
31.353000,0.091894,0.091888
31.354000,0.091894,0.091891
31.355000,0.091898,0.091891
31.356000,0.091898,0.091894
31.357000,0.091894,0.091888
31.358000,0.091898,0.091894
31.359000,0.091898,0.091891
31.360000,0.091898,0.091888
31.361000,0.091898,0.091898
31.362000,0.091894,0.091891
31.363000,0.091898,0.091891
31.364000,0.091898,0.091894
31.365000,0.091667,0.091660
31.366000,0.091474,0.091471
31.367000,0.091366,0.091357
31.368000,0.091293,0.091293
31.369000,0.091249,0.091243
31.370000,0.091217,0.091214
31.371000,0.091192,0.091192
31.372000,0.091217,0.091214
31.373000,0.091179,0.091173
31.374000,0.091161,0.091154
31.375000,0.091151,0.091145
31.376000,0.091138,0.091132
31.377000,0.091135,0.091129
31.378000,0.091126,0.091129
31.379000,0.091123,0.091119
31.380000,0.091123,0.091116
31.381000,0.091119,0.091119
31.382000,0.091116,0.091113
31.383000,0.091116,0.091116
31.384000,0.091116,0.091116
31.385000,0.091116,0.091110
31.386000,0.091110,0.091110
31.387000,0.091116,0.091113
31.388000,0.091113,0.091113
31.389000,0.091113,0.091110
31.390000,0.091116,0.091110
31.391000,0.091113,0.091110
31.392000,0.091113,0.091110
31.393000,0.091113,0.091107
31.394000,0.091110,0.091113
31.395000,0.091113,0.091107
31.396000,0.091113,0.091110
31.397000,0.091110,0.091113
31.398000,0.091110,0.091107
31.399000,0.091104,0.091104
31.400000,0.091110,0.091107
31.401000,0.091110,0.091107
31.402000,0.091107,0.091104
31.403000,0.091110,0.091100
31.404000,0.091110,0.091104
31.405000,0.091110,0.091107
31.406000,0.091107,0.091104
31.407000,0.091110,0.091107
31.408000,0.091110,0.091107
31.409000,0.091110,0.091110
31.410000,0.091110,0.091100
31.411000,0.091107,0.091100
31.412000,0.091107,0.091104
31.413000,0.091107,0.091104
31.414000,0.091107,0.091107
31.415000,0.091341,0.091338
31.416000,0.091531,0.091527
31.417000,0.091641,0.091638
31.418000,0.091711,0.091708
31.419000,0.091758,0.091755
31.420000,0.091796,0.091787
31.421000,0.091819,0.091812
31.422000,0.091838,0.091831
31.423000,0.091850,0.091844
31.424000,0.091860,0.091860
31.425000,0.091869,0.091866
31.426000,0.091875,0.091863
31.427000,0.091879,0.091869
31.428000,0.091882,0.091879
31.429000,0.091882,0.091879
31.430000,0.091888,0.091879
31.431000,0.091885,0.091882
31.432000,0.091885,0.091885
31.433000,0.091888,0.091882
31.434000,0.091888,0.091891
31.435000,0.091891,0.091885
31.436000,0.091888,0.091885
31.437000,0.091894,0.091888
31.438000,0.091898,0.091894
31.439000,0.091898,0.091891
31.440000,0.091891,0.091894
31.441000,0.091898,0.091891
31.442000,0.091894,0.091888
31.443000,0.091888,0.091888
31.444000,0.091888,0.091888
31.445000,0.091894,0.091888
31.446000,0.091891,0.091885
31.447000,0.091888,0.091888
31.448000,0.091888,0.091885
31.449000,0.091891,0.091888
31.450000,0.091894,0.091891
31.451000,0.091894,0.091885
31.452000,0.091891,0.091888
31.453000,0.091891,0.091888
31.454000,0.091907,0.091898
31.455000,0.091996,0.091986
31.456000,0.092027,0.092027
31.457000,0.092056,0.092056
31.458000,0.092072,0.092072
31.459000,0.092087,0.092084
31.460000,0.092091,0.092091
31.461000,0.092103,0.092094
31.462000,0.092103,0.092103
31.463000,0.092110,0.092103
31.464000,0.092116,0.092106
31.465000,0.091888,0.091882
31.466000,0.091695,0.091689
31.467000,0.091591,0.091575
31.468000,0.091518,0.091512
31.469000,0.091471,0.091467
31.470000,0.091439,0.091436
31.471000,0.091414,0.091414
31.472000,0.091395,0.091395
31.473000,0.091385,0.091379
31.474000,0.091372,0.091369
31.475000,0.091369,0.091363
31.476000,0.091360,0.091353
31.477000,0.091360,0.091357
31.478000,0.091357,0.091350
31.479000,0.091347,0.091350
31.480000,0.091350,0.091347
31.481000,0.091347,0.091350
31.482000,0.091350,0.091347
31.483000,0.091344,0.091341
31.484000,0.091347,0.091344
31.485000,0.091344,0.091344
31.486000,0.091350,0.091344
31.487000,0.091350,0.091341
31.488000,0.091347,0.091341
31.489000,0.091344,0.091344
31.490000,0.091344,0.091344
31.491000,0.091350,0.091338
31.492000,0.091344,0.091341
31.493000,0.091344,0.091338
31.494000,0.091344,0.091341
31.495000,0.091350,0.091344
31.496000,0.091328,0.091325
31.497000,0.091252,0.091240
31.498000,0.091202,0.091205
31.499000,0.091179,0.091176
32.000000,0.091161,0.091161
32.001000,0.091151,0.091148
32.002000,0.091148,0.091142
32.003000,0.091135,0.091132
32.004000,0.091138,0.091126
32.005000,0.091129,0.091119
32.006000,0.091123,0.091129
32.007000,0.091123,0.091123
32.008000,0.091123,0.091116
32.009000,0.091123,0.091113
32.010000,0.091123,0.091113
32.011000,0.091123,0.091113
32.012000,0.091116,0.091110
32.013000,0.091116,0.091116
32.014000,0.091116,0.091110
32.015000,0.091347,0.091344
32.016000,0.091537,0.091534
32.017000,0.091641,0.091645
32.018000,0.091714,0.091708
32.019000,0.091762,0.091758
32.020000,0.091800,0.091796
32.021000,0.091825,0.091812
32.022000,0.091834,0.091838
32.023000,0.091853,0.091850
32.024000,0.091860,0.091856
32.025000,0.091866,0.091863
32.026000,0.091875,0.091869
32.027000,0.091882,0.091869
32.028000,0.091882,0.091872
32.029000,0.091885,0.091882
32.030000,0.091888,0.091882
32.031000,0.091885,0.091882
32.032000,0.091894,0.091888
32.033000,0.091901,0.091894
32.034000,0.091898,0.091891
32.035000,0.091894,0.091894
32.036000,0.091894,0.091888
32.037000,0.091891,0.091888
32.038000,0.091910,0.091907
32.039000,0.091986,0.091983
32.040000,0.092015,0.092012
32.041000,0.091955,0.091955
32.042000,0.091936,0.091932
32.043000,0.091920,0.091920
32.044000,0.091913,0.091910
32.045000,0.091913,0.091904
32.046000,0.091904,0.091901
32.047000,0.091901,0.091894
32.048000,0.091898,0.091898
32.049000,0.091898,0.091894
32.050000,0.091901,0.091894
32.051000,0.091898,0.091891
32.052000,0.091901,0.091891
32.053000,0.091898,0.091898
32.054000,0.091898,0.091894
32.055000,0.091898,0.091891
32.056000,0.091894,0.091894
32.057000,0.091894,0.091891
32.058000,0.091898,0.091894
32.059000,0.091894,0.091894
32.060000,0.091894,0.091891
32.061000,0.091894,0.091891
32.062000,0.091894,0.091898
32.063000,0.091901,0.091894
32.064000,0.091901,0.091891
32.065000,0.091670,0.091660
32.066000,0.091471,0.091471
32.067000,0.091366,0.091363
32.068000,0.091300,0.091293
32.069000,0.091252,0.091249
32.070000,0.091221,0.091214
32.071000,0.091189,0.091192
32.072000,0.091176,0.091173
32.073000,0.091161,0.091157
32.074000,0.091151,0.091151
32.075000,0.091148,0.091142
32.076000,0.091138,0.091135
32.077000,0.091138,0.091135
32.078000,0.091135,0.091126
32.079000,0.091132,0.091129
32.080000,0.091132,0.091126
32.081000,0.091129,0.091126
32.082000,0.091132,0.091123
32.083000,0.091129,0.091119
32.084000,0.091126,0.091116
32.085000,0.091123,0.091116
32.086000,0.091126,0.091119
32.087000,0.091126,0.091119
32.088000,0.091123,0.091116
32.089000,0.091119,0.091119
32.090000,0.091123,0.091116
32.091000,0.091123,0.091116
32.092000,0.091119,0.091116
32.093000,0.091123,0.091113
32.094000,0.091119,0.091116
32.095000,0.091119,0.091116
32.096000,0.091116,0.091116
32.097000,0.091119,0.091116
32.098000,0.091119,0.091116
32.099000,0.091116,0.091110
32.100000,0.091123,0.091116
32.101000,0.091119,0.091116
32.102000,0.091116,0.091113
32.103000,0.091116,0.091113
32.104000,0.091116,0.091113
32.105000,0.091123,0.091116
32.106000,0.091116,0.091116
32.107000,0.091119,0.091113
32.108000,0.091116,0.091113
32.109000,0.091116,0.091113
32.110000,0.091116,0.091113
32.111000,0.091116,0.091113
32.112000,0.091116,0.091110
32.113000,0.091116,0.091116
32.114000,0.091116,0.091113
32.115000,0.091347,0.091344
32.116000,0.091531,0.091531
32.117000,0.091641,0.091641
32.118000,0.091711,0.091708
32.119000,0.091762,0.091755
32.120000,0.091793,0.091790
32.121000,0.091822,0.091812
32.122000,0.091838,0.091838
32.123000,0.091856,0.091844
32.124000,0.091860,0.091853
32.125000,0.091863,0.091866
32.126000,0.091872,0.091866
32.127000,0.091879,0.091875
32.128000,0.091932,0.091926
32.129000,0.091913,0.091904
32.130000,0.091901,0.091898
32.131000,0.091894,0.091888
32.132000,0.091888,0.091888
32.133000,0.091888,0.091885
32.134000,0.091888,0.091882
32.135000,0.091885,0.091888
32.136000,0.091888,0.091882
32.137000,0.091888,0.091879
32.138000,0.091885,0.091882
32.139000,0.091888,0.091885
32.140000,0.091885,0.091882
32.141000,0.091885,0.091885
32.142000,0.091882,0.091879
32.143000,0.091882,0.091885
32.144000,0.091885,0.091882
32.145000,0.091882,0.091879
32.146000,0.091885,0.091882
32.147000,0.091885,0.091879
32.148000,0.091885,0.091885
32.149000,0.091885,0.091879
32.150000,0.091888,0.091882
32.151000,0.091885,0.091875
32.152000,0.091888,0.091882
32.153000,0.091885,0.091885
32.154000,0.091891,0.091882
32.155000,0.091879,0.091882
32.156000,0.091891,0.091879
32.157000,0.091885,0.091885
32.158000,0.091888,0.091882
32.159000,0.091888,0.091885
32.160000,0.091888,0.091885
32.161000,0.091888,0.091882
32.162000,0.091888,0.091885
32.163000,0.091891,0.091882
32.164000,0.091894,0.091882
32.165000,0.091660,0.091651
32.166000,0.091458,0.091464
32.167000,0.091357,0.091353
32.168000,0.091287,0.091287
32.169000,0.091236,0.091240
32.170000,0.091211,0.091205
32.171000,0.091192,0.091186
32.172000,0.091173,0.091167
32.173000,0.091161,0.091157
32.174000,0.091151,0.091145
32.175000,0.091142,0.091145
32.176000,0.091135,0.091132
32.177000,0.091135,0.091129
32.178000,0.091129,0.091129
32.179000,0.091129,0.091126
32.180000,0.091126,0.091126
32.181000,0.091123,0.091123
32.182000,0.091126,0.091119
32.183000,0.091123,0.091113
32.184000,0.091123,0.091116
32.185000,0.091126,0.091119
32.186000,0.091123,0.091119
32.187000,0.091123,0.091119
32.188000,0.091119,0.091119
32.189000,0.091110,0.091119
32.190000,0.091113,0.091119
32.191000,0.091116,0.091116
32.192000,0.091116,0.091116
32.193000,0.091119,0.091116
32.194000,0.091116,0.091116
32.195000,0.091116,0.091116
32.196000,0.091116,0.091113
32.197000,0.091116,0.091113
32.198000,0.091116,0.091110
32.199000,0.091116,0.091110
32.200000,0.091119,0.091113
32.201000,0.091116,0.091110
32.202000,0.091116,0.091113
32.203000,0.091119,0.091113
32.204000,0.091113,0.091110
32.205000,0.091113,0.091110
32.206000,0.091116,0.091116
32.207000,0.091116,0.091113
32.208000,0.091116,0.091107
32.209000,0.091116,0.091110
32.210000,0.091126,0.091129
32.211000,0.091208,0.091208
32.212000,0.091255,0.091249
32.213000,0.091278,0.091274
32.214000,0.091290,0.091287
32.215000,0.091534,0.091534
32.216000,0.091736,0.091730
32.217000,0.091850,0.091847
32.218000,0.091923,0.091920
32.219000,0.091970,0.091970
32.220000,0.092008,0.092005
32.221000,0.092034,0.092034
32.222000,0.092053,0.092049
32.223000,0.092065,0.092068
32.224000,0.092091,0.092084
32.225000,0.092094,0.092091
32.226000,0.092097,0.092097
32.227000,0.092103,0.092097
32.228000,0.092106,0.092100
32.229000,0.092106,0.092103
32.230000,0.092113,0.092106
32.231000,0.092113,0.092113
32.232000,0.092110,0.092113
32.233000,0.092113,0.092110
32.234000,0.092116,0.092110
32.235000,0.092113,0.092116
32.236000,0.092116,0.092113
32.237000,0.092113,0.092113
32.238000,0.092119,0.092113
32.239000,0.092116,0.092113
32.240000,0.092122,0.092113
32.241000,0.092116,0.092113
32.242000,0.092125,0.092113
32.243000,0.092116,0.092119
32.244000,0.092122,0.092113
32.245000,0.092119,0.092116
32.246000,0.092119,0.092116
32.247000,0.092119,0.092116
32.248000,0.092119,0.092116
32.249000,0.092122,0.092116
32.250000,0.092125,0.092119
32.251000,0.092122,0.092116
32.252000,0.092110,0.092103
32.253000,0.092024,0.092021
32.254000,0.091983,0.091977
32.255000,0.091958,0.091951
32.256000,0.091939,0.091939
32.257000,0.091932,0.091932
32.258000,0.091923,0.091923
32.259000,0.091920,0.091913
32.260000,0.091913,0.091910
32.261000,0.091907,0.091901
32.262000,0.091907,0.091898
32.263000,0.091904,0.091904
32.264000,0.091901,0.091898
32.265000,0.091673,0.091667
32.266000,0.091477,0.091474
32.267000,0.091369,0.091366
32.268000,0.091297,0.091303
32.269000,0.091255,0.091246
32.270000,0.091217,0.091217
32.271000,0.091195,0.091189
32.272000,0.091179,0.091173
32.273000,0.091164,0.091161
32.274000,0.091148,0.091154
32.275000,0.091148,0.091142
32.276000,0.091142,0.091132
32.277000,0.091138,0.091135
32.278000,0.091132,0.091129
32.279000,0.091129,0.091129
32.280000,0.091129,0.091129
32.281000,0.091126,0.091126
32.282000,0.091123,0.091126
32.283000,0.091129,0.091119
32.284000,0.091126,0.091123
32.285000,0.091123,0.091119
32.286000,0.091123,0.091119
32.287000,0.091126,0.091116
32.288000,0.091123,0.091116
32.289000,0.091119,0.091116
32.290000,0.091123,0.091119
32.291000,0.091123,0.091119
32.292000,0.091123,0.091116
32.293000,0.091123,0.091116
32.294000,0.091135,0.091135
32.295000,0.091202,0.091202
32.296000,0.091164,0.091154
32.297000,0.091148,0.091138
32.298000,0.091138,0.091132
32.299000,0.091132,0.091126
32.300000,0.091129,0.091123
32.301000,0.091132,0.091119
32.302000,0.091132,0.091116
32.303000,0.091116,0.091116
32.304000,0.091119,0.091119
32.305000,0.091119,0.091110
32.306000,0.091116,0.091113
32.307000,0.091116,0.091113
32.308000,0.091123,0.091116
32.309000,0.091119,0.091116
32.310000,0.091119,0.091116
32.311000,0.091119,0.091110
32.312000,0.091113,0.091107
32.313000,0.091116,0.091110
32.314000,0.091113,0.091116
32.315000,0.091347,0.091341
32.316000,0.091531,0.091537
32.317000,0.091645,0.091641
32.318000,0.091717,0.091708
32.319000,0.091768,0.091765
32.320000,0.091800,0.091796
32.321000,0.091825,0.091819
32.322000,0.091838,0.091834
32.323000,0.091850,0.091850
32.324000,0.091863,0.091860
32.325000,0.091866,0.091860
32.326000,0.091872,0.091872
32.327000,0.091875,0.091872
32.328000,0.091882,0.091879
32.329000,0.091885,0.091879
32.330000,0.091888,0.091882
32.331000,0.091888,0.091885
32.332000,0.091891,0.091882
32.333000,0.091888,0.091882
32.334000,0.091891,0.091885
32.335000,0.091891,0.091885
32.336000,0.091898,0.091885
32.337000,0.091894,0.091888
32.338000,0.091891,0.091888
32.339000,0.091894,0.091888
32.340000,0.091894,0.091888
32.341000,0.091891,0.091888
32.342000,0.091894,0.091891
32.343000,0.091894,0.091888
32.344000,0.091898,0.091891
32.345000,0.091894,0.091888
32.346000,0.091894,0.091891
32.347000,0.091894,0.091888
32.348000,0.091891,0.091891
32.349000,0.091894,0.091888
32.350000,0.091894,0.091891
32.351000,0.091894,0.091891
32.352000,0.091891,0.091894
32.353000,0.091894,0.091894
32.354000,0.091901,0.091894
32.355000,0.091898,0.091888
32.356000,0.091898,0.091891
32.357000,0.091894,0.091894
32.358000,0.091894,0.091891
32.359000,0.091894,0.091894
32.360000,0.091894,0.091891
32.361000,0.091898,0.091898
32.362000,0.091898,0.091894
32.363000,0.091894,0.091891
32.364000,0.091894,0.091894
32.365000,0.091664,0.091654
32.366000,0.091471,0.091471
32.367000,0.091363,0.091363
32.368000,0.091293,0.091293
32.369000,0.091246,0.091246
32.370000,0.091217,0.091211
32.371000,0.091192,0.091186
32.372000,0.091173,0.091173
32.373000,0.091154,0.091157
32.374000,0.091154,0.091148
32.375000,0.091142,0.091138
32.376000,0.091138,0.091135
32.377000,0.091135,0.091129
32.378000,0.091132,0.091126
32.379000,0.091129,0.091129
32.380000,0.091126,0.091126
32.381000,0.091126,0.091123
32.382000,0.091126,0.091123
32.383000,0.091126,0.091116
32.384000,0.091164,0.091157
32.385000,0.091138,0.091138
32.386000,0.091132,0.091132
32.387000,0.091126,0.091123
32.388000,0.091126,0.091116
32.389000,0.091123,0.091113
32.390000,0.091119,0.091110
32.391000,0.091116,0.091110
32.392000,0.091119,0.091113
32.393000,0.091116,0.091113
32.394000,0.091110,0.091110
32.395000,0.091110,0.091104
32.396000,0.091110,0.091110
32.397000,0.091113,0.091107
32.398000,0.091110,0.091110
32.399000,0.091110,0.091107
32.400000,0.091110,0.091104
32.401000,0.091110,0.091104
32.402000,0.091113,0.091110
32.403000,0.091110,0.091110
32.404000,0.091113,0.091104
32.405000,0.091110,0.091107
32.406000,0.091107,0.091110
32.407000,0.091107,0.091104
32.408000,0.091113,0.091104
32.409000,0.091110,0.091104
32.410000,0.091116,0.091104
32.411000,0.091110,0.091107
32.412000,0.091110,0.091107
32.413000,0.091104,0.091100
32.414000,0.091104,0.091110
32.415000,0.091344,0.091344
32.416000,0.091531,0.091527
32.417000,0.091635,0.091632
32.418000,0.091705,0.091695
32.419000,0.091758,0.091752
32.420000,0.091790,0.091784
32.421000,0.091815,0.091806
32.422000,0.091828,0.091825
32.423000,0.091847,0.091841
32.424000,0.091856,0.091847
32.425000,0.091860,0.091856
32.426000,0.091869,0.091860
32.427000,0.091875,0.091869
32.428000,0.091875,0.091872
32.429000,0.091885,0.091875
32.430000,0.091882,0.091882
32.431000,0.091888,0.091879
32.432000,0.091891,0.091885
32.433000,0.091888,0.091882
32.434000,0.091888,0.091888
32.435000,0.091891,0.091888
32.436000,0.091894,0.091888
32.437000,0.091894,0.091888
32.438000,0.091894,0.091888
32.439000,0.091891,0.091885
32.440000,0.091898,0.091888
32.441000,0.091894,0.091885
32.442000,0.091891,0.091891
32.443000,0.091894,0.091891
32.444000,0.091888,0.091891
32.445000,0.091894,0.091888
32.446000,0.091894,0.091894
32.447000,0.091898,0.091888
32.448000,0.091894,0.091894
32.449000,0.091898,0.091888
32.450000,0.091894,0.091894
32.451000,0.091894,0.091891
32.452000,0.091894,0.091891
32.453000,0.091894,0.091891
32.454000,0.091894,0.091891
32.455000,0.091894,0.091891
32.456000,0.091894,0.091891
32.457000,0.091894,0.091891
32.458000,0.091894,0.091894
32.459000,0.091898,0.091888
32.460000,0.091898,0.091894
32.461000,0.091898,0.091891
32.462000,0.091898,0.091894
32.463000,0.091901,0.091894
32.464000,0.091898,0.091891
32.465000,0.091667,0.091660
32.466000,0.091471,0.091471
32.467000,0.091379,0.091379
32.468000,0.091395,0.091391
32.469000,0.091391,0.091385
32.470000,0.091376,0.091379
32.471000,0.091372,0.091369
32.472000,0.091369,0.091360
32.473000,0.091363,0.091357
32.474000,0.091357,0.091347
32.475000,0.091350,0.091357
32.476000,0.091353,0.091347
32.477000,0.091353,0.091350
32.478000,0.091353,0.091350
32.479000,0.091347,0.091344
32.480000,0.091347,0.091344
32.481000,0.091347,0.091350
32.482000,0.091347,0.091347
32.483000,0.091344,0.091344
32.484000,0.091344,0.091344
32.485000,0.091350,0.091341
32.486000,0.091347,0.091341
32.487000,0.091347,0.091341
32.488000,0.091344,0.091341
32.489000,0.091344,0.091341
32.490000,0.091344,0.091344
32.491000,0.091344,0.091341
32.492000,0.091347,0.091341
32.493000,0.091347,0.091338
32.494000,0.091347,0.091347
32.495000,0.091341,0.091338
32.496000,0.091344,0.091344
32.497000,0.091344,0.091341
32.498000,0.091344,0.091341
32.499000,0.091347,0.091341
33.000000,0.091341,0.091344
33.001000,0.091344,0.091338
33.002000,0.091347,0.091341
33.003000,0.091344,0.091344
33.004000,0.091344,0.091341
33.005000,0.091344,0.091338
33.006000,0.091344,0.091338
33.007000,0.091347,0.091338
33.008000,0.091344,0.091341
33.009000,0.091328,0.091322
33.010000,0.091246,0.091243
33.011000,0.091205,0.091195
33.012000,0.091186,0.091186
33.013000,0.091167,0.091167
33.014000,0.091154,0.091148
33.015000,0.091376,0.091372
33.016000,0.091556,0.091559
33.017000,0.091660,0.091657
33.018000,0.091724,0.091720
33.019000,0.091771,0.091765
33.020000,0.091809,0.091803
33.021000,0.091825,0.091822
33.022000,0.091847,0.091844
33.023000,0.091856,0.091853
33.024000,0.091866,0.091863
33.025000,0.091869,0.091869
33.026000,0.091879,0.091875
33.027000,0.091879,0.091875
33.028000,0.091882,0.091879
33.029000,0.091885,0.091879
33.030000,0.091888,0.091882
33.031000,0.091888,0.091888
33.032000,0.091894,0.091885
33.033000,0.091888,0.091888
33.034000,0.091891,0.091888
33.035000,0.091894,0.091888
33.036000,0.091891,0.091891
33.037000,0.091894,0.091891
33.038000,0.091898,0.091888
33.039000,0.091894,0.091891
33.040000,0.091891,0.091888
33.041000,0.091894,0.091894
33.042000,0.091898,0.091888
33.043000,0.091894,0.091894
33.044000,0.091891,0.091888
33.045000,0.091894,0.091891
33.046000,0.091898,0.091894
33.047000,0.091898,0.091888
33.048000,0.091901,0.091891
33.049000,0.091898,0.091894
33.050000,0.091901,0.091894
33.051000,0.091917,0.091907
33.052000,0.091980,0.091970
33.053000,0.091936,0.091932
33.054000,0.091923,0.091917
33.055000,0.091910,0.091907
33.056000,0.091913,0.091904
33.057000,0.091910,0.091907
33.058000,0.091907,0.091901
33.059000,0.091904,0.091898
33.060000,0.091901,0.091898
33.061000,0.091904,0.091894
33.062000,0.091904,0.091891
33.063000,0.091898,0.091894
33.064000,0.091901,0.091894
33.065000,0.091667,0.091660
33.066000,0.091471,0.091471
33.067000,0.091366,0.091360
33.068000,0.091293,0.091293
33.069000,0.091249,0.091246
33.070000,0.091214,0.091217
33.071000,0.091192,0.091195
33.072000,0.091173,0.091167
33.073000,0.091161,0.091161
33.074000,0.091154,0.091148
33.075000,0.091142,0.091142
33.076000,0.091138,0.091138
33.077000,0.091138,0.091129
33.078000,0.091132,0.091132
33.079000,0.091132,0.091129
33.080000,0.091132,0.091126
33.081000,0.091126,0.091123
33.082000,0.091129,0.091123
33.083000,0.091123,0.091123
33.084000,0.091129,0.091123
33.085000,0.091123,0.091123
33.086000,0.091123,0.091119
33.087000,0.091129,0.091123
33.088000,0.091123,0.091119
33.089000,0.091123,0.091116
33.090000,0.091126,0.091116
33.091000,0.091123,0.091119
33.092000,0.091123,0.091113
33.093000,0.091123,0.091119
33.094000,0.091126,0.091116
33.095000,0.091126,0.091116
33.096000,0.091119,0.091113
33.097000,0.091123,0.091116
33.098000,0.091116,0.091113
33.099000,0.091123,0.091110
33.100000,0.091123,0.091110
33.101000,0.091116,0.091116
33.102000,0.091116,0.091113
33.103000,0.091116,0.091110
33.104000,0.091119,0.091113
33.105000,0.091116,0.091116
33.106000,0.091116,0.091116
33.107000,0.091123,0.091113
33.108000,0.091123,0.091123
33.109000,0.091116,0.091116
33.110000,0.091123,0.091116
33.111000,0.091116,0.091116
33.112000,0.091119,0.091113
33.113000,0.091116,0.091116
33.114000,0.091119,0.091113
33.115000,0.091344,0.091341
33.116000,0.091534,0.091534
33.117000,0.091641,0.091641
33.118000,0.091711,0.091711
33.119000,0.091762,0.091762
33.120000,0.091793,0.091793
33.121000,0.091819,0.091815
33.122000,0.091841,0.091834
33.123000,0.091856,0.091850
33.124000,0.091863,0.091860
33.125000,0.091872,0.091866
33.126000,0.091872,0.091872
33.127000,0.091882,0.091875
33.128000,0.091885,0.091882
33.129000,0.091888,0.091882
33.130000,0.091888,0.091882
33.131000,0.091888,0.091885
33.132000,0.091894,0.091888
33.133000,0.091891,0.091885
33.134000,0.091891,0.091888
33.135000,0.091894,0.091888
33.136000,0.091888,0.091888
33.137000,0.091894,0.091888
33.138000,0.091894,0.091888
33.139000,0.091891,0.091888
33.140000,0.091936,0.091932
33.141000,0.091913,0.091907
33.142000,0.091907,0.091901
33.143000,0.091901,0.091891
33.144000,0.091894,0.091891
33.145000,0.091894,0.091885
33.146000,0.091891,0.091885
33.147000,0.091894,0.091885
33.148000,0.091888,0.091885
33.149000,0.091888,0.091888
33.150000,0.091891,0.091885
33.151000,0.091888,0.091885
33.152000,0.091891,0.091885
33.153000,0.091888,0.091885
33.154000,0.091882,0.091882
33.155000,0.091888,0.091885
33.156000,0.091891,0.091885
33.157000,0.091888,0.091885
33.158000,0.091891,0.091885
33.159000,0.091891,0.091888
33.160000,0.091888,0.091888
33.161000,0.091891,0.091885
33.162000,0.091885,0.091885
33.163000,0.091891,0.091888
33.164000,0.091888,0.091882
33.165000,0.091660,0.091651
33.166000,0.091471,0.091461
33.167000,0.091357,0.091357
33.168000,0.091287,0.091281
33.169000,0.091243,0.091236
33.170000,0.091211,0.091205
33.171000,0.091189,0.091179
33.172000,0.091167,0.091157
33.173000,0.091154,0.091157
33.174000,0.091145,0.091135
33.175000,0.091135,0.091132
33.176000,0.091129,0.091129
33.177000,0.091129,0.091123
33.178000,0.091123,0.091123
33.179000,0.091119,0.091123
33.180000,0.091119,0.091119
33.181000,0.091116,0.091116
33.182000,0.091116,0.091113
33.183000,0.091116,0.091110
33.184000,0.091113,0.091113
33.185000,0.091113,0.091113
33.186000,0.091126,0.091116
33.187000,0.091116,0.091116
33.188000,0.091119,0.091116
33.189000,0.091119,0.091113
33.190000,0.091116,0.091116
33.191000,0.091123,0.091116
33.192000,0.091119,0.091116
33.193000,0.091119,0.091116
33.194000,0.091116,0.091113
33.195000,0.091113,0.091113
33.196000,0.091119,0.091113
33.197000,0.091119,0.091116
33.198000,0.091119,0.091116
33.199000,0.091116,0.091116
33.200000,0.091116,0.091110
33.201000,0.091116,0.091113
33.202000,0.091116,0.091113
33.203000,0.091126,0.091123
33.204000,0.091119,0.091116
33.205000,0.091119,0.091113
33.206000,0.091123,0.091113
33.207000,0.091116,0.091113
33.208000,0.091116,0.091113
33.209000,0.091119,0.091113
33.210000,0.091113,0.091113
33.211000,0.091113,0.091113
33.212000,0.091113,0.091110
33.213000,0.091119,0.091113
33.214000,0.091116,0.091116
33.215000,0.091344,0.091347
33.216000,0.091534,0.091534
33.217000,0.091641,0.091641
33.218000,0.091711,0.091711
33.219000,0.091762,0.091755
33.220000,0.091793,0.091793
33.221000,0.091819,0.091815
33.222000,0.091834,0.091834
33.223000,0.091850,0.091847
33.224000,0.091860,0.091850
33.225000,0.091869,0.091863
33.226000,0.091891,0.091894
33.227000,0.091970,0.091964
33.228000,0.092018,0.092015
33.229000,0.092049,0.092037
33.230000,0.092065,0.092062
33.231000,0.092078,0.092075
33.232000,0.092087,0.092087
33.233000,0.092097,0.092091
33.234000,0.092100,0.092103
33.235000,0.092106,0.092100
33.236000,0.092113,0.092103
33.237000,0.092113,0.092103
33.238000,0.092110,0.092113
33.239000,0.092113,0.092110
33.240000,0.092113,0.092116
33.241000,0.092113,0.092110
33.242000,0.092116,0.092110
33.243000,0.092116,0.092110
33.244000,0.092116,0.092116
33.245000,0.092119,0.092113
33.246000,0.092116,0.092116
33.247000,0.092119,0.092113
33.248000,0.092116,0.092113
33.249000,0.092122,0.092116
33.250000,0.092122,0.092113
33.251000,0.092122,0.092119
33.252000,0.092116,0.092116
33.253000,0.092119,0.092113
33.254000,0.092122,0.092116
33.255000,0.092119,0.092119
33.256000,0.092119,0.092116
33.257000,0.092119,0.092116
33.258000,0.092119,0.092116
33.259000,0.092125,0.092116
33.260000,0.092125,0.092119
33.261000,0.092122,0.092116
33.262000,0.092119,0.092116
33.263000,0.092122,0.092116
33.264000,0.092122,0.092116
33.265000,0.091888,0.091882
33.266000,0.091705,0.091692
33.267000,0.091591,0.091584
33.268000,0.091509,0.091502
33.269000,0.091376,0.091372
33.270000,0.091306,0.091300
33.271000,0.091252,0.091249
33.272000,0.091217,0.091217
33.273000,0.091195,0.091192
33.274000,0.091179,0.091176
33.275000,0.091167,0.091161
33.276000,0.091157,0.091154
33.277000,0.091145,0.091142
33.278000,0.091142,0.091142
33.279000,0.091138,0.091135
33.280000,0.091132,0.091129
33.281000,0.091129,0.091129
33.282000,0.091129,0.091123
33.283000,0.091129,0.091123
33.284000,0.091129,0.091123
33.285000,0.091123,0.091119
33.286000,0.091126,0.091123
33.287000,0.091126,0.091119
33.288000,0.091119,0.091116
33.289000,0.091123,0.091119
33.290000,0.091123,0.091119
33.291000,0.091123,0.091116
33.292000,0.091123,0.091116
33.293000,0.091119,0.091123
33.294000,0.091119,0.091119
33.295000,0.091116,0.091110
33.296000,0.091123,0.091113
33.297000,0.091116,0.091116
33.298000,0.091129,0.091126
33.299000,0.091126,0.091123
33.300000,0.091119,0.091123
33.301000,0.091123,0.091116
33.302000,0.091116,0.091116
33.303000,0.091119,0.091116
33.304000,0.091119,0.091113
33.305000,0.091119,0.091116
33.306000,0.091113,0.091116
33.307000,0.091119,0.091110
33.308000,0.091116,0.091119
33.309000,0.091116,0.091113
33.310000,0.091132,0.091132
33.311000,0.091192,0.091195
33.312000,0.091161,0.091154
33.313000,0.091142,0.091138
33.314000,0.091132,0.091129
33.315000,0.091357,0.091353
33.316000,0.091543,0.091546
33.317000,0.091648,0.091645
33.318000,0.091720,0.091714
33.319000,0.091762,0.091762
33.320000,0.091803,0.091796
33.321000,0.091822,0.091819
33.322000,0.091841,0.091834
33.323000,0.091850,0.091853
33.324000,0.091863,0.091860
33.325000,0.091872,0.091869
33.326000,0.091879,0.091869
33.327000,0.091875,0.091879
33.328000,0.091885,0.091882
33.329000,0.091885,0.091888
33.330000,0.091891,0.091879
33.331000,0.091888,0.091885
33.332000,0.091891,0.091888
33.333000,0.091891,0.091888
33.334000,0.091888,0.091885
33.335000,0.091891,0.091888
33.336000,0.091894,0.091888
33.337000,0.091891,0.091888
33.338000,0.091894,0.091888
33.339000,0.091894,0.091888
33.340000,0.091894,0.091891
33.341000,0.091894,0.091891
33.342000,0.091894,0.091891
33.343000,0.091894,0.091891
33.344000,0.091894,0.091894
33.345000,0.091894,0.091891
33.346000,0.091894,0.091891
33.347000,0.091894,0.091891
33.348000,0.091894,0.091888
33.349000,0.091901,0.091888
33.350000,0.091901,0.091894
33.351000,0.091894,0.091894
33.352000,0.091894,0.091894
33.353000,0.091898,0.091888
33.354000,0.091894,0.091891
33.355000,0.091894,0.091898
33.356000,0.091901,0.091888
33.357000,0.091894,0.091891
33.358000,0.091901,0.091891
33.359000,0.091894,0.091891
33.360000,0.091894,0.091894
33.361000,0.091901,0.091894
33.362000,0.091894,0.091888
33.363000,0.091898,0.091894
33.364000,0.091898,0.091894
33.365000,0.091667,0.091660
33.366000,0.091471,0.091471
33.367000,0.091366,0.091366
33.368000,0.091300,0.091297
33.369000,0.091252,0.091249
33.370000,0.091217,0.091214
33.371000,0.091195,0.091189
33.372000,0.091170,0.091167
33.373000,0.091164,0.091161
33.374000,0.091148,0.091151
33.375000,0.091145,0.091142
33.376000,0.091135,0.091135
33.377000,0.091132,0.091132
33.378000,0.091135,0.091129
33.379000,0.091132,0.091126
33.380000,0.091132,0.091126
33.381000,0.091129,0.091126
33.382000,0.091126,0.091119
33.383000,0.091129,0.091123
33.384000,0.091123,0.091119
33.385000,0.091126,0.091123
33.386000,0.091126,0.091116
33.387000,0.091123,0.091123
33.388000,0.091123,0.091119
33.389000,0.091116,0.091116
33.390000,0.091123,0.091116
33.391000,0.091123,0.091116
33.392000,0.091119,0.091119
33.393000,0.091132,0.091129
33.394000,0.091123,0.091123
33.395000,0.091123,0.091119
33.396000,0.091164,0.091161
33.397000,0.091142,0.091135
33.398000,0.091132,0.091129
33.399000,0.091126,0.091119
33.400000,0.091123,0.091116
33.401000,0.091123,0.091113
33.402000,0.091116,0.091113
33.403000,0.091116,0.091107
33.404000,0.091116,0.091113
33.405000,0.091110,0.091113
33.406000,0.091110,0.091110
33.407000,0.091113,0.091104
33.408000,0.091107,0.091110
33.409000,0.091110,0.091107
33.410000,0.091110,0.091110
33.411000,0.091110,0.091100
33.412000,0.091110,0.091110
33.413000,0.091110,0.091110
33.414000,0.091110,0.091104
33.415000,0.091338,0.091335
33.416000,0.091527,0.091521
33.417000,0.091632,0.091632
33.418000,0.091708,0.091705
33.419000,0.091755,0.091755
33.420000,0.091790,0.091781
33.421000,0.091812,0.091806
33.422000,0.091831,0.091828
33.423000,0.091844,0.091834
33.424000,0.091853,0.091850
33.425000,0.091863,0.091856
33.426000,0.091863,0.091866
33.427000,0.091875,0.091866
33.428000,0.091872,0.091872
33.429000,0.091882,0.091875
33.430000,0.091875,0.091875
33.431000,0.091882,0.091875
33.432000,0.091879,0.091875
33.433000,0.091885,0.091882
33.434000,0.091885,0.091879
33.435000,0.091882,0.091879
33.436000,0.091885,0.091875
33.437000,0.091885,0.091882
33.438000,0.091888,0.091879
33.439000,0.091882,0.091879
33.440000,0.091882,0.091882
33.441000,0.091888,0.091879
33.442000,0.091885,0.091875
33.443000,0.091888,0.091879
33.444000,0.091888,0.091882
33.445000,0.091888,0.091888
33.446000,0.091891,0.091882
33.447000,0.091885,0.091885
33.448000,0.091885,0.091882
33.449000,0.091888,0.091882
33.450000,0.091891,0.091882
33.451000,0.091888,0.091882
33.452000,0.091888,0.091885
33.453000,0.091888,0.091885
33.454000,0.091888,0.091888
33.455000,0.091894,0.091888
33.456000,0.091894,0.091891
33.457000,0.091898,0.091885
33.458000,0.091891,0.091894
33.459000,0.091894,0.091894
33.460000,0.091891,0.091891
33.461000,0.091894,0.091888
33.462000,0.091894,0.091888
33.463000,0.091898,0.091888
33.464000,0.091894,0.091894
33.465000,0.091664,0.091664
33.466000,0.091474,0.091467
33.467000,0.091366,0.091363
33.468000,0.091293,0.091293
33.469000,0.091252,0.091246
33.470000,0.091217,0.091208
33.471000,0.091189,0.091186
33.472000,0.091173,0.091173
33.473000,0.091161,0.091161
33.474000,0.091148,0.091148
33.475000,0.091145,0.091138
33.476000,0.091142,0.091132
33.477000,0.091135,0.091132
33.478000,0.091132,0.091129
33.479000,0.091132,0.091123
33.480000,0.091129,0.091126
33.481000,0.091129,0.091126
33.482000,0.091126,0.091116
33.483000,0.091123,0.091119
33.484000,0.091126,0.091116
33.485000,0.091123,0.091116
33.486000,0.091123,0.091119
33.487000,0.091116,0.091116
33.488000,0.091129,0.091129
33.489000,0.091126,0.091123
33.490000,0.091123,0.091116
33.491000,0.091123,0.091119
33.492000,0.091119,0.091116
33.493000,0.091116,0.091119
33.494000,0.091142,0.091138
33.495000,0.091217,0.091221
33.496000,0.091262,0.091255
33.497000,0.091281,0.091281
33.498000,0.091300,0.091300
33.499000,0.091309,0.091306
34.000000,0.091322,0.091316
34.001000,0.091325,0.091322
34.002000,0.091328,0.091328
34.003000,0.091335,0.091328
34.004000,0.091338,0.091335
34.005000,0.091335,0.091331
34.006000,0.091338,0.091335
34.007000,0.091338,0.091338
34.008000,0.091338,0.091338
34.009000,0.091341,0.091335
34.010000,0.091338,0.091335
34.011000,0.091338,0.091335
34.012000,0.091338,0.091338
34.013000,0.091338,0.091338
34.014000,0.091331,0.091341
34.015000,0.091572,0.091572
34.016000,0.091762,0.091762
34.017000,0.091869,0.091866
34.018000,0.091939,0.091932
34.019000,0.091983,0.091983
34.020000,0.092021,0.092012
34.021000,0.092043,0.092040
34.022000,0.092059,0.092059
34.023000,0.092075,0.092072
34.024000,0.092087,0.092084
34.025000,0.092097,0.092091
34.026000,0.092100,0.092094
34.027000,0.092103,0.092097
34.028000,0.092106,0.092100
34.029000,0.092106,0.092106
34.030000,0.092113,0.092103
34.031000,0.092113,0.092106
34.032000,0.092110,0.092110
34.033000,0.092119,0.092110
34.034000,0.092119,0.092116
34.035000,0.092122,0.092113
34.036000,0.092097,0.092094
34.037000,0.092021,0.092015
34.038000,0.091980,0.091977
34.039000,0.091955,0.091955
34.040000,0.091939,0.091932
34.041000,0.091926,0.091920
34.042000,0.091917,0.091913
34.043000,0.091913,0.091907
34.044000,0.091913,0.091907
34.045000,0.091901,0.091904
34.046000,0.091904,0.091901
34.047000,0.091901,0.091894
34.048000,0.091901,0.091894
34.049000,0.091898,0.091901
34.050000,0.091901,0.091894
34.051000,0.091901,0.091891
34.052000,0.091894,0.091888
34.053000,0.091901,0.091894
34.054000,0.091898,0.091891
34.055000,0.091894,0.091894
34.056000,0.091894,0.091894
34.057000,0.091894,0.091888
34.058000,0.091898,0.091894
34.059000,0.091894,0.091894
34.060000,0.091894,0.091894
34.061000,0.091898,0.091894
34.062000,0.091891,0.091888
34.063000,0.091898,0.091894
34.064000,0.091901,0.091901
34.065000,0.091667,0.091660
34.066000,0.091480,0.091467
34.067000,0.091369,0.091363
34.068000,0.091297,0.091297
34.069000,0.091252,0.091249
34.070000,0.091217,0.091214
34.071000,0.091195,0.091189
34.072000,0.091176,0.091170
34.073000,0.091157,0.091157
34.074000,0.091151,0.091148
34.075000,0.091145,0.091142
34.076000,0.091142,0.091135
34.077000,0.091138,0.091129
34.078000,0.091148,0.091145
34.079000,0.091211,0.091208
34.080000,0.091170,0.091167
34.081000,0.091154,0.091148
34.082000,0.091148,0.091135
34.083000,0.091151,0.091142
34.084000,0.091138,0.091135
34.085000,0.091132,0.091129
34.086000,0.091132,0.091126
34.087000,0.091126,0.091123
34.088000,0.091123,0.091123
34.089000,0.091116,0.091123
34.090000,0.091126,0.091119
34.091000,0.091123,0.091119
34.092000,0.091119,0.091119
34.093000,0.091126,0.091119
34.094000,0.091119,0.091116
34.095000,0.091123,0.091116
34.096000,0.091123,0.091113
34.097000,0.091116,0.091116
34.098000,0.091123,0.091110
34.099000,0.091126,0.091116
34.100000,0.091116,0.091113
34.101000,0.091123,0.091116
34.102000,0.091119,0.091116
34.103000,0.091119,0.091110
34.104000,0.091123,0.091113
34.105000,0.091116,0.091119
34.106000,0.091116,0.091116
34.107000,0.091116,0.091116
34.108000,0.091123,0.091113
34.109000,0.091116,0.091113
34.110000,0.091119,0.091113
34.111000,0.091116,0.091113
34.112000,0.091119,0.091110
34.113000,0.091119,0.091116
34.114000,0.091116,0.091110
34.115000,0.091344,0.091347
34.116000,0.091534,0.091531
34.117000,0.091638,0.091638
34.118000,0.091714,0.091708
34.119000,0.091758,0.091752
34.120000,0.091800,0.091790
34.121000,0.091822,0.091819
34.122000,0.091838,0.091834
34.123000,0.091850,0.091850
34.124000,0.091863,0.091860
34.125000,0.091869,0.091866
34.126000,0.091872,0.091869
34.127000,0.091875,0.091875
34.128000,0.091879,0.091879
34.129000,0.091882,0.091879
34.130000,0.091885,0.091879
34.131000,0.091885,0.091882
34.132000,0.091888,0.091888
34.133000,0.091894,0.091888
34.134000,0.091888,0.091885
34.135000,0.091894,0.091882
34.136000,0.091885,0.091888
34.137000,0.091891,0.091888
34.138000,0.091891,0.091885
34.139000,0.091891,0.091888
34.140000,0.091894,0.091888
34.141000,0.091898,0.091888
34.142000,0.091891,0.091888
34.143000,0.091894,0.091885
34.144000,0.091891,0.091891
34.145000,0.091894,0.091888
34.146000,0.091891,0.091888
34.147000,0.091894,0.091888
34.148000,0.091891,0.091888
34.149000,0.091894,0.091885
34.150000,0.091894,0.091891
34.151000,0.091898,0.091888
34.152000,0.091939,0.091932
34.153000,0.091910,0.091910
34.154000,0.091904,0.091898
34.155000,0.091898,0.091894
34.156000,0.091894,0.091891
34.157000,0.091894,0.091891
34.158000,0.091894,0.091891
34.159000,0.091891,0.091894
34.160000,0.091891,0.091888
34.161000,0.091891,0.091888
34.162000,0.091891,0.091885
34.163000,0.091888,0.091882
34.164000,0.091888,0.091885
34.165000,0.091657,0.091648
34.166000,0.091464,0.091464
34.167000,0.091360,0.091353
34.168000,0.091290,0.091287
34.169000,0.091243,0.091243
34.170000,0.091211,0.091205
34.171000,0.091183,0.091179
34.172000,0.091167,0.091161
34.173000,0.091154,0.091154
34.174000,0.091138,0.091142
34.175000,0.091135,0.091132
34.176000,0.091129,0.091129
34.177000,0.091126,0.091126
34.178000,0.091132,0.091132
34.179000,0.091129,0.091123
34.180000,0.091123,0.091119
34.181000,0.091119,0.091116
34.182000,0.091116,0.091116
34.183000,0.091116,0.091113
34.184000,0.091116,0.091110
34.185000,0.091110,0.091107
34.186000,0.091116,0.091110
34.187000,0.091119,0.091110
34.188000,0.091116,0.091107
34.189000,0.091113,0.091107
34.190000,0.091110,0.091104
34.191000,0.091110,0.091113
34.192000,0.091110,0.091104
34.193000,0.091113,0.091110
34.194000,0.091110,0.091107
34.195000,0.091110,0.091107
34.196000,0.091110,0.091107
34.197000,0.091110,0.091100
34.198000,0.091110,0.091104
34.199000,0.091104,0.091104
34.200000,0.091110,0.091110
34.201000,0.091113,0.091097
34.202000,0.091113,0.091104
34.203000,0.091107,0.091107
34.204000,0.091110,0.091107
34.205000,0.091116,0.091113
34.206000,0.091113,0.091113
34.207000,0.091110,0.091107
34.208000,0.091113,0.091110
34.209000,0.091113,0.091110
34.210000,0.091110,0.091110
34.211000,0.091119,0.091110
34.212000,0.091116,0.091110
34.213000,0.091116,0.091107
34.214000,0.091110,0.091110
34.215000,0.091344,0.091341
34.216000,0.091534,0.091527
34.217000,0.091641,0.091638
34.218000,0.091711,0.091711
34.219000,0.091762,0.091752
34.220000,0.091793,0.091790
34.221000,0.091815,0.091812
34.222000,0.091834,0.091831
34.223000,0.091844,0.091844
34.224000,0.091856,0.091856
34.225000,0.091866,0.091863
34.226000,0.091872,0.091869
34.227000,0.091879,0.091872
34.228000,0.091879,0.091872
34.229000,0.091882,0.091879
34.230000,0.091882,0.091875
34.231000,0.091888,0.091882
34.232000,0.091888,0.091882
34.233000,0.091888,0.091885
34.234000,0.091888,0.091882
34.235000,0.091885,0.091885
34.236000,0.091891,0.091885
34.237000,0.091888,0.091885
34.238000,0.091888,0.091885
34.239000,0.091894,0.091888
34.240000,0.091888,0.091888
34.241000,0.091888,0.091888
34.242000,0.091891,0.091888
34.243000,0.091891,0.091888
34.244000,0.091910,0.091907
34.245000,0.091989,0.091986
34.246000,0.092034,0.092030
34.247000,0.092053,0.092053
34.248000,0.092072,0.092065
34.249000,0.092084,0.092081
34.250000,0.092091,0.092084
34.251000,0.092103,0.092097
34.252000,0.092110,0.092097
34.253000,0.092110,0.092103
34.254000,0.092116,0.092106
34.255000,0.092116,0.092110
34.256000,0.092116,0.092113
34.257000,0.092113,0.092116
34.258000,0.092113,0.092110
34.259000,0.092122,0.092113
34.260000,0.092116,0.092110
34.261000,0.092116,0.092116
34.262000,0.092119,0.092110
34.263000,0.092122,0.092113
34.264000,0.092119,0.092116
34.265000,0.091891,0.091879
34.266000,0.091698,0.091698
34.267000,0.091588,0.091581
34.268000,0.091515,0.091521
34.269000,0.091474,0.091474
34.270000,0.091445,0.091442
34.271000,0.091417,0.091410
34.272000,0.091398,0.091398
34.273000,0.091382,0.091382
34.274000,0.091376,0.091376
34.275000,0.091369,0.091366
34.276000,0.091363,0.091363
34.277000,0.091363,0.091357
34.278000,0.091363,0.091353
34.279000,0.091353,0.091353
34.280000,0.091353,0.091350
34.281000,0.091350,0.091353
34.282000,0.091350,0.091347
34.283000,0.091350,0.091347
34.284000,0.091347,0.091350
34.285000,0.091350,0.091344
34.286000,0.091331,0.091328
34.287000,0.091252,0.091246
34.288000,0.091208,0.091202
34.289000,0.091183,0.091179
34.290000,0.091167,0.091161
34.291000,0.091151,0.091151
34.292000,0.091148,0.091142
34.293000,0.091138,0.091138
34.294000,0.091135,0.091135
34.295000,0.091129,0.091126
34.296000,0.091129,0.091126
34.297000,0.091126,0.091123
34.298000,0.091129,0.091119
34.299000,0.091123,0.091119
34.300000,0.091126,0.091116
34.301000,0.091126,0.091116
34.302000,0.091123,0.091113
34.303000,0.091119,0.091119
34.304000,0.091119,0.091116
34.305000,0.091116,0.091116
34.306000,0.091116,0.091113
34.307000,0.091116,0.091110
34.308000,0.091119,0.091116
34.309000,0.091116,0.091110
34.310000,0.091119,0.091113
34.311000,0.091116,0.091110
34.312000,0.091116,0.091113
34.313000,0.091119,0.091110
34.314000,0.091113,0.091110
34.315000,0.091347,0.091344
34.316000,0.091534,0.091534
34.317000,0.091645,0.091638
34.318000,0.091711,0.091711
34.319000,0.091758,0.091758
34.320000,0.091800,0.091793
34.321000,0.091822,0.091815
34.322000,0.091838,0.091841
34.323000,0.091853,0.091847
34.324000,0.091866,0.091856
34.325000,0.091866,0.091863
34.326000,0.091875,0.091872
34.327000,0.091875,0.091875
34.328000,0.091894,0.091891
34.329000,0.091964,0.091955
34.330000,0.091920,0.091923
34.331000,0.091913,0.091904
34.332000,0.091904,0.091901
34.333000,0.091904,0.091894
34.334000,0.091894,0.091894
34.335000,0.091894,0.091894
34.336000,0.091894,0.091888
34.337000,0.091898,0.091894
34.338000,0.091891,0.091891
34.339000,0.091894,0.091888
34.340000,0.091891,0.091891
34.341000,0.091888,0.091894
34.342000,0.091894,0.091888
34.343000,0.091898,0.091894
34.344000,0.091894,0.091891
34.345000,0.091894,0.091894
34.346000,0.091894,0.091891
34.347000,0.091898,0.091894
34.348000,0.091894,0.091894
34.349000,0.091894,0.091888
34.350000,0.091898,0.091891
34.351000,0.091894,0.091898
34.352000,0.091894,0.091891
34.353000,0.091891,0.091894
34.354000,0.091894,0.091888
34.355000,0.091901,0.091885
34.356000,0.091894,0.091888
34.357000,0.091894,0.091891
34.358000,0.091891,0.091898
34.359000,0.091894,0.091894
34.360000,0.091894,0.091894
34.361000,0.091898,0.091894
34.362000,0.091898,0.091891
34.363000,0.091898,0.091894
34.364000,0.091898,0.091894
34.365000,0.091667,0.091660
34.366000,0.091477,0.091467
34.367000,0.091366,0.091363
34.368000,0.091300,0.091293
34.369000,0.091262,0.091259
34.370000,0.091224,0.091217
34.371000,0.091189,0.091192
34.372000,0.091179,0.091176
34.373000,0.091161,0.091161
34.374000,0.091154,0.091151
34.375000,0.091142,0.091142
34.376000,0.091138,0.091135
34.377000,0.091135,0.091135
34.378000,0.091132,0.091126
34.379000,0.091129,0.091126
34.380000,0.091126,0.091123
34.381000,0.091129,0.091126
34.382000,0.091126,0.091126
34.383000,0.091123,0.091126
34.384000,0.091123,0.091123
34.385000,0.091126,0.091119
34.386000,0.091123,0.091119
34.387000,0.091116,0.091119
34.388000,0.091116,0.091116
34.389000,0.091119,0.091116
34.390000,0.091119,0.091116
34.391000,0.091119,0.091116
34.392000,0.091119,0.091113
34.393000,0.091116,0.091113
34.394000,0.091119,0.091113
34.395000,0.091119,0.091113
34.396000,0.091119,0.091116
34.397000,0.091119,0.091113
34.398000,0.091119,0.091110
34.399000,0.091113,0.091113
34.400000,0.091116,0.091116
34.401000,0.091119,0.091113
34.402000,0.091113,0.091119
34.403000,0.091119,0.091113
34.404000,0.091119,0.091110
34.405000,0.091119,0.091116
34.406000,0.091119,0.091110
34.407000,0.091116,0.091113
34.408000,0.091154,0.091157
34.409000,0.091138,0.091132
34.410000,0.091126,0.091119
34.411000,0.091123,0.091116
34.412000,0.091113,0.091110
34.413000,0.091113,0.091107
34.414000,0.091110,0.091113
34.415000,0.091338,0.091341
34.416000,0.091531,0.091531
34.417000,0.091641,0.091632
34.418000,0.091708,0.091701
34.419000,0.091755,0.091752
34.420000,0.091781,0.091787
34.421000,0.091819,0.091809
34.422000,0.091834,0.091828
34.423000,0.091844,0.091838
34.424000,0.091856,0.091847
34.425000,0.091860,0.091860
34.426000,0.091863,0.091860
34.427000,0.091869,0.091869
34.428000,0.091872,0.091866
34.429000,0.091875,0.091869
34.430000,0.091875,0.091869
34.431000,0.091879,0.091879
34.432000,0.091879,0.091875
34.433000,0.091882,0.091875
34.434000,0.091882,0.091872
34.435000,0.091882,0.091875
34.436000,0.091882,0.091875
34.437000,0.091885,0.091879
34.438000,0.091882,0.091882
34.439000,0.091882,0.091875
34.440000,0.091885,0.091882
34.441000,0.091882,0.091879
34.442000,0.091888,0.091885
34.443000,0.091885,0.091882
34.444000,0.091888,0.091882
34.445000,0.091882,0.091882
34.446000,0.091882,0.091885
34.447000,0.091885,0.091885
34.448000,0.091885,0.091882
34.449000,0.091888,0.091888
34.450000,0.091888,0.091885
34.451000,0.091888,0.091885
34.452000,0.091891,0.091888
34.453000,0.091891,0.091888
34.454000,0.091894,0.091888
34.455000,0.091894,0.091888
34.456000,0.091891,0.091888
34.457000,0.091891,0.091888
34.458000,0.091894,0.091888
34.459000,0.091898,0.091894
34.460000,0.091894,0.091891
34.461000,0.091894,0.091894
34.462000,0.091898,0.091891
34.463000,0.091894,0.091891
34.464000,0.091898,0.091891
34.465000,0.091676,0.091670
34.466000,0.091480,0.091477
34.467000,0.091366,0.091366
34.468000,0.091293,0.091293
34.469000,0.091249,0.091246
34.470000,0.091217,0.091211
34.471000,0.091192,0.091186
34.472000,0.091173,0.091173
34.473000,0.091161,0.091161
34.474000,0.091151,0.091151
34.475000,0.091145,0.091142
34.476000,0.091138,0.091135
34.477000,0.091135,0.091129
34.478000,0.091132,0.091129
34.479000,0.091132,0.091126
34.480000,0.091126,0.091126
34.481000,0.091129,0.091126
34.482000,0.091123,0.091119
34.483000,0.091116,0.091119
34.484000,0.091123,0.091119
34.485000,0.091116,0.091116
34.486000,0.091119,0.091116
34.487000,0.091119,0.091119
34.488000,0.091119,0.091116
34.489000,0.091113,0.091123
34.490000,0.091116,0.091116
34.491000,0.091116,0.091113
34.492000,0.091119,0.091116
34.493000,0.091129,0.091135
34.494000,0.091217,0.091214
34.495000,0.091255,0.091255
34.496000,0.091284,0.091281
34.497000,0.091300,0.091300
34.498000,0.091309,0.091306
34.499000,0.091316,0.091319
35.000000,0.091325,0.091319
35.001000,0.091328,0.091325
35.002000,0.091331,0.091328
35.003000,0.091335,0.091331
35.004000,0.091331,0.091328
35.005000,0.091331,0.091331
35.006000,0.091338,0.091331
35.007000,0.091335,0.091331
35.008000,0.091335,0.091331
35.009000,0.091338,0.091335
35.010000,0.091338,0.091338
35.011000,0.091338,0.091335
35.012000,0.091338,0.091335
35.013000,0.091338,0.091335
35.014000,0.091338,0.091335
35.015000,0.091569,0.091562
35.016000,0.091762,0.091755
35.017000,0.091866,0.091860
35.018000,0.091932,0.091932
35.019000,0.091986,0.091980
35.020000,0.092015,0.092015
35.021000,0.092046,0.092040
35.022000,0.092062,0.092059
35.023000,0.092075,0.092068
35.024000,0.092084,0.092078
35.025000,0.092094,0.092087
35.026000,0.092097,0.092094
35.027000,0.092100,0.092100
35.028000,0.092100,0.092106
35.029000,0.092106,0.092103
35.030000,0.092110,0.092110
35.031000,0.092116,0.092110
35.032000,0.092116,0.092110
35.033000,0.092113,0.092106
35.034000,0.092116,0.092110
35.035000,0.092103,0.092094
35.036000,0.092021,0.092012
35.037000,0.091977,0.091974
35.038000,0.091948,0.091948
35.039000,0.091936,0.091936
35.040000,0.091926,0.091923
35.041000,0.091920,0.091910
35.042000,0.091913,0.091913
35.043000,0.091913,0.091901
35.044000,0.091907,0.091901
35.045000,0.091901,0.091904
35.046000,0.091901,0.091898
35.047000,0.091901,0.091894
35.048000,0.091898,0.091894
35.049000,0.091901,0.091894
35.050000,0.091901,0.091894
35.051000,0.091901,0.091894
35.052000,0.091901,0.091891
35.053000,0.091898,0.091894
35.054000,0.091898,0.091888
35.055000,0.091891,0.091894
35.056000,0.091898,0.091894
35.057000,0.091898,0.091888
35.058000,0.091901,0.091894
35.059000,0.091898,0.091894
35.060000,0.091901,0.091891
35.061000,0.091898,0.091891
35.062000,0.091910,0.091901
35.063000,0.091904,0.091898
35.064000,0.091901,0.091894
35.065000,0.091667,0.091660
35.066000,0.091480,0.091467
35.067000,0.091363,0.091363
35.068000,0.091297,0.091293
35.069000,0.091252,0.091246
35.070000,0.091214,0.091211
35.071000,0.091192,0.091189
35.072000,0.091176,0.091170
35.073000,0.091157,0.091161
35.074000,0.091151,0.091145
35.075000,0.091145,0.091142
35.076000,0.091138,0.091135
35.077000,0.091151,0.091148
35.078000,0.091211,0.091208
35.079000,0.091167,0.091164
35.080000,0.091148,0.091151
35.081000,0.091135,0.091142
35.082000,0.091135,0.091135
35.083000,0.091132,0.091126
35.084000,0.091129,0.091123
35.085000,0.091126,0.091123
35.086000,0.091123,0.091123
35.087000,0.091126,0.091116
35.088000,0.091123,0.091116
35.089000,0.091126,0.091116
35.090000,0.091119,0.091119
35.091000,0.091123,0.091116
35.092000,0.091119,0.091116
35.093000,0.091116,0.091116
35.094000,0.091123,0.091116
35.095000,0.091113,0.091113
35.096000,0.091116,0.091116
35.097000,0.091116,0.091113
35.098000,0.091113,0.091113
35.099000,0.091123,0.091116
35.100000,0.091119,0.091113
35.101000,0.091116,0.091113
35.102000,0.091116,0.091113
35.103000,0.091116,0.091113
35.104000,0.091113,0.091113
35.105000,0.091116,0.091113
35.106000,0.091113,0.091110
35.107000,0.091116,0.091113
35.108000,0.091113,0.091113
35.109000,0.091116,0.091113
35.110000,0.091116,0.091113
35.111000,0.091113,0.091110
35.112000,0.091113,0.091113
35.113000,0.091116,0.091113
35.114000,0.091116,0.091110
35.115000,0.091344,0.091344
35.116000,0.091537,0.091531
35.117000,0.091641,0.091645
35.118000,0.091711,0.091711
35.119000,0.091762,0.091762
35.120000,0.091796,0.091790
35.121000,0.091819,0.091815
35.122000,0.091841,0.091831
35.123000,0.091847,0.091853
35.124000,0.091860,0.091856
35.125000,0.091869,0.091863
35.126000,0.091875,0.091869
35.127000,0.091875,0.091872
35.128000,0.091879,0.091872
35.129000,0.091879,0.091882
35.130000,0.091888,0.091882
35.131000,0.091888,0.091885
35.132000,0.091888,0.091885
35.133000,0.091891,0.091882
35.134000,0.091888,0.091885
35.135000,0.091891,0.091888
35.136000,0.091891,0.091882
35.137000,0.091894,0.091885
35.138000,0.091891,0.091888
35.139000,0.091894,0.091888
35.140000,0.091891,0.091888
35.141000,0.091891,0.091888
35.142000,0.091891,0.091891
35.143000,0.091894,0.091891
35.144000,0.091888,0.091894
35.145000,0.091898,0.091898
35.146000,0.091898,0.091891
35.147000,0.091894,0.091888
35.148000,0.091894,0.091894
35.149000,0.091894,0.091888
35.150000,0.091894,0.091888
35.151000,0.091894,0.091891
35.152000,0.091891,0.091891
35.153000,0.091894,0.091888
35.154000,0.091894,0.091891
35.155000,0.091901,0.091888
35.156000,0.091894,0.091888
35.157000,0.091894,0.091888
35.158000,0.091901,0.091898
35.159000,0.091901,0.091891
35.160000,0.091894,0.091894
35.161000,0.091898,0.091894
35.162000,0.091901,0.091888
35.163000,0.091898,0.091891
35.164000,0.091939,0.091929
35.165000,0.091683,0.091673
35.166000,0.091480,0.091477
35.167000,0.091363,0.091363
35.168000,0.091300,0.091297
35.169000,0.091246,0.091240
35.170000,0.091211,0.091211
35.171000,0.091192,0.091189
35.172000,0.091167,0.091167
35.173000,0.091154,0.091154
35.174000,0.091145,0.091142
35.175000,0.091135,0.091135
35.176000,0.091132,0.091132
35.177000,0.091123,0.091123
35.178000,0.091126,0.091123
35.179000,0.091116,0.091119
35.180000,0.091119,0.091116
35.181000,0.091123,0.091110
35.182000,0.091119,0.091113
35.183000,0.091110,0.091113
35.184000,0.091119,0.091107
35.185000,0.091116,0.091110
35.186000,0.091116,0.091107
35.187000,0.091116,0.091110
35.188000,0.091113,0.091113
35.189000,0.091113,0.091107
35.190000,0.091110,0.091104
35.191000,0.091110,0.091107
35.192000,0.091110,0.091104
35.193000,0.091110,0.091104
35.194000,0.091113,0.091107
35.195000,0.091107,0.091110
35.196000,0.091110,0.091107
35.197000,0.091110,0.091107
35.198000,0.091113,0.091104
35.199000,0.091107,0.091104
35.200000,0.091110,0.091104
35.201000,0.091107,0.091107
35.202000,0.091107,0.091104
35.203000,0.091104,0.091100
35.204000,0.091107,0.091107
35.205000,0.091110,0.091104
35.206000,0.091104,0.091100
35.207000,0.091107,0.091104
35.208000,0.091110,0.091100
35.209000,0.091104,0.091104
35.210000,0.091104,0.091104
35.211000,0.091110,0.091100
35.212000,0.091107,0.091100
35.213000,0.091104,0.091100
35.214000,0.091110,0.091104
35.215000,0.091341,0.091335
35.216000,0.091527,0.091531
35.217000,0.091638,0.091635
35.218000,0.091711,0.091708
35.219000,0.091758,0.091755
35.220000,0.091793,0.091787
35.221000,0.091822,0.091812
35.222000,0.091838,0.091834
35.223000,0.091847,0.091844
35.224000,0.091860,0.091853
35.225000,0.091866,0.091860
35.226000,0.091869,0.091863
35.227000,0.091872,0.091869
35.228000,0.091879,0.091875
35.229000,0.091885,0.091875
35.230000,0.091879,0.091875
35.231000,0.091888,0.091882
35.232000,0.091885,0.091879
35.233000,0.091885,0.091885
35.234000,0.091885,0.091879
35.235000,0.091888,0.091882
35.236000,0.091888,0.091882
35.237000,0.091888,0.091882
35.238000,0.091888,0.091888
35.239000,0.091888,0.091885
35.240000,0.091888,0.091888
35.241000,0.091894,0.091879
35.242000,0.091888,0.091888
35.243000,0.091885,0.091888
35.244000,0.091894,0.091888
35.245000,0.091888,0.091885
35.246000,0.091894,0.091882
35.247000,0.091894,0.091885
35.248000,0.091894,0.091891
35.249000,0.091888,0.091888
35.250000,0.091888,0.091882
35.251000,0.091891,0.091888
35.252000,0.091891,0.091885
35.253000,0.091901,0.091898
35.254000,0.091891,0.091894
35.255000,0.091913,0.091910
35.256000,0.091989,0.091986
35.257000,0.092034,0.092034
35.258000,0.092056,0.092053
35.259000,0.092075,0.092078
35.260000,0.092087,0.092084
35.261000,0.092094,0.092084
35.262000,0.092097,0.092094
35.263000,0.092103,0.092100
35.264000,0.092106,0.092106
35.265000,0.091875,0.091875
35.266000,0.091695,0.091686
35.267000,0.091584,0.091581
35.268000,0.091521,0.091515
35.269000,0.091471,0.091467
35.270000,0.091433,0.091436
35.271000,0.091414,0.091414
35.272000,0.091395,0.091395
35.273000,0.091385,0.091379
35.274000,0.091376,0.091369
35.275000,0.091366,0.091366
35.276000,0.091360,0.091357
35.277000,0.091353,0.091357
35.278000,0.091350,0.091353
35.279000,0.091353,0.091347
35.280000,0.091350,0.091344
35.281000,0.091341,0.091344
35.282000,0.091350,0.091344
35.283000,0.091344,0.091344
35.284000,0.091344,0.091341
35.285000,0.091347,0.091344
35.286000,0.091344,0.091338
35.287000,0.091341,0.091338
35.288000,0.091344,0.091338
35.289000,0.091344,0.091338
35.290000,0.091344,0.091338
35.291000,0.091341,0.091338
35.292000,0.091338,0.091341
35.293000,0.091338,0.091338
35.294000,0.091341,0.091338
35.295000,0.091344,0.091335
35.296000,0.091341,0.091341
35.297000,0.091322,0.091322
35.298000,0.091243,0.091240
35.299000,0.091202,0.091202
35.300000,0.091176,0.091176
35.301000,0.091154,0.091154
35.302000,0.091151,0.091148
35.303000,0.091142,0.091138
35.304000,0.091138,0.091129
35.305000,0.091126,0.091129
35.306000,0.091123,0.091123
35.307000,0.091123,0.091119
35.308000,0.091116,0.091116
35.309000,0.091119,0.091116
35.310000,0.091116,0.091116
35.311000,0.091116,0.091110
35.312000,0.091113,0.091113
35.313000,0.091116,0.091110
35.314000,0.091110,0.091110
35.315000,0.091341,0.091344
35.316000,0.091537,0.091531
35.317000,0.091641,0.091638
35.318000,0.091711,0.091708
35.319000,0.091758,0.091762
35.320000,0.091790,0.091787
35.321000,0.091819,0.091812
35.322000,0.091834,0.091831
35.323000,0.091850,0.091844
35.324000,0.091856,0.091853
35.325000,0.091866,0.091863
35.326000,0.091875,0.091869
35.327000,0.091872,0.091875
35.328000,0.091882,0.091875
35.329000,0.091882,0.091885
35.330000,0.091885,0.091879
35.331000,0.091885,0.091882
35.332000,0.091885,0.091888
35.333000,0.091885,0.091882
35.334000,0.091891,0.091885
35.335000,0.091888,0.091882
35.336000,0.091888,0.091885
35.337000,0.091891,0.091882
35.338000,0.091891,0.091888
35.339000,0.091910,0.091907
35.340000,0.091970,0.091961
35.341000,0.091932,0.091926
35.342000,0.091920,0.091910
35.343000,0.091907,0.091904
35.344000,0.091901,0.091901
35.345000,0.091898,0.091894
35.346000,0.091898,0.091891
35.347000,0.091894,0.091888
35.348000,0.091907,0.091894
35.349000,0.091901,0.091894
35.350000,0.091894,0.091888
35.351000,0.091901,0.091898
35.352000,0.091894,0.091894
35.353000,0.091894,0.091888
35.354000,0.091894,0.091891
35.355000,0.091894,0.091891
35.356000,0.091894,0.091888
35.357000,0.091894,0.091891
35.358000,0.091894,0.091888
35.359000,0.091891,0.091888
35.360000,0.091894,0.091894
35.361000,0.091898,0.091891
35.362000,0.091898,0.091891
35.363000,0.091898,0.091891
35.364000,0.091894,0.091888
35.365000,0.091664,0.091657
35.366000,0.091471,0.091467
35.367000,0.091369,0.091360
35.368000,0.091297,0.091297
35.369000,0.091249,0.091243
35.370000,0.091217,0.091211
35.371000,0.091192,0.091186
35.372000,0.091176,0.091170
35.373000,0.091161,0.091154
35.374000,0.091148,0.091142
35.375000,0.091142,0.091142
35.376000,0.091135,0.091132
35.377000,0.091135,0.091132
35.378000,0.091135,0.091129
35.379000,0.091126,0.091126
35.380000,0.091126,0.091119
35.381000,0.091126,0.091119
35.382000,0.091126,0.091116
35.383000,0.091119,0.091123
35.384000,0.091123,0.091119
35.385000,0.091119,0.091116
35.386000,0.091123,0.091116
35.387000,0.091116,0.091116
35.388000,0.091116,0.091113
35.389000,0.091116,0.091116
35.390000,0.091116,0.091116
35.391000,0.091123,0.091116
35.392000,0.091116,0.091116
35.393000,0.091116,0.091113
35.394000,0.091116,0.091116
35.395000,0.091116,0.091113
35.396000,0.091119,0.091116
35.397000,0.091116,0.091116
35.398000,0.091116,0.091113
35.399000,0.091113,0.091113
35.400000,0.091116,0.091113
35.401000,0.091113,0.091116
35.402000,0.091119,0.091110
35.403000,0.091113,0.091113
35.404000,0.091113,0.091110
35.405000,0.091110,0.091113
35.406000,0.091113,0.091110
35.407000,0.091116,0.091110
35.408000,0.091116,0.091110
35.409000,0.091113,0.091110
35.410000,0.091110,0.091110
35.411000,0.091116,0.091113
35.412000,0.091116,0.091104
35.413000,0.091110,0.091110
35.414000,0.091116,0.091107
35.415000,0.091347,0.091341
35.416000,0.091531,0.091531
35.417000,0.091638,0.091635
35.418000,0.091711,0.091708
35.419000,0.091758,0.091755
35.420000,0.091838,0.091831
35.421000,0.091834,0.091838
35.422000,0.091844,0.091841
35.423000,0.091853,0.091850
35.424000,0.091860,0.091860
35.425000,0.091866,0.091860
35.426000,0.091869,0.091863
35.427000,0.091872,0.091869
35.428000,0.091879,0.091869
35.429000,0.091875,0.091872
35.430000,0.091872,0.091872
35.431000,0.091885,0.091875
35.432000,0.091875,0.091875
35.433000,0.091875,0.091875
35.434000,0.091875,0.091875
35.435000,0.091875,0.091879
35.436000,0.091882,0.091875
35.437000,0.091882,0.091875
35.438000,0.091882,0.091875
35.439000,0.091882,0.091882
35.440000,0.091882,0.091879
35.441000,0.091879,0.091875
35.442000,0.091882,0.091879
35.443000,0.091894,0.091894
35.444000,0.091888,0.091882
35.445000,0.091882,0.091885
35.446000,0.091888,0.091879
35.447000,0.091882,0.091882
35.448000,0.091888,0.091882
35.449000,0.091882,0.091882
35.450000,0.091882,0.091875
35.451000,0.091888,0.091882
35.452000,0.091885,0.091875
35.453000,0.091882,0.091879
35.454000,0.091879,0.091882
35.455000,0.091888,0.091875
35.456000,0.091885,0.091879
35.457000,0.091885,0.091882
35.458000,0.091888,0.091882
35.459000,0.091891,0.091882
35.460000,0.091885,0.091879
35.461000,0.091885,0.091882
35.462000,0.091885,0.091882
35.463000,0.091885,0.091885
35.464000,0.091888,0.091879
35.465000,0.091660,0.091648
35.466000,0.091464,0.091464
35.467000,0.091363,0.091357
35.468000,0.091293,0.091287
35.469000,0.091249,0.091243
35.470000,0.091211,0.091211
35.471000,0.091189,0.091189
35.472000,0.091173,0.091167
35.473000,0.091161,0.091154
35.474000,0.091148,0.091148
35.475000,0.091145,0.091138
35.476000,0.091138,0.091129
35.477000,0.091135,0.091126
35.478000,0.091129,0.091123
35.479000,0.091129,0.091123
35.480000,0.091126,0.091123
35.481000,0.091126,0.091123
35.482000,0.091123,0.091123
35.483000,0.091119,0.091116
35.484000,0.091116,0.091116
35.485000,0.091119,0.091113
35.486000,0.091126,0.091116
35.487000,0.091119,0.091110
35.488000,0.091123,0.091113
35.489000,0.091119,0.091116
35.490000,0.091119,0.091110
35.491000,0.091116,0.091116
35.492000,0.091119,0.091110
35.493000,0.091113,0.091116
35.494000,0.091116,0.091113
35.495000,0.091119,0.091110
35.496000,0.091116,0.091113
35.497000,0.091116,0.091110
35.498000,0.091116,0.091110
35.499000,0.091116,0.091113
36.000000,0.091110,0.091113
36.001000,0.091113,0.091110
36.002000,0.091116,0.091110
36.003000,0.091116,0.091110
36.004000,0.091116,0.091113
36.005000,0.091135,0.091132
36.006000,0.091211,0.091211
36.007000,0.091249,0.091252
36.008000,0.091281,0.091274
36.009000,0.091293,0.091293
36.010000,0.091306,0.091306
36.011000,0.091312,0.091312
36.012000,0.091319,0.091316
36.013000,0.091325,0.091319
36.014000,0.091325,0.091325
36.015000,0.091556,0.091556
36.016000,0.091752,0.091749
36.017000,0.091863,0.091860
36.018000,0.091932,0.091926
36.019000,0.091977,0.091977
36.020000,0.092012,0.092015
36.021000,0.092043,0.092034
36.022000,0.092059,0.092056
36.023000,0.092072,0.092068
36.024000,0.092078,0.092078
36.025000,0.092091,0.092087
36.026000,0.092100,0.092094
36.027000,0.092100,0.092097
36.028000,0.092103,0.092103
36.029000,0.092110,0.092103
36.030000,0.092110,0.092110
36.031000,0.092116,0.092106
36.032000,0.092113,0.092110
36.033000,0.092113,0.092103
36.034000,0.092113,0.092106
36.035000,0.092110,0.092110
36.036000,0.092113,0.092113
36.037000,0.092113,0.092110
36.038000,0.092122,0.092119
36.039000,0.092122,0.092116
36.040000,0.092113,0.092113
36.041000,0.092116,0.092116
36.042000,0.092122,0.092113
36.043000,0.092119,0.092113
36.044000,0.092119,0.092116
36.045000,0.092116,0.092116
36.046000,0.092119,0.092113
36.047000,0.092100,0.092097
36.048000,0.092021,0.092012
36.049000,0.091980,0.091977
36.050000,0.091955,0.091955
36.051000,0.091939,0.091939
36.052000,0.091926,0.091926
36.053000,0.091917,0.091907
36.054000,0.091913,0.091907
36.055000,0.091907,0.091901
36.056000,0.091907,0.091907
36.057000,0.091904,0.091901
36.058000,0.091901,0.091898
36.059000,0.091904,0.091894
36.060000,0.091898,0.091894
36.061000,0.091901,0.091894
36.062000,0.091901,0.091894
36.063000,0.091898,0.091894
36.064000,0.091901,0.091894
36.065000,0.091667,0.091660
36.066000,0.091474,0.091467
36.067000,0.091369,0.091363
36.068000,0.091297,0.091290
36.069000,0.091246,0.091249
36.070000,0.091217,0.091217
36.071000,0.091192,0.091189
36.072000,0.091173,0.091167
36.073000,0.091161,0.091161
36.074000,0.091154,0.091148
36.075000,0.091145,0.091135
36.076000,0.091135,0.091132
36.077000,0.091135,0.091132
36.078000,0.091135,0.091126
36.079000,0.091129,0.091123
36.080000,0.091129,0.091126
36.081000,0.091129,0.091119
36.082000,0.091126,0.091123
36.083000,0.091126,0.091119
36.084000,0.091123,0.091119
36.085000,0.091123,0.091119
36.086000,0.091123,0.091119
36.087000,0.091123,0.091116
36.088000,0.091116,0.091116
36.089000,0.091135,0.091135
36.090000,0.091198,0.091198
36.091000,0.091157,0.091157
36.092000,0.091145,0.091142
36.093000,0.091135,0.091129
36.094000,0.091132,0.091129
36.095000,0.091123,0.091123
36.096000,0.091123,0.091119
36.097000,0.091116,0.091116
36.098000,0.091119,0.091119
36.099000,0.091119,0.091116
36.100000,0.091116,0.091110
36.101000,0.091119,0.091116
36.102000,0.091119,0.091113
36.103000,0.091123,0.091113
36.104000,0.091113,0.091116
36.105000,0.091116,0.091113
36.106000,0.091113,0.091116
36.107000,0.091119,0.091113
36.108000,0.091116,0.091110
36.109000,0.091113,0.091110
36.110000,0.091113,0.091110
36.111000,0.091119,0.091113
36.112000,0.091110,0.091110
36.113000,0.091110,0.091116
36.114000,0.091116,0.091107
36.115000,0.091344,0.091341
36.116000,0.091531,0.091531
36.117000,0.091641,0.091641
36.118000,0.091717,0.091705
36.119000,0.091762,0.091758
36.120000,0.091790,0.091790
36.121000,0.091815,0.091812
36.122000,0.091838,0.091831
36.123000,0.091850,0.091844
36.124000,0.091863,0.091853
36.125000,0.091866,0.091863
36.126000,0.091869,0.091869
36.127000,0.091875,0.091872
36.128000,0.091882,0.091875
36.129000,0.091882,0.091879
36.130000,0.091888,0.091875
36.131000,0.091885,0.091882
36.132000,0.091888,0.091882
36.133000,0.091901,0.091894
36.134000,0.091894,0.091888
36.135000,0.091891,0.091888
36.136000,0.091888,0.091888
36.137000,0.091888,0.091891
36.138000,0.091888,0.091885
36.139000,0.091888,0.091882
36.140000,0.091891,0.091885
36.141000,0.091891,0.091888
36.142000,0.091894,0.091882
36.143000,0.091891,0.091891
36.144000,0.091888,0.091888
36.145000,0.091888,0.091888
36.146000,0.091894,0.091885
36.147000,0.091891,0.091891
36.148000,0.091891,0.091885
36.149000,0.091888,0.091888
36.150000,0.091888,0.091888
36.151000,0.091894,0.091888
36.152000,0.091891,0.091885
36.153000,0.091891,0.091888
36.154000,0.091894,0.091891
36.155000,0.091894,0.091885
36.156000,0.091901,0.091888
36.157000,0.091891,0.091888
36.158000,0.091898,0.091888
36.159000,0.091894,0.091888
36.160000,0.091891,0.091888
36.161000,0.091898,0.091888
36.162000,0.091891,0.091891
36.163000,0.091894,0.091888
36.164000,0.091894,0.091891
36.165000,0.091660,0.091654
36.166000,0.091467,0.091464
36.167000,0.091363,0.091360
36.168000,0.091290,0.091290
36.169000,0.091249,0.091246
36.170000,0.091214,0.091208
36.171000,0.091189,0.091186
36.172000,0.091173,0.091167
36.173000,0.091161,0.091161
36.174000,0.091145,0.091148
36.175000,0.091142,0.091138
36.176000,0.091179,0.091173
36.177000,0.091151,0.091151
36.178000,0.091145,0.091138
36.179000,0.091129,0.091132
36.180000,0.091126,0.091126
36.181000,0.091126,0.091116
36.182000,0.091116,0.091123
36.183000,0.091116,0.091113
36.184000,0.091113,0.091110
36.185000,0.091116,0.091110
36.186000,0.091113,0.091110
36.187000,0.091110,0.091110
36.188000,0.091113,0.091110
36.189000,0.091110,0.091107
36.190000,0.091113,0.091104
36.191000,0.091110,0.091110
36.192000,0.091107,0.091107
36.193000,0.091107,0.091110
36.194000,0.091110,0.091107
36.195000,0.091110,0.091107
36.196000,0.091107,0.091107
36.197000,0.091110,0.091107
36.198000,0.091104,0.091107
36.199000,0.091110,0.091104
36.200000,0.091113,0.091110
36.201000,0.091107,0.091107
36.202000,0.091107,0.091107
36.203000,0.091107,0.091100
36.204000,0.091110,0.091107
36.205000,0.091104,0.091104
36.206000,0.091107,0.091107
36.207000,0.091110,0.091104
36.208000,0.091113,0.091100
36.209000,0.091107,0.091104
36.210000,0.091110,0.091104
36.211000,0.091107,0.091100
36.212000,0.091104,0.091100
36.213000,0.091104,0.091104
36.214000,0.091107,0.091104
36.215000,0.091338,0.091331
36.216000,0.091524,0.091521
36.217000,0.091632,0.091626
36.218000,0.091701,0.091701
36.219000,0.091752,0.091749
36.220000,0.091784,0.091777
36.221000,0.091812,0.091806
36.222000,0.091828,0.091825
36.223000,0.091841,0.091838
36.224000,0.091847,0.091850
36.225000,0.091863,0.091856
36.226000,0.091872,0.091863
36.227000,0.091872,0.091869
36.228000,0.091888,0.091879
36.229000,0.091885,0.091882
36.230000,0.091885,0.091882
36.231000,0.091888,0.091888
36.232000,0.091888,0.091882
36.233000,0.091885,0.091882
36.234000,0.091891,0.091882
36.235000,0.091888,0.091882
36.236000,0.091888,0.091882
36.237000,0.091894,0.091882
36.238000,0.091891,0.091885
36.239000,0.091888,0.091885
36.240000,0.091888,0.091888
36.241000,0.091888,0.091888
36.242000,0.091894,0.091888
36.243000,0.091891,0.091888
36.244000,0.091891,0.091885
36.245000,0.091891,0.091885
36.246000,0.091894,0.091888
36.247000,0.091891,0.091888
36.248000,0.091894,0.091888
36.249000,0.091898,0.091891
36.250000,0.091894,0.091894
36.251000,0.091901,0.091885
36.252000,0.091894,0.091888
36.253000,0.091894,0.091888
36.254000,0.091891,0.091891
36.255000,0.091894,0.091885
36.256000,0.091891,0.091898
36.257000,0.091894,0.091894
36.258000,0.091894,0.091888
36.259000,0.091898,0.091888
36.260000,0.091894,0.091888
36.261000,0.091891,0.091891
36.262000,0.091894,0.091888
36.263000,0.091894,0.091888
36.264000,0.091898,0.091888
36.265000,0.091664,0.091654
36.266000,0.091493,0.091490
36.267000,0.091464,0.091461
36.268000,0.091433,0.091429
36.269000,0.091407,0.091414
36.270000,0.091391,0.091391
36.271000,0.091379,0.091379
36.272000,0.091369,0.091369
36.273000,0.091369,0.091366
36.274000,0.091360,0.091360
36.275000,0.091357,0.091350
36.276000,0.091357,0.091350
36.277000,0.091350,0.091347
36.278000,0.091353,0.091347
36.279000,0.091347,0.091344
36.280000,0.091344,0.091344
36.281000,0.091344,0.091344
36.282000,0.091344,0.091341
36.283000,0.091344,0.091338
36.284000,0.091344,0.091344
36.285000,0.091344,0.091338
36.286000,0.091344,0.091338
36.287000,0.091344,0.091338
36.288000,0.091344,0.091338
36.289000,0.091341,0.091341
36.290000,0.091350,0.091338
36.291000,0.091344,0.091338
36.292000,0.091344,0.091338
36.293000,0.091341,0.091338
36.294000,0.091341,0.091341
36.295000,0.091344,0.091344
36.296000,0.091341,0.091338
36.297000,0.091344,0.091341
36.298000,0.091338,0.091335
36.299000,0.091338,0.091338
36.300000,0.091344,0.091338
36.301000,0.091341,0.091338
36.302000,0.091344,0.091341
36.303000,0.091341,0.091338
36.304000,0.091338,0.091338
36.305000,0.091344,0.091338
36.306000,0.091341,0.091338
36.307000,0.091344,0.091338
36.308000,0.091322,0.091316
36.309000,0.091243,0.091236
36.310000,0.091202,0.091192
36.311000,0.091176,0.091176
36.312000,0.091157,0.091157
36.313000,0.091154,0.091145
36.314000,0.091138,0.091135
36.315000,0.091363,0.091363
36.316000,0.091543,0.091546
36.317000,0.091654,0.091648
36.318000,0.091720,0.091717
36.319000,0.091768,0.091762
36.320000,0.091796,0.091796
36.321000,0.091822,0.091815
36.322000,0.091838,0.091831
36.323000,0.091850,0.091853
36.324000,0.091869,0.091866
36.325000,0.091875,0.091866
36.326000,0.091875,0.091869
36.327000,0.091882,0.091875
36.328000,0.091885,0.091875
36.329000,0.091882,0.091882
36.330000,0.091885,0.091885
36.331000,0.091888,0.091885
36.332000,0.091891,0.091888
36.333000,0.091888,0.091879
36.334000,0.091888,0.091888
36.335000,0.091891,0.091888
36.336000,0.091888,0.091885
36.337000,0.091888,0.091888
36.338000,0.091891,0.091882
36.339000,0.091891,0.091888
36.340000,0.091894,0.091888
36.341000,0.091894,0.091888
36.342000,0.091894,0.091894
36.343000,0.091891,0.091888
36.344000,0.091891,0.091888
36.345000,0.091891,0.091888
36.346000,0.091894,0.091891
36.347000,0.091894,0.091888
36.348000,0.091894,0.091888
36.349000,0.091894,0.091891
36.350000,0.091913,0.091910
36.351000,0.091974,0.091967
36.352000,0.091936,0.091929
36.353000,0.091920,0.091920
36.354000,0.091910,0.091901
36.355000,0.091901,0.091901
36.356000,0.091901,0.091894
36.357000,0.091898,0.091891
36.358000,0.091904,0.091894
36.359000,0.091894,0.091894
36.360000,0.091901,0.091894
36.361000,0.091894,0.091894
36.362000,0.091894,0.091888
36.363000,0.091894,0.091894
36.364000,0.091898,0.091894
36.365000,0.091664,0.091654
36.366000,0.091467,0.091467
36.367000,0.091363,0.091363
36.368000,0.091293,0.091293
36.369000,0.091252,0.091243
36.370000,0.091211,0.091214
36.371000,0.091189,0.091186
36.372000,0.091170,0.091167
36.373000,0.091157,0.091154
36.374000,0.091148,0.091148
36.375000,0.091142,0.091135
36.376000,0.091135,0.091132
36.377000,0.091135,0.091126
36.378000,0.091135,0.091126
36.379000,0.091123,0.091126
36.380000,0.091123,0.091129
36.381000,0.091123,0.091123
36.382000,0.091126,0.091123
36.383000,0.091123,0.091119
36.384000,0.091119,0.091116
36.385000,0.091123,0.091116
36.386000,0.091123,0.091116
36.387000,0.091126,0.091116
36.388000,0.091123,0.091116
36.389000,0.091123,0.091113
36.390000,0.091116,0.091113
36.391000,0.091119,0.091116
36.392000,0.091123,0.091113
36.393000,0.091116,0.091119
36.394000,0.091119,0.091113
36.395000,0.091119,0.091116
36.396000,0.091119,0.091113
36.397000,0.091119,0.091116
36.398000,0.091116,0.091113
36.399000,0.091113,0.091116
36.400000,0.091113,0.091110
36.401000,0.091113,0.091116
36.402000,0.091116,0.091110
36.403000,0.091116,0.091113
36.404000,0.091116,0.091110
36.405000,0.091116,0.091116
36.406000,0.091113,0.091113
36.407000,0.091119,0.091110
36.408000,0.091116,0.091110
36.409000,0.091113,0.091110
36.410000,0.091116,0.091113
36.411000,0.091113,0.091110
36.412000,0.091116,0.091110
36.413000,0.091116,0.091107
36.414000,0.091116,0.091107
36.415000,0.091341,0.091344
36.416000,0.091534,0.091531
36.417000,0.091638,0.091638
36.418000,0.091714,0.091708
36.419000,0.091768,0.091768
36.420000,0.091796,0.091793
36.421000,0.091825,0.091819
36.422000,0.091838,0.091838
36.423000,0.091850,0.091844
36.424000,0.091863,0.091856
36.425000,0.091869,0.091863
36.426000,0.091875,0.091869
36.427000,0.091879,0.091872
36.428000,0.091882,0.091879
36.429000,0.091882,0.091882
36.430000,0.091882,0.091885
36.431000,0.091885,0.091882
36.432000,0.091932,0.091929
36.433000,0.091910,0.091904
36.434000,0.091898,0.091901
36.435000,0.091894,0.091894
36.436000,0.091894,0.091888
36.437000,0.091888,0.091885
36.438000,0.091885,0.091885
36.439000,0.091894,0.091882
36.440000,0.091885,0.091885
36.441000,0.091882,0.091885
36.442000,0.091888,0.091882
36.443000,0.091888,0.091875
36.444000,0.091888,0.091879
36.445000,0.091885,0.091882
36.446000,0.091885,0.091885
36.447000,0.091888,0.091885
36.448000,0.091891,0.091885
36.449000,0.091885,0.091885
36.450000,0.091885,0.091882
36.451000,0.091885,0.091885
36.452000,0.091888,0.091879
36.453000,0.091888,0.091885
36.454000,0.091888,0.091885
36.455000,0.091891,0.091885
36.456000,0.091888,0.091882
36.457000,0.091891,0.091888
36.458000,0.091888,0.091885
36.459000,0.091888,0.091882
36.460000,0.091888,0.091882
36.461000,0.091888,0.091888
36.462000,0.091888,0.091885
36.463000,0.091885,0.091885
36.464000,0.091888,0.091885
36.465000,0.091664,0.091648
36.466000,0.091467,0.091461
36.467000,0.091357,0.091353
36.468000,0.091287,0.091287
36.469000,0.091243,0.091240
36.470000,0.091208,0.091205
36.471000,0.091179,0.091179
36.472000,0.091167,0.091161
36.473000,0.091151,0.091151
36.474000,0.091148,0.091138
36.475000,0.091142,0.091129
36.476000,0.091135,0.091123
36.477000,0.091132,0.091119
36.478000,0.091119,0.091116
36.479000,0.091123,0.091119
36.480000,0.091126,0.091119
36.481000,0.091126,0.091119
36.482000,0.091126,0.091119
36.483000,0.091116,0.091123
36.484000,0.091123,0.091119
36.485000,0.091119,0.091123
36.486000,0.091116,0.091123
36.487000,0.091119,0.091116
36.488000,0.091116,0.091116
36.489000,0.091123,0.091116
36.490000,0.091119,0.091113
36.491000,0.091116,0.091116
36.492000,0.091123,0.091116
36.493000,0.091116,0.091113
36.494000,0.091116,0.091119
36.495000,0.091116,0.091107
36.496000,0.091119,0.091116
36.497000,0.091119,0.091113
36.498000,0.091116,0.091116
36.499000,0.091116,0.091110
