Time (s),AIN0-AIN1 (V)
0.000000,-0.000124
0.001000,-0.000165
0.002000,-0.000194
0.003000,-0.000083
0.004000,-0.000206
0.005000,-0.000146
0.006000,-0.000229
0.007000,-0.000121
0.008000,-0.000197
0.009000,-0.000127
0.010000,-0.000257
0.011000,-0.000093
0.012000,-0.000178
0.013000,-0.000168
0.014000,-0.000184
0.015000,-0.000134
0.016000,-0.000162
0.017000,-0.000222
0.018000,-0.000137
0.019000,-0.000191
0.020000,-0.000118
0.021000,-0.000168
0.022000,-0.000131
0.023000,-0.000216
0.024000,-0.000150
0.025000,-0.000191
0.026000,-0.000140
0.027000,-0.000172
0.028000,-0.000153
0.029000,-0.000197
0.030000,-0.000137
0.031000,-0.000172
0.032000,-0.000162
0.033000,-0.000184
0.034000,-0.000093
0.035000,-0.000181
0.036000,-0.000178
0.037000,-0.000178
0.038000,-0.000140
0.039000,-0.000181
0.040000,-0.000115
0.041000,-0.000232
0.042000,-0.000162
0.043000,-0.000146
0.044000,-0.000127
0.045000,-0.000146
0.046000,-0.000178
0.047000,-0.000159
0.048000,-0.000159
0.049000,-0.000165
0.050000,-0.000102
0.051000,-0.000112
0.052000,-0.000175
0.053000,-0.000143
0.054000,-0.000168
0.055000,-0.000115
0.056000,-0.000105
0.057000,-0.000162
0.058000,-0.000150
0.059000,-0.000153
0.060000,-0.000099
0.061000,-0.000159
0.062000,-0.000172
0.063000,-0.000118
0.064000,-0.000165
0.065000,-0.000153
0.066000,-0.000203
0.067000,-0.000146
0.068000,-0.000200
0.069000,-0.000140
0.070000,-0.000153
0.071000,-0.000127
0.072000,-0.000187
0.073000,-0.000153
0.074000,-0.000115
0.075000,-0.000112
0.076000,-0.000134
0.077000,-0.000143
0.078000,-0.000146
0.079000,-0.000159
0.080000,-0.000197
0.081000,-0.000146
0.082000,-0.000112
0.083000,-0.000162
0.084000,-0.000153
0.085000,-0.000184
0.086000,-0.000118
0.087000,-0.000248
0.088000,-0.000137
0.089000,-0.000229
0.090000,-0.000124
0.091000,-0.000153
0.092000,-0.000115
0.093000,-0.000206
0.094000,-0.000099
0.095000,-0.000191
0.096000,-0.000112
0.097000,-0.000172
0.098000,-0.000118
0.099000,-0.000146
0.100000,-0.000162
0.101000,-0.000115
0.102000,-0.000175
0.103000,-0.000112
0.104000,-0.000159
0.105000,-0.000127
0.106000,-0.000200
0.107000,-0.000137
0.108000,-0.000257
0.109000,-0.000014
0.110000,-0.000181
0.111000,-0.000146
0.112000,-0.000150
0.113000,-0.000165
0.114000,-0.000146
0.115000,-0.000159
0.116000,-0.000134
0.117000,-0.000172
0.118000,-0.000162
0.119000,-0.000165
0.120000,-0.000137
0.121000,-0.000165
0.122000,-0.000178
0.123000,-0.000121
0.124000,-0.000178
0.125000,-0.000143
0.126000,-0.000159
0.127000,-0.000156
0.128000,-0.000159
0.129000,-0.000257
0.130000,-0.000162
0.131000,-0.000146
0.132000,-0.000172
0.133000,-0.000156
0.134000,-0.000077
0.135000,-0.000181
0.136000,-0.000146
0.137000,-0.000213
0.138000,-0.000108
0.139000,-0.000213
0.140000,-0.000156
0.141000,-0.000172
0.142000,-0.000191
0.143000,-0.000096
0.144000,-0.000118
0.145000,-0.000172
0.146000,-0.000150
0.147000,-0.000175
0.148000,-0.000112
0.149000,-0.000083
0.150000,-0.000181
0.151000,-0.000153
0.152000,-0.000156
0.153000,-0.000172
0.154000,-0.000184
0.155000,-0.000143
0.156000,-0.000112
0.157000,-0.000143
0.158000,-0.000165
0.159000,-0.000165
0.160000,-0.000112
0.161000,-0.000200
0.162000,-0.000194
0.163000,-0.000064
0.164000,-0.000172
0.165000,-0.000115
0.166000,-0.000178
0.167000,-0.000118
0.168000,-0.000172
0.169000,-0.000184
0.170000,-0.000178
0.171000,-0.000156
0.172000,-0.000124
0.173000,-0.000159
0.174000,-0.000146
0.175000,-0.000178
0.176000,-0.000102
0.177000,-0.000178
0.178000,-0.000181
0.179000,-0.000153
0.180000,-0.000099
0.181000,-0.000187
0.182000,-0.000153
0.183000,-0.000168
0.184000,-0.000197
0.185000,-0.000137
0.186000,-0.000172
0.187000,-0.000225
0.188000,-0.000191
0.189000,-0.000156
0.190000,-0.000131
0.191000,-0.000168
0.192000,-0.000178
0.193000,-0.000150
0.194000,-0.000159
0.195000,-0.000150
0.196000,-0.000165
0.197000,-0.000140
0.198000,-0.000118
0.199000,-0.000134
0.200000,-0.000206
0.201000,-0.000137
0.202000,-0.000162
0.203000,-0.000165
0.204000,-0.000156
0.205000,-0.000143
0.206000,-0.000200
0.207000,-0.000143
0.208000,-0.000191
0.209000,-0.000131
0.210000,-0.000216
0.211000,-0.000184
0.212000,-0.000105
0.213000,-0.000102
0.214000,-0.000165
0.215000,-0.000080
0.216000,-0.000162
0.217000,-0.000121
0.218000,-0.000150
0.219000,-0.000134
0.220000,-0.000127
0.221000,-0.000150
0.222000,-0.000146
0.223000,-0.000146
0.224000,-0.000168
0.225000,-0.000168
0.226000,-0.000127
0.227000,-0.000162
0.228000,-0.000175
0.229000,-0.000219
0.230000,-0.000083
0.231000,-0.000165
0.232000,-0.000140
0.233000,-0.000168
0.234000,-0.000134
0.235000,-0.000153
0.236000,-0.000162
0.237000,-0.000172
0.238000,-0.000140
0.239000,-0.000238
0.240000,-0.000099
0.241000,-0.000181
0.242000,-0.000105
0.243000,-0.000168
0.244000,-0.000175
0.245000,-0.000150
0.246000,-0.000124
0.247000,-0.000115
0.248000,-0.000178
0.249000,-0.000165
0.250000,-0.000105
0.251000,-0.000067
0.252000,-0.000127
0.253000,-0.000235
0.254000,-0.000121
0.255000,-0.000140
0.256000,-0.000165
0.257000,-0.000105
0.258000,-0.000181
0.259000,-0.000102
0.260000,-0.000203
0.261000,-0.000156
0.262000,-0.000143
0.263000,-0.000102
0.264000,-0.000168
0.265000,-0.000197
0.266000,-0.000197
0.267000,-0.000124
0.268000,-0.000187
0.269000,-0.000156
0.270000,-0.000184
0.271000,-0.000112
0.272000,-0.000178
0.273000,-0.000026
0.274000,-0.000178
0.275000,-0.000118
0.276000,-0.000178
0.277000,-0.000121
0.278000,-0.000093
0.279000,-0.000140
0.280000,-0.000172
0.281000,-0.000146
0.282000,-0.000137
0.283000,-0.000181
0.284000,-0.000146
0.285000,-0.000210
0.286000,-0.000134
0.287000,-0.000210
0.288000,-0.000115
0.289000,-0.000178
0.290000,-0.000127
0.291000,-0.000172
0.292000,-0.000127
0.293000,-0.000178
0.294000,-0.000140
0.295000,-0.000178
0.296000,-0.000131
0.297000,-0.000159
0.298000,-0.000172
0.299000,-0.000143
0.300000,-0.000131
0.301000,-0.000153
0.302000,-0.000168
0.303000,-0.000156
0.304000,-0.000203
0.305000,-0.000162
0.306000,-0.000210
0.307000,-0.000096
0.308000,-0.000175
0.309000,-0.000153
0.310000,-0.000150
0.311000,-0.000146
0.312000,-0.000159
0.313000,-0.000140
0.314000,-0.000124
0.315000,-0.000121
0.316000,-0.000172
0.317000,-0.000150
0.318000,-0.000146
0.319000,-0.000172
0.320000,-0.000168
0.321000,-0.000172
0.322000,-0.000137
0.323000,-0.000184
0.324000,-0.000165
0.325000,-0.000150
0.326000,-0.000121
0.327000,-0.000178
0.328000,-0.000137
0.329000,-0.000134
0.330000,-0.000089
0.331000,-0.000168
0.332000,-0.000150
0.333000,-0.000143
0.334000,-0.000153
0.335000,-0.000162
0.336000,-0.000146
0.337000,-0.000131
0.338000,-0.000187
0.339000,-0.000153
0.340000,-0.000172
0.341000,-0.000102
0.342000,-0.000105
0.343000,-0.000168
0.344000,-0.000143
0.345000,-0.000115
0.346000,-0.000140
0.347000,-0.000184
0.348000,-0.000197
0.349000,-0.000108
0.350000,-0.000162
0.351000,-0.000118
0.352000,-0.000213
0.353000,-0.000194
0.354000,-0.000143
0.355000,-0.000194
0.356000,-0.000203
0.357000,-0.000172
0.358000,-0.000156
0.359000,-0.000108
0.360000,-0.000225
0.361000,-0.000146
0.362000,-0.000140
0.363000,-0.000140
0.364000,-0.000191
0.365000,-0.000105
0.366000,-0.000121
0.367000,-0.000165
0.368000,-0.000153
0.369000,-0.000108
0.370000,-0.000055
0.371000,-0.000153
0.372000,-0.000150
0.373000,-0.000146
0.374000,-0.000150
0.375000,-0.000146
0.376000,-0.000181
0.377000,-0.000181
0.378000,-0.000159
0.379000,-0.000194
0.380000,-0.000162
0.381000,-0.000146
0.382000,-0.000165
0.383000,-0.000175
0.384000,-0.000146
0.385000,-0.000165
0.386000,-0.000140
0.387000,-0.000134
0.388000,-0.000118
0.389000,-0.000127
0.390000,-0.000127
0.391000,-0.000143
0.392000,-0.000146
0.393000,-0.000168
0.394000,-0.000159
0.395000,-0.000140
0.396000,-0.000194
0.397000,-0.000134
0.398000,-0.000222
0.399000,-0.000099
0.400000,-0.000203
0.401000,-0.000131
0.402000,-0.000225
0.403000,-0.000162
0.404000,-0.000051
0.405000,-0.000178
0.406000,-0.000143
0.407000,-0.000178
0.408000,-0.000131
0.409000,-0.000156
0.410000,-0.000146
0.411000,-0.000086
0.412000,-0.000131
0.413000,-0.000216
0.414000,-0.000137
0.415000,-0.000187
0.416000,-0.000216
0.417000,-0.000172
0.418000,-0.000134
0.419000,-0.000178
0.420000,-0.000146
0.421000,-0.000137
0.422000,-0.000115
0.423000,-0.000248
0.424000,-0.000162
0.425000,-0.000127
0.426000,-0.000153
0.427000,-0.000134
0.428000,-0.000162
0.429000,-0.000042
0.430000,-0.000146
0.431000,-0.000181
0.432000,-0.000194
0.433000,-0.000121
0.434000,-0.000137
0.435000,-0.000168
0.436000,-0.000153
0.437000,-0.000184
0.438000,-0.000178
0.439000,-0.000118
0.440000,-0.000181
0.441000,-0.000102
0.442000,-0.000168
0.443000,-0.000159
0.444000,-0.000165
0.445000,-0.000146
0.446000,-0.000153
0.447000,-0.000162
0.448000,-0.000235
0.449000,-0.000121
0.450000,-0.000156
0.451000,-0.000127
0.452000,-0.000178
0.453000,-0.000093
0.454000,-0.000150
0.455000,-0.000159
0.456000,-0.000146
0.457000,-0.000134
0.458000,-0.000014
0.459000,-0.000159
0.460000,-0.000159
0.461000,-0.000099
0.462000,-0.000077
0.463000,-0.000143
0.464000,-0.000191
0.465000,-0.000150
0.466000,-0.000093
0.467000,-0.000225
0.468000,-0.000134
0.469000,-0.000191
0.470000,-0.000102
0.471000,-0.000153
0.472000,-0.000137
0.473000,-0.000165
0.474000,-0.000127
0.475000,-0.000165
0.476000,-0.000143
0.477000,-0.000165
0.478000,-0.000178
0.479000,-0.000159
0.480000,-0.000127
0.481000,-0.000168
0.482000,-0.000162
0.483000,-0.000159
0.484000,-0.000156
0.485000,-0.000165
0.486000,-0.000178
0.487000,-0.000165
0.488000,-0.000124
0.489000,-0.000175
0.490000,-0.000143
0.491000,-0.000159
0.492000,-0.000162
0.493000,-0.000153
0.494000,-0.000153
0.495000,-0.000153
0.496000,-0.000165
0.497000,-0.000153
0.498000,-0.000121
0.499000,-0.000118
0.500000,-0.000187
0.501000,-0.000089
0.502000,-0.000172
0.503000,-0.000124
0.504000,-0.000162
0.505000,-0.000121
0.506000,-0.000124
0.507000,-0.000153
0.508000,-0.000096
0.509000,-0.000165
0.510000,-0.000187
0.511000,-0.000172
0.512000,-0.000175
0.513000,-0.000172
0.514000,-0.000134
0.515000,-0.000206
0.516000,-0.000178
0.517000,-0.000153
0.518000,-0.000159
0.519000,-0.000156
0.520000,-0.000153
0.521000,-0.000156
0.522000,-0.000140
0.523000,-0.000194
0.524000,-0.000140
0.525000,-0.000178
0.526000,-0.000121
0.527000,-0.000146
0.528000,-0.000153
0.529000,-0.000146
0.530000,-0.000127
0.531000,-0.000051
0.532000,-0.000178
0.533000,-0.000140
0.534000,-0.000165
0.535000,-0.000153
0.536000,-0.000172
0.537000,-0.000178
0.538000,-0.000099
0.539000,-0.000153
0.540000,-0.000200
0.541000,-0.000150
0.542000,-0.000203
0.543000,-0.000121
0.544000,-0.000150
0.545000,-0.000131
0.546000,-0.000172
0.547000,-0.000162
0.548000,-0.000172
0.549000,-0.000134
0.550000,-0.000140
0.551000,-0.000146
0.552000,-0.000216
0.553000,-0.000150
0.554000,-0.000225
0.555000,-0.000127
0.556000,-0.000172
0.557000,-0.000108
0.558000,-0.000184
0.559000,-0.000168
0.560000,-0.000137
0.561000,-0.000156
0.562000,-0.000140
0.563000,-0.000191
0.564000,-0.000112
0.565000,-0.000153
0.566000,-0.000178
0.567000,-0.000153
0.568000,-0.000168
0.569000,-0.000121
0.570000,-0.000172
0.571000,-0.000172
0.572000,-0.000159
0.573000,-0.000184
0.574000,-0.000150
0.575000,-0.000168
0.576000,-0.000077
0.577000,-0.000235
0.578000,-0.000102
0.579000,-0.000216
0.580000,-0.000134
0.581000,-0.000210
0.582000,-0.000137
0.583000,-0.000165
0.584000,-0.000093
0.585000,-0.000175
0.586000,-0.000200
0.587000,-0.000168
0.588000,-0.000184
0.589000,-0.000105
0.590000,-0.000146
0.591000,-0.000159
0.592000,-0.000153
0.593000,-0.000153
0.594000,-0.000178
0.595000,-0.000137
0.596000,-0.000181
0.597000,-0.000146
0.598000,-0.000172
0.599000,-0.000150
0.600000,-0.000159
0.601000,-0.000181
0.602000,-0.000131
0.603000,-0.000131
0.604000,-0.000162
0.605000,-0.000153
0.606000,-0.000156
0.607000,-0.000187
0.608000,-0.000058
0.609000,-0.000168
0.610000,-0.000140
0.611000,-0.000175
0.612000,-0.000197
0.613000,-0.000168
0.614000,-0.000162
0.615000,-0.000194
0.616000,-0.000153
0.617000,-0.000156
0.618000,-0.000168
0.619000,-0.000102
0.620000,-0.000178
0.621000,-0.000172
0.622000,-0.000121
0.623000,-0.000178
0.624000,-0.000134
0.625000,-0.000191
0.626000,-0.000191
0.627000,-0.000184
0.628000,-0.000168
0.629000,-0.000121
0.630000,-0.000159
0.631000,-0.000131
0.632000,-0.000137
0.633000,-0.000159
0.634000,-0.000127
0.635000,-0.000131
0.636000,-0.000150
0.637000,-0.000143
0.638000,-0.000222
0.639000,-0.000156
0.640000,-0.000146
0.641000,-0.000143
0.642000,-0.000178
0.643000,-0.000121
0.644000,-0.000168
0.645000,-0.000134
0.646000,-0.000159
0.647000,-0.000118
0.648000,-0.000181
0.649000,-0.000134
0.650000,-0.000187
0.651000,-0.000134
0.652000,-0.000143
0.653000,-0.000146
0.654000,-0.000159
0.655000,-0.000153
0.656000,-0.000178
0.657000,-0.000146
0.658000,-0.000181
0.659000,-0.000108
0.660000,-0.000260
0.661000,-0.000121
0.662000,-0.000124
0.663000,-0.000146
0.664000,-0.000146
0.665000,-0.000143
0.666000,-0.000137
0.667000,-0.000172
0.668000,-0.000134
0.669000,-0.000020
0.670000,-0.000191
0.671000,-0.000162
0.672000,-0.000178
0.673000,-0.000131
0.674000,-0.000115
0.675000,-0.000156
0.676000,-0.000140
0.677000,-0.000168
0.678000,-0.000115
0.679000,-0.000156
0.680000,-0.000150
0.681000,-0.000150
0.682000,-0.000165
0.683000,-0.000140
0.684000,-0.000153
0.685000,-0.000162
0.686000,-0.000134
0.687000,-0.000150
0.688000,-0.000146
0.689000,-0.000172
0.690000,-0.000121
0.691000,-0.000178
0.692000,-0.000140
0.693000,-0.000146
0.694000,-0.000181
0.695000,-0.000118
0.696000,-0.000153
0.697000,-0.000146
0.698000,-0.000197
0.699000,-0.000162
0.700000,-0.000181
0.701000,-0.000134
0.702000,-0.000168
0.703000,-0.000159
0.704000,-0.000191
0.705000,-0.000131
0.706000,-0.000064
0.707000,-0.000140
0.708000,-0.000099
0.709000,-0.000159
0.710000,-0.000115
0.711000,-0.000140
0.712000,-0.000184
0.713000,-0.000181
0.714000,-0.000203
0.715000,-0.000159
0.716000,-0.000153
0.717000,-0.000244
0.718000,-0.000143
0.719000,-0.000172
0.720000,-0.000203
0.721000,-0.000150
0.722000,-0.000172
0.723000,-0.000137
0.724000,-0.000194
0.725000,-0.000206
0.726000,-0.000143
0.727000,-0.000210
0.728000,-0.000168
0.729000,-0.000187
0.730000,-0.000112
0.731000,-0.000178
0.732000,-0.000159
0.733000,-0.000159
0.734000,-0.000162
0.735000,-0.000134
0.736000,-0.000168
0.737000,-0.000118
0.738000,-0.000159
0.739000,-0.000200
0.740000,-0.000203
0.741000,-0.000165
0.742000,-0.000159
0.743000,-0.000159
0.744000,-0.000162
0.745000,-0.000121
0.746000,-0.000172
0.747000,-0.000146
0.748000,-0.000184
0.749000,-0.000118
0.750000,-0.000191
0.751000,-0.000162
0.752000,-0.000083
0.753000,-0.000137
0.754000,-0.000187
0.755000,-0.000181
0.756000,-0.000026
0.757000,-0.000137
0.758000,-0.000191
0.759000,-0.000140
0.760000,-0.000137
0.761000,-0.000153
0.762000,-0.000172
0.763000,0.000005
0.764000,-0.000143
0.765000,-0.000168
0.766000,-0.000137
0.767000,-0.000191
0.768000,-0.000140
0.769000,-0.000146
0.770000,-0.000096
0.771000,-0.000184
0.772000,-0.000150
0.773000,-0.000172
0.774000,-0.000172
0.775000,-0.000156
0.776000,-0.000150
0.777000,-0.000162
0.778000,-0.000140
0.779000,-0.000156
0.780000,-0.000150
0.781000,-0.000137
0.782000,-0.000159
0.783000,-0.000159
0.784000,-0.000159
0.785000,-0.000222
0.786000,-0.000096
0.787000,-0.000178
0.788000,-0.000096
0.789000,-0.000229
0.790000,-0.000115
0.791000,-0.000156
0.792000,-0.000146
0.793000,-0.000213
0.794000,-0.000150
0.795000,-0.000178
0.796000,-0.000124
0.797000,-0.000187
0.798000,-0.000153
0.799000,-0.000165
0.800000,-0.000131
0.801000,-0.000191
0.802000,-0.000127
0.803000,-0.000197
0.804000,-0.000099
0.805000,-0.000165
0.806000,-0.000086
0.807000,-0.000219
0.808000,-0.000083
0.809000,-0.000197
0.810000,-0.000064
0.811000,-0.000187
0.812000,-0.000115
0.813000,-0.000206
0.814000,-0.000137
0.815000,-0.000200
0.816000,-0.000099
0.817000,-0.000235
0.818000,-0.000086
0.819000,-0.000203
0.820000,-0.000140
0.821000,-0.000181
0.822000,-0.000134
0.823000,-0.000146
0.824000,-0.000184
0.825000,-0.000112
0.826000,-0.000159
0.827000,-0.000159
0.828000,-0.000178
0.829000,-0.000105
0.830000,-0.000197
0.831000,-0.000102
0.832000,-0.000175
0.833000,-0.000143
0.834000,-0.000178
0.835000,-0.000156
0.836000,-0.000156
0.837000,-0.000168
0.838000,-0.000153
0.839000,-0.000099
0.840000,-0.000146
0.841000,-0.000118
0.842000,-0.000181
0.843000,-0.000150
0.844000,-0.000184
0.845000,-0.000159
0.846000,-0.000121
0.847000,-0.000137
0.848000,-0.000140
0.849000,-0.000115
0.850000,-0.000131
0.851000,-0.000143
0.852000,-0.000194
0.853000,-0.000112
0.854000,-0.000181
0.855000,-0.000124
0.856000,-0.000140
0.857000,-0.000121
0.858000,-0.000162
0.859000,-0.000187
0.860000,-0.000127
0.861000,-0.000172
0.862000,-0.000115
0.863000,-0.000232
0.864000,-0.000096
0.865000,-0.000210
0.866000,-0.000127
0.867000,-0.000187
0.868000,-0.000121
0.869000,-0.000134
0.870000,-0.000162
0.871000,-0.000150
0.872000,-0.000178
0.873000,-0.000134
0.874000,-0.000153
0.875000,-0.000140
0.876000,-0.000203
0.877000,-0.000051
0.878000,-0.000153
0.879000,-0.000124
0.880000,-0.000115
0.881000,-0.000048
0.882000,-0.000184
0.883000,-0.000124
0.884000,-0.000146
0.885000,-0.000143
0.886000,-0.000197
0.887000,-0.000219
0.888000,-0.000232
0.889000,-0.000222
0.890000,-0.000175
0.891000,-0.000143
0.892000,-0.000140
0.893000,-0.000131
0.894000,-0.000140
0.895000,-0.000127
0.896000,-0.000134
0.897000,-0.000134
0.898000,-0.000137
0.899000,-0.000165
0.900000,-0.000172
0.901000,-0.000187
0.902000,-0.000175
0.903000,-0.000153
0.904000,-0.000134
0.905000,-0.000165
0.906000,-0.000159
0.907000,-0.000254
0.908000,-0.000140
0.909000,-0.000222
0.910000,-0.000143
0.911000,-0.000184
0.912000,-0.000153
0.913000,-0.000172
0.914000,-0.000150
0.915000,-0.000162
0.916000,-0.000115
0.917000,-0.000206
0.918000,-0.000115
0.919000,-0.000222
0.920000,-0.000134
0.921000,-0.000055
0.922000,-0.000197
0.923000,-0.000131
0.924000,-0.000140
0.925000,-0.000156
0.926000,-0.000210
0.927000,-0.000140
0.928000,-0.000191
0.929000,-0.000115
0.930000,-0.000156
0.931000,-0.000143
0.932000,-0.000206
0.933000,-0.000134
0.934000,-0.000159
0.935000,-0.000153
0.936000,-0.000178
0.937000,-0.000175
0.938000,-0.000118
0.939000,-0.000162
0.940000,-0.000191
0.941000,-0.000039
0.942000,-0.000146
0.943000,-0.000143
0.944000,-0.000153
0.945000,-0.000134
0.946000,-0.000150
0.947000,-0.000153
0.948000,-0.000156
0.949000,-0.000137
0.950000,-0.000150
0.951000,-0.000191
0.952000,-0.000153
0.953000,-0.000131
0.954000,-0.000175
0.955000,-0.000159
0.956000,-0.000137
0.957000,-0.000137
0.958000,-0.000140
0.959000,-0.000168
0.960000,-0.000137
0.961000,-0.000187
0.962000,-0.000121
0.963000,-0.000244
0.964000,-0.000150
0.965000,-0.000172
0.966000,-0.000131
0.967000,-0.000172
0.968000,-0.000127
0.969000,-0.000121
0.970000,-0.000168
0.971000,-0.000156
0.972000,-0.000127
0.973000,-0.000140
0.974000,-0.000146
0.975000,-0.000121
0.976000,-0.000127
0.977000,-0.000191
0.978000,-0.000146
0.979000,-0.000131
0.980000,-0.000165
0.981000,-0.000206
0.982000,-0.000162
0.983000,-0.000159
0.984000,-0.000178
0.985000,-0.000134
0.986000,-0.000178
0.987000,-0.000178
0.988000,-0.000175
0.989000,-0.000127
0.990000,-0.000140
0.991000,-0.000121
0.992000,-0.000159
0.993000,-0.000159
0.994000,-0.000108
0.995000,-0.000153
0.996000,-0.000153
0.997000,-0.000146
0.998000,-0.000162
0.999000,-0.000156
1.000000,-0.000156
1.001000,-0.000153
1.002000,-0.000143
1.003000,-0.000172
1.004000,-0.000096
1.005000,-0.000194
1.006000,-0.000137
1.007000,-0.000181
1.008000,-0.000153
1.009000,-0.000184
1.010000,-0.000165
1.011000,-0.000159
1.012000,-0.000153
1.013000,-0.000165
1.014000,-0.000143
1.015000,-0.000172
1.016000,-0.000131
1.017000,-0.000172
1.018000,-0.000159
1.019000,-0.000175
1.020000,-0.000143
1.021000,-0.000112
1.022000,-0.000150
1.023000,-0.000184
1.024000,-0.000184
1.025000,-0.000131
1.026000,-0.000146
1.027000,-0.000137
1.028000,-0.000197
1.029000,-0.000023
1.030000,-0.000156
1.031000,-0.000146
1.032000,-0.000153
1.033000,-0.000137
1.034000,-0.000143
1.035000,-0.000175
1.036000,-0.000134
1.037000,-0.000127
1.038000,-0.000175
1.039000,-0.000156
1.040000,-0.000181
1.041000,-0.000102
1.042000,-0.000175
1.043000,-0.000168
1.044000,-0.000140
1.045000,-0.000146
1.046000,-0.000168
1.047000,-0.000172
1.048000,-0.000143
1.049000,-0.000175
1.050000,-0.000083
1.051000,-0.000140
1.052000,-0.000172
1.053000,-0.000187
1.054000,-0.000165
1.055000,-0.000153
1.056000,-0.000153
1.057000,-0.000197
1.058000,-0.000134
1.059000,-0.000197
1.060000,-0.000115
1.061000,-0.000191
1.062000,-0.000184
1.063000,-0.000168
1.064000,-0.000137
1.065000,-0.000143
1.066000,-0.000197
1.067000,-0.000127
1.068000,-0.000096
1.069000,-0.000197
1.070000,-0.000153
1.071000,-0.000146
1.072000,-0.000083
1.073000,-0.000156
1.074000,-0.000156
1.075000,-0.000143
1.076000,-0.000162
1.077000,-0.000222
1.078000,-0.000178
1.079000,-0.000146
1.080000,-0.000168
1.081000,-0.000194
1.082000,-0.000153
1.083000,-0.000153
1.084000,-0.000172
1.085000,-0.000168
1.086000,-0.000131
1.087000,-0.000146
1.088000,-0.000121
1.089000,-0.000181
1.090000,-0.000150
1.091000,-0.000156
1.092000,-0.000055
1.093000,-0.000159
1.094000,-0.000102
1.095000,-0.000175
1.096000,-0.000153
1.097000,-0.000203
1.098000,-0.000159
1.099000,-0.000162
1.100000,-0.000146
1.101000,-0.000181
1.102000,-0.000121
1.103000,-0.000191
1.104000,-0.000140
1.105000,-0.000229
1.106000,-0.000124
1.107000,-0.000178
1.108000,-0.000093
1.109000,-0.000197
1.110000,-0.000077
1.111000,-0.000168
1.112000,-0.000121
1.113000,-0.000219
1.114000,-0.000134
1.115000,-0.000143
1.116000,-0.000178
1.117000,-0.000146
1.118000,-0.000162
1.119000,-0.000093
1.120000,-0.000124
1.121000,-0.000146
1.122000,-0.000159
1.123000,-0.000131
1.124000,-0.000187
1.125000,-0.000168
1.126000,-0.000191
1.127000,-0.000184
1.128000,-0.000140
1.129000,-0.000140
1.130000,-0.000146
1.131000,-0.000146
1.132000,-0.000178
1.133000,-0.000153
1.134000,-0.000153
1.135000,-0.000137
1.136000,-0.000159
1.137000,-0.000184
1.138000,-0.000168
1.139000,-0.000058
1.140000,-0.000137
1.141000,-0.000134
1.142000,-0.000156
1.143000,-0.000178
1.144000,-0.000140
1.145000,-0.000146
1.146000,-0.000124
1.147000,-0.000140
1.148000,-0.000181
1.149000,-0.000112
1.150000,-0.000159
1.151000,-0.000108
1.152000,-0.000140
1.153000,-0.000134
1.154000,-0.000153
1.155000,-0.000178
1.156000,-0.000146
1.157000,-0.000067
1.158000,-0.000137
1.159000,-0.000172
1.160000,-0.000143
1.161000,-0.000089
1.162000,-0.000105
1.163000,-0.000219
1.164000,-0.000051
1.165000,-0.000178
1.166000,-0.000172
1.167000,-0.000197
1.168000,-0.000014
1.169000,-0.000222
1.170000,-0.000159
1.171000,-0.000140
1.172000,-0.000165
1.173000,-0.000172
1.174000,-0.000181
1.175000,-0.000127
1.176000,-0.000178
1.177000,-0.000165
1.178000,-0.000042
1.179000,-0.000181
1.180000,-0.000181
1.181000,-0.000127
1.182000,-0.000127
1.183000,-0.000150
1.184000,-0.000112
1.185000,-0.000127
1.186000,-0.000153
1.187000,-0.000146
1.188000,-0.000184
1.189000,-0.000146
1.190000,-0.000184
1.191000,-0.000146
1.192000,-0.000206
1.193000,-0.000146
1.194000,-0.000197
1.195000,-0.000140
1.196000,-0.000172
1.197000,-0.000089
1.198000,-0.000181
1.199000,-0.000168
1.200000,-0.000168
1.201000,-0.000159
1.202000,-0.000191
1.203000,-0.000143
1.204000,-0.000165
1.205000,-0.000077
1.206000,-0.000124
1.207000,-0.000146
1.208000,-0.000150
1.209000,-0.000146
1.210000,-0.000181
1.211000,-0.000162
1.212000,-0.000172
1.213000,-0.000197
1.214000,-0.000140
1.215000,-0.000156
1.216000,-0.000124
1.217000,-0.000134
1.218000,-0.000096
1.219000,-0.000156
1.220000,-0.000159
1.221000,-0.000150
1.222000,-0.000150
1.223000,-0.000162
1.224000,-0.000108
1.225000,-0.000197
1.226000,-0.000134
1.227000,-0.000235
1.228000,-0.000178
1.229000,-0.000168
1.230000,-0.000156
1.231000,-0.000178
1.232000,-0.000153
1.233000,-0.000203
1.234000,-0.000184
1.235000,-0.000172
1.236000,-0.000086
1.237000,-0.000108
1.238000,-0.000216
1.239000,-0.000168
1.240000,-0.000187
1.241000,-0.000175
1.242000,-0.000172
1.243000,-0.000162
1.244000,-0.000159
1.245000,-0.000178
1.246000,-0.000172
1.247000,-0.000121
1.248000,-0.000172
1.249000,-0.000127
1.250000,-0.000156
1.251000,-0.000096
1.252000,-0.000229
1.253000,-0.000168
1.254000,-0.000165
1.255000,-0.000181
1.256000,-0.000146
1.257000,-0.000146
1.258000,-0.000121
1.259000,-0.000039
1.260000,-0.000159
1.261000,-0.000137
1.262000,-0.000146
1.263000,-0.000108
1.264000,-0.000222
1.265000,-0.000115
1.266000,-0.000118
1.267000,-0.000187
1.268000,-0.000108
1.269000,-0.000178
1.270000,-0.000153
1.271000,-0.000191
1.272000,-0.000131
1.273000,-0.000093
1.274000,-0.000099
1.275000,-0.000222
1.276000,-0.000118
1.277000,-0.000181
1.278000,-0.000134
1.279000,-0.000165
1.280000,-0.000140
1.281000,-0.000165
1.282000,-0.000127
1.283000,-0.000172
1.284000,-0.000150
1.285000,-0.000150
1.286000,-0.000156
1.287000,-0.000168
1.288000,-0.000187
1.289000,-0.000096
1.290000,-0.000172
1.291000,-0.000191
1.292000,-0.000191
1.293000,-0.000159
1.294000,-0.000153
1.295000,-0.000131
1.296000,-0.000184
1.297000,-0.000146
1.298000,-0.000172
1.299000,-0.000115
1.300000,-0.000181
1.301000,-0.000140
1.302000,-0.000137
1.303000,-0.000089
1.304000,-0.000140
1.305000,-0.000146
1.306000,-0.000184
1.307000,-0.000156
1.308000,-0.000162
1.309000,-0.000099
1.310000,-0.000172
1.311000,-0.000150
1.312000,-0.000168
1.313000,-0.000191
1.314000,-0.000172
1.315000,-0.000127
1.316000,-0.000159
1.317000,-0.000168
1.318000,-0.000127
1.319000,-0.000153
1.320000,-0.000172
1.321000,-0.000172
1.322000,-0.000168
1.323000,-0.000099
1.324000,-0.000134
1.325000,-0.000153
1.326000,-0.000134
1.327000,-0.000225
1.328000,-0.000112
1.329000,-0.000197
1.330000,-0.000175
1.331000,-0.000131
1.332000,-0.000156
1.333000,-0.000191
1.334000,-0.000178
1.335000,-0.000127
1.336000,-0.000159
1.337000,-0.000159
1.338000,-0.000137
1.339000,-0.000121
1.340000,-0.000197
1.341000,-0.000156
1.342000,-0.000156
1.343000,-0.000146
1.344000,-0.000184
1.345000,-0.000137
1.346000,-0.000159
1.347000,-0.000134
1.348000,-0.000197
1.349000,-0.000137
1.350000,-0.000131
1.351000,-0.000083
1.352000,-0.000146
1.353000,-0.000137
1.354000,-0.000077
1.355000,-0.000146
1.356000,-0.000156
1.357000,-0.000131
1.358000,-0.000153
1.359000,-0.000134
1.360000,-0.000162
1.361000,-0.000146
1.362000,-0.000165
1.363000,-0.000118
1.364000,-0.000153
1.365000,-0.000172
1.366000,-0.000127
1.367000,-0.000146
1.368000,-0.000134
1.369000,-0.000162
1.370000,-0.000162
1.371000,-0.000153
1.372000,-0.000156
1.373000,-0.000162
1.374000,-0.000143
1.375000,-0.000172
1.376000,-0.000162
1.377000,-0.000162
1.378000,-0.000191
1.379000,-0.000146
1.380000,-0.000175
1.381000,-0.000181
1.382000,-0.000162
1.383000,-0.000140
1.384000,-0.000184
1.385000,-0.000121
1.386000,-0.000194
1.387000,-0.000165
1.388000,-0.000140
1.389000,-0.000175
1.390000,-0.000153
1.391000,-0.000191
1.392000,-0.000156
1.393000,-0.000143
1.394000,-0.000181
1.395000,-0.000187
1.396000,-0.000178
1.397000,-0.000162
1.398000,-0.000165
1.399000,-0.000172
1.400000,-0.000131
1.401000,-0.000143
1.402000,-0.000150
1.403000,-0.000156
1.404000,-0.000124
1.405000,-0.000203
1.406000,-0.000115
1.407000,-0.000146
1.408000,-0.000121
1.409000,-0.000172
1.410000,-0.000153
1.411000,-0.000172
1.412000,-0.000134
1.413000,-0.000191
1.414000,-0.000140
1.415000,-0.000216
1.416000,-0.000150
1.417000,-0.000159
1.418000,-0.000127
1.419000,-0.000165
1.420000,-0.000124
1.421000,-0.000153
1.422000,-0.000127
1.423000,-0.000187
1.424000,-0.000089
1.425000,-0.000137
1.426000,-0.000168
1.427000,-0.000153
1.428000,-0.000146
1.429000,-0.000162
1.430000,-0.000159
1.431000,-0.000140
1.432000,-0.000105
1.433000,-0.000165
1.434000,-0.000112
1.435000,-0.000175
1.436000,-0.000140
1.437000,-0.000172
1.438000,-0.000206
1.439000,-0.000083
1.440000,-0.000184
1.441000,-0.000191
1.442000,-0.000206
1.443000,-0.000108
1.444000,-0.000146
1.445000,-0.000115
1.446000,-0.000191
1.447000,-0.000067
1.448000,-0.000229
1.449000,-0.000159
1.450000,-0.000165
1.451000,-0.000143
1.452000,-0.000172
1.453000,-0.000032
1.454000,-0.000187
1.455000,-0.000096
1.456000,-0.000165
1.457000,-0.000140
1.458000,-0.000181
1.459000,-0.000032
1.460000,-0.000194
1.461000,-0.000165
1.462000,-0.000175
1.463000,-0.000159
1.464000,-0.000146
1.465000,-0.000168
1.466000,-0.000153
1.467000,-0.000127
1.468000,-0.000153
1.469000,-0.000210
1.470000,-0.000150
1.471000,-0.000175
1.472000,-0.000165
1.473000,-0.000153
1.474000,-0.000134
1.475000,-0.000197
1.476000,-0.000134
1.477000,-0.000216
1.478000,-0.000108
1.479000,-0.000200
1.480000,-0.000162
1.481000,-0.000191
1.482000,-0.000115
1.483000,-0.000178
1.484000,-0.000058
1.485000,-0.000187
1.486000,-0.000102
1.487000,-0.000216
1.488000,-0.000093
1.489000,-0.000162
1.490000,-0.000121
1.491000,-0.000181
1.492000,-0.000124
1.493000,-0.000181
1.494000,-0.000118
1.495000,-0.000187
1.496000,-0.000197
1.497000,-0.000140
1.498000,-0.000146
1.499000,-0.000140
1.500000,-0.000102
1.501000,-0.000124
1.502000,-0.000096
1.503000,-0.000187
1.504000,-0.000127
1.505000,-0.000159
1.506000,-0.000146
1.507000,-0.000194
1.508000,-0.000105
1.509000,-0.000165
1.510000,-0.000146
1.511000,-0.000206
1.512000,-0.000115
1.513000,-0.000191
1.514000,-0.000108
1.515000,-0.000216
1.516000,-0.000150
1.517000,-0.000184
1.518000,-0.000134
1.519000,-0.000197
1.520000,-0.000134
1.521000,-0.000168
1.522000,-0.000156
1.523000,-0.000210
1.524000,-0.000140
1.525000,-0.000146
1.526000,-0.000156
1.527000,-0.000140
1.528000,-0.000143
1.529000,-0.000168
1.530000,-0.000137
1.531000,-0.000150
1.532000,-0.000134
1.533000,-0.000187
1.534000,-0.000102
1.535000,-0.000112
1.536000,-0.000184
1.537000,-0.000181
1.538000,-0.000159
1.539000,-0.000156
1.540000,-0.000165
1.541000,-0.000187
1.542000,-0.000172
1.543000,-0.000187
1.544000,-0.000178
1.545000,-0.000153
1.546000,-0.000203
1.547000,-0.000172
1.548000,-0.000241
1.549000,-0.000124
1.550000,-0.000248
1.551000,-0.000143
1.552000,-0.000213
1.553000,-0.000134
1.554000,-0.000140
1.555000,-0.000172
1.556000,-0.000159
1.557000,-0.000137
1.558000,-0.000156
1.559000,-0.000178
1.560000,-0.000127
1.561000,-0.000124
1.562000,-0.000178
1.563000,-0.000172
1.564000,-0.000150
1.565000,-0.000102
1.566000,-0.000153
1.567000,-0.000153
1.568000,-0.000146
1.569000,-0.000162
1.570000,-0.000162
1.571000,-0.000146
1.572000,-0.000080
1.573000,-0.000187
1.574000,-0.000093
1.575000,-0.000153
1.576000,-0.000146
1.577000,-0.000216
1.578000,-0.000115
1.579000,-0.000229
1.580000,-0.000143
1.581000,-0.000222
1.582000,-0.000137
1.583000,-0.000210
1.584000,-0.000102
1.585000,-0.000156
1.586000,-0.000131
1.587000,-0.000102
1.588000,-0.000143
1.589000,-0.000156
1.590000,-0.000162
1.591000,-0.000184
1.592000,-0.000150
1.593000,-0.000146
1.594000,-0.000184
1.595000,-0.000134
1.596000,-0.000181
1.597000,-0.000131
1.598000,-0.000181
1.599000,-0.000153
1.600000,-0.000225
1.601000,-0.000134
1.602000,-0.000150
1.603000,-0.000108
1.604000,-0.000175
1.605000,-0.000159
1.606000,-0.000165
1.607000,-0.000181
1.608000,-0.000168
1.609000,-0.000096
1.610000,-0.000178
1.611000,-0.000172
1.612000,-0.000080
1.613000,-0.000159
1.614000,-0.000150
1.615000,-0.000213
1.616000,-0.000150
1.617000,-0.000146
1.618000,-0.000159
1.619000,-0.000216
1.620000,-0.000168
1.621000,-0.000172
1.622000,-0.000153
1.623000,-0.000131
1.624000,-0.000131
1.625000,-0.000137
1.626000,-0.000099
1.627000,-0.000115
1.628000,-0.000131
1.629000,-0.000146
1.630000,-0.000168
1.631000,-0.000181
1.632000,-0.000140
1.633000,-0.000178
1.634000,-0.000187
1.635000,-0.000143
1.636000,-0.000210
1.637000,-0.000184
1.638000,-0.000080
1.639000,-0.000137
1.640000,-0.000146
1.641000,-0.000134
1.642000,-0.000102
1.643000,-0.000162
1.644000,-0.000159
1.645000,-0.000150
1.646000,-0.000137
1.647000,-0.000187
1.648000,-0.000140
1.649000,-0.000197
1.650000,-0.000162
1.651000,-0.000184
1.652000,-0.000168
1.653000,-0.000181
1.654000,-0.000064
1.655000,-0.000153
1.656000,-0.000146
1.657000,-0.000115
1.658000,-0.000127
1.659000,-0.000191
1.660000,-0.000150
1.661000,-0.000178
1.662000,-0.000112
1.663000,-0.000178
1.664000,-0.000165
1.665000,-0.000200
1.666000,-0.000146
1.667000,-0.000181
1.668000,-0.000159
1.669000,-0.000194
1.670000,-0.000105
1.671000,-0.000210
1.672000,-0.000159
1.673000,-0.000191
1.674000,-0.000156
1.675000,-0.000184
1.676000,-0.000137
1.677000,-0.000058
1.678000,-0.000175
1.679000,-0.000159
1.680000,-0.000137
1.681000,-0.000131
1.682000,-0.000229
1.683000,-0.000137
1.684000,-0.000156
1.685000,-0.000137
1.686000,-0.000168
1.687000,-0.000118
1.688000,-0.000137
1.689000,-0.000156
1.690000,-0.000165
1.691000,-0.000089
1.692000,-0.000168
1.693000,-0.000102
1.694000,-0.000187
1.695000,-0.000134
1.696000,-0.000181
1.697000,-0.000137
1.698000,-0.000178
1.699000,-0.000115
1.700000,-0.000150
1.701000,-0.000162
1.702000,-0.000140
1.703000,-0.000143
1.704000,-0.000121
1.705000,-0.000210
1.706000,-0.000131
1.707000,-0.000222
1.708000,-0.000058
1.709000,-0.000257
1.710000,-0.000168
1.711000,-0.000178
1.712000,-0.000077
1.713000,-0.000175
1.714000,-0.000146
1.715000,-0.000181
1.716000,-0.000184
1.717000,-0.000172
1.718000,-0.000172
1.719000,-0.000137
1.720000,-0.000140
1.721000,-0.000134
1.722000,-0.000137
1.723000,-0.000115
1.724000,-0.000134
1.725000,-0.000203
1.726000,-0.000127
1.727000,-0.000162
1.728000,-0.000131
1.729000,-0.000143
1.730000,-0.000089
1.731000,-0.000172
1.732000,-0.000140
1.733000,-0.000168
1.734000,-0.000143
1.735000,-0.000134
1.736000,-0.000146
1.737000,-0.000146
1.738000,-0.000102
1.739000,-0.000096
1.740000,-0.000105
1.741000,-0.000150
1.742000,-0.000159
1.743000,-0.000159
1.744000,-0.000165
1.745000,-0.000153
1.746000,-0.000150
1.747000,-0.000191
1.748000,-0.000137
1.749000,-0.000124
1.750000,-0.000194
1.751000,-0.000153
1.752000,-0.000131
1.753000,-0.000197
1.754000,-0.000184
1.755000,-0.000131
1.756000,-0.000143
1.757000,-0.000093
1.758000,-0.000121
1.759000,-0.000194
1.760000,-0.000115
1.761000,-0.000140
1.762000,-0.000156
1.763000,-0.000124
1.764000,-0.000203
1.765000,-0.000172
1.766000,-0.000064
1.767000,-0.000210
1.768000,-0.000162
1.769000,-0.000146
1.770000,-0.000140
1.771000,-0.000159
1.772000,-0.000150
1.773000,-0.000178
1.774000,-0.000121
1.775000,-0.000165
1.776000,-0.000150
1.777000,-0.000143
1.778000,-0.000131
1.779000,-0.000121
1.780000,-0.000229
1.781000,-0.000146
1.782000,-0.000165
1.783000,-0.000137
1.784000,-0.000172
1.785000,-0.000162
1.786000,-0.000096
1.787000,-0.000175
1.788000,-0.000143
1.789000,-0.000140
1.790000,-0.000175
1.791000,-0.000165
1.792000,-0.000124
1.793000,-0.000162
1.794000,-0.000121
1.795000,-0.000178
1.796000,-0.000143
1.797000,-0.000200
1.798000,-0.000140
1.799000,-0.000184
1.800000,-0.000134
1.801000,-0.000213
1.802000,-0.000127
1.803000,-0.000178
1.804000,-0.000143
1.805000,-0.000153
1.806000,-0.000146
1.807000,-0.000140
1.808000,-0.000206
1.809000,-0.000197
1.810000,-0.000165
1.811000,-0.000153
1.812000,-0.000162
1.813000,-0.000121
1.814000,-0.000197
1.815000,-0.000134
1.816000,-0.000156
1.817000,-0.000153
1.818000,-0.000165
1.819000,-0.000108
1.820000,-0.000203
1.821000,-0.000115
1.822000,-0.000187
1.823000,-0.000172
1.824000,-0.000156
1.825000,-0.000146
1.826000,-0.000187
1.827000,-0.000210
1.828000,-0.000187
1.829000,-0.000181
1.830000,-0.000210
1.831000,-0.000165
1.832000,-0.000216
1.833000,-0.000143
1.834000,-0.000165
1.835000,-0.000153
1.836000,-0.000178
1.837000,-0.000070
1.838000,-0.000140
1.839000,-0.000156
1.840000,-0.000140
1.841000,-0.000127
1.842000,-0.000191
1.843000,-0.000127
1.844000,-0.000200
1.845000,-0.000219
1.846000,-0.000172
1.847000,-0.000102
1.848000,-0.000210
1.849000,-0.000143
1.850000,-0.000093
1.851000,-0.000137
1.852000,-0.000159
1.853000,-0.000146
1.854000,-0.000156
1.855000,-0.000134
1.856000,-0.000187
1.857000,-0.000127
1.858000,-0.000194
1.859000,-0.000121
1.860000,-0.000165
1.861000,-0.000175
1.862000,-0.000178
1.863000,-0.000089
1.864000,-0.000232
1.865000,-0.000108
1.866000,-0.000165
1.867000,-0.000194
1.868000,-0.000165
1.869000,-0.000137
1.870000,-0.000184
1.871000,-0.000118
1.872000,-0.000232
1.873000,-0.000102
1.874000,-0.000222
1.875000,-0.000127
1.876000,-0.000093
1.877000,-0.000143
1.878000,-0.000134
1.879000,-0.000178
1.880000,-0.000127
1.881000,-0.000146
1.882000,-0.000162
1.883000,-0.000150
1.884000,-0.000146
1.885000,-0.000159
1.886000,-0.000159
1.887000,-0.000172
1.888000,-0.000127
1.889000,-0.000178
1.890000,-0.000134
1.891000,-0.000187
1.892000,-0.000086
1.893000,-0.000168
1.894000,-0.000121
1.895000,-0.000137
1.896000,-0.000146
1.897000,-0.000137
1.898000,-0.000137
1.899000,-0.000175
1.900000,-0.000146
1.901000,-0.000181
1.902000,-0.000089
1.903000,-0.000222
1.904000,-0.000178
1.905000,-0.000191
1.906000,-0.000140
1.907000,-0.000159
1.908000,-0.000181
1.909000,-0.000121
1.910000,-0.000187
1.911000,-0.000172
1.912000,-0.000181
1.913000,-0.000102
1.914000,-0.000168
1.915000,-0.000150
1.916000,-0.000172
1.917000,-0.000146
1.918000,-0.000184
1.919000,-0.000159
1.920000,-0.000197
1.921000,-0.000162
1.922000,-0.000178
1.923000,-0.000143
1.924000,-0.000156
1.925000,-0.000115
1.926000,-0.000127
1.927000,-0.000121
1.928000,-0.000143
1.929000,-0.000020
1.930000,-0.000165
1.931000,-0.000137
1.932000,-0.000187
1.933000,-0.000181
1.934000,-0.000178
1.935000,-0.000150
1.936000,-0.000175
1.937000,-0.000178
1.938000,-0.000124
1.939000,-0.000127
1.940000,-0.000137
1.941000,-0.000140
1.942000,-0.000172
1.943000,-0.000131
1.944000,-0.000156
1.945000,-0.000137
1.946000,-0.000143
1.947000,-0.000178
1.948000,-0.000096
1.949000,-0.000036
1.950000,-0.000181
1.951000,-0.000172
1.952000,-0.000143
1.953000,-0.000143
1.954000,-0.000112
1.955000,-0.000153
1.956000,-0.000150
1.957000,-0.000178
1.958000,-0.000146
1.959000,-0.000159
1.960000,-0.000156
1.961000,-0.000150
1.962000,-0.000191
1.963000,-0.000108
1.964000,-0.000140
1.965000,-0.000172
1.966000,-0.000115
1.967000,-0.000156
1.968000,-0.000191
1.969000,-0.000143
1.970000,-0.000184
1.971000,-0.000187
1.972000,-0.000150
1.973000,-0.000162
1.974000,-0.000140
1.975000,-0.000184
1.976000,-0.000127
1.977000,-0.000086
1.978000,-0.000137
1.979000,-0.000168
1.980000,-0.000172
1.981000,-0.000172
1.982000,-0.000153
1.983000,-0.000143
1.984000,-0.000168
1.985000,-0.000165
1.986000,-0.000124
1.987000,-0.000210
1.988000,-0.000086
1.989000,-0.000165
1.990000,-0.000093
1.991000,-0.000194
1.992000,-0.000112
1.993000,-0.000178
1.994000,-0.000127
1.995000,-0.000127
1.996000,-0.000162
1.997000,-0.000127
1.998000,-0.000168
1.999000,-0.000156
2.000000,-0.000184
2.001000,-0.000121
2.002000,-0.000206
2.003000,-0.000134
2.004000,-0.000153
2.005000,-0.000131
2.006000,-0.000197
2.007000,-0.000172
2.008000,-0.000172
2.009000,-0.000156
2.010000,-0.000178
2.011000,-0.000159
2.012000,-0.000131
2.013000,-0.000187
2.014000,-0.000146
2.015000,-0.000159
2.016000,-0.000206
2.017000,-0.000131
2.018000,-0.000165
2.019000,-0.000168
2.020000,-0.000178
2.021000,-0.000165
2.022000,-0.000140
2.023000,-0.000162
2.024000,-0.000140
2.025000,-0.000137
2.026000,-0.000105
2.027000,-0.000168
2.028000,-0.000153
2.029000,-0.000162
2.030000,-0.000156
2.031000,-0.000175
2.032000,-0.000134
2.033000,-0.000140
2.034000,-0.000168
2.035000,-0.000153
2.036000,-0.000105
2.037000,-0.000203
2.038000,-0.000121
2.039000,-0.000172
2.040000,-0.000159
2.041000,-0.000143
2.042000,-0.000127
2.043000,-0.000172
2.044000,-0.000105
2.045000,-0.000140
2.046000,-0.000162
2.047000,-0.000134
2.048000,-0.000077
2.049000,-0.000159
2.050000,-0.000156
2.051000,-0.000127
2.052000,-0.000159
2.053000,-0.000118
2.054000,-0.000140
2.055000,-0.000162
2.056000,-0.000121
2.057000,-0.000191
2.058000,-0.000146
2.059000,-0.000159
2.060000,-0.000172
2.061000,-0.000184
2.062000,-0.000146
2.063000,-0.000159
2.064000,-0.000140
2.065000,-0.000178
2.066000,-0.000150
2.067000,-0.000140
2.068000,-0.000112
2.069000,-0.000197
2.070000,-0.000127
2.071000,-0.000127
2.072000,-0.000121
2.073000,-0.000150
2.074000,-0.000070
2.075000,-0.000150
2.076000,-0.000140
2.077000,-0.000143
2.078000,-0.000146
2.079000,-0.000153
2.080000,-0.000137
2.081000,-0.000108
2.082000,-0.000178
2.083000,-0.000108
2.084000,-0.000248
2.085000,-0.000096
2.086000,-0.000267
2.087000,-0.000108
2.088000,-0.000153
2.089000,-0.000086
2.090000,-0.000175
2.091000,-0.000137
2.092000,-0.000121
2.093000,-0.000181
2.094000,-0.000134
2.095000,-0.000172
2.096000,-0.000146
2.097000,-0.000061
2.098000,-0.000143
2.099000,-0.000115
2.100000,-0.000153
2.101000,-0.000168
2.102000,-0.000168
2.103000,-0.000172
2.104000,-0.000108
2.105000,-0.000197
2.106000,-0.000105
2.107000,-0.000134
2.108000,-0.000168
2.109000,-0.000187
2.110000,-0.000039
2.111000,-0.000203
2.112000,-0.000089
2.113000,-0.000172
2.114000,-0.000150
2.115000,-0.000172
2.116000,-0.000165
2.117000,-0.000159
2.118000,-0.000150
2.119000,-0.000156
2.120000,-0.000156
2.121000,-0.000083
2.122000,-0.000153
2.123000,-0.000115
2.124000,-0.000162
2.125000,-0.000146
2.126000,-0.000140
2.127000,-0.000153
2.128000,-0.000168
2.129000,-0.000153
2.130000,-0.000197
2.131000,-0.000191
2.132000,-0.000146
2.133000,-0.000178
2.134000,-0.000178
2.135000,-0.000165
2.136000,-0.000172
2.137000,-0.000146
2.138000,-0.000121
2.139000,-0.000121
2.140000,-0.000143
2.141000,-0.000112
2.142000,-0.000150
2.143000,-0.000172
2.144000,-0.000184
2.145000,-0.000178
2.146000,-0.000165
2.147000,-0.000200
2.148000,-0.000127
2.149000,-0.000156
2.150000,-0.000061
2.151000,-0.000127
2.152000,-0.000105
2.153000,-0.000146
2.154000,-0.000146
2.155000,-0.000153
2.156000,-0.000089
2.157000,-0.000178
2.158000,-0.000131
2.159000,-0.000159
2.160000,-0.000191
2.161000,-0.000105
2.162000,-0.000131
2.163000,-0.000118
2.164000,-0.000105
2.165000,-0.000131
2.166000,-0.000156
2.167000,-0.000150
2.168000,-0.000159
2.169000,-0.000222
2.170000,-0.000153
2.171000,-0.000156
2.172000,-0.000146
2.173000,-0.000150
2.174000,-0.000156
2.175000,-0.000175
2.176000,-0.000143
2.177000,-0.000210
2.178000,-0.000140
2.179000,-0.000153
2.180000,-0.000168
2.181000,-0.000159
2.182000,-0.000178
2.183000,-0.000153
2.184000,-0.000156
2.185000,-0.000156
2.186000,-0.000172
2.187000,-0.000140
2.188000,-0.000168
2.189000,-0.000175
2.190000,-0.000146
2.191000,-0.000162
2.192000,-0.000115
2.193000,-0.000203
2.194000,-0.000121
2.195000,-0.000153
2.196000,-0.000115
2.197000,-0.000074
2.198000,-0.000150
2.199000,-0.000153
2.200000,-0.000219
2.201000,-0.000112
2.202000,-0.000178
2.203000,-0.000162
2.204000,-0.000181
2.205000,-0.000131
2.206000,-0.000168
2.207000,-0.000168
2.208000,-0.000172
2.209000,-0.000156
2.210000,-0.000168
2.211000,-0.000153
2.212000,-0.000159
2.213000,-0.000127
2.214000,-0.000131
2.215000,-0.000140
2.216000,-0.000124
2.217000,-0.000197
2.218000,-0.000134
2.219000,-0.000140
2.220000,-0.000143
2.221000,-0.000121
2.222000,-0.000168
2.223000,-0.000206
2.224000,-0.000159
2.225000,-0.000150
2.226000,-0.000026
2.227000,-0.000121
2.228000,-0.000134
2.229000,-0.000127
2.230000,-0.000118
2.231000,-0.000165
2.232000,-0.000165
2.233000,-0.000213
2.234000,-0.000219
2.235000,-0.000168
2.236000,-0.000168
2.237000,-0.000175
2.238000,-0.000127
2.239000,-0.000134
2.240000,-0.000153
2.241000,-0.000172
2.242000,-0.000143
2.243000,-0.000156
2.244000,-0.000178
2.245000,-0.000210
2.246000,-0.000137
2.247000,-0.000153
2.248000,-0.000153
2.249000,-0.000140
2.250000,-0.000172
2.251000,-0.000159
2.252000,-0.000137
2.253000,-0.000172
2.254000,-0.000067
2.255000,-0.000159
2.256000,-0.000175
2.257000,-0.000150
2.258000,-0.000162
2.259000,-0.000159
2.260000,-0.000112
2.261000,-0.000077
2.262000,-0.000159
2.263000,-0.000036
2.264000,-0.000178
2.265000,-0.000137
2.266000,-0.000131
2.267000,-0.000210
2.268000,-0.000153
2.269000,-0.000108
2.270000,-0.000153
2.271000,-0.000153
2.272000,-0.000127
2.273000,-0.000222
2.274000,-0.000150
2.275000,-0.000168
2.276000,-0.000127
2.277000,-0.000181
2.278000,-0.000127
2.279000,-0.000159
2.280000,-0.000181
2.281000,-0.000140
2.282000,-0.000168
2.283000,-0.000156
2.284000,-0.000178
2.285000,-0.000143
2.286000,-0.000181
2.287000,-0.000172
2.288000,-0.000184
2.289000,-0.000140
2.290000,-0.000134
2.291000,-0.000127
2.292000,-0.000124
2.293000,-0.000175
2.294000,-0.000150
2.295000,-0.000137
2.296000,-0.000146
2.297000,-0.000070
2.298000,-0.000080
2.299000,-0.000175
2.300000,-0.000137
2.301000,-0.000165
2.302000,-0.000165
2.303000,-0.000184
2.304000,-0.000162
2.305000,-0.000210
2.306000,-0.000140
2.307000,-0.000153
2.308000,-0.000131
2.309000,-0.000162
2.310000,-0.000150
2.311000,-0.000162
2.312000,-0.000140
2.313000,-0.000080
2.314000,-0.000153
2.315000,-0.000146
2.316000,-0.000159
2.317000,-0.000127
2.318000,-0.000165
2.319000,-0.000134
2.320000,-0.000175
2.321000,-0.000184
2.322000,-0.000162
2.323000,-0.000127
2.324000,-0.000203
2.325000,-0.000115
2.326000,-0.000178
2.327000,-0.000216
2.328000,-0.000146
2.329000,-0.000191
2.330000,-0.000197
2.331000,-0.000112
2.332000,-0.000172
2.333000,-0.000124
2.334000,-0.000140
2.335000,-0.000134
2.336000,-0.000146
2.337000,-0.000102
2.338000,-0.000156
2.339000,-0.000150
2.340000,-0.000178
2.341000,-0.000178
2.342000,-0.000187
2.343000,-0.000070
2.344000,-0.000238
2.345000,-0.000121
2.346000,-0.000194
2.347000,-0.000153
2.348000,-0.000168
2.349000,-0.000121
2.350000,-0.000121
2.351000,-0.000140
2.352000,-0.000162
2.353000,-0.000146
2.354000,-0.000172
2.355000,-0.000159
2.356000,-0.000168
2.357000,-0.000172
2.358000,-0.000150
2.359000,-0.000156
2.360000,-0.000222
2.361000,-0.000162
2.362000,-0.000165
2.363000,-0.000137
2.364000,-0.000118
2.365000,-0.000184
2.366000,-0.000168
2.367000,-0.000124
2.368000,-0.000134
2.369000,-0.000175
2.370000,-0.000194
2.371000,-0.000140
2.372000,-0.000143
2.373000,-0.000102
2.374000,-0.000181
2.375000,-0.000137
2.376000,-0.000203
2.377000,-0.000156
2.378000,-0.000197
2.379000,-0.000146
2.380000,-0.000184
2.381000,-0.000134
2.382000,-0.000165
2.383000,-0.000153
2.384000,-0.000156
2.385000,-0.000178
2.386000,-0.000165
2.387000,-0.000200
2.388000,-0.000099
2.389000,-0.000143
2.390000,-0.000137
2.391000,-0.000168
2.392000,-0.000150
2.393000,-0.000194
2.394000,-0.000118
2.395000,-0.000184
2.396000,-0.000150
2.397000,-0.000178
2.398000,-0.000150
2.399000,-0.000168
2.400000,-0.000140
2.401000,-0.000159
2.402000,-0.000140
2.403000,-0.000143
2.404000,-0.000070
2.405000,-0.000146
2.406000,-0.000127
2.407000,-0.000118
2.408000,-0.000184
2.409000,-0.000118
2.410000,-0.000191
2.411000,-0.000121
2.412000,-0.000191
2.413000,-0.000121
2.414000,-0.000191
2.415000,-0.000121
2.416000,-0.000187
2.417000,-0.000093
2.418000,-0.000219
2.419000,-0.000172
2.420000,-0.000210
2.421000,-0.000140
2.422000,-0.000124
2.423000,-0.000115
2.424000,-0.000150
2.425000,-0.000156
2.426000,-0.000162
2.427000,-0.000124
2.428000,-0.000175
2.429000,-0.000156
2.430000,-0.000140
2.431000,-0.000184
2.432000,-0.000140
2.433000,-0.000162
2.434000,-0.000191
2.435000,-0.000089
2.436000,-0.000156
2.437000,-0.000162
2.438000,-0.000184
2.439000,-0.000153
2.440000,-0.000143
2.441000,-0.000115
2.442000,-0.000175
2.443000,-0.000191
2.444000,-0.000178
2.445000,-0.000153
2.446000,-0.000210
2.447000,-0.000121
2.448000,-0.000175
2.449000,-0.000134
2.450000,-0.000187
2.451000,-0.000140
2.452000,-0.000127
2.453000,-0.000146
2.454000,-0.000210
2.455000,-0.000115
2.456000,-0.000127
2.457000,-0.000134
2.458000,-0.000172
2.459000,-0.000165
2.460000,-0.000222
2.461000,-0.000229
2.462000,-0.000222
2.463000,-0.000121
2.464000,-0.000168
2.465000,-0.000153
2.466000,-0.000165
2.467000,-0.000105
2.468000,-0.000197
2.469000,-0.000191
2.470000,-0.000172
2.471000,-0.000229
2.472000,-0.000153
2.473000,-0.000118
2.474000,-0.000146
2.475000,-0.000200
2.476000,-0.000146
2.477000,-0.000210
2.478000,-0.000153
2.479000,-0.000156
2.480000,-0.000124
2.481000,-0.000172
2.482000,-0.000140
2.483000,-0.000172
2.484000,-0.000140
2.485000,-0.000210
2.486000,-0.000150
2.487000,-0.000140
2.488000,-0.000150
2.489000,-0.000210
2.490000,-0.000093
2.491000,-0.000165
2.492000,-0.000143
2.493000,-0.000153
2.494000,-0.000165
2.495000,-0.000162
2.496000,-0.000184
2.497000,-0.000203
2.498000,-0.000140
2.499000,-0.000134
2.500000,-0.000162
2.501000,-0.000159
2.502000,-0.000143
2.503000,-0.000159
2.504000,-0.000175
2.505000,-0.000159
2.506000,-0.000140
2.507000,-0.000121
2.508000,-0.000194
2.509000,-0.000121
2.510000,-0.000203
2.511000,-0.000137
2.512000,-0.000200
2.513000,-0.000093
2.514000,-0.000235
2.515000,-0.000118
2.516000,-0.000162
2.517000,-0.000108
2.518000,-0.000216
2.519000,-0.000121
2.520000,-0.000165
2.521000,-0.000127
2.522000,-0.000159
2.523000,-0.000118
2.524000,-0.000140
2.525000,-0.000115
2.526000,-0.000162
2.527000,-0.000102
2.528000,-0.000187
2.529000,-0.000162
2.530000,-0.000140
2.531000,-0.000168
2.532000,-0.000153
2.533000,-0.000159
2.534000,-0.000153
2.535000,-0.000108
2.536000,-0.000137
2.537000,-0.000140
2.538000,-0.000102
2.539000,-0.000191
2.540000,-0.000159
2.541000,-0.000108
2.542000,-0.000184
2.543000,-0.000159
2.544000,-0.000153
2.545000,-0.000200
2.546000,-0.000153
2.547000,-0.000156
2.548000,-0.000178
2.549000,-0.000168
2.550000,-0.000168
2.551000,-0.000143
2.552000,-0.000029
2.553000,-0.000159
2.554000,-0.000184
2.555000,-0.000096
2.556000,-0.000121
2.557000,-0.000134
2.558000,-0.000150
2.559000,-0.000172
2.560000,-0.000162
2.561000,-0.000162
2.562000,-0.000194
2.563000,-0.000156
2.564000,-0.000187
2.565000,-0.000159
2.566000,-0.000150
2.567000,-0.000140
2.568000,-0.000178
2.569000,-0.000165
2.570000,-0.000156
2.571000,-0.000134
2.572000,-0.000143
2.573000,-0.000165
2.574000,-0.000143
2.575000,-0.000184
2.576000,-0.000115
2.577000,-0.000175
2.578000,-0.000099
2.579000,-0.000181
2.580000,-0.000121
2.581000,-0.000197
2.582000,-0.000153
2.583000,-0.000168
2.584000,-0.000131
2.585000,-0.000178
2.586000,-0.000168
2.587000,-0.000187
2.588000,-0.000153
2.589000,-0.000153
2.590000,-0.000172
2.591000,-0.000134
2.592000,-0.000159
2.593000,-0.000134
2.594000,-0.000159
2.595000,-0.000178
2.596000,-0.000112
2.597000,-0.000121
2.598000,-0.000146
2.599000,-0.000146
2.600000,-0.000184
2.601000,-0.000143
2.602000,-0.000172
2.603000,-0.000131
2.604000,-0.000162
2.605000,-0.000127
2.606000,-0.000172
2.607000,-0.000124
2.608000,-0.000194
2.609000,-0.000105
2.610000,-0.000131
2.611000,-0.000121
2.612000,-0.000238
2.613000,-0.000127
2.614000,-0.000229
2.615000,-0.000127
2.616000,-0.000178
2.617000,-0.000086
2.618000,-0.000159
2.619000,-0.000137
2.620000,-0.000153
2.621000,-0.000150
2.622000,-0.000134
2.623000,-0.000162
2.624000,-0.000146
2.625000,-0.000203
2.626000,-0.000159
2.627000,-0.000165
2.628000,-0.000197
2.629000,-0.000172
2.630000,-0.000121
2.631000,-0.000187
2.632000,-0.000143
2.633000,-0.000143
2.634000,-0.000191
2.635000,-0.000150
2.636000,-0.000137
2.637000,-0.000168
2.638000,-0.000121
2.639000,-0.000159
2.640000,-0.000178
2.641000,-0.000146
2.642000,-0.000153
2.643000,-0.000083
2.644000,-0.000086
2.645000,-0.000203
2.646000,-0.000131
2.647000,-0.000150
2.648000,-0.000194
2.649000,-0.000165
2.650000,-0.000134
2.651000,-0.000184
2.652000,-0.000146
2.653000,-0.000150
2.654000,-0.000146
2.655000,-0.000099
2.656000,-0.000124
2.657000,-0.000191
2.658000,-0.000143
2.659000,-0.000181
2.660000,-0.000181
2.661000,-0.000159
2.662000,-0.000156
2.663000,-0.000153
2.664000,-0.000194
2.665000,-0.000108
2.666000,-0.000156
2.667000,-0.000156
2.668000,-0.000036
2.669000,-0.000127
2.670000,-0.000168
2.671000,-0.000115
2.672000,-0.000150
2.673000,-0.000048
2.674000,-0.000184
2.675000,-0.000115
2.676000,-0.000153
2.677000,-0.000140
2.678000,-0.000140
2.679000,-0.000175
2.680000,-0.000165
2.681000,-0.000178
2.682000,-0.000159
2.683000,-0.000162
2.684000,-0.000159
2.685000,-0.000159
2.686000,-0.000146
2.687000,-0.000162
2.688000,-0.000140
2.689000,-0.000156
2.690000,-0.000168
2.691000,-0.000140
2.692000,-0.000137
2.693000,-0.000159
2.694000,-0.000140
2.695000,-0.000178
2.696000,-0.000153
2.697000,-0.000159
2.698000,-0.000118
2.699000,-0.000156
2.700000,-0.000127
2.701000,-0.000184
2.702000,-0.000102
2.703000,-0.000064
2.704000,-0.000162
2.705000,-0.000146
2.706000,-0.000137
2.707000,-0.000172
2.708000,-0.000140
2.709000,-0.000197
2.710000,-0.000146
2.711000,-0.000200
2.712000,-0.000153
2.713000,-0.000175
2.714000,-0.000112
2.715000,-0.000159
2.716000,-0.000143
2.717000,-0.000153
2.718000,-0.000127
2.719000,-0.000143
2.720000,-0.000165
2.721000,-0.000134
2.722000,-0.000175
2.723000,-0.000153
2.724000,-0.000213
2.725000,-0.000162
2.726000,-0.000156
2.727000,-0.000089
2.728000,-0.000156
2.729000,-0.000124
2.730000,-0.000080
2.731000,-0.000086
2.732000,-0.000124
2.733000,-0.000187
2.734000,-0.000118
2.735000,-0.000146
2.736000,-0.000146
2.737000,-0.000124
2.738000,-0.000143
2.739000,-0.000222
2.740000,-0.000159
2.741000,-0.000178
2.742000,-0.000175
2.743000,-0.000108
2.744000,-0.000156
2.745000,-0.000131
2.746000,-0.000143
2.747000,-0.000159
2.748000,-0.000137
2.749000,-0.000134
2.750000,-0.000194
2.751000,-0.000023
2.752000,-0.000150
2.753000,-0.000134
2.754000,-0.000112
2.755000,-0.000178
2.756000,-0.000105
2.757000,-0.000143
2.758000,-0.000165
2.759000,-0.000172
2.760000,-0.000172
2.761000,-0.000162
2.762000,-0.000175
2.763000,-0.000165
2.764000,-0.000153
2.765000,-0.000150
2.766000,-0.000168
2.767000,-0.000153
2.768000,-0.000134
2.769000,-0.000143
2.770000,-0.000162
2.771000,-0.000131
2.772000,-0.000194
2.773000,-0.000153
2.774000,-0.000178
2.775000,-0.000124
2.776000,-0.000137
2.777000,-0.000153
2.778000,-0.000150
2.779000,-0.000156
2.780000,-0.000153
2.781000,-0.000165
2.782000,-0.000150
2.783000,-0.000213
2.784000,-0.000102
2.785000,-0.000181
2.786000,-0.000121
2.787000,-0.000197
2.788000,-0.000058
2.789000,-0.000178
2.790000,-0.000162
2.791000,-0.000146
2.792000,-0.000121
2.793000,-0.000194
2.794000,-0.000112
2.795000,-0.000159
2.796000,-0.000127
2.797000,-0.000153
2.798000,-0.000134
2.799000,-0.000194
2.800000,-0.000143
2.801000,-0.000140
2.802000,-0.000175
2.803000,-0.000206
2.804000,-0.000153
2.805000,-0.000150
2.806000,-0.000083
2.807000,-0.000153
2.808000,-0.000086
2.809000,-0.000172
2.810000,-0.000121
2.811000,-0.000191
2.812000,-0.000150
2.813000,-0.000194
2.814000,-0.000127
2.815000,-0.000168
2.816000,-0.000121
2.817000,-0.000168
2.818000,-0.000184
2.819000,-0.000153
2.820000,-0.000140
2.821000,-0.000121
2.822000,-0.000162
2.823000,-0.000127
2.824000,-0.000206
2.825000,-0.000181
2.826000,-0.000159
2.827000,-0.000175
2.828000,-0.000124
2.829000,-0.000153
2.830000,-0.000172
2.831000,-0.000134
2.832000,-0.000172
2.833000,-0.000172
2.834000,-0.000165
2.835000,-0.000191
2.836000,-0.000156
2.837000,-0.000137
2.838000,-0.000172
2.839000,-0.000146
2.840000,-0.000153
2.841000,-0.000165
2.842000,-0.000131
2.843000,-0.000134
2.844000,-0.000165
2.845000,-0.000108
2.846000,-0.000153
2.847000,-0.000168
2.848000,-0.000096
2.849000,-0.000127
2.850000,-0.000153
2.851000,-0.000146
2.852000,-0.000175
2.853000,-0.000159
2.854000,-0.000140
2.855000,-0.000159
2.856000,-0.000146
2.857000,-0.000172
2.858000,-0.000150
2.859000,-0.000140
2.860000,-0.000077
2.861000,-0.000137
2.862000,-0.000105
2.863000,-0.000150
2.864000,-0.000159
2.865000,-0.000178
2.866000,-0.000140
2.867000,-0.000191
2.868000,-0.000156
2.869000,-0.000175
2.870000,-0.000191
2.871000,-0.000162
2.872000,-0.000159
2.873000,-0.000143
2.874000,-0.000150
2.875000,-0.000159
2.876000,-0.000168
2.877000,-0.000172
2.878000,-0.000153
2.879000,-0.000153
2.880000,-0.000140
2.881000,-0.000137
2.882000,-0.000191
2.883000,-0.000146
2.884000,-0.000089
2.885000,-0.000162
2.886000,-0.000200
2.887000,-0.000102
2.888000,-0.000165
2.889000,-0.000108
2.890000,-0.000181
2.891000,-0.000153
2.892000,-0.000168
2.893000,-0.000159
2.894000,-0.000156
2.895000,-0.000146
2.896000,-0.000162
2.897000,-0.000153
2.898000,-0.000146
2.899000,-0.000143
2.900000,-0.000191
2.901000,-0.000162
2.902000,-0.000206
2.903000,-0.000165
2.904000,-0.000225
2.905000,-0.000159
2.906000,-0.000168
2.907000,-0.000153
2.908000,-0.000216
2.909000,-0.000146
2.910000,-0.000143
2.911000,-0.000168
2.912000,-0.000172
2.913000,-0.000143
2.914000,-0.000165
2.915000,-0.000178
2.916000,-0.000131
2.917000,-0.000184
2.918000,-0.000150
2.919000,-0.000153
2.920000,-0.000140
2.921000,-0.000194
2.922000,-0.000150
2.923000,-0.000172
2.924000,-0.000093
2.925000,-0.000150
2.926000,-0.000168
2.927000,-0.000184
2.928000,-0.000140
2.929000,-0.000191
2.930000,-0.000067
2.931000,-0.000070
2.932000,-0.000134
2.933000,-0.000165
2.934000,-0.000127
2.935000,-0.000108
2.936000,-0.000140
2.937000,-0.000235
2.938000,-0.000165
2.939000,-0.000197
2.940000,-0.000153
2.941000,-0.000184
2.942000,-0.000083
2.943000,-0.000203
2.944000,-0.000143
2.945000,-0.000200
2.946000,-0.000121
2.947000,-0.000099
2.948000,-0.000131
2.949000,-0.000162
2.950000,-0.000131
2.951000,-0.000140
2.952000,-0.000194
2.953000,-0.000172
2.954000,-0.000156
2.955000,-0.000206
2.956000,-0.000118
2.957000,-0.000251
2.958000,-0.000153
2.959000,-0.000162
2.960000,-0.000175
2.961000,-0.000159
2.962000,-0.000134
2.963000,-0.000175
2.964000,-0.000108
2.965000,-0.000146
2.966000,-0.000172
2.967000,-0.000159
2.968000,-0.000172
2.969000,-0.000206
2.970000,-0.000146
2.971000,-0.000187
2.972000,-0.000159
2.973000,-0.000219
2.974000,-0.000200
2.975000,-0.000181
2.976000,-0.000153
2.977000,-0.000137
2.978000,-0.000150
2.979000,-0.000146
2.980000,-0.000140
2.981000,-0.000146
2.982000,-0.000159
2.983000,-0.000127
2.984000,-0.000175
2.985000,-0.000127
2.986000,-0.000175
2.987000,-0.000137
2.988000,-0.000222
2.989000,-0.000184
2.990000,-0.000159
2.991000,-0.000121
2.992000,-0.000187
2.993000,-0.000115
2.994000,-0.000178
2.995000,-0.000165
2.996000,-0.000178
2.997000,-0.000143
2.998000,-0.000178
2.999000,-0.000184
3.000000,-0.000134
3.001000,-0.000156
3.002000,-0.000172
3.003000,-0.000184
3.004000,-0.000118
3.005000,-0.000121
3.006000,-0.000146
3.007000,-0.000143
3.008000,-0.000146
3.009000,-0.000159
3.010000,-0.000121
3.011000,-0.000146
3.012000,-0.000222
3.013000,-0.000150
3.014000,-0.000162
3.015000,-0.000197
3.016000,-0.000172
3.017000,-0.000165
3.018000,-0.000140
3.019000,-0.000159
3.020000,-0.000127
3.021000,-0.000143
3.022000,-0.000153
3.023000,-0.000168
3.024000,-0.000131
3.025000,-0.000146
3.026000,-0.000168
3.027000,-0.000124
3.028000,-0.000134
3.029000,-0.000150
3.030000,-0.000026
3.031000,-0.000203
3.032000,-0.000137
3.033000,-0.000127
3.034000,-0.000131
3.035000,-0.000121
3.036000,-0.000150
3.037000,-0.000191
3.038000,-0.000124
3.039000,-0.000197
3.040000,-0.000124
3.041000,-0.000159
3.042000,-0.000156
3.043000,-0.000137
3.044000,-0.000146
3.045000,-0.000175
3.046000,-0.000127
3.047000,-0.000197
3.048000,-0.000143
3.049000,-0.000172
3.050000,-0.000146
3.051000,-0.000137
3.052000,-0.000105
3.053000,-0.000165
3.054000,-0.000048
3.055000,-0.000146
3.056000,-0.000172
3.057000,-0.000200
3.058000,-0.000165
3.059000,-0.000165
3.060000,-0.000121
3.061000,-0.000203
3.062000,-0.000131
3.063000,-0.000140
3.064000,-0.000162
3.065000,-0.000168
3.066000,-0.000061
3.067000,-0.000172
3.068000,-0.000115
3.069000,-0.000197
3.070000,-0.000184
3.071000,-0.000178
3.072000,-0.000115
3.073000,-0.000184
3.074000,-0.000134
3.075000,-0.000172
3.076000,-0.000108
3.077000,-0.000096
3.078000,-0.000172
3.079000,-0.000115
3.080000,-0.000150
3.081000,-0.000143
3.082000,-0.000153
3.083000,-0.000146
3.084000,-0.000108
3.085000,-0.000146
3.086000,-0.000219
3.087000,-0.000127
3.088000,-0.000178
3.089000,-0.000153
3.090000,-0.000178
3.091000,-0.000131
3.092000,-0.000131
3.093000,-0.000153
3.094000,-0.000153
3.095000,-0.000134
3.096000,-0.000162
3.097000,-0.000140
3.098000,-0.000162
3.099000,-0.000131
3.100000,-0.000210
3.101000,-0.000108
3.102000,-0.000162
3.103000,-0.000127
3.104000,-0.000159
3.105000,-0.000127
3.106000,-0.000153
3.107000,-0.000156
3.108000,-0.000172
3.109000,-0.000140
3.110000,-0.000175
3.111000,-0.000140
3.112000,-0.000175
3.113000,-0.000134
3.114000,-0.000181
3.115000,-0.000137
3.116000,-0.000184
3.117000,-0.000172
3.118000,-0.000222
3.119000,-0.000096
3.120000,-0.000156
3.121000,-0.000077
3.122000,-0.000121
3.123000,-0.000181
3.124000,-0.000112
3.125000,-0.000191
3.126000,-0.000134
3.127000,-0.000140
3.128000,-0.000146
3.129000,-0.000121
3.130000,-0.000137
3.131000,-0.000203
3.132000,-0.000093
3.133000,-0.000178
3.134000,-0.000134
3.135000,-0.000184
3.136000,-0.000159
3.137000,-0.000197
3.138000,-0.000118
3.139000,-0.000172
3.140000,-0.000137
3.141000,-0.000121
3.142000,-0.000131
3.143000,-0.000124
3.144000,-0.000184
3.145000,-0.000156
3.146000,-0.000134
3.147000,-0.000203
3.148000,-0.000146
3.149000,-0.000165
3.150000,-0.000165
3.151000,-0.000146
3.152000,-0.000121
3.153000,-0.000137
3.154000,-0.000159
3.155000,-0.000127
3.156000,-0.000156
3.157000,-0.000187
3.158000,-0.000187
3.159000,-0.000184
3.160000,-0.000187
3.161000,-0.000178
3.162000,-0.000168
3.163000,-0.000197
3.164000,-0.000172
3.165000,-0.000168
3.166000,-0.000140
3.167000,-0.000181
3.168000,-0.000181
3.169000,-0.000137
3.170000,-0.000159
3.171000,-0.000159
3.172000,-0.000150
3.173000,-0.000140
3.174000,-0.000146
3.175000,-0.000191
3.176000,-0.000093
3.177000,-0.000083
3.178000,-0.000127
3.179000,-0.000137
3.180000,-0.000213
3.181000,-0.000105
3.182000,-0.000143
3.183000,-0.000146
3.184000,-0.000165
3.185000,-0.000140
3.186000,-0.000194
3.187000,-0.000137
3.188000,-0.000178
3.189000,-0.000187
3.190000,-0.000168
3.191000,-0.000187
3.192000,-0.000140
3.193000,-0.000143
3.194000,-0.000187
3.195000,-0.000143
3.196000,-0.000165
3.197000,-0.000191
3.198000,-0.000074
3.199000,-0.000197
3.200000,-0.000156
3.201000,-0.000131
3.202000,-0.000178
3.203000,-0.000051
3.204000,-0.000146
3.205000,-0.000086
3.206000,-0.000172
3.207000,-0.000134
3.208000,-0.000203
3.209000,-0.000134
3.210000,-0.000150
3.211000,-0.000112
3.212000,-0.000197
3.213000,-0.000150
3.214000,-0.000134
3.215000,-0.000222
3.216000,-0.000140
3.217000,-0.000140
3.218000,-0.000165
3.219000,-0.000159
3.220000,-0.000115
3.221000,-0.000168
3.222000,-0.000162
3.223000,-0.000134
3.224000,-0.000131
3.225000,-0.000096
3.226000,-0.000105
3.227000,-0.000127
3.228000,-0.000127
3.229000,-0.000168
3.230000,-0.000153
3.231000,-0.000165
3.232000,-0.000143
3.233000,-0.000162
3.234000,-0.000146
3.235000,-0.000137
3.236000,-0.000146
3.237000,-0.000146
3.238000,-0.000067
3.239000,-0.000140
3.240000,-0.000099
3.241000,-0.000191
3.242000,-0.000143
3.243000,-0.000146
3.244000,-0.000162
3.245000,-0.000181
3.246000,-0.000134
3.247000,-0.000232
3.248000,-0.000165
3.249000,-0.000143
3.250000,-0.000191
3.251000,-0.000162
3.252000,-0.000045
3.253000,-0.000187
3.254000,-0.000159
3.255000,-0.000143
3.256000,-0.000178
3.257000,-0.000172
3.258000,-0.000150
3.259000,-0.000137
3.260000,-0.000112
3.261000,-0.000203
3.262000,-0.000178
3.263000,-0.000172
3.264000,-0.000206
3.265000,-0.000181
3.266000,-0.000165
3.267000,-0.000168
3.268000,-0.000121
3.269000,-0.000178
3.270000,-0.000153
3.271000,-0.000156
3.272000,-0.000124
3.273000,-0.000172
3.274000,-0.000150
3.275000,-0.000203
3.276000,-0.000172
3.277000,-0.000165
3.278000,-0.000134
3.279000,-0.000165
3.280000,-0.000143
3.281000,-0.000168
3.282000,-0.000172
3.283000,-0.000131
3.284000,-0.000168
3.285000,-0.000194
3.286000,-0.000134
3.287000,-0.000153
3.288000,-0.000150
3.289000,-0.000140
3.290000,-0.000191
3.291000,-0.000156
3.292000,-0.000181
3.293000,-0.000140
3.294000,-0.000162
3.295000,-0.000153
3.296000,-0.000172
3.297000,-0.000153
3.298000,-0.000191
3.299000,-0.000153
3.300000,-0.000112
3.301000,-0.000194
3.302000,-0.000143
3.303000,-0.000178
3.304000,-0.000099
3.305000,-0.000238
3.306000,-0.000127
3.307000,-0.000156
3.308000,-0.000146
3.309000,-0.000216
3.310000,-0.000112
3.311000,-0.000175
3.312000,-0.000146
3.313000,-0.000150
3.314000,-0.000077
3.315000,-0.000159
3.316000,-0.000140
3.317000,-0.000159
3.318000,-0.000162
3.319000,-0.000134
3.320000,-0.000168
3.321000,-0.000153
3.322000,-0.000162
3.323000,-0.000162
3.324000,-0.000153
3.325000,-0.000200
3.326000,-0.000089
3.327000,-0.000187
3.328000,-0.000153
3.329000,-0.000194
3.330000,-0.000153
3.331000,-0.000137
3.332000,-0.000121
3.333000,-0.000168
3.334000,-0.000105
3.335000,-0.000118
3.336000,-0.000175
3.337000,-0.000165
3.338000,-0.000153
3.339000,-0.000181
3.340000,-0.000178
3.341000,-0.000197
3.342000,-0.000184
3.343000,-0.000153
3.344000,-0.000102
3.345000,-0.000178
3.346000,-0.000153
3.347000,-0.000162
3.348000,-0.000140
3.349000,-0.000140
3.350000,-0.000146
3.351000,-0.000127
3.352000,-0.000108
3.353000,-0.000153
3.354000,-0.000099
3.355000,-0.000162
3.356000,-0.000153
3.357000,-0.000146
3.358000,-0.000140
3.359000,-0.000165
3.360000,-0.000121
3.361000,-0.000184
3.362000,-0.000162
3.363000,-0.000150
3.364000,-0.000175
3.365000,-0.000194
3.366000,-0.000131
3.367000,-0.000222
3.368000,-0.000146
3.369000,-0.000162
3.370000,-0.000134
3.371000,-0.000140
3.372000,-0.000178
3.373000,-0.000140
3.374000,-0.000121
3.375000,-0.000153
3.376000,-0.000146
3.377000,-0.000168
3.378000,-0.000206
3.379000,-0.000162
3.380000,-0.000137
3.381000,-0.000121
3.382000,-0.000153
3.383000,-0.000159
3.384000,-0.000153
3.385000,-0.000159
3.386000,-0.000165
3.387000,-0.000146
3.388000,-0.000150
3.389000,-0.000156
3.390000,-0.000172
3.391000,-0.000127
3.392000,-0.000168
3.393000,-0.000045
3.394000,-0.000178
3.395000,-0.000150
3.396000,-0.000121
3.397000,-0.000124
3.398000,-0.000121
3.399000,-0.000140
3.400000,-0.000108
3.401000,-0.000238
3.402000,-0.000112
3.403000,-0.000206
3.404000,-0.000118
3.405000,-0.000203
3.406000,-0.000102
3.407000,-0.000229
3.408000,-0.000102
3.409000,-0.000197
3.410000,-0.000124
3.411000,-0.000181
3.412000,-0.000118
3.413000,-0.000168
3.414000,-0.000140
3.415000,-0.000200
3.416000,-0.000127
3.417000,-0.000172
3.418000,-0.000156
3.419000,-0.000156
3.420000,-0.000191
3.421000,-0.000131
3.422000,-0.000146
3.423000,-0.000137
3.424000,-0.000197
3.425000,-0.000197
3.426000,-0.000162
3.427000,-0.000178
3.428000,-0.000168
3.429000,-0.000143
3.430000,-0.000172
3.431000,-0.000118
3.432000,-0.000159
3.433000,-0.000124
3.434000,-0.000197
3.435000,-0.000131
3.436000,-0.000229
3.437000,-0.000150
3.438000,-0.000168
3.439000,-0.000153
3.440000,-0.000080
3.441000,-0.000150
3.442000,-0.000222
3.443000,-0.000153
3.444000,-0.000187
3.445000,-0.000121
3.446000,-0.000191
3.447000,-0.000153
3.448000,-0.000150
3.449000,-0.000115
3.450000,-0.000156
3.451000,-0.000112
3.452000,-0.000156
3.453000,-0.000178
3.454000,-0.000121
3.455000,-0.000159
3.456000,-0.000184
3.457000,-0.000150
3.458000,-0.000165
3.459000,-0.000150
3.460000,-0.000115
3.461000,-0.000146
3.462000,-0.000127
3.463000,-0.000159
3.464000,-0.000153
3.465000,-0.000127
3.466000,-0.000143
3.467000,-0.000150
3.468000,-0.000121
3.469000,-0.000140
3.470000,-0.000127
3.471000,-0.000134
3.472000,-0.000178
3.473000,-0.000165
3.474000,-0.000172
3.475000,-0.000118
3.476000,-0.000168
3.477000,-0.000150
3.478000,-0.000181
3.479000,-0.000146
3.480000,-0.000172
3.481000,-0.000156
3.482000,-0.000178
3.483000,-0.000146
3.484000,-0.000137
3.485000,-0.000162
3.486000,-0.000156
3.487000,-0.000159
3.488000,-0.000140
3.489000,-0.000150
3.490000,-0.000156
3.491000,-0.000134
3.492000,-0.000194
3.493000,-0.000121
3.494000,-0.000051
3.495000,-0.000181
3.496000,-0.000153
3.497000,-0.000203
3.498000,-0.000112
3.499000,-0.000184
3.500000,-0.000099
3.501000,-0.000213
3.502000,-0.000036
3.503000,-0.000187
3.504000,-0.000134
3.505000,-0.000194
3.506000,-0.000150
3.507000,-0.000165
3.508000,-0.000134
3.509000,-0.000143
3.510000,-0.000143
3.511000,-0.000140
3.512000,-0.000108
3.513000,-0.000127
3.514000,-0.000153
3.515000,-0.000203
3.516000,-0.000194
3.517000,-0.000042
3.518000,-0.000181
3.519000,-0.000153
3.520000,-0.000165
3.521000,-0.000134
3.522000,-0.000222
3.523000,-0.000168
3.524000,-0.000159
3.525000,-0.000140
3.526000,-0.000181
3.527000,-0.000124
3.528000,-0.000153
3.529000,-0.000121
3.530000,-0.000156
3.531000,-0.000115
3.532000,-0.000162
3.533000,-0.000146
3.534000,-0.000165
3.535000,-0.000134
3.536000,-0.000232
3.537000,-0.000140
3.538000,-0.000159
3.539000,-0.000187
3.540000,-0.000213
3.541000,-0.000115
3.542000,-0.000191
3.543000,-0.000156
3.544000,-0.000127
3.545000,-0.000197
3.546000,-0.000165
3.547000,-0.000159
3.548000,-0.000232
3.549000,-0.000127
3.550000,-0.000175
3.551000,-0.000159
3.552000,-0.000165
3.553000,-0.000146
3.554000,-0.000213
3.555000,-0.000156
3.556000,-0.000146
3.557000,-0.000184
3.558000,-0.000127
3.559000,-0.000140
3.560000,-0.000191
3.561000,-0.000105
3.562000,-0.000162
3.563000,-0.000146
3.564000,-0.000127
3.565000,-0.000184
3.566000,-0.000159
3.567000,-0.000191
3.568000,-0.000187
3.569000,-0.000137
3.570000,-0.000124
3.571000,-0.000191
3.572000,-0.000118
3.573000,-0.000137
3.574000,-0.000150
3.575000,-0.000134
3.576000,-0.000203
3.577000,-0.000112
3.578000,-0.000187
3.579000,-0.000102
3.580000,-0.000219
3.581000,-0.000210
3.582000,-0.000153
3.583000,-0.000102
3.584000,-0.000093
3.585000,-0.000153
3.586000,-0.000200
3.587000,-0.000172
3.588000,-0.000168
3.589000,-0.000134
3.590000,-0.000175
3.591000,-0.000134
3.592000,-0.000134
3.593000,-0.000146
3.594000,-0.000187
3.595000,-0.000127
3.596000,-0.000184
3.597000,-0.000197
3.598000,-0.000159
3.599000,-0.000165
3.600000,-0.000238
3.601000,-0.000150
3.602000,-0.000168
3.603000,-0.000172
3.604000,-0.000172
3.605000,-0.000143
3.606000,-0.000146
3.607000,-0.000251
3.608000,-0.000118
3.609000,-0.000172
3.610000,-0.000121
3.611000,-0.000165
3.612000,-0.000077
3.613000,-0.000178
3.614000,-0.000197
3.615000,-0.000089
3.616000,-0.000165
3.617000,-0.000172
3.618000,-0.000153
3.619000,-0.000131
3.620000,-0.000172
3.621000,-0.000153
3.622000,-0.000172
3.623000,-0.000140
3.624000,-0.000191
3.625000,-0.000118
3.626000,-0.000165
3.627000,-0.000140
3.628000,-0.000168
3.629000,-0.000162
3.630000,-0.000203
3.631000,-0.000165
3.632000,-0.000168
3.633000,-0.000187
3.634000,-0.000210
3.635000,-0.000165
3.636000,-0.000235
3.637000,-0.000137
3.638000,-0.000200
3.639000,-0.000172
3.640000,-0.000181
3.641000,-0.000153
3.642000,-0.000159
3.643000,-0.000124
3.644000,-0.000178
3.645000,-0.000124
3.646000,-0.000165
3.647000,-0.000156
3.648000,-0.000140
3.649000,-0.000140
3.650000,-0.000146
3.651000,-0.000112
3.652000,-0.000178
3.653000,-0.000156
3.654000,-0.000184
3.655000,-0.000200
3.656000,-0.000178
3.657000,-0.000175
3.658000,-0.000200
3.659000,-0.000200
3.660000,-0.000165
3.661000,-0.000168
3.662000,-0.000172
3.663000,-0.000150
3.664000,-0.000172
3.665000,-0.000105
3.666000,-0.000143
3.667000,-0.000146
3.668000,-0.000112
3.669000,-0.000187
3.670000,-0.000159
3.671000,-0.000131
3.672000,-0.000187
3.673000,-0.000134
3.674000,-0.000210
3.675000,-0.000070
3.676000,-0.000222
3.677000,-0.000216
3.678000,-0.000162
3.679000,-0.000140
3.680000,-0.000178
3.681000,-0.000222
3.682000,-0.000127
3.683000,-0.000112
3.684000,-0.000181
3.685000,-0.000121
3.686000,-0.000184
3.687000,-0.000146
3.688000,-0.000168
3.689000,-0.000184
3.690000,-0.000172
3.691000,-0.000134
3.692000,-0.000168
3.693000,-0.000165
3.694000,-0.000153
3.695000,-0.000181
3.696000,-0.000153
3.697000,-0.000165
3.698000,-0.000187
3.699000,-0.000156
3.700000,-0.000146
3.701000,-0.000191
3.702000,-0.000175
3.703000,-0.000156
3.704000,-0.000146
3.705000,-0.000187
3.706000,-0.000194
3.707000,-0.000146
3.708000,-0.000194
3.709000,-0.000200
3.710000,-0.000140
3.711000,-0.000191
3.712000,-0.000165
3.713000,-0.000089
3.714000,-0.000146
3.715000,-0.000159
3.716000,-0.000150
3.717000,-0.000168
3.718000,-0.000140
3.719000,-0.000178
3.720000,-0.000115
3.721000,-0.000184
3.722000,-0.000105
3.723000,-0.000165
3.724000,-0.000203
3.725000,-0.000140
3.726000,-0.000143
3.727000,-0.000178
3.728000,-0.000153
3.729000,-0.000187
3.730000,-0.000070
3.731000,-0.000146
3.732000,-0.000150
3.733000,-0.000146
3.734000,-0.000146
3.735000,-0.000121
3.736000,-0.000127
3.737000,-0.000172
3.738000,-0.000197
3.739000,-0.000165
3.740000,-0.000143
3.741000,-0.000191
3.742000,-0.000162
3.743000,-0.000178
3.744000,-0.000077
3.745000,-0.000168
3.746000,-0.000153
3.747000,-0.000172
3.748000,-0.000140
3.749000,-0.000150
3.750000,-0.000140
3.751000,-0.000159
3.752000,-0.000089
3.753000,-0.000159
3.754000,-0.000124
3.755000,-0.000108
3.756000,-0.000153
3.757000,-0.000153
3.758000,-0.000184
3.759000,-0.000156
3.760000,-0.000089
3.761000,-0.000146
3.762000,-0.000140
3.763000,-0.000146
3.764000,-0.000131
3.765000,-0.000140
3.766000,-0.000137
3.767000,-0.000146
3.768000,-0.000184
3.769000,-0.000137
3.770000,-0.000153
3.771000,-0.000235
3.772000,-0.000115
3.773000,-0.000146
3.774000,-0.000137
3.775000,-0.000168
3.776000,-0.000134
3.777000,-0.000134
3.778000,-0.000143
3.779000,-0.000172
3.780000,-0.000099
3.781000,-0.000175
3.782000,-0.000115
3.783000,-0.000203
3.784000,-0.000137
3.785000,-0.000172
3.786000,-0.000156
3.787000,-0.000127
3.788000,-0.000219
3.789000,-0.000112
3.790000,-0.000260
3.791000,-0.000121
3.792000,-0.000150
3.793000,-0.000115
3.794000,-0.000172
3.795000,-0.000156
3.796000,-0.000175
3.797000,-0.000140
3.798000,-0.000146
3.799000,-0.000105
3.800000,-0.000162
3.801000,-0.000146
3.802000,-0.000137
3.803000,-0.000159
3.804000,-0.000143
3.805000,-0.000153
3.806000,-0.000178
3.807000,-0.000172
3.808000,-0.000191
3.809000,-0.000124
3.810000,-0.000175
3.811000,-0.000137
3.812000,-0.000184
3.813000,-0.000168
3.814000,-0.000159
3.815000,-0.000140
3.816000,-0.000146
3.817000,-0.000143
3.818000,-0.000127
3.819000,-0.000162
3.820000,-0.000162
3.821000,-0.000175
3.822000,-0.000150
3.823000,-0.000213
3.824000,-0.000146
3.825000,-0.000121
3.826000,-0.000118
3.827000,-0.000150
3.828000,-0.000159
3.829000,-0.000153
3.830000,-0.000112
3.831000,-0.000162
3.832000,-0.000178
3.833000,-0.000150
3.834000,-0.000121
3.835000,-0.000187
3.836000,-0.000140
3.837000,-0.000181
3.838000,-0.000150
3.839000,-0.000134
3.840000,-0.000168
3.841000,-0.000146
3.842000,-0.000115
3.843000,-0.000118
3.844000,-0.000105
3.845000,-0.000121
3.846000,-0.000118
3.847000,-0.000140
3.848000,-0.000203
3.849000,-0.000137
3.850000,-0.000153
3.851000,-0.000127
3.852000,-0.000159
3.853000,-0.000203
3.854000,-0.000150
3.855000,-0.000200
3.856000,-0.000102
3.857000,-0.000219
3.858000,-0.000187
3.859000,-0.000102
3.860000,-0.000210
3.861000,-0.000175
3.862000,-0.000172
3.863000,-0.000222
3.864000,-0.000156
3.865000,-0.000112
3.866000,-0.000143
3.867000,-0.000146
3.868000,-0.000146
3.869000,-0.000156
3.870000,-0.000124
3.871000,-0.000112
3.872000,-0.000153
3.873000,-0.000134
3.874000,-0.000156
3.875000,-0.000172
3.876000,-0.000121
3.877000,-0.000150
3.878000,-0.000165
3.879000,-0.000184
3.880000,-0.000168
3.881000,-0.000153
3.882000,-0.000086
3.883000,-0.000140
3.884000,-0.000203
3.885000,-0.000134
3.886000,-0.000210
3.887000,-0.000153
3.888000,-0.000191
3.889000,-0.000156
3.890000,-0.000178
3.891000,-0.000131
3.892000,-0.000074
3.893000,-0.000099
3.894000,-0.000146
3.895000,-0.000219
3.896000,-0.000159
3.897000,-0.000191
3.898000,-0.000172
3.899000,-0.000134
3.900000,-0.000159
3.901000,-0.000143
3.902000,-0.000172
3.903000,-0.000102
3.904000,-0.000121
3.905000,-0.000153
3.906000,-0.000162
3.907000,-0.000213
3.908000,-0.000124
3.909000,-0.000187
3.910000,-0.000153
3.911000,-0.000203
3.912000,-0.000168
3.913000,-0.000232
3.914000,-0.000153
3.915000,-0.000150
3.916000,-0.000140
3.917000,-0.000156
3.918000,-0.000172
3.919000,-0.000146
3.920000,-0.000131
3.921000,-0.000143
3.922000,-0.000159
3.923000,-0.000134
3.924000,-0.000146
3.925000,-0.000156
3.926000,-0.000108
3.927000,-0.000200
3.928000,-0.000175
3.929000,-0.000140
3.930000,-0.000194
3.931000,-0.000096
3.932000,-0.000146
3.933000,-0.000178
3.934000,-0.000134
3.935000,-0.000146
3.936000,-0.000168
3.937000,-0.000153
3.938000,-0.000137
3.939000,-0.000203
3.940000,-0.000187
3.941000,-0.000146
3.942000,-0.000206
3.943000,-0.000181
3.944000,-0.000131
3.945000,-0.000184
3.946000,-0.000143
3.947000,-0.000184
3.948000,-0.000159
3.949000,-0.000140
3.950000,-0.000156
3.951000,-0.000210
3.952000,-0.000140
3.953000,-0.000153
3.954000,-0.000134
3.955000,-0.000108
3.956000,-0.000134
3.957000,-0.000153
3.958000,-0.000102
3.959000,-0.000140
3.960000,-0.000168
3.961000,-0.000203
3.962000,-0.000127
3.963000,-0.000222
3.964000,-0.000108
3.965000,-0.000172
3.966000,-0.000178
3.967000,-0.000162
3.968000,-0.000153
3.969000,-0.000248
3.970000,-0.000137
3.971000,-0.000172
3.972000,-0.000131
3.973000,-0.000162
3.974000,-0.000206
3.975000,-0.000143
3.976000,-0.000162
3.977000,-0.000143
3.978000,-0.000156
3.979000,-0.000143
3.980000,-0.000153
3.981000,-0.000172
3.982000,-0.000146
3.983000,-0.000118
3.984000,-0.000153
3.985000,-0.000127
3.986000,-0.000168
3.987000,-0.000159
3.988000,-0.000194
3.989000,-0.000093
3.990000,-0.000213
3.991000,-0.000086
3.992000,-0.000165
3.993000,-0.000140
3.994000,-0.000162
3.995000,-0.000150
3.996000,-0.000156
3.997000,-0.000156
3.998000,-0.000134
3.999000,-0.000159
4.000000,-0.000187
4.001000,-0.000143
4.002000,-0.000146
4.003000,-0.000134
4.004000,-0.000089
4.005000,-0.000140
4.006000,-0.000153
4.007000,-0.000159
4.008000,-0.000156
4.009000,-0.000216
4.010000,-0.000105
4.011000,-0.000210
4.012000,-0.000064
4.013000,-0.000184
4.014000,-0.000131
4.015000,-0.000165
4.016000,-0.000150
4.017000,-0.000235
4.018000,-0.000165
4.019000,-0.000143
4.020000,-0.000178
4.021000,-0.000153
4.022000,-0.000137
4.023000,-0.000146
4.024000,-0.000146
4.025000,-0.000143
4.026000,-0.000159
4.027000,-0.000194
4.028000,-0.000074
4.029000,-0.000165
4.030000,-0.000162
4.031000,-0.000153
4.032000,-0.000137
4.033000,-0.000165
4.034000,-0.000146
4.035000,-0.000140
4.036000,-0.000121
4.037000,-0.000127
4.038000,-0.000153
4.039000,-0.000203
4.040000,-0.000115
4.041000,-0.000150
4.042000,-0.000127
4.043000,-0.000172
4.044000,-0.000153
4.045000,-0.000216
4.046000,-0.000184
4.047000,-0.000219
4.048000,-0.000172
4.049000,-0.000156
4.050000,-0.000184
4.051000,-0.000175
4.052000,-0.000140
4.053000,-0.000191
4.054000,-0.000153
4.055000,-0.000112
4.056000,-0.000162
4.057000,-0.000222
4.058000,-0.000115
4.059000,-0.000165
4.060000,-0.000153
4.061000,-0.000099
4.062000,-0.000124
4.063000,-0.000146
4.064000,-0.000055
4.065000,-0.000172
4.066000,-0.000102
4.067000,-0.000146
4.068000,-0.000146
4.069000,-0.000137
4.070000,-0.000134
4.071000,-0.000184
4.072000,-0.000181
4.073000,-0.000181
4.074000,-0.000146
4.075000,-0.000172
4.076000,-0.000127
4.077000,-0.000172
4.078000,-0.000143
4.079000,-0.000178
4.080000,-0.000108
4.081000,-0.000191
4.082000,-0.000134
4.083000,-0.000203
4.084000,-0.000153
4.085000,-0.000203
4.086000,-0.000146
4.087000,-0.000127
4.088000,-0.000203
4.089000,-0.000127
4.090000,-0.000184
4.091000,-0.000131
4.092000,-0.000200
4.093000,-0.000156
4.094000,-0.000216
4.095000,-0.000159
4.096000,-0.000134
4.097000,-0.000121
4.098000,-0.000048
4.099000,-0.000156
4.100000,-0.000124
4.101000,-0.000121
4.102000,-0.000184
4.103000,-0.000134
4.104000,-0.000184
4.105000,-0.000140
4.106000,-0.000165
4.107000,-0.000134
4.108000,-0.000194
4.109000,-0.000172
4.110000,-0.000175
4.111000,-0.000134
4.112000,-0.000181
4.113000,-0.000143
4.114000,-0.000178
4.115000,-0.000153
4.116000,-0.000165
4.117000,-0.000165
4.118000,-0.000184
4.119000,-0.000121
4.120000,-0.000112
4.121000,-0.000184
4.122000,-0.000140
4.123000,-0.000150
4.124000,-0.000153
4.125000,-0.000168
4.126000,-0.000146
4.127000,-0.000156
4.128000,-0.000181
4.129000,-0.000159
4.130000,-0.000140
4.131000,-0.000197
4.132000,-0.000156
4.133000,-0.000162
4.134000,-0.000146
4.135000,-0.000165
4.136000,-0.000131
4.137000,-0.000131
4.138000,-0.000029
4.139000,-0.000165
4.140000,-0.000146
4.141000,-0.000150
4.142000,-0.000172
4.143000,-0.000194
4.144000,-0.000150
4.145000,-0.000187
4.146000,-0.000153
4.147000,-0.000159
4.148000,-0.000121
4.149000,-0.000150
4.150000,-0.000131
4.151000,-0.000187
4.152000,-0.000115
4.153000,-0.000178
4.154000,-0.000134
4.155000,-0.000080
4.156000,-0.000108
4.157000,-0.000191
4.158000,-0.000108
4.159000,-0.000140
4.160000,-0.000140
4.161000,-0.000175
4.162000,-0.000172
4.163000,-0.000216
4.164000,-0.000127
4.165000,-0.000181
4.166000,-0.000146
4.167000,-0.000184
4.168000,-0.000197
4.169000,-0.000159
4.170000,-0.000131
4.171000,-0.000175
4.172000,-0.000181
4.173000,-0.000159
4.174000,-0.000131
4.175000,-0.000194
4.176000,-0.000140
4.177000,-0.000232
4.178000,-0.000102
4.179000,-0.000203
4.180000,-0.000143
4.181000,-0.000162
4.182000,-0.000210
4.183000,-0.000172
4.184000,-0.000178
4.185000,-0.000093
4.186000,-0.000181
4.187000,-0.000070
4.188000,-0.000184
4.189000,-0.000124
4.190000,-0.000191
4.191000,-0.000045
4.192000,-0.000206
4.193000,-0.000112
4.194000,-0.000184
4.195000,-0.000093
4.196000,-0.000225
4.197000,-0.000074
4.198000,-0.000181
4.199000,-0.000168
4.200000,-0.000197
4.201000,-0.000156
4.202000,-0.000197
4.203000,-0.000229
4.204000,-0.000156
4.205000,-0.000070
4.206000,-0.000172
4.207000,-0.000108
4.208000,-0.000168
4.209000,-0.000156
4.210000,-0.000162
4.211000,-0.000131
4.212000,-0.000184
4.213000,-0.000168
4.214000,-0.000162
4.215000,-0.000203
4.216000,-0.000083
4.217000,-0.000143
4.218000,-0.000156
4.219000,-0.000276
4.220000,-0.000159
4.221000,-0.000184
4.222000,-0.000146
4.223000,-0.000153
4.224000,-0.000131
4.225000,-0.000200
4.226000,-0.000124
4.227000,-0.000070
4.228000,-0.000045
4.229000,-0.000140
4.230000,-0.000165
4.231000,-0.000191
4.232000,-0.000168
4.233000,-0.000181
4.234000,-0.000159
4.235000,-0.000216
4.236000,-0.000127
4.237000,-0.000206
4.238000,-0.000178
4.239000,-0.000175
4.240000,-0.000197
4.241000,-0.000184
4.242000,-0.000165
4.243000,-0.000263
4.244000,-0.000187
4.245000,-0.000181
4.246000,-0.000184
4.247000,-0.000187
4.248000,-0.000137
4.249000,-0.000197
4.250000,-0.000131
4.251000,-0.000181
4.252000,-0.000115
4.253000,-0.000165
4.254000,-0.000045
4.255000,-0.000137
4.256000,-0.000134
4.257000,-0.000156
4.258000,-0.000200
4.259000,-0.000115
4.260000,-0.000156
4.261000,-0.000102
4.262000,-0.000108
4.263000,-0.000165
4.264000,-0.000159
4.265000,-0.000162
4.266000,-0.000168
4.267000,-0.000172
4.268000,-0.000112
4.269000,-0.000175
4.270000,-0.000168
4.271000,-0.000121
4.272000,-0.000143
4.273000,-0.000153
4.274000,-0.000137
4.275000,-0.000172
4.276000,-0.000175
4.277000,-0.000118
4.278000,-0.000191
4.279000,-0.000140
4.280000,-0.000184
4.281000,-0.000162
4.282000,-0.000124
4.283000,-0.000162
4.284000,-0.000172
4.285000,-0.000184
4.286000,-0.000159
4.287000,-0.000203
4.288000,-0.000165
4.289000,-0.000178
4.290000,-0.000115
4.291000,-0.000184
4.292000,-0.000070
4.293000,-0.000134
4.294000,-0.000156
4.295000,-0.000159
4.296000,-0.000124
4.297000,-0.000184
4.298000,-0.000127
4.299000,-0.000150
4.300000,-0.000150
4.301000,-0.000178
4.302000,-0.000156
4.303000,-0.000165
4.304000,-0.000156
4.305000,-0.000127
4.306000,-0.000248
4.307000,-0.000112
4.308000,-0.000175
4.309000,-0.000105
4.310000,-0.000191
4.311000,-0.000159
4.312000,-0.000197
4.313000,-0.000102
4.314000,-0.000168
4.315000,-0.000153
4.316000,-0.000156
4.317000,-0.000200
4.318000,-0.000156
4.319000,-0.000213
4.320000,-0.000172
4.321000,-0.000146
4.322000,-0.000156
4.323000,-0.000175
4.324000,-0.000150
4.325000,-0.000203
4.326000,-0.000194
4.327000,-0.000162
4.328000,-0.000042
4.329000,-0.000146
4.330000,-0.000159
4.331000,-0.000178
4.332000,-0.000096
4.333000,-0.000165
4.334000,-0.000162
4.335000,-0.000064
4.336000,-0.000159
4.337000,-0.000070
4.338000,-0.000020
4.339000,-0.000112
4.340000,-0.000181
4.341000,-0.000150
4.342000,-0.000115
4.343000,-0.000203
4.344000,-0.000134
4.345000,-0.000181
4.346000,-0.000181
4.347000,-0.000153
4.348000,-0.000181
4.349000,-0.000175
4.350000,-0.000134
4.351000,-0.000156
4.352000,-0.000165
4.353000,-0.000143
4.354000,-0.000146
4.355000,-0.000112
4.356000,-0.000156
4.357000,-0.000127
4.358000,-0.000115
4.359000,-0.000131
4.360000,-0.000127
4.361000,-0.000105
4.362000,-0.000162
4.363000,-0.000143
4.364000,-0.000105
4.365000,-0.000112
4.366000,-0.000184
4.367000,-0.000121
4.368000,-0.000143
4.369000,-0.000118
4.370000,-0.000143
4.371000,-0.000080
4.372000,-0.000159
4.373000,-0.000108
4.374000,-0.000172
4.375000,-0.000086
4.376000,-0.000118
4.377000,-0.000121
4.378000,-0.000156
4.379000,-0.000140
4.380000,-0.000140
4.381000,-0.000140
4.382000,-0.000216
4.383000,-0.000229
4.384000,-0.000156
4.385000,-0.000175
4.386000,-0.000134
4.387000,-0.000159
4.388000,-0.000175
4.389000,-0.000134
4.390000,-0.000184
4.391000,-0.000159
4.392000,-0.000156
4.393000,-0.000146
4.394000,-0.000143
4.395000,-0.000181
4.396000,-0.000121
4.397000,-0.000156
4.398000,-0.000127
4.399000,-0.000178
4.400000,-0.000124
4.401000,-0.000162
4.402000,-0.000172
4.403000,-0.000105
4.404000,-0.000159
4.405000,-0.000153
4.406000,-0.000178
4.407000,-0.000121
4.408000,-0.000229
4.409000,-0.000175
4.410000,-0.000172
4.411000,-0.000140
4.412000,-0.000159
4.413000,-0.000137
4.414000,-0.000124
4.415000,-0.000178
4.416000,-0.000131
4.417000,-0.000165
4.418000,-0.000096
4.419000,-0.000150
4.420000,-0.000172
4.421000,-0.000137
4.422000,-0.000175
4.423000,-0.000096
4.424000,-0.000194
4.425000,-0.000184
4.426000,-0.000112
4.427000,-0.000181
4.428000,-0.000131
4.429000,-0.000134
4.430000,-0.000165
4.431000,-0.000159
4.432000,-0.000124
4.433000,-0.000146
4.434000,-0.000140
4.435000,-0.000121
4.436000,-0.000172
4.437000,-0.000146
4.438000,-0.000153
4.439000,-0.000080
4.440000,-0.000121
4.441000,-0.000124
4.442000,-0.000143
4.443000,-0.000143
4.444000,-0.000165
4.445000,-0.000121
4.446000,-0.000086
4.447000,-0.000134
4.448000,-0.000191
4.449000,-0.000197
4.450000,-0.000216
4.451000,-0.000124
4.452000,-0.000127
4.453000,-0.000153
4.454000,-0.000213
4.455000,-0.000162
4.456000,-0.000175
4.457000,-0.000146
4.458000,-0.000124
4.459000,-0.000178
4.460000,-0.000184
4.461000,-0.000146
4.462000,-0.000150
4.463000,-0.000153
4.464000,-0.000134
4.465000,-0.000150
4.466000,-0.000140
4.467000,-0.000089
4.468000,-0.000172
4.469000,-0.000153
4.470000,-0.000108
4.471000,-0.000178
4.472000,-0.000159
4.473000,-0.000181
4.474000,-0.000143
4.475000,-0.000077
4.476000,-0.000134
4.477000,-0.000143
4.478000,-0.000121
4.479000,-0.000213
4.480000,-0.000108
4.481000,-0.000143
4.482000,-0.000134
4.483000,-0.000150
4.484000,-0.000175
4.485000,-0.000156
4.486000,-0.000159
4.487000,-0.000168
4.488000,-0.000165
4.489000,-0.000197
4.490000,-0.000156
4.491000,-0.000134
4.492000,-0.000143
4.493000,-0.000213
4.494000,-0.000168
4.495000,-0.000162
4.496000,-0.000150
4.497000,-0.000162
4.498000,-0.000162
4.499000,-0.000146
4.500000,-0.000134
4.501000,-0.000175
4.502000,-0.000203
4.503000,-0.000140
4.504000,-0.000210
4.505000,-0.000105
4.506000,-0.000229
4.507000,-0.000191
4.508000,-0.000162
4.509000,-0.000134
4.510000,-0.000191
4.511000,-0.000131
4.512000,-0.000206
4.513000,-0.000153
4.514000,-0.000150
4.515000,-0.000168
4.516000,-0.000127
4.517000,-0.000162
4.518000,-0.000146
4.519000,-0.000168
4.520000,-0.000127
4.521000,-0.000178
4.522000,-0.000153
4.523000,-0.000165
4.524000,-0.000175
4.525000,-0.000124
4.526000,-0.000181
4.527000,-0.000131
4.528000,-0.000150
4.529000,-0.000118
4.530000,-0.000143
4.531000,-0.000112
4.532000,-0.000146
4.533000,-0.000115
4.534000,-0.000178
4.535000,-0.000206
4.536000,-0.000159
4.537000,-0.000159
4.538000,-0.000181
4.539000,-0.000115
4.540000,-0.000162
4.541000,-0.000162
4.542000,-0.000210
4.543000,-0.000137
4.544000,-0.000153
4.545000,-0.000143
4.546000,-0.000162
4.547000,-0.000121
4.548000,-0.000187
4.549000,-0.000150
4.550000,-0.000162
4.551000,-0.000156
4.552000,-0.000159
4.553000,-0.000168
4.554000,-0.000210
4.555000,-0.000159
4.556000,-0.000187
4.557000,-0.000203
4.558000,-0.000165
4.559000,-0.000159
4.560000,-0.000203
4.561000,-0.000153
4.562000,-0.000153
4.563000,-0.000146
4.564000,-0.000108
4.565000,-0.000070
4.566000,-0.000203
4.567000,-0.000099
4.568000,-0.000150
4.569000,-0.000156
4.570000,-0.000187
4.571000,-0.000162
4.572000,-0.000127
4.573000,-0.000127
4.574000,-0.000178
4.575000,-0.000137
4.576000,-0.000150
4.577000,-0.000143
4.578000,-0.000067
4.579000,-0.000131
4.580000,-0.000175
4.581000,-0.000156
4.582000,-0.000172
4.583000,-0.000131
4.584000,-0.000058
4.585000,-0.000165
4.586000,-0.000197
4.587000,-0.000137
4.588000,-0.000175
4.589000,-0.000150
4.590000,-0.000172
4.591000,-0.000213
4.592000,-0.000203
4.593000,-0.000168
4.594000,-0.000074
4.595000,-0.000181
4.596000,-0.000156
4.597000,-0.000143
4.598000,-0.000172
4.599000,-0.000143
4.600000,-0.000184
4.601000,-0.000118
4.602000,-0.000206
4.603000,-0.000102
4.604000,-0.000184
4.605000,-0.000131
4.606000,-0.000216
4.607000,-0.000086
4.608000,-0.000172
4.609000,-0.000099
4.610000,-0.000150
4.611000,-0.000108
4.612000,-0.000184
4.613000,-0.000121
4.614000,-0.000165
4.615000,-0.000118
4.616000,-0.000156
4.617000,-0.000108
4.618000,-0.000168
4.619000,-0.000121
4.620000,-0.000168
4.621000,-0.000159
4.622000,-0.000153
4.623000,-0.000118
4.624000,-0.000146
4.625000,-0.000159
4.626000,-0.000184
4.627000,-0.000165
4.628000,-0.000238
4.629000,-0.000146
4.630000,-0.000178
4.631000,-0.000165
4.632000,-0.000083
4.633000,-0.000143
4.634000,-0.000184
4.635000,-0.000108
4.636000,-0.000172
4.637000,-0.000159
4.638000,-0.000140
4.639000,-0.000134
4.640000,-0.000127
4.641000,-0.000162
4.642000,-0.000184
4.643000,-0.000150
4.644000,-0.000168
4.645000,-0.000200
4.646000,-0.000162
4.647000,-0.000134
4.648000,-0.000108
4.649000,-0.000134
4.650000,-0.000159
4.651000,-0.000146
4.652000,-0.000184
4.653000,-0.000146
4.654000,-0.000175
4.655000,-0.000153
4.656000,-0.000165
4.657000,-0.000156
4.658000,-0.000175
4.659000,-0.000159
4.660000,-0.000194
4.661000,-0.000118
4.662000,-0.000191
4.663000,-0.000096
4.664000,-0.000156
4.665000,-0.000159
4.666000,-0.000153
4.667000,-0.000121
4.668000,-0.000210
4.669000,-0.000156
4.670000,-0.000184
4.671000,-0.000134
4.672000,-0.000055
4.673000,-0.000159
4.674000,-0.000187
4.675000,-0.000131
4.676000,-0.000162
4.677000,-0.000127
4.678000,-0.000156
4.679000,-0.000146
4.680000,-0.000172
4.681000,-0.000137
4.682000,-0.000162
4.683000,-0.000099
4.684000,-0.000172
4.685000,-0.000162
4.686000,-0.000143
4.687000,-0.000137
4.688000,-0.000146
4.689000,-0.000150
4.690000,-0.000172
4.691000,-0.000159
4.692000,-0.000096
4.693000,-0.000184
4.694000,-0.000134
4.695000,-0.000254
4.696000,-0.000172
4.697000,-0.000219
4.698000,-0.000108
4.699000,-0.000187
4.700000,-0.000146
4.701000,-0.000219
4.702000,-0.000112
4.703000,-0.000172
4.704000,-0.000108
4.705000,-0.000178
4.706000,-0.000134
4.707000,-0.000153
4.708000,-0.000127
4.709000,-0.000137
4.710000,-0.000112
4.711000,-0.000140
4.712000,-0.000219
4.713000,-0.000153
4.714000,-0.000162
4.715000,-0.000197
4.716000,-0.000127
4.717000,-0.000175
4.718000,-0.000168
4.719000,-0.000143
4.720000,-0.000197
4.721000,-0.000134
4.722000,-0.000150
4.723000,-0.000127
4.724000,-0.000162
4.725000,-0.000153
4.726000,-0.000181
4.727000,-0.000187
4.728000,-0.000150
4.729000,-0.000146
4.730000,-0.000102
4.731000,-0.000127
4.732000,-0.000140
4.733000,-0.000203
4.734000,-0.000153
4.735000,-0.000146
4.736000,-0.000134
4.737000,-0.000178
4.738000,-0.000143
4.739000,-0.000134
4.740000,-0.000127
4.741000,-0.000146
4.742000,-0.000137
4.743000,-0.000165
4.744000,-0.000108
4.745000,-0.000150
4.746000,-0.000178
4.747000,-0.000203
4.748000,-0.000178
4.749000,-0.000197
4.750000,-0.000121
4.751000,-0.000203
4.752000,-0.000137
4.753000,-0.000162
4.754000,-0.000162
4.755000,-0.000127
4.756000,-0.000175
4.757000,-0.000184
4.758000,-0.000178
4.759000,-0.000197
4.760000,-0.000143
4.761000,-0.000165
4.762000,-0.000153
4.763000,-0.000210
4.764000,-0.000127
4.765000,-0.000143
4.766000,-0.000131
4.767000,-0.000150
4.768000,-0.000175
4.769000,-0.000187
4.770000,-0.000162
4.771000,-0.000203
4.772000,-0.000055
4.773000,-0.000172
4.774000,-0.000153
4.775000,-0.000159
4.776000,-0.000187
4.777000,-0.000121
4.778000,-0.000146
4.779000,-0.000140
4.780000,-0.000235
4.781000,-0.000131
4.782000,-0.000159
4.783000,-0.000108
4.784000,-0.000175
4.785000,-0.000118
4.786000,-0.000086
4.787000,-0.000181
4.788000,-0.000210
4.789000,-0.000121
4.790000,-0.000102
4.791000,-0.000105
4.792000,-0.000235
4.793000,-0.000102
4.794000,-0.000210
4.795000,-0.000175
4.796000,-0.000134
4.797000,-0.000159
4.798000,-0.000159
4.799000,-0.000153
4.800000,-0.000137
4.801000,-0.000168
4.802000,-0.000051
4.803000,-0.000153
4.804000,-0.000099
4.805000,-0.000143
4.806000,-0.000172
4.807000,-0.000143
4.808000,-0.000048
4.809000,-0.000162
4.810000,-0.000102
4.811000,-0.000197
4.812000,-0.000140
4.813000,-0.000134
4.814000,-0.000131
4.815000,-0.000159
4.816000,-0.000150
4.817000,-0.000150
4.818000,-0.000194
4.819000,-0.000099
4.820000,-0.000108
4.821000,-0.000162
4.822000,-0.000124
4.823000,-0.000178
4.824000,-0.000143
4.825000,-0.000200
4.826000,-0.000102
4.827000,-0.000134
4.828000,-0.000140
4.829000,-0.000121
4.830000,-0.000127
4.831000,-0.000203
4.832000,-0.000127
4.833000,-0.000187
4.834000,-0.000127
4.835000,-0.000156
4.836000,-0.000099
4.837000,-0.000187
4.838000,-0.000143
4.839000,-0.000197
4.840000,-0.000150
4.841000,-0.000178
4.842000,-0.000150
4.843000,-0.000197
4.844000,-0.000184
4.845000,-0.000175
4.846000,-0.000140
4.847000,-0.000203
4.848000,-0.000165
4.849000,-0.000200
4.850000,-0.000131
4.851000,-0.000187
4.852000,-0.000162
4.853000,-0.000140
4.854000,-0.000197
4.855000,-0.000178
4.856000,-0.000105
4.857000,-0.000181
4.858000,-0.000156
4.859000,-0.000150
4.860000,-0.000143
4.861000,-0.000143
4.862000,-0.000146
4.863000,-0.000172
4.864000,-0.000083
4.865000,-0.000159
4.866000,-0.000146
4.867000,-0.000162
4.868000,-0.000150
4.869000,-0.000127
4.870000,-0.000121
4.871000,-0.000191
4.872000,-0.000134
4.873000,-0.000127
4.874000,-0.000181
4.875000,-0.000131
4.876000,-0.000165
4.877000,-0.000156
4.878000,-0.000172
4.879000,-0.000178
4.880000,-0.000150
4.881000,-0.000178
4.882000,-0.000159
4.883000,-0.000172
4.884000,-0.000134
4.885000,-0.000134
4.886000,-0.000162
4.887000,-0.000150
4.888000,-0.000156
4.889000,-0.000134
4.890000,-0.000108
4.891000,-0.000118
4.892000,-0.000140
4.893000,-0.000137
4.894000,-0.000168
4.895000,-0.000140
4.896000,-0.000168
4.897000,-0.000225
4.898000,-0.000172
4.899000,-0.000159
4.900000,-0.000178
4.901000,-0.000165
4.902000,-0.000178
4.903000,-0.000153
4.904000,-0.000162
4.905000,-0.000061
4.906000,-0.000191
4.907000,-0.000124
4.908000,-0.000165
4.909000,-0.000172
4.910000,-0.000127
4.911000,-0.000159
4.912000,-0.000172
4.913000,-0.000156
4.914000,-0.000165
4.915000,-0.000172
4.916000,-0.000134
4.917000,-0.000225
4.918000,-0.000102
4.919000,-0.000178
4.920000,-0.000108
4.921000,-0.000162
4.922000,-0.000168
4.923000,-0.000187
4.924000,-0.000159
4.925000,-0.000206
4.926000,-0.000159
4.927000,-0.000165
4.928000,-0.000077
4.929000,-0.000168
4.930000,-0.000140
4.931000,-0.000153
4.932000,-0.000127
4.933000,-0.000156
4.934000,-0.000112
4.935000,-0.000168
4.936000,-0.000146
4.937000,-0.000121
4.938000,-0.000115
4.939000,-0.000146
4.940000,-0.000134
4.941000,-0.000203
4.942000,-0.000241
4.943000,-0.000150
4.944000,-0.000168
4.945000,-0.000191
4.946000,-0.000070
4.947000,-0.000181
4.948000,-0.000165
4.949000,-0.000156
4.950000,-0.000172
4.951000,-0.000121
4.952000,-0.000143
4.953000,-0.000168
4.954000,-0.000159
4.955000,-0.000127
4.956000,-0.000159
4.957000,-0.000115
4.958000,-0.000042
4.959000,-0.000153
4.960000,-0.000140
4.961000,-0.000187
4.962000,-0.000175
4.963000,-0.000080
4.964000,-0.000137
4.965000,-0.000134
4.966000,-0.000127
4.967000,-0.000150
4.968000,-0.000191
4.969000,-0.000061
4.970000,-0.000127
4.971000,-0.000121
4.972000,-0.000172
4.973000,-0.000080
4.974000,-0.000146
4.975000,-0.000184
4.976000,-0.000121
4.977000,-0.000229
4.978000,-0.000121
4.979000,-0.000172
4.980000,-0.000140
4.981000,-0.000197
4.982000,-0.000178
4.983000,-0.000222
4.984000,-0.000118
4.985000,-0.000172
4.986000,-0.000121
4.987000,-0.000146
4.988000,-0.000140
4.989000,-0.000159
4.990000,-0.000115
4.991000,-0.000165
4.992000,-0.000150
4.993000,-0.000168
4.994000,-0.000162
4.995000,-0.000143
4.996000,-0.000131
4.997000,-0.000124
4.998000,-0.000140
4.999000,-0.000121
5.000000,-0.000150
5.001000,-0.000146
5.002000,-0.000210
5.003000,-0.000184
5.004000,-0.000181
5.005000,-0.000181
5.006000,-0.000127
5.007000,-0.000143
5.008000,-0.000175
5.009000,-0.000153
5.010000,-0.000153
5.011000,-0.000162
5.012000,-0.000143
5.013000,-0.000131
5.014000,-0.000175
5.015000,-0.000162
5.016000,-0.000102
5.017000,-0.000140
5.018000,-0.000045
5.019000,-0.000168
5.020000,-0.000140
5.021000,-0.000175
5.022000,-0.000118
5.023000,-0.000146
5.024000,-0.000083
5.025000,-0.000121
5.026000,-0.000150
5.027000,-0.000159
5.028000,-0.000162
5.029000,-0.000153
5.030000,-0.000168
5.031000,-0.000165
5.032000,-0.000181
5.033000,-0.000156
5.034000,-0.000121
5.035000,-0.000165
5.036000,-0.000172
5.037000,-0.000175
5.038000,-0.000197
5.039000,-0.000175
5.040000,-0.000140
5.041000,-0.000162
5.042000,-0.000140
5.043000,-0.000124
5.044000,-0.000143
5.045000,-0.000086
5.046000,-0.000162
5.047000,-0.000140
5.048000,-0.000112
5.049000,-0.000146
5.050000,-0.000143
5.051000,-0.000112
5.052000,-0.000200
5.053000,-0.000153
5.054000,-0.000137
5.055000,-0.000156
5.056000,-0.000165
5.057000,-0.000162
5.058000,-0.000153
5.059000,-0.000143
5.060000,-0.000165
5.061000,-0.000168
5.062000,-0.000184
5.063000,-0.000131
5.064000,-0.000187
5.065000,-0.000156
5.066000,-0.000112
5.067000,-0.000178
5.068000,-0.000153
5.069000,-0.000137
5.070000,-0.000165
5.071000,-0.000093
5.072000,-0.000153
5.073000,-0.000150
5.074000,-0.000146
5.075000,-0.000175
5.076000,-0.000150
5.077000,-0.000181
5.078000,-0.000159
5.079000,-0.000184
5.080000,-0.000159
5.081000,-0.000165
5.082000,-0.000172
5.083000,-0.000219
5.084000,-0.000127
5.085000,-0.000206
5.086000,-0.000096
5.087000,-0.000187
5.088000,-0.000099
5.089000,-0.000206
5.090000,-0.000153
5.091000,-0.000156
5.092000,-0.000172
5.093000,-0.000162
5.094000,-0.000127
5.095000,-0.000137
5.096000,-0.000172
5.097000,-0.000143
5.098000,-0.000143
5.099000,-0.000200
5.100000,-0.000165
5.101000,-0.000213
5.102000,-0.000156
5.103000,-0.000124
5.104000,-0.000203
5.105000,-0.000184
5.106000,-0.000229
5.107000,-0.000083
5.108000,-0.000216
5.109000,-0.000121
5.110000,-0.000197
5.111000,-0.000112
5.112000,-0.000150
5.113000,-0.000153
5.114000,-0.000140
5.115000,-0.000175
5.116000,-0.000134
5.117000,-0.000153
5.118000,-0.000134
5.119000,-0.000162
5.120000,-0.000140
5.121000,-0.000121
5.122000,-0.000153
5.123000,-0.000143
5.124000,-0.000165
5.125000,-0.000156
5.126000,-0.000191
5.127000,-0.000165
5.128000,-0.000165
5.129000,-0.000191
5.130000,-0.000134
5.131000,-0.000140
5.132000,-0.000146
5.133000,-0.000099
5.134000,-0.000121
5.135000,-0.000131
5.136000,-0.000134
5.137000,-0.000134
5.138000,-0.000131
5.139000,-0.000064
5.140000,-0.000146
5.141000,-0.000131
5.142000,-0.000143
5.143000,-0.000131
5.144000,-0.000143
5.145000,-0.000134
5.146000,-0.000165
5.147000,-0.000206
5.148000,-0.000156
5.149000,-0.000191
5.150000,-0.000162
5.151000,-0.000108
5.152000,-0.000089
5.153000,-0.000137
5.154000,-0.000131
5.155000,-0.000146
5.156000,-0.000153
5.157000,-0.000121
5.158000,-0.000102
5.159000,-0.000093
5.160000,-0.000165
5.161000,-0.000168
5.162000,-0.000165
5.163000,-0.000165
5.164000,-0.000137
5.165000,-0.000112
5.166000,-0.000140
5.167000,-0.000219
5.168000,-0.000048
5.169000,-0.000127
5.170000,-0.000184
5.171000,-0.000124
5.172000,-0.000165
5.173000,-0.000083
5.174000,-0.000175
5.175000,-0.000165
5.176000,-0.000121
5.177000,-0.000146
5.178000,-0.000032
5.179000,-0.000140
5.180000,-0.000143
5.181000,-0.000099
5.182000,-0.000121
5.183000,-0.000162
5.184000,-0.000127
5.185000,-0.000194
5.186000,-0.000121
5.187000,-0.000159
5.188000,-0.000134
5.189000,-0.000178
5.190000,-0.000178
5.191000,-0.000175
5.192000,-0.000178
5.193000,-0.000178
5.194000,-0.000165
5.195000,-0.000184
5.196000,-0.000115
5.197000,-0.000178
5.198000,-0.000108
5.199000,-0.000191
5.200000,-0.000153
5.201000,-0.000137
5.202000,-0.000153
5.203000,-0.000150
5.204000,-0.000143
5.205000,-0.000127
5.206000,-0.000168
5.207000,-0.000127
5.208000,-0.000197
5.209000,-0.000140
5.210000,-0.000127
5.211000,-0.000131
5.212000,-0.000187
5.213000,-0.000017
5.214000,-0.000165
5.215000,-0.000131
5.216000,-0.000146
5.217000,-0.000178
5.218000,-0.000143
5.219000,-0.000096
5.220000,-0.000168
5.221000,-0.000153
5.222000,-0.000140
5.223000,-0.000165
5.224000,-0.000153
5.225000,-0.000150
5.226000,-0.000213
5.227000,-0.000172
5.228000,-0.000200
5.229000,-0.000184
5.230000,-0.000159
5.231000,-0.000146
5.232000,-0.000184
5.233000,-0.000178
5.234000,-0.000210
5.235000,-0.000162
5.236000,-0.000197
5.237000,-0.000102
5.238000,-0.000156
5.239000,-0.000096
5.240000,-0.000146
5.241000,-0.000121
5.242000,-0.000222
5.243000,-0.000153
5.244000,-0.000143
5.245000,-0.000165
5.246000,-0.000187
5.247000,-0.000150
5.248000,-0.000238
5.249000,-0.000150
5.250000,-0.000168
5.251000,-0.000156
5.252000,-0.000137
5.253000,-0.000127
5.254000,-0.000162
5.255000,-0.000159
5.256000,-0.000115
5.257000,-0.000143
5.258000,-0.000159
5.259000,-0.000093
5.260000,-0.000150
5.261000,-0.000162
5.262000,-0.000156
5.263000,-0.000127
5.264000,-0.000153
5.265000,-0.000153
5.266000,-0.000194
5.267000,-0.000168
5.268000,-0.000140
5.269000,-0.000184
5.270000,-0.000153
5.271000,-0.000045
5.272000,-0.000140
5.273000,-0.000121
5.274000,-0.000178
5.275000,-0.000105
5.276000,-0.000219
5.277000,-0.000127
5.278000,-0.000159
5.279000,-0.000150
5.280000,-0.000175
5.281000,-0.000178
5.282000,-0.000150
5.283000,-0.000194
5.284000,-0.000187
5.285000,-0.000102
5.286000,-0.000153
5.287000,-0.000150
5.288000,-0.000168
5.289000,-0.000172
5.290000,-0.000134
5.291000,-0.000146
5.292000,-0.000089
5.293000,-0.000124
5.294000,-0.000172
5.295000,-0.000156
5.296000,-0.000127
5.297000,-0.000077
5.298000,-0.000118
5.299000,-0.000162
5.300000,-0.000137
5.301000,-0.000219
5.302000,-0.000140
5.303000,-0.000222
5.304000,-0.000143
5.305000,-0.000156
5.306000,-0.000124
5.307000,-0.000197
5.308000,-0.000150
5.309000,-0.000187
5.310000,-0.000140
5.311000,-0.000131
5.312000,-0.000184
5.313000,-0.000121
5.314000,-0.000153
5.315000,-0.000137
5.316000,-0.000146
5.317000,-0.000127
5.318000,-0.000162
5.319000,-0.000124
5.320000,-0.000146
5.321000,-0.000200
5.322000,-0.000175
5.323000,-0.000197
5.324000,-0.000153
5.325000,-0.000153
5.326000,-0.000127
5.327000,-0.000102
5.328000,-0.000168
5.329000,-0.000143
5.330000,-0.000200
5.331000,-0.000153
5.332000,-0.000124
5.333000,-0.000159
5.334000,-0.000184
5.335000,-0.000153
5.336000,-0.000203
5.337000,-0.000140
5.338000,-0.000127
5.339000,-0.000175
5.340000,-0.000124
5.341000,-0.000121
5.342000,-0.000165
5.343000,-0.000099
5.344000,-0.000118
5.345000,-0.000124
5.346000,-0.000115
5.347000,-0.000175
5.348000,-0.000121
5.349000,-0.000181
5.350000,-0.000175
5.351000,-0.000115
5.352000,-0.000121
5.353000,-0.000131
5.354000,-0.000086
5.355000,-0.000162
5.356000,-0.000134
5.357000,-0.000121
5.358000,-0.000140
5.359000,-0.000146
5.360000,-0.000074
5.361000,-0.000184
5.362000,-0.000146
5.363000,-0.000153
5.364000,-0.000203
5.365000,-0.000102
5.366000,-0.000131
5.367000,-0.000200
5.368000,-0.000143
5.369000,-0.000137
5.370000,-0.000153
5.371000,-0.000118
5.372000,-0.000191
5.373000,-0.000143
5.374000,-0.000178
5.375000,-0.000153
5.376000,-0.000121
5.377000,-0.000168
5.378000,-0.000124
5.379000,-0.000153
5.380000,-0.000191
5.381000,-0.000140
5.382000,-0.000172
5.383000,-0.000184
5.384000,-0.000241
5.385000,-0.000134
5.386000,-0.000187
5.387000,-0.000134
5.388000,-0.000181
5.389000,-0.000146
5.390000,-0.000187
5.391000,-0.000143
5.392000,-0.000064
5.393000,-0.000181
5.394000,-0.000150
5.395000,-0.000150
5.396000,-0.000134
5.397000,-0.000197
5.398000,-0.000140
5.399000,-0.000172
5.400000,-0.000134
5.401000,-0.000159
5.402000,-0.000115
5.403000,-0.000181
5.404000,-0.000210
5.405000,-0.000162
5.406000,-0.000181
5.407000,-0.000213
5.408000,-0.000178
5.409000,-0.000150
5.410000,-0.000156
5.411000,-0.000162
5.412000,-0.000162
5.413000,-0.000222
5.414000,-0.000112
5.415000,-0.000153
5.416000,-0.000096
5.417000,-0.000162
5.418000,-0.000127
5.419000,-0.000159
5.420000,-0.000134
5.421000,-0.000175
5.422000,-0.000156
5.423000,-0.000162
5.424000,-0.000124
5.425000,-0.000181
5.426000,-0.000146
5.427000,-0.000134
5.428000,-0.000137
5.429000,-0.000061
5.430000,-0.000127
5.431000,-0.000191
5.432000,-0.000150
5.433000,-0.000175
5.434000,-0.000165
5.435000,-0.000143
5.436000,-0.000206
5.437000,-0.000146
5.438000,-0.000086
5.439000,-0.000184
5.440000,-0.000014
5.441000,-0.000153
5.442000,-0.000146
5.443000,-0.000150
5.444000,-0.000112
5.445000,-0.000178
5.446000,-0.000137
5.447000,-0.000172
5.448000,-0.000165
5.449000,-0.000156
5.450000,-0.000150
5.451000,-0.000112
5.452000,-0.000162
5.453000,-0.000096
5.454000,-0.000124
5.455000,-0.000121
5.456000,-0.000159
5.457000,-0.000146
5.458000,-0.000146
5.459000,-0.000178
5.460000,-0.000124
5.461000,-0.000184
5.462000,-0.000168
5.463000,-0.000165
5.464000,-0.000184
5.465000,-0.000187
5.466000,-0.000150
5.467000,-0.000200
5.468000,-0.000121
5.469000,-0.000168
5.470000,-0.000168
5.471000,-0.000127
5.472000,-0.000162
5.473000,-0.000172
5.474000,-0.000172
5.475000,-0.000146
5.476000,-0.000112
5.477000,-0.000184
5.478000,-0.000165
5.479000,-0.000140
5.480000,-0.000124
5.481000,-0.000191
5.482000,-0.000086
5.483000,-0.000146
5.484000,-0.000127
5.485000,-0.000159
5.486000,-0.000143
5.487000,-0.000153
5.488000,-0.000153
5.489000,-0.000178
5.490000,-0.000172
5.491000,-0.000121
5.492000,-0.000172
5.493000,-0.000146
5.494000,-0.000172
5.495000,-0.000131
5.496000,-0.000191
5.497000,-0.000105
5.498000,-0.000178
5.499000,-0.000168
5.500000,-0.000131
5.501000,-0.000184
5.502000,-0.000124
5.503000,-0.000159
5.504000,-0.000159
5.505000,-0.000181
5.506000,-0.000102
5.507000,-0.000159
5.508000,-0.000131
5.509000,-0.000197
5.510000,-0.000124
5.511000,-0.000203
5.512000,-0.000187
5.513000,-0.000178
5.514000,-0.000115
5.515000,-0.000235
5.516000,-0.000153
5.517000,-0.000194
5.518000,-0.000156
5.519000,-0.000172
5.520000,-0.000184
5.521000,-0.000172
5.522000,-0.000140
5.523000,-0.000191
5.524000,-0.000150
5.525000,-0.000175
5.526000,-0.000156
5.527000,-0.000203
5.528000,-0.000143
5.529000,-0.000178
5.530000,-0.000143
5.531000,-0.000131
5.532000,-0.000143
5.533000,-0.000210
5.534000,-0.000127
5.535000,-0.000162
5.536000,-0.000165
5.537000,-0.000156
5.538000,-0.000178
5.539000,-0.000210
5.540000,-0.000118
5.541000,-0.000168
5.542000,-0.000121
5.543000,-0.000203
5.544000,-0.000184
5.545000,-0.000156
5.546000,-0.000153
5.547000,-0.000150
5.548000,-0.000127
5.549000,-0.000203
5.550000,-0.000162
5.551000,-0.000194
5.552000,-0.000168
5.553000,-0.000181
5.554000,-0.000168
5.555000,-0.000206
5.556000,-0.000118
5.557000,-0.000096
5.558000,-0.000162
5.559000,-0.000156
5.560000,-0.000159
5.561000,-0.000203
5.562000,-0.000178
5.563000,-0.000216
5.564000,-0.000096
5.565000,-0.000200
5.566000,-0.000200
5.567000,-0.000165
5.568000,-0.000121
5.569000,-0.000172
5.570000,-0.000131
5.571000,-0.000143
5.572000,-0.000168
5.573000,-0.000159
5.574000,-0.000150
5.575000,-0.000213
5.576000,-0.000045
5.577000,-0.000153
5.578000,-0.000187
5.579000,-0.000150
5.580000,-0.000140
5.581000,-0.000150
5.582000,-0.000131
5.583000,-0.000162
5.584000,-0.000055
5.585000,-0.000140
5.586000,-0.000162
5.587000,-0.000140
5.588000,-0.000168
5.589000,-0.000162
5.590000,-0.000168
5.591000,-0.000121
5.592000,-0.000200
5.593000,-0.000172
5.594000,-0.000187
5.595000,-0.000086
5.596000,-0.000235
5.597000,-0.000086
5.598000,-0.000235
5.599000,-0.000121
5.600000,-0.000222
5.601000,-0.000089
5.602000,-0.000184
5.603000,-0.000108
5.604000,-0.000181
5.605000,-0.000172
5.606000,-0.000093
5.607000,-0.000086
5.608000,-0.000168
5.609000,-0.000153
5.610000,-0.000197
5.611000,-0.000162
5.612000,-0.000172
5.613000,-0.000191
5.614000,-0.000112
5.615000,-0.000146
5.616000,-0.000112
5.617000,-0.000165
5.618000,-0.000159
5.619000,-0.000181
5.620000,-0.000124
5.621000,-0.000165
5.622000,-0.000153
5.623000,-0.000197
5.624000,-0.000121
5.625000,-0.000162
5.626000,-0.000153
5.627000,-0.000146
5.628000,-0.000146
5.629000,-0.000156
5.630000,-0.000178
5.631000,-0.000210
5.632000,-0.000156
5.633000,-0.000178
5.634000,-0.000140
5.635000,-0.000191
5.636000,-0.000140
5.637000,-0.000175
5.638000,-0.000108
5.639000,-0.000099
5.640000,-0.000159
5.641000,-0.000134
5.642000,-0.000074
5.643000,-0.000178
5.644000,-0.000197
5.645000,-0.000206
5.646000,-0.000150
5.647000,-0.000168
5.648000,-0.000191
5.649000,-0.000172
5.650000,-0.000121
5.651000,-0.000178
5.652000,-0.000124
5.653000,-0.000134
5.654000,-0.000127
5.655000,-0.000156
5.656000,-0.000175
5.657000,-0.000187
5.658000,-0.000191
5.659000,-0.000229
5.660000,-0.000108
5.661000,-0.000178
5.662000,-0.000156
5.663000,-0.000146
5.664000,-0.000121
5.665000,-0.000219
5.666000,-0.000162
5.667000,-0.000153
5.668000,-0.000153
5.669000,-0.000134
5.670000,-0.000162
5.671000,-0.000206
5.672000,-0.000153
5.673000,-0.000172
5.674000,-0.000118
5.675000,-0.000159
5.676000,-0.000089
5.677000,-0.000260
5.678000,-0.000121
5.679000,-0.000194
5.680000,-0.000131
5.681000,-0.000222
5.682000,-0.000159
5.683000,-0.000210
5.684000,-0.000162
5.685000,-0.000184
5.686000,-0.000165
5.687000,-0.000137
5.688000,-0.000134
5.689000,-0.000150
5.690000,-0.000168
5.691000,-0.000165
5.692000,-0.000153
5.693000,-0.000203
5.694000,-0.000134
5.695000,-0.000191
5.696000,-0.000112
5.697000,-0.000184
5.698000,-0.000162
5.699000,-0.000172
5.700000,-0.000159
5.701000,-0.000156
5.702000,-0.000172
5.703000,-0.000134
5.704000,-0.000191
5.705000,-0.000140
5.706000,-0.000150
5.707000,-0.000026
5.708000,-0.000200
5.709000,-0.000077
5.710000,-0.000194
5.711000,-0.000121
5.712000,-0.000074
5.713000,-0.000131
5.714000,-0.000150
5.715000,-0.000146
5.716000,-0.000153
5.717000,-0.000143
5.718000,-0.000153
5.719000,-0.000070
5.720000,-0.000055
5.721000,-0.000203
5.722000,-0.000172
5.723000,-0.000156
5.724000,-0.000191
5.725000,-0.000181
5.726000,-0.000168
5.727000,-0.000162
5.728000,-0.000137
5.729000,-0.000165
5.730000,-0.000156
5.731000,-0.000197
5.732000,-0.000093
5.733000,-0.000165
5.734000,-0.000162
5.735000,-0.000153
5.736000,-0.000099
5.737000,-0.000159
5.738000,-0.000162
5.739000,-0.000105
5.740000,-0.000168
5.741000,-0.000159
5.742000,-0.000017
5.743000,-0.000131
5.744000,-0.000162
5.745000,-0.000102
5.746000,-0.000124
5.747000,-0.000137
5.748000,-0.000105
5.749000,-0.000108
5.750000,-0.000143
5.751000,-0.000118
5.752000,-0.000105
5.753000,-0.000172
5.754000,-0.000124
5.755000,-0.000178
5.756000,-0.000172
5.757000,-0.000137
5.758000,-0.000165
5.759000,-0.000131
5.760000,-0.000146
5.761000,-0.000146
5.762000,-0.000165
5.763000,-0.000077
5.764000,-0.000165
5.765000,-0.000089
5.766000,-0.000156
5.767000,-0.000105
5.768000,-0.000222
5.769000,-0.000172
5.770000,-0.000159
5.771000,-0.000121
5.772000,-0.000124
5.773000,-0.000191
5.774000,-0.000137
5.775000,-0.000197
5.776000,-0.000150
5.777000,-0.000143
5.778000,-0.000159
5.779000,-0.000134
5.780000,-0.000150
5.781000,-0.000112
5.782000,-0.000175
5.783000,-0.000124
5.784000,-0.000172
5.785000,-0.000134
5.786000,-0.000127
5.787000,-0.000127
5.788000,-0.000200
5.789000,-0.000159
5.790000,-0.000137
5.791000,-0.000172
5.792000,-0.000175
5.793000,-0.000225
5.794000,-0.000150
5.795000,-0.000191
5.796000,-0.000124
5.797000,-0.000159
5.798000,-0.000156
5.799000,-0.000203
5.800000,-0.000156
5.801000,-0.000162
5.802000,-0.000184
5.803000,-0.000168
5.804000,-0.000156
5.805000,-0.000191
5.806000,-0.000153
5.807000,-0.000105
5.808000,-0.000156
5.809000,-0.000131
5.810000,-0.000181
5.811000,-0.000115
5.812000,-0.000225
5.813000,-0.000121
5.814000,-0.000225
5.815000,-0.000121
5.816000,-0.000191
5.817000,-0.000146
5.818000,-0.000232
5.819000,-0.000178
5.820000,-0.000140
5.821000,-0.000146
5.822000,-0.000200
5.823000,-0.000200
5.824000,-0.000172
5.825000,-0.000115
5.826000,-0.000200
5.827000,-0.000146
5.828000,-0.000156
5.829000,-0.000229
5.830000,-0.000267
5.831000,-0.000168
5.832000,-0.000184
5.833000,-0.000134
5.834000,-0.000165
5.835000,-0.000140
5.836000,-0.000124
5.837000,-0.000187
5.838000,-0.000153
5.839000,-0.000143
5.840000,-0.000172
5.841000,-0.000219
5.842000,-0.000213
5.843000,-0.000184
5.844000,-0.000089
5.845000,-0.000165
5.846000,-0.000150
5.847000,-0.000159
5.848000,-0.000184
5.849000,-0.000140
5.850000,-0.000146
5.851000,-0.000140
5.852000,-0.000140
5.853000,-0.000121
5.854000,-0.000165
5.855000,-0.000131
5.856000,-0.000146
5.857000,-0.000137
5.858000,-0.000203
5.859000,-0.000146
5.860000,-0.000184
5.861000,-0.000137
5.862000,-0.000191
5.863000,-0.000159
5.864000,-0.000162
5.865000,-0.000181
5.866000,-0.000172
5.867000,-0.000121
5.868000,-0.000184
5.869000,-0.000083
5.870000,-0.000143
5.871000,-0.000172
5.872000,-0.000168
5.873000,-0.000131
5.874000,-0.000172
5.875000,-0.000137
5.876000,-0.000165
5.877000,-0.000175
5.878000,-0.000150
5.879000,-0.000184
5.880000,-0.000140
5.881000,-0.000203
5.882000,-0.000159
5.883000,-0.000178
5.884000,-0.000121
5.885000,-0.000165
5.886000,-0.000121
5.887000,-0.000162
5.888000,-0.000140
5.889000,-0.000134
5.890000,-0.000162
5.891000,-0.000137
5.892000,-0.000150
5.893000,-0.000127
5.894000,-0.000178
5.895000,-0.000156
5.896000,-0.000203
5.897000,-0.000140
5.898000,-0.000124
5.899000,-0.000159
5.900000,-0.000146
5.901000,-0.000184
5.902000,-0.000200
5.903000,-0.000184
5.904000,-0.000156
5.905000,-0.000178
5.906000,-0.000197
5.907000,-0.000146
5.908000,-0.000168
5.909000,-0.000191
5.910000,-0.000140
5.911000,-0.000153
5.912000,-0.000150
5.913000,-0.000165
5.914000,-0.000143
5.915000,-0.000168
5.916000,-0.000131
5.917000,-0.000143
5.918000,-0.000143
5.919000,-0.000146
5.920000,-0.000178
5.921000,-0.000115
5.922000,-0.000191
5.923000,-0.000156
5.924000,-0.000137
5.925000,-0.000238
5.926000,-0.000162
5.927000,-0.000121
5.928000,-0.000140
5.929000,-0.000150
5.930000,-0.000159
5.931000,-0.000153
5.932000,-0.000039
5.933000,-0.000143
5.934000,-0.000153
5.935000,-0.000121
5.936000,-0.000127
5.937000,-0.000134
5.938000,-0.000150
5.939000,-0.000096
5.940000,-0.000159
5.941000,-0.000168
5.942000,-0.000187
5.943000,-0.000153
5.944000,-0.000140
5.945000,-0.000251
5.946000,-0.000165
5.947000,-0.000143
5.948000,-0.000086
5.949000,-0.000143
5.950000,-0.000140
5.951000,-0.000153
5.952000,-0.000222
5.953000,-0.000137
5.954000,-0.000121
5.955000,-0.000146
5.956000,-0.000112
5.957000,-0.000150
5.958000,-0.000102
5.959000,-0.000146
5.960000,-0.000213
5.961000,-0.000140
5.962000,-0.000118
5.963000,-0.000162
5.964000,-0.000121
5.965000,-0.000137
5.966000,-0.000146
5.967000,-0.000150
5.968000,-0.000200
5.969000,-0.000172
5.970000,-0.000140
5.971000,-0.000244
5.972000,-0.000121
5.973000,-0.000181
5.974000,-0.000014
5.975000,-0.000175
5.976000,-0.000156
5.977000,-0.000124
5.978000,-0.000197
5.979000,-0.000143
5.980000,-0.000121
5.981000,-0.000131
5.982000,-0.000168
5.983000,-0.000134
5.984000,-0.000184
5.985000,-0.000150
5.986000,-0.000175
5.987000,-0.000150
5.988000,-0.000172
5.989000,-0.000118
5.990000,-0.000051
5.991000,-0.000165
5.992000,-0.000143
5.993000,-0.000134
5.994000,-0.000181
5.995000,-0.000159
5.996000,-0.000191
5.997000,-0.000108
5.998000,-0.000197
5.999000,-0.000121
6.000000,-0.000191
6.001000,-0.000150
6.002000,-0.000143
6.003000,-0.000134
6.004000,-0.000222
6.005000,-0.000150
6.006000,-0.000203
6.007000,-0.000187
6.008000,-0.000140
6.009000,-0.000213
6.010000,-0.000108
6.011000,-0.000159
6.012000,-0.000124
6.013000,-0.000203
6.014000,-0.000121
6.015000,-0.000172
6.016000,-0.000131
6.017000,-0.000146
6.018000,-0.000140
6.019000,-0.000194
6.020000,-0.000146
6.021000,-0.000168
6.022000,-0.000131
6.023000,-0.000134
6.024000,-0.000178
6.025000,-0.000172
6.026000,-0.000168
6.027000,-0.000168
6.028000,-0.000146
6.029000,-0.000127
6.030000,-0.000175
6.031000,-0.000172
6.032000,-0.000200
6.033000,-0.000159
6.034000,-0.000131
6.035000,-0.000156
6.036000,-0.000124
6.037000,-0.000162
6.038000,-0.000143
6.039000,-0.000112
6.040000,-0.000153
6.041000,-0.000159
6.042000,-0.000127
6.043000,-0.000115
6.044000,-0.000159
6.045000,-0.000108
6.046000,-0.000168
6.047000,-0.000213
6.048000,-0.000127
6.049000,-0.000187
6.050000,-0.000172
6.051000,-0.000143
6.052000,-0.000191
6.053000,-0.000184
6.054000,-0.000146
6.055000,-0.000156
6.056000,-0.000108
6.057000,-0.000184
6.058000,-0.000175
6.059000,-0.000121
6.060000,-0.000159
6.061000,-0.000168
6.062000,-0.000108
6.063000,-0.000153
6.064000,-0.000159
6.065000,-0.000203
6.066000,-0.000232
6.067000,-0.000162
6.068000,-0.000143
6.069000,-0.000197
6.070000,-0.000187
6.071000,-0.000153
6.072000,-0.000159
6.073000,-0.000184
6.074000,-0.000153
6.075000,-0.000064
6.076000,-0.000118
6.077000,-0.000127
6.078000,-0.000146
6.079000,-0.000146
6.080000,-0.000172
6.081000,-0.000134
6.082000,-0.000191
6.083000,-0.000115
6.084000,-0.000162
6.085000,-0.000143
6.086000,-0.000178
6.087000,-0.000134
6.088000,-0.000194
6.089000,-0.000191
6.090000,-0.000178
6.091000,-0.000127
6.092000,-0.000159
6.093000,-0.000175
6.094000,-0.000083
6.095000,-0.000175
6.096000,-0.000150
6.097000,-0.000080
6.098000,-0.000067
6.099000,-0.000178
6.100000,-0.000134
6.101000,-0.000150
6.102000,-0.000194
6.103000,-0.000150
6.104000,-0.000172
6.105000,-0.000156
6.106000,-0.000150
6.107000,-0.000162
6.108000,-0.000159
6.109000,-0.000150
6.110000,-0.000168
6.111000,-0.000175
6.112000,-0.000153
6.113000,-0.000251
6.114000,-0.000096
6.115000,-0.000197
6.116000,-0.000112
6.117000,-0.000162
6.118000,-0.000108
6.119000,-0.000197
6.120000,-0.000099
6.121000,-0.000187
6.122000,-0.000156
6.123000,-0.000194
6.124000,-0.000187
6.125000,-0.000159
6.126000,-0.000121
6.127000,-0.000187
6.128000,-0.000115
6.129000,-0.000143
6.130000,-0.000165
6.131000,-0.000140
6.132000,-0.000165
6.133000,-0.000156
6.134000,-0.000140
6.135000,-0.000191
6.136000,-0.000074
6.137000,-0.000165
6.138000,-0.000153
6.139000,-0.000159
6.140000,-0.000140
6.141000,-0.000159
6.142000,-0.000175
6.143000,-0.000118
6.144000,-0.000134
6.145000,-0.000172
6.146000,-0.000137
6.147000,-0.000175
6.148000,-0.000143
6.149000,-0.000156
6.150000,-0.000153
6.151000,-0.000178
6.152000,-0.000143
6.153000,-0.000184
6.154000,-0.000134
6.155000,-0.000181
6.156000,-0.000127
6.157000,-0.000159
6.158000,-0.000134
6.159000,-0.000124
6.160000,-0.000127
6.161000,-0.000184
6.162000,-0.000127
6.163000,-0.000168
6.164000,-0.000184
6.165000,-0.000197
6.166000,-0.000175
6.167000,-0.000254
6.168000,-0.000146
6.169000,-0.000203
6.170000,-0.000159
6.171000,-0.000156
6.172000,-0.000156
6.173000,-0.000172
6.174000,-0.000124
6.175000,-0.000165
6.176000,-0.000153
6.177000,-0.000213
6.178000,-0.000162
6.179000,-0.000153
6.180000,-0.000191
6.181000,-0.000124
6.182000,-0.000156
6.183000,-0.000105
6.184000,-0.000181
6.185000,-0.000162
6.186000,-0.000175
6.187000,-0.000137
6.188000,-0.000131
6.189000,-0.000178
6.190000,-0.000140
6.191000,-0.000162
6.192000,-0.000146
6.193000,-0.000093
6.194000,-0.000197
6.195000,-0.000168
6.196000,-0.000200
6.197000,-0.000153
6.198000,-0.000184
6.199000,-0.000121
6.200000,-0.000203
6.201000,-0.000140
6.202000,-0.000150
6.203000,-0.000216
6.204000,-0.000150
6.205000,-0.000143
6.206000,-0.000162
6.207000,-0.000127
6.208000,-0.000146
6.209000,-0.000061
6.210000,-0.000159
6.211000,-0.000150
6.212000,-0.000083
6.213000,-0.000153
6.214000,-0.000127
6.215000,-0.000206
6.216000,-0.000153
6.217000,-0.000153
6.218000,-0.000134
6.219000,-0.000156
6.220000,-0.000131
6.221000,-0.000178
6.222000,-0.000165
6.223000,-0.000146
6.224000,-0.000172
6.225000,-0.000112
6.226000,-0.000137
6.227000,-0.000191
6.228000,-0.000102
6.229000,-0.000153
6.230000,-0.000178
6.231000,-0.000178
6.232000,-0.000165
6.233000,-0.000153
6.234000,-0.000134
6.235000,-0.000162
6.236000,-0.000127
6.237000,-0.000077
6.238000,-0.000146
6.239000,-0.000191
6.240000,-0.000150
6.241000,-0.000156
6.242000,-0.000194
6.243000,-0.000187
6.244000,-0.000127
6.245000,-0.000251
6.246000,-0.000172
6.247000,-0.000105
6.248000,-0.000127
6.249000,-0.000150
6.250000,-0.000115
6.251000,-0.000140
6.252000,-0.000140
6.253000,-0.000112
6.254000,-0.000159
6.255000,-0.000181
6.256000,-0.000172
6.257000,-0.000124
6.258000,-0.000153
6.259000,-0.000137
6.260000,-0.000127
6.261000,-0.000131
6.262000,-0.000134
6.263000,-0.000118
6.264000,-0.000140
6.265000,-0.000159
6.266000,-0.000131
6.267000,-0.000159
6.268000,-0.000194
6.269000,-0.000150
6.270000,-0.000172
6.271000,-0.000181
6.272000,-0.000134
6.273000,-0.000121
6.274000,-0.000153
6.275000,-0.000127
6.276000,-0.000168
6.277000,-0.000134
6.278000,-0.000175
6.279000,-0.000124
6.280000,-0.000241
6.281000,-0.000121
6.282000,-0.000206
6.283000,-0.000017
6.284000,-0.000235
6.285000,-0.000146
6.286000,-0.000121
6.287000,-0.000162
6.288000,-0.000187
6.289000,-0.000184
6.290000,-0.000153
6.291000,-0.000206
6.292000,-0.000121
6.293000,-0.000168
6.294000,-0.000159
6.295000,-0.000197
6.296000,-0.000156
6.297000,-0.000150
6.298000,-0.000165
6.299000,-0.000194
6.300000,-0.000146
6.301000,-0.000093
6.302000,-0.000187
6.303000,-0.000241
6.304000,-0.000083
6.305000,-0.000210
6.306000,-0.000127
6.307000,-0.000178
6.308000,-0.000115
6.309000,-0.000143
6.310000,-0.000191
6.311000,-0.000146
6.312000,-0.000175
6.313000,-0.000099
6.314000,-0.000194
6.315000,-0.000134
6.316000,-0.000213
6.317000,-0.000143
6.318000,-0.000222
6.319000,-0.000124
6.320000,-0.000203
6.321000,-0.000184
6.322000,-0.000200
6.323000,-0.000153
6.324000,-0.000146
6.325000,-0.000121
6.326000,-0.000131
6.327000,-0.000162
6.328000,-0.000238
6.329000,-0.000127
6.330000,-0.000203
6.331000,-0.000115
6.332000,-0.000241
6.333000,-0.000172
6.334000,-0.000150
6.335000,-0.000134
6.336000,-0.000197
6.337000,-0.000146
6.338000,-0.000165
6.339000,-0.000175
6.340000,-0.000187
6.341000,-0.000168
6.342000,-0.000206
6.343000,-0.000118
6.344000,-0.000156
6.345000,-0.000178
6.346000,-0.000146
6.347000,-0.000086
6.348000,-0.000127
6.349000,-0.000115
6.350000,-0.000168
6.351000,-0.000203
6.352000,-0.000184
6.353000,-0.000143
6.354000,-0.000181
6.355000,-0.000150
6.356000,-0.000213
6.357000,-0.000165
6.358000,-0.000222
6.359000,-0.000172
6.360000,-0.000191
6.361000,-0.000150
6.362000,-0.000121
6.363000,-0.000127
6.364000,-0.000184
6.365000,-0.000146
6.366000,-0.000055
6.367000,-0.000140
6.368000,-0.000115
6.369000,-0.000115
6.370000,-0.000197
6.371000,-0.000184
6.372000,-0.000153
6.373000,-0.000143
6.374000,-0.000165
6.375000,-0.000121
6.376000,-0.000112
6.377000,-0.000178
6.378000,-0.000112
6.379000,-0.000187
6.380000,-0.000137
6.381000,-0.000168
6.382000,-0.000137
6.383000,-0.000178
6.384000,-0.000026
6.385000,-0.000137
6.386000,-0.000140
6.387000,-0.000140
6.388000,-0.000159
6.389000,-0.000137
6.390000,-0.000187
6.391000,-0.000156
6.392000,-0.000162
6.393000,-0.000121
6.394000,-0.000197
6.395000,-0.000137
6.396000,-0.000159
6.397000,-0.000162
6.398000,-0.000143
6.399000,-0.000172
6.400000,-0.000181
6.401000,-0.000172
6.402000,-0.000162
6.403000,-0.000241
6.404000,-0.000153
6.405000,-0.000146
6.406000,-0.000168
6.407000,-0.000153
6.408000,-0.000165
6.409000,-0.000121
6.410000,-0.000184
6.411000,-0.000127
6.412000,-0.000229
6.413000,-0.000124
6.414000,-0.000191
6.415000,-0.000108
6.416000,-0.000175
6.417000,-0.000127
6.418000,-0.000168
6.419000,-0.000093
6.420000,-0.000191
6.421000,-0.000172
6.422000,-0.000159
6.423000,-0.000102
6.424000,-0.000153
6.425000,-0.000143
6.426000,-0.000150
6.427000,-0.000134
6.428000,-0.000191
6.429000,-0.000222
6.430000,-0.000194
6.431000,-0.000257
6.432000,-0.000184
6.433000,-0.000197
6.434000,-0.000197
6.435000,-0.000143
6.436000,-0.000131
6.437000,-0.000172
6.438000,-0.000153
6.439000,-0.000112
6.440000,-0.000191
6.441000,-0.000131
6.442000,-0.000156
6.443000,-0.000153
6.444000,-0.000134
6.445000,-0.000140
6.446000,-0.000165
6.447000,-0.000165
6.448000,-0.000184
6.449000,-0.000153
6.450000,-0.000121
6.451000,-0.000175
6.452000,-0.000165
6.453000,-0.000124
6.454000,-0.000222
6.455000,-0.000093
6.456000,-0.000146
6.457000,-0.000153
6.458000,-0.000118
6.459000,-0.000134
6.460000,-0.000150
6.461000,-0.000165
6.462000,-0.000194
6.463000,-0.000150
6.464000,-0.000159
6.465000,-0.000229
6.466000,-0.000146
6.467000,-0.000124
6.468000,-0.000200
6.469000,-0.000159
6.470000,-0.000112
6.471000,-0.000178
6.472000,-0.000143
6.473000,-0.000146
6.474000,-0.000127
6.475000,-0.000096
6.476000,-0.000121
6.477000,-0.000187
6.478000,-0.000134
6.479000,-0.000150
6.480000,-0.000184
6.481000,-0.000146
6.482000,-0.000127
6.483000,-0.000150
6.484000,-0.000219
6.485000,-0.000131
6.486000,-0.000187
6.487000,-0.000134
6.488000,-0.000165
6.489000,-0.000165
6.490000,-0.000213
6.491000,-0.000143
6.492000,-0.000153
6.493000,-0.000159
6.494000,-0.000168
6.495000,-0.000143
6.496000,-0.000134
6.497000,-0.000159
6.498000,-0.000131
6.499000,-0.000162
6.500000,-0.000178
6.501000,-0.000156
6.502000,-0.000210
6.503000,-0.000165
6.504000,-0.000137
6.505000,-0.000137
6.506000,-0.000137
6.507000,-0.000156
6.508000,-0.000159
6.509000,-0.000159
6.510000,-0.000187
6.511000,-0.000134
6.512000,-0.000187
6.513000,-0.000112
6.514000,-0.000206
6.515000,-0.000070
6.516000,-0.000153
6.517000,-0.000172
6.518000,-0.000194
6.519000,-0.000121
6.520000,-0.000143
6.521000,-0.000197
6.522000,-0.000146
6.523000,-0.000165
6.524000,-0.000115
6.525000,-0.000137
6.526000,-0.000108
6.527000,-0.000178
6.528000,-0.000181
6.529000,-0.000181
6.530000,-0.000127
6.531000,-0.000165
6.532000,-0.000159
6.533000,-0.000143
6.534000,-0.000127
6.535000,-0.000112
6.536000,-0.000118
6.537000,-0.000162
6.538000,-0.000124
6.539000,-0.000165
6.540000,-0.000184
6.541000,-0.000181
6.542000,-0.000143
6.543000,-0.000146
6.544000,-0.000121
6.545000,-0.000064
6.546000,-0.000093
6.547000,-0.000045
6.548000,-0.000165
6.549000,-0.000115
6.550000,-0.000137
6.551000,-0.000168
6.552000,-0.000191
6.553000,-0.000187
6.554000,-0.000134
6.555000,-0.000140
6.556000,-0.000083
6.557000,-0.000150
6.558000,-0.000146
6.559000,-0.000162
6.560000,-0.000140
6.561000,-0.000143
6.562000,-0.000140
6.563000,-0.000121
6.564000,-0.000140
6.565000,-0.000172
6.566000,-0.000089
6.567000,-0.000165
6.568000,-0.000248
6.569000,-0.000216
6.570000,-0.000187
6.571000,-0.000181
6.572000,-0.000061
6.573000,-0.000181
6.574000,-0.000108
6.575000,-0.000153
6.576000,-0.000112
6.577000,-0.000206
6.578000,-0.000137
6.579000,-0.000159
6.580000,-0.000156
6.581000,-0.000134
6.582000,-0.000168
6.583000,-0.000165
6.584000,-0.000134
6.585000,-0.000146
6.586000,-0.000134
6.587000,-0.000200
6.588000,-0.000143
6.589000,-0.000184
6.590000,-0.000146
6.591000,-0.000146
6.592000,-0.000162
6.593000,-0.000093
6.594000,-0.000150
6.595000,-0.000153
6.596000,-0.000112
6.597000,-0.000143
6.598000,-0.000203
6.599000,-0.000121
6.600000,-0.000153
6.601000,-0.000099
6.602000,-0.000172
6.603000,-0.000153
6.604000,-0.000187
6.605000,-0.000146
6.606000,-0.000181
6.607000,-0.000150
6.608000,-0.000146
6.609000,-0.000153
6.610000,-0.000159
6.611000,-0.000175
6.612000,-0.000168
6.613000,-0.000187
6.614000,-0.000137
6.615000,-0.000156
6.616000,-0.000184
6.617000,-0.000162
6.618000,-0.000153
6.619000,-0.000127
6.620000,-0.000159
6.621000,-0.000134
6.622000,-0.000165
6.623000,-0.000235
6.624000,-0.000159
6.625000,-0.000150
6.626000,-0.000121
6.627000,-0.000131
6.628000,-0.000143
6.629000,-0.000127
6.630000,-0.000115
6.631000,-0.000150
6.632000,-0.000004
6.633000,-0.000165
6.634000,-0.000134
6.635000,-0.000134
6.636000,-0.000159
6.637000,-0.000175
6.638000,-0.000127
6.639000,-0.000150
6.640000,-0.000150
6.641000,-0.000112
6.642000,-0.000146
6.643000,-0.000175
6.644000,-0.000156
6.645000,-0.000162
6.646000,-0.000055
6.647000,-0.000159
6.648000,-0.000134
6.649000,-0.000150
6.650000,-0.000153
6.651000,-0.000172
6.652000,-0.000172
6.653000,-0.000178
6.654000,-0.000172
6.655000,-0.000159
6.656000,-0.000187
6.657000,-0.000172
6.658000,-0.000127
6.659000,-0.000206
6.660000,-0.000146
6.661000,-0.000153
6.662000,-0.000105
6.663000,-0.000162
6.664000,-0.000156
6.665000,-0.000203
6.666000,-0.000124
6.667000,-0.000175
6.668000,-0.000131
6.669000,-0.000150
6.670000,-0.000150
6.671000,-0.000197
6.672000,-0.000105
6.673000,-0.000150
6.674000,-0.000165
6.675000,-0.000187
6.676000,-0.000137
6.677000,-0.000178
6.678000,-0.000146
6.679000,-0.000150
6.680000,-0.000200
6.681000,-0.000178
6.682000,-0.000131
6.683000,-0.000181
6.684000,-0.000121
6.685000,-0.000229
6.686000,-0.000045
6.687000,-0.000184
6.688000,-0.000159
6.689000,-0.000184
6.690000,-0.000156
6.691000,-0.000150
6.692000,-0.000178
6.693000,-0.000089
6.694000,-0.000051
6.695000,-0.000146
6.696000,-0.000184
6.697000,-0.000162
6.698000,-0.000108
6.699000,-0.000178
6.700000,-0.000197
6.701000,-0.000159
6.702000,-0.000143
6.703000,-0.000134
6.704000,-0.000216
6.705000,-0.000159
6.706000,-0.000172
6.707000,-0.000137
6.708000,-0.000153
6.709000,-0.000134
6.710000,-0.000140
6.711000,-0.000191
6.712000,-0.000156
6.713000,-0.000156
6.714000,-0.000162
6.715000,-0.000172
6.716000,-0.000153
6.717000,-0.000181
6.718000,-0.000153
6.719000,-0.000213
6.720000,-0.000134
6.721000,-0.000172
6.722000,-0.000153
6.723000,-0.000216
6.724000,-0.000159
6.725000,-0.000143
6.726000,-0.000112
6.727000,-0.000168
6.728000,-0.000134
6.729000,-0.000168
6.730000,-0.000168
6.731000,-0.000156
6.732000,-0.000124
6.733000,-0.000181
6.734000,-0.000115
6.735000,-0.000162
6.736000,-0.000137
6.737000,-0.000143
6.738000,-0.000156
6.739000,-0.000203
6.740000,-0.000108
6.741000,-0.000172
6.742000,-0.000203
6.743000,-0.000150
6.744000,-0.000172
6.745000,-0.000178
6.746000,-0.000140
6.747000,-0.000194
6.748000,-0.000112
6.749000,-0.000168
6.750000,-0.000124
6.751000,-0.000175
6.752000,-0.000146
6.753000,-0.000140
6.754000,-0.000146
6.755000,-0.000168
6.756000,-0.000146
6.757000,-0.000181
6.758000,-0.000153
6.759000,-0.000153
6.760000,-0.000159
6.761000,-0.000064
6.762000,-0.000200
6.763000,-0.000172
6.764000,-0.000168
6.765000,-0.000200
6.766000,-0.000134
6.767000,-0.000105
6.768000,-0.000162
6.769000,-0.000162
6.770000,-0.000112
6.771000,-0.000131
6.772000,-0.000184
6.773000,-0.000127
6.774000,-0.000140
6.775000,-0.000159
6.776000,-0.000200
6.777000,-0.000127
6.778000,-0.000146
6.779000,-0.000187
6.780000,-0.000102
6.781000,-0.000216
6.782000,-0.000159
6.783000,-0.000146
6.784000,-0.000121
6.785000,-0.000194
6.786000,-0.000093
6.787000,-0.000178
6.788000,-0.000175
6.789000,-0.000159
6.790000,-0.000172
6.791000,-0.000178
6.792000,-0.000146
6.793000,-0.000159
6.794000,-0.000168
6.795000,-0.000146
6.796000,-0.000137
6.797000,-0.000099
6.798000,-0.000159
6.799000,-0.000134
6.800000,-0.000178
6.801000,-0.000146
6.802000,-0.000153
6.803000,-0.000162
6.804000,-0.000153
6.805000,-0.000210
6.806000,-0.000137
6.807000,-0.000143
6.808000,-0.000165
6.809000,-0.000165
6.810000,-0.000178
6.811000,-0.000150
6.812000,-0.000178
6.813000,-0.000089
6.814000,-0.000165
6.815000,-0.000131
6.816000,-0.000260
6.817000,-0.000168
6.818000,-0.000194
6.819000,-0.000127
6.820000,-0.000203
6.821000,-0.000115
6.822000,-0.000162
6.823000,-0.000213
6.824000,-0.000150
6.825000,-0.000108
6.826000,-0.000150
6.827000,-0.000143
6.828000,-0.000225
6.829000,-0.000181
6.830000,-0.000172
6.831000,-0.000165
6.832000,-0.000172
6.833000,-0.000153
6.834000,-0.000222
6.835000,-0.000159
6.836000,-0.000178
6.837000,-0.000184
6.838000,-0.000112
6.839000,-0.000187
6.840000,-0.000222
6.841000,-0.000146
6.842000,-0.000181
6.843000,-0.000086
6.844000,-0.000172
6.845000,-0.000089
6.846000,-0.000156
6.847000,-0.000115
6.848000,-0.000191
6.849000,-0.000156
6.850000,-0.000127
6.851000,-0.000118
6.852000,-0.000191
6.853000,-0.000112
6.854000,-0.000162
6.855000,-0.000140
6.856000,-0.000159
6.857000,-0.000112
6.858000,-0.000206
6.859000,-0.000178
6.860000,-0.000241
6.861000,-0.000165
6.862000,-0.000200
6.863000,-0.000254
6.864000,-0.000153
6.865000,-0.000137
6.866000,-0.000175
6.867000,-0.000042
6.868000,-0.000042
6.869000,-0.000165
6.870000,-0.000140
6.871000,-0.000137
6.872000,-0.000203
6.873000,-0.000105
6.874000,-0.000191
6.875000,-0.000127
6.876000,-0.000191
6.877000,-0.000153
6.878000,-0.000140
6.879000,-0.000191
6.880000,-0.000165
6.881000,-0.000153
6.882000,-0.000146
6.883000,-0.000150
6.884000,-0.000168
6.885000,-0.000061
6.886000,-0.000203
6.887000,-0.000118
6.888000,-0.000191
6.889000,-0.000140
6.890000,-0.000159
6.891000,-0.000137
6.892000,-0.000146
6.893000,-0.000175
6.894000,-0.000112
6.895000,-0.000184
6.896000,-0.000140
6.897000,-0.000197
6.898000,-0.000162
6.899000,-0.000178
6.900000,-0.000146
6.901000,-0.000175
6.902000,-0.000127
6.903000,-0.000181
6.904000,-0.000146
6.905000,-0.000187
6.906000,-0.000134
6.907000,-0.000184
6.908000,-0.000102
6.909000,-0.000172
6.910000,-0.000108
6.911000,-0.000191
6.912000,-0.000115
6.913000,-0.000121
6.914000,-0.000159
6.915000,-0.000134
6.916000,-0.000162
6.917000,-0.000153
6.918000,-0.000165
6.919000,-0.000051
6.920000,-0.000143
6.921000,-0.000143
6.922000,-0.000254
6.923000,-0.000070
6.924000,-0.000159
6.925000,-0.000143
6.926000,-0.000131
6.927000,-0.000112
6.928000,-0.000172
6.929000,-0.000112
6.930000,-0.000165
6.931000,-0.000140
6.932000,-0.000143
6.933000,-0.000115
6.934000,-0.000140
6.935000,-0.000150
6.936000,-0.000165
6.937000,-0.000146
6.938000,-0.000178
6.939000,-0.000168
6.940000,-0.000074
6.941000,-0.000137
6.942000,-0.000105
6.943000,-0.000162
6.944000,-0.000153
6.945000,-0.000146
6.946000,-0.000058
6.947000,-0.000168
6.948000,-0.000162
6.949000,-0.000118
6.950000,-0.000105
6.951000,-0.000168
6.952000,-0.000118
6.953000,-0.000055
6.954000,-0.000172
6.955000,-0.000134
6.956000,-0.000153
6.957000,-0.000178
6.958000,-0.000137
6.959000,-0.000194
6.960000,-0.000178
6.961000,-0.000140
6.962000,-0.000172
6.963000,-0.000127
6.964000,-0.000146
6.965000,-0.000150
6.966000,-0.000115
6.967000,-0.000140
6.968000,-0.000206
6.969000,-0.000127
6.970000,-0.000080
6.971000,-0.000165
6.972000,-0.000074
6.973000,-0.000168
6.974000,-0.000150
6.975000,-0.000159
6.976000,-0.000156
6.977000,-0.000159
6.978000,-0.000140
6.979000,-0.000162
6.980000,-0.000210
6.981000,-0.000172
6.982000,-0.000153
6.983000,-0.000172
6.984000,-0.000153
6.985000,-0.000070
6.986000,-0.000121
6.987000,-0.000156
6.988000,-0.000127
6.989000,-0.000175
6.990000,-0.000131
6.991000,-0.000241
6.992000,-0.000115
6.993000,-0.000153
6.994000,-0.000118
6.995000,-0.000159
6.996000,-0.000153
6.997000,-0.000153
6.998000,-0.000150
6.999000,-0.000127
7.000000,-0.000206
7.001000,-0.000115
7.002000,-0.000159
7.003000,-0.000137
7.004000,-0.000150
7.005000,-0.000146
7.006000,-0.000156
7.007000,-0.000178
7.008000,-0.000168
7.009000,-0.000229
7.010000,-0.000077
7.011000,-0.000108
7.012000,-0.000153
7.013000,-0.000172
7.014000,-0.000197
7.015000,-0.000153
7.016000,-0.000222
7.017000,-0.000184
7.018000,-0.000184
7.019000,-0.000165
7.020000,-0.000159
7.021000,-0.000178
7.022000,-0.000178
7.023000,-0.000172
7.024000,-0.000121
7.025000,-0.000191
7.026000,-0.000153
7.027000,-0.000140
7.028000,-0.000131
7.029000,-0.000153
7.030000,-0.000140
7.031000,-0.000108
7.032000,-0.000026
7.033000,-0.000162
7.034000,-0.000156
7.035000,-0.000146
7.036000,-0.000162
7.037000,-0.000143
7.038000,-0.000153
7.039000,-0.000134
7.040000,-0.000159
7.041000,-0.000172
7.042000,-0.000165
7.043000,-0.000143
7.044000,-0.000140
7.045000,-0.000184
7.046000,-0.000131
7.047000,-0.000146
7.048000,-0.000172
7.049000,-0.000096
7.050000,-0.000099
7.051000,-0.000178
7.052000,-0.000102
7.053000,-0.000134
7.054000,-0.000118
7.055000,-0.000112
7.056000,-0.000187
7.057000,-0.000210
7.058000,-0.000102
7.059000,-0.000194
7.060000,-0.000134
7.061000,-0.000127
7.062000,-0.000162
7.063000,-0.000191
7.064000,-0.000127
7.065000,-0.000257
7.066000,-0.000029
7.067000,-0.000118
7.068000,-0.000137
7.069000,-0.000159
7.070000,-0.000127
7.071000,-0.000191
7.072000,-0.000131
7.073000,-0.000187
7.074000,-0.000203
7.075000,-0.000162
7.076000,-0.000153
7.077000,-0.000197
7.078000,-0.000131
7.079000,-0.000216
7.080000,-0.000093
7.081000,-0.000194
7.082000,-0.000026
7.083000,-0.000150
7.084000,-0.000137
7.085000,-0.000140
7.086000,-0.000146
7.087000,-0.000153
7.088000,-0.000159
7.089000,-0.000159
7.090000,-0.000172
7.091000,-0.000134
7.092000,-0.000178
7.093000,-0.000134
7.094000,-0.000187
7.095000,-0.000127
7.096000,-0.000172
7.097000,-0.000146
7.098000,-0.000191
7.099000,-0.000159
7.100000,-0.000156
7.101000,-0.000146
7.102000,-0.000181
7.103000,-0.000156
7.104000,-0.000153
7.105000,-0.000146
7.106000,-0.000187
7.107000,-0.000099
7.108000,-0.000229
7.109000,-0.000083
7.110000,-0.000172
7.111000,-0.000105
7.112000,-0.000165
7.113000,-0.000162
7.114000,-0.000197
7.115000,-0.000121
7.116000,-0.000089
7.117000,-0.000168
7.118000,-0.000134
7.119000,-0.000235
7.120000,-0.000156
7.121000,-0.000172
7.122000,-0.000134
7.123000,-0.000181
7.124000,-0.000134
7.125000,-0.000159
7.126000,-0.000162
7.127000,-0.000131
7.128000,-0.000200
7.129000,-0.000146
7.130000,-0.000134
7.131000,-0.000159
7.132000,-0.000175
7.133000,-0.000159
7.134000,-0.000184
7.135000,-0.000197
7.136000,-0.000140
7.137000,-0.000194
7.138000,-0.000112
7.139000,-0.000168
7.140000,-0.000194
7.141000,-0.000127
7.142000,-0.000143
7.143000,-0.000184
7.144000,-0.000102
7.145000,-0.000162
7.146000,-0.000165
7.147000,-0.000143
7.148000,-0.000156
7.149000,-0.000162
7.150000,-0.000121
7.151000,-0.000210
7.152000,-0.000194
7.153000,-0.000175
7.154000,-0.000197
7.155000,-0.000165
7.156000,-0.000140
7.157000,-0.000165
7.158000,-0.000150
7.159000,-0.000124
7.160000,-0.000175
7.161000,-0.000127
7.162000,-0.000121
7.163000,-0.000178
7.164000,-0.000131
7.165000,-0.000203
7.166000,-0.000191
7.167000,-0.000143
7.168000,-0.000181
7.169000,-0.000194
7.170000,-0.000184
7.171000,-0.000187
7.172000,-0.000140
7.173000,-0.000191
7.174000,-0.000102
7.175000,-0.000222
7.176000,-0.000112
7.177000,-0.000146
7.178000,-0.000159
7.179000,-0.000191
7.180000,-0.000159
7.181000,-0.000143
7.182000,-0.000194
7.183000,-0.000099
7.184000,-0.000162
7.185000,-0.000178
7.186000,-0.000096
7.187000,-0.000137
7.188000,-0.000134
7.189000,-0.000175
7.190000,-0.000137
7.191000,-0.000165
7.192000,-0.000165
7.193000,-0.000083
7.194000,-0.000216
7.195000,-0.000118
7.196000,-0.000156
7.197000,-0.000124
7.198000,-0.000175
7.199000,-0.000150
7.200000,-0.000175
7.201000,-0.000156
7.202000,-0.000178
7.203000,-0.000118
7.204000,-0.000187
7.205000,-0.000146
7.206000,-0.000168
7.207000,-0.000184
7.208000,-0.000178
7.209000,-0.000023
7.210000,-0.000067
7.211000,-0.000159
7.212000,-0.000191
7.213000,-0.000108
7.214000,-0.000162
7.215000,-0.000124
7.216000,-0.000206
7.217000,-0.000146
7.218000,-0.000244
7.219000,-0.000115
7.220000,-0.000181
7.221000,-0.000153
7.222000,-0.000118
7.223000,-0.000197
7.224000,-0.000175
7.225000,-0.000203
7.226000,-0.000165
7.227000,-0.000178
7.228000,-0.000187
7.229000,-0.000156
7.230000,-0.000159
7.231000,-0.000159
7.232000,-0.000131
7.233000,-0.000162
7.234000,-0.000172
7.235000,-0.000137
7.236000,-0.000127
7.237000,-0.000140
7.238000,-0.000099
7.239000,-0.000159
7.240000,-0.000140
7.241000,-0.000140
7.242000,-0.000225
7.243000,-0.000178
7.244000,-0.000159
7.245000,-0.000178
7.246000,-0.000168
7.247000,-0.000175
7.248000,-0.000175
7.249000,-0.000178
7.250000,-0.000127
7.251000,-0.000061
7.252000,-0.000150
7.253000,-0.000099
7.254000,-0.000168
7.255000,-0.000118
7.256000,-0.000115
7.257000,-0.000127
7.258000,-0.000153
7.259000,-0.000168
7.260000,-0.000172
7.261000,-0.000134
7.262000,-0.000137
7.263000,-0.000140
7.264000,-0.000162
7.265000,-0.000115
7.266000,-0.000162
7.267000,-0.000150
7.268000,-0.000156
7.269000,-0.000112
7.270000,-0.000172
7.271000,-0.000146
7.272000,-0.000197
7.273000,-0.000121
7.274000,-0.000222
7.275000,-0.000108
7.276000,-0.000191
7.277000,-0.000168
7.278000,-0.000140
7.279000,-0.000146
7.280000,-0.000140
7.281000,-0.000168
7.282000,-0.000156
7.283000,-0.000191
7.284000,-0.000134
7.285000,-0.000153
7.286000,-0.000219
7.287000,-0.000146
7.288000,-0.000159
7.289000,-0.000178
7.290000,-0.000235
7.291000,-0.000162
7.292000,-0.000181
7.293000,-0.000045
7.294000,-0.000181
7.295000,-0.000200
7.296000,-0.000184
7.297000,-0.000210
7.298000,-0.000131
7.299000,-0.000162
7.300000,-0.000121
7.301000,-0.000203
7.302000,-0.000165
7.303000,-0.000159
7.304000,-0.000108
7.305000,-0.000206
7.306000,-0.000124
7.307000,-0.000197
7.308000,-0.000127
7.309000,-0.000191
7.310000,-0.000150
7.311000,-0.000181
7.312000,-0.000137
7.313000,-0.000197
7.314000,-0.000080
7.315000,-0.000187
7.316000,-0.000153
7.317000,-0.000140
7.318000,-0.000146
7.319000,-0.000191
7.320000,-0.000172
7.321000,-0.000134
7.322000,-0.000140
7.323000,-0.000134
7.324000,-0.000162
7.325000,-0.000184
7.326000,-0.000153
7.327000,-0.000150
7.328000,-0.000172
7.329000,-0.000134
7.330000,-0.000162
7.331000,-0.000105
7.332000,-0.000150
7.333000,-0.000172
7.334000,-0.000058
7.335000,-0.000083
7.336000,-0.000178
7.337000,-0.000102
7.338000,-0.000134
7.339000,-0.000143
7.340000,-0.000137
7.341000,-0.000159
7.342000,-0.000146
7.343000,-0.000048
7.344000,-0.000210
7.345000,-0.000162
7.346000,-0.000127
7.347000,-0.000172
7.348000,-0.000134
7.349000,-0.000162
7.350000,-0.000203
7.351000,-0.000168
7.352000,-0.000108
7.353000,-0.000143
7.354000,-0.000055
7.355000,-0.000140
7.356000,-0.000134
7.357000,-0.000134
7.358000,-0.000175
7.359000,-0.000178
7.360000,-0.000093
7.361000,-0.000168
7.362000,-0.000210
7.363000,-0.000162
7.364000,-0.000134
7.365000,-0.000165
7.366000,-0.000134
7.367000,-0.000105
7.368000,-0.000172
7.369000,-0.000153
7.370000,-0.000134
7.371000,-0.000134
7.372000,-0.000187
7.373000,-0.000083
7.374000,-0.000089
7.375000,-0.000146
7.376000,-0.000127
7.377000,-0.000102
7.378000,-0.000150
7.379000,-0.000181
7.380000,-0.000146
7.381000,-0.000159
7.382000,-0.000153
7.383000,-0.000210
7.384000,-0.000146
7.385000,-0.000159
7.386000,-0.000153
7.387000,-0.000194
7.388000,-0.000191
7.389000,-0.000197
7.390000,-0.000137
7.391000,-0.000156
7.392000,-0.000165
7.393000,-0.000165
7.394000,-0.000146
7.395000,-0.000153
7.396000,-0.000172
7.397000,-0.000162
7.398000,-0.000140
7.399000,-0.000178
7.400000,-0.000121
7.401000,-0.000162
7.402000,-0.000118
7.403000,-0.000197
7.404000,-0.000124
7.405000,-0.000191
7.406000,-0.000150
7.407000,-0.000184
7.408000,-0.000165
7.409000,-0.000168
7.410000,-0.000175
7.411000,-0.000219
7.412000,-0.000134
7.413000,-0.000143
7.414000,-0.000143
7.415000,-0.000146
7.416000,-0.000168
7.417000,-0.000115
7.418000,-0.000178
7.419000,-0.000159
7.420000,-0.000181
7.421000,-0.000127
7.422000,-0.000143
7.423000,-0.000178
7.424000,-0.000143
7.425000,-0.000146
7.426000,-0.000121
7.427000,-0.000102
7.428000,-0.000162
7.429000,-0.000184
7.430000,-0.000127
7.431000,-0.000181
7.432000,-0.000112
7.433000,-0.000178
7.434000,-0.000137
7.435000,-0.000184
7.436000,-0.000134
7.437000,-0.000146
7.438000,-0.000146
7.439000,-0.000165
7.440000,-0.000115
7.441000,-0.000172
7.442000,-0.000153
7.443000,-0.000210
7.444000,-0.000165
7.445000,-0.000200
7.446000,-0.000140
7.447000,-0.000219
7.448000,-0.000124
7.449000,-0.000159
7.450000,-0.000165
7.451000,-0.000137
7.452000,-0.000134
7.453000,-0.000219
7.454000,-0.000108
7.455000,-0.000172
7.456000,-0.000140
7.457000,-0.000178
7.458000,-0.000162
7.459000,-0.000194
7.460000,-0.000102
7.461000,-0.000229
7.462000,-0.000181
7.463000,-0.000178
7.464000,-0.000127
7.465000,-0.000165
7.466000,-0.000108
7.467000,-0.000197
7.468000,-0.000140
7.469000,-0.000178
7.470000,-0.000140
7.471000,-0.000213
7.472000,-0.000184
7.473000,-0.000127
7.474000,-0.000172
7.475000,-0.000146
7.476000,-0.000146
7.477000,-0.000153
7.478000,-0.000131
7.479000,-0.000162
7.480000,-0.000124
7.481000,-0.000184
7.482000,-0.000197
7.483000,-0.000165
7.484000,-0.000124
7.485000,-0.000181
7.486000,-0.000118
7.487000,-0.000146
7.488000,-0.000140
7.489000,-0.000156
7.490000,-0.000181
7.491000,-0.000162
7.492000,-0.000175
7.493000,-0.000203
7.494000,-0.000159
7.495000,-0.000168
7.496000,-0.000089
7.497000,-0.000168
7.498000,-0.000131
7.499000,-0.000058
