Time (s),AIN0-AIN1 (V)
0.000000,-0.001045
0.001000,-0.000413
0.002000,-0.000413
0.003000,-0.000096
0.004000,-0.000729
0.005000,-0.000096
0.006000,-0.000096
0.007000,-0.000096
0.008000,-0.000096
0.009000,0.000220
0.010000,-0.000096
0.011000,-0.000096
0.012000,0.000220
0.013000,0.000220
0.014000,-0.000729
0.015000,0.000220
0.016000,-0.000096
0.017000,-0.000096
0.018000,-0.000096
0.019000,-0.000096
0.020000,-0.000096
0.021000,-0.000413
0.022000,-0.000096
0.023000,-0.000413
0.024000,0.000220
0.025000,-0.000096
0.026000,-0.000096
0.027000,-0.000096
0.028000,-0.000096
0.029000,0.000220
0.030000,-0.000413
0.031000,-0.000096
0.032000,-0.000096
0.033000,-0.000096
0.034000,-0.000096
0.035000,-0.000729
0.036000,-0.000096
0.037000,-0.000096
0.038000,-0.000096
0.039000,-0.000096
0.040000,-0.000096
0.041000,-0.000096
0.042000,0.000220
0.043000,-0.000096
0.044000,-0.000413
0.045000,-0.000729
0.046000,-0.000413
0.047000,-0.000413
0.048000,0.000536
0.049000,-0.000413
0.050000,-0.000096
0.051000,-0.000096
0.052000,0.000220
0.053000,-0.000096
0.054000,-0.000413
0.055000,0.000220
0.056000,-0.000096
0.057000,-0.000096
0.058000,-0.000096
0.059000,-0.000096
0.060000,-0.000413
0.061000,-0.000413
0.062000,0.000220
0.063000,-0.000096
0.064000,-0.000729
0.065000,-0.000096
0.066000,-0.000413
0.067000,-0.000096
0.068000,-0.000096
0.069000,-0.000096
0.070000,-0.000096
0.071000,0.000220
0.072000,-0.000096
0.073000,0.000220
0.074000,-0.000096
0.075000,-0.000096
0.076000,-0.000413
0.077000,-0.000096
0.078000,-0.000096
0.079000,-0.000096
0.080000,-0.000413
0.081000,-0.000413
0.082000,-0.000096
0.083000,-0.000096
0.084000,-0.000096
0.085000,-0.000096
0.086000,-0.000096
0.087000,-0.000096
0.088000,-0.000413
0.089000,-0.000096
0.090000,-0.000096
0.091000,-0.000096
0.092000,-0.000413
0.093000,-0.000096
0.094000,-0.000413
0.095000,-0.000096
0.096000,-0.000096
0.097000,-0.000413
0.098000,-0.000096
0.099000,-0.000729
0.100000,-0.000096
0.101000,-0.000096
0.102000,-0.000413
0.103000,-0.000413
0.104000,-0.000413
0.105000,-0.000413
0.106000,-0.000096
0.107000,-0.000096
0.108000,-0.000413
0.109000,0.000220
0.110000,-0.000413
0.111000,-0.000096
0.112000,-0.000096
0.113000,-0.000096
0.114000,-0.000096
0.115000,-0.000413
0.116000,-0.000096
0.117000,-0.000096
0.118000,-0.000096
0.119000,-0.000096
0.120000,-0.000096
0.121000,-0.000096
0.122000,-0.000413
0.123000,-0.000413
0.124000,-0.000413
0.125000,-0.000096
0.126000,-0.000096
0.127000,0.000220
0.128000,-0.000096
0.129000,-0.000096
0.130000,-0.000096
0.131000,-0.000096
0.132000,-0.000096
0.133000,-0.000096
0.134000,-0.000096
0.135000,-0.000096
0.136000,0.000220
0.137000,-0.000096
0.138000,0.000220
0.139000,-0.000096
0.140000,-0.000096
0.141000,-0.000413
0.142000,-0.000096
0.143000,-0.000096
0.144000,-0.000096
0.145000,-0.000096
0.146000,-0.000096
0.147000,-0.000096
0.148000,-0.000096
0.149000,-0.000413
0.150000,-0.000096
0.151000,-0.000096
0.152000,-0.000096
0.153000,0.000220
0.154000,-0.000096
0.155000,-0.000096
0.156000,-0.000096
0.157000,-0.000413
0.158000,-0.000413
0.159000,-0.000096
0.160000,-0.000096
0.161000,-0.000413
0.162000,-0.000413
0.163000,-0.000096
0.164000,0.000220
0.165000,0.000220
0.166000,-0.000413
0.167000,0.000220
0.168000,-0.000729
0.169000,-0.000096
0.170000,-0.000096
0.171000,-0.000413
0.172000,-0.000096
0.173000,-0.000096
0.174000,-0.000096
0.175000,-0.000096
0.176000,-0.000096
0.177000,0.000536
0.178000,-0.000096
0.179000,-0.000413
0.180000,-0.000096
0.181000,-0.000096
0.182000,-0.000096
0.183000,-0.000096
0.184000,-0.000413
0.185000,0.000536
0.186000,0.000220
0.187000,-0.000413
0.188000,-0.000413
0.189000,-0.000096
0.190000,-0.000096
0.191000,-0.000096
0.192000,-0.000096
0.193000,-0.000413
0.194000,-0.000729
0.195000,-0.000096
0.196000,-0.000096
0.197000,-0.000413
0.198000,0.000220
0.199000,-0.000096
0.200000,-0.000096
0.201000,0.000220
0.202000,-0.000096
0.203000,-0.000413
0.204000,-0.000096
0.205000,-0.000413
0.206000,-0.000096
0.207000,-0.000413
0.208000,-0.000096
0.209000,0.000220
0.210000,-0.000096
0.211000,-0.000413
0.212000,0.000220
0.213000,-0.000096
0.214000,-0.000096
0.215000,-0.000413
0.216000,-0.000096
0.217000,-0.000413
0.218000,-0.000096
0.219000,-0.000096
0.220000,-0.000096
0.221000,-0.000729
0.222000,-0.000096
0.223000,-0.000096
0.224000,0.000220
0.225000,0.000220
0.226000,-0.000413
0.227000,-0.000096
0.228000,-0.000096
0.229000,-0.000413
0.230000,-0.000413
0.231000,0.000220
0.232000,-0.000413
0.233000,-0.000096
0.234000,-0.000096
0.235000,-0.000096
0.236000,-0.000413
0.237000,-0.000096
0.238000,-0.000413
0.239000,-0.000413
0.240000,-0.000096
0.241000,-0.000413
0.242000,-0.000729
0.243000,-0.000413
0.244000,-0.000413
0.245000,-0.000096
0.246000,-0.000096
0.247000,-0.000096
0.248000,-0.000096
0.249000,-0.000096
0.250000,-0.000096
0.251000,-0.000096
0.252000,-0.000096
0.253000,-0.000096
0.254000,-0.000096
0.255000,-0.000096
0.256000,-0.000413
0.257000,-0.000096
0.258000,-0.000096
0.259000,-0.000729
0.260000,-0.000413
0.261000,-0.000413
0.262000,-0.000413
0.263000,-0.000096
0.264000,-0.000096
0.265000,-0.000413
0.266000,-0.000413
0.267000,-0.000413
0.268000,-0.000096
0.269000,-0.000096
0.270000,-0.000096
0.271000,-0.000096
0.272000,-0.000096
0.273000,0.000220
0.274000,-0.000096
0.275000,-0.000729
0.276000,-0.000096
0.277000,-0.000096
0.278000,-0.000096
0.279000,-0.000096
0.280000,-0.000096
0.281000,-0.000096
0.282000,-0.000096
0.283000,-0.000096
0.284000,0.000220
0.285000,-0.000096
0.286000,-0.000096
0.287000,-0.000096
0.288000,-0.000096
0.289000,-0.000413
0.290000,-0.000096
0.291000,-0.000096
0.292000,-0.000096
0.293000,-0.000096
0.294000,-0.000413
0.295000,-0.000413
0.296000,-0.000096
0.297000,-0.000413
0.298000,-0.000096
0.299000,-0.000096
0.300000,-0.000096
0.301000,-0.000096
0.302000,-0.000096
0.303000,-0.000096
0.304000,-0.000413
0.305000,-0.000413
0.306000,-0.000096
0.307000,-0.000096
0.308000,-0.000413
0.309000,-0.000096
0.310000,-0.000096
0.311000,-0.000413
0.312000,-0.000096
0.313000,-0.000096
0.314000,-0.000096
0.315000,-0.000729
0.316000,-0.000413
0.317000,-0.000413
0.318000,-0.000413
0.319000,-0.000096
0.320000,-0.000096
0.321000,-0.000096
0.322000,-0.000096
0.323000,-0.000096
0.324000,-0.000096
0.325000,0.000220
0.326000,-0.000413
0.327000,-0.000096
0.328000,-0.000096
0.329000,-0.000729
0.330000,-0.000413
0.331000,-0.000096
0.332000,-0.000096
0.333000,0.000220
0.334000,-0.000096
0.335000,-0.000096
0.336000,-0.000096
0.337000,-0.000096
0.338000,-0.000413
0.339000,-0.000096
0.340000,-0.000413
0.341000,-0.000096
0.342000,-0.000413
0.343000,-0.000096
0.344000,-0.000413
0.345000,-0.000413
0.346000,0.000220
0.347000,-0.000096
0.348000,-0.000413
0.349000,-0.000413
0.350000,-0.000096
0.351000,-0.000096
0.352000,-0.000096
0.353000,-0.000413
0.354000,0.000220
0.355000,-0.000096
0.356000,-0.000413
0.357000,-0.000096
0.358000,-0.000096
0.359000,-0.000096
0.360000,-0.000096
0.361000,-0.000729
0.362000,-0.000096
0.363000,0.000220
0.364000,-0.000413
0.365000,-0.000096
0.366000,-0.000413
0.367000,-0.000096
0.368000,-0.000413
0.369000,-0.000096
0.370000,-0.000413
0.371000,-0.000413
0.372000,-0.000096
0.373000,-0.000413
0.374000,0.000220
0.375000,-0.000096
0.376000,-0.000413
0.377000,-0.000413
0.378000,-0.000096
0.379000,-0.000096
0.380000,-0.000096
0.381000,-0.000096
0.382000,-0.000096
0.383000,-0.000413
0.384000,-0.000413
0.385000,-0.000413
0.386000,-0.000096
0.387000,-0.000413
0.388000,-0.000096
0.389000,-0.000096
0.390000,-0.000096
0.391000,-0.000096
0.392000,-0.000413
0.393000,-0.000413
0.394000,-0.000096
0.395000,-0.000096
0.396000,-0.000413
0.397000,-0.000096
0.398000,-0.000413
0.399000,-0.000096
0.400000,-0.000096
0.401000,-0.000096
0.402000,-0.000096
0.403000,-0.000096
0.404000,0.000220
0.405000,-0.000096
0.406000,-0.000413
0.407000,0.000220
0.408000,-0.000096
0.409000,0.000536
0.410000,-0.000096
0.411000,-0.000096
0.412000,-0.000096
0.413000,0.000220
0.414000,0.000220
0.415000,-0.000413
0.416000,-0.000413
0.417000,-0.000096
0.418000,-0.000096
0.419000,-0.000096
0.420000,-0.000096
0.421000,-0.000096
0.422000,0.000220
0.423000,-0.000096
0.424000,-0.000729
0.425000,-0.000413
0.426000,-0.000729
0.427000,-0.000096
0.428000,-0.000096
0.429000,-0.000096
0.430000,-0.000096
0.431000,-0.000096
0.432000,-0.000096
0.433000,0.000220
0.434000,-0.000096
0.435000,-0.000096
0.436000,-0.000413
0.437000,-0.000096
0.438000,-0.000096
0.439000,-0.000413
0.440000,0.000536
0.441000,-0.000729
0.442000,0.000220
0.443000,-0.000096
0.444000,-0.000413
0.445000,-0.000096
0.446000,-0.000096
0.447000,-0.000096
0.448000,-0.000096
0.449000,-0.000096
0.450000,-0.000413
0.451000,-0.000096
0.452000,-0.000096
0.453000,-0.000096
0.454000,-0.000413
0.455000,-0.000096
0.456000,-0.000413
0.457000,-0.000096
0.458000,-0.000096
0.459000,-0.000096
0.460000,-0.000413
0.461000,-0.000096
0.462000,-0.000096
0.463000,-0.000096
0.464000,-0.000096
0.465000,-0.000096
0.466000,-0.000096
0.467000,-0.000096
0.468000,-0.000096
0.469000,-0.000096
0.470000,-0.000413
0.471000,-0.000096
0.472000,-0.000729
0.473000,-0.000413
0.474000,-0.000096
0.475000,-0.000413
0.476000,0.000220
0.477000,-0.000096
0.478000,-0.000096
0.479000,-0.000096
0.480000,0.000220
0.481000,-0.000096
0.482000,-0.000096
0.483000,-0.000413
0.484000,0.000220
0.485000,-0.000096
0.486000,-0.000096
0.487000,-0.000729
0.488000,-0.000096
0.489000,-0.000096
0.490000,-0.000413
0.491000,-0.000096
0.492000,0.000220
0.493000,-0.000413
0.494000,-0.000096
0.495000,-0.000096
0.496000,-0.000413
0.497000,-0.000729
0.498000,-0.000096
0.499000,0.000220
0.500000,-0.000096
0.501000,-0.000096
0.502000,0.000220
0.503000,-0.000413
0.504000,-0.000413
0.505000,-0.000096
0.506000,-0.000096
0.507000,-0.000413
0.508000,-0.000096
0.509000,-0.000413
0.510000,0.000220
0.511000,-0.000729
0.512000,-0.000413
0.513000,-0.000413
0.514000,-0.000413
0.515000,-0.000096
0.516000,-0.000096
0.517000,-0.000096
0.518000,-0.000096
0.519000,-0.000096
0.520000,-0.000096
0.521000,-0.000096
0.522000,-0.000413
0.523000,-0.000096
0.524000,-0.000096
0.525000,-0.000096
0.526000,-0.000413
0.527000,-0.000413
0.528000,0.000220
0.529000,-0.000096
0.530000,-0.000096
0.531000,-0.000413
0.532000,-0.000096
0.533000,-0.000096
0.534000,0.000220
0.535000,-0.000096
0.536000,-0.000413
0.537000,-0.000413
0.538000,-0.000096
0.539000,0.000220
0.540000,-0.000096
0.541000,-0.000096
0.542000,-0.000096
0.543000,-0.000096
0.544000,-0.000096
0.545000,-0.000096
0.546000,-0.000096
0.547000,-0.000096
0.548000,-0.000096
0.549000,-0.000096
0.550000,-0.000096
0.551000,-0.000096
0.552000,-0.000413
0.553000,-0.000413
0.554000,-0.000096
0.555000,0.000220
0.556000,-0.000413
0.557000,-0.000729
0.558000,-0.000096
0.559000,-0.000413
0.560000,-0.000096
0.561000,-0.000413
0.562000,-0.000096
0.563000,-0.000413
0.564000,-0.000096
0.565000,0.000220
0.566000,-0.000413
0.567000,-0.000096
0.568000,-0.000413
0.569000,0.000220
0.570000,-0.000096
0.571000,-0.000413
0.572000,-0.000096
0.573000,-0.000413
0.574000,-0.000413
0.575000,-0.000413
0.576000,-0.000096
0.577000,0.000220
0.578000,-0.000096
0.579000,-0.000096
0.580000,-0.000729
0.581000,-0.000413
0.582000,-0.000413
0.583000,-0.000096
0.584000,-0.000413
0.585000,-0.000096
0.586000,-0.000096
0.587000,-0.000413
0.588000,-0.000096
0.589000,0.000220
0.590000,-0.000413
0.591000,-0.000729
0.592000,-0.000729
0.593000,-0.000096
0.594000,-0.000096
0.595000,-0.000413
0.596000,-0.000096
0.597000,-0.000096
0.598000,-0.000096
0.599000,-0.000096
0.600000,-0.000729
0.601000,0.000220
0.602000,-0.000096
0.603000,-0.000729
0.604000,-0.000413
0.605000,-0.000096
0.606000,0.000220
0.607000,-0.000096
0.608000,-0.000096
0.609000,-0.000096
0.610000,-0.000096
0.611000,-0.000096
0.612000,-0.000096
0.613000,0.000220
0.614000,-0.000096
0.615000,-0.000729
0.616000,0.000220
0.617000,0.000220
0.618000,0.000220
0.619000,-0.000413
0.620000,-0.000096
0.621000,0.000220
0.622000,-0.000096
0.623000,-0.000096
0.624000,-0.000413
0.625000,-0.000096
0.626000,-0.000096
0.627000,-0.000413
0.628000,-0.000413
0.629000,-0.000096
0.630000,-0.000096
0.631000,-0.000413
0.632000,-0.000096
0.633000,-0.000413
0.634000,-0.000096
0.635000,-0.000413
0.636000,-0.000413
0.637000,-0.000413
0.638000,0.000220
0.639000,-0.000413
0.640000,-0.000096
0.641000,-0.000096
0.642000,-0.000096
0.643000,0.000220
0.644000,-0.000096
0.645000,-0.000729
0.646000,-0.000096
0.647000,-0.000413
0.648000,-0.000096
0.649000,-0.000096
0.650000,-0.000729
0.651000,-0.000096
0.652000,-0.000413
0.653000,-0.000413
0.654000,-0.000096
0.655000,-0.000413
0.656000,-0.000096
0.657000,-0.000096
0.658000,-0.000413
0.659000,-0.000413
0.660000,-0.000413
0.661000,-0.000096
0.662000,-0.000096
0.663000,-0.000096
0.664000,0.000220
0.665000,-0.000413
0.666000,-0.000413
0.667000,-0.000096
0.668000,-0.000096
0.669000,-0.000096
0.670000,-0.000096
0.671000,-0.000729
0.672000,0.000220
0.673000,-0.000096
0.674000,-0.000096
0.675000,-0.000096
0.676000,-0.000413
0.677000,-0.000096
0.678000,-0.000096
0.679000,0.000220
0.680000,-0.000413
0.681000,-0.000413
0.682000,-0.000096
0.683000,-0.000096
0.684000,-0.000096
0.685000,-0.000413
0.686000,-0.000096
0.687000,-0.000729
0.688000,-0.000413
0.689000,-0.000413
0.690000,-0.000096
0.691000,-0.000096
0.692000,-0.000096
0.693000,-0.000096
0.694000,-0.000413
0.695000,-0.000413
0.696000,-0.000413
0.697000,-0.000096
0.698000,-0.000096
0.699000,-0.000096
0.700000,-0.000096
0.701000,-0.000096
0.702000,-0.000729
0.703000,-0.000413
0.704000,-0.000413
0.705000,-0.000096
0.706000,0.000220
0.707000,-0.000096
0.708000,-0.000096
0.709000,-0.000413
0.710000,-0.000096
0.711000,-0.000096
0.712000,0.000220
0.713000,-0.000729
0.714000,-0.000096
0.715000,-0.000413
0.716000,-0.000096
0.717000,0.000220
0.718000,-0.000729
0.719000,-0.000096
0.720000,-0.000096
0.721000,-0.000096
0.722000,-0.000096
0.723000,-0.000096
0.724000,-0.000096
0.725000,-0.000096
0.726000,0.000220
0.727000,-0.000096
0.728000,-0.000096
0.729000,-0.000413
0.730000,0.000220
0.731000,0.000536
0.732000,-0.000096
0.733000,0.000220
0.734000,0.000220
0.735000,-0.000413
0.736000,-0.000096
0.737000,-0.000413
0.738000,-0.000096
0.739000,-0.000729
0.740000,-0.000096
0.741000,-0.000096
0.742000,-0.000413
0.743000,-0.000096
0.744000,-0.000096
0.745000,0.000220
0.746000,0.000220
0.747000,-0.000413
0.748000,-0.000413
0.749000,-0.000413
0.750000,-0.000096
0.751000,-0.000413
0.752000,-0.000096
0.753000,-0.000096
0.754000,-0.000096
0.755000,-0.000413
0.756000,-0.000096
0.757000,-0.000096
0.758000,-0.000413
0.759000,-0.000096
0.760000,-0.000096
0.761000,-0.000413
0.762000,-0.000413
0.763000,-0.000096
0.764000,0.000536
0.765000,-0.000413
0.766000,-0.000096
0.767000,-0.000413
0.768000,-0.000413
0.769000,-0.000096
0.770000,-0.000096
0.771000,-0.000413
0.772000,-0.000096
0.773000,-0.000096
0.774000,0.000220
0.775000,-0.000096
0.776000,-0.000729
0.777000,-0.000096
0.778000,-0.000096
0.779000,-0.000096
0.780000,-0.000413
0.781000,-0.000729
0.782000,-0.000413
0.783000,-0.000096
0.784000,-0.000096
0.785000,-0.000413
0.786000,-0.000413
0.787000,-0.000413
0.788000,-0.000096
0.789000,-0.000096
0.790000,-0.000096
0.791000,-0.000413
0.792000,-0.000413
0.793000,-0.000413
0.794000,-0.000096
0.795000,-0.000096
0.796000,-0.000096
0.797000,-0.000096
0.798000,-0.000096
0.799000,-0.000096
0.800000,-0.000413
0.801000,0.000220
0.802000,-0.000413
0.803000,-0.000096
0.804000,-0.000096
0.805000,-0.000413
0.806000,-0.000413
0.807000,-0.000096
0.808000,-0.000096
0.809000,-0.000096
0.810000,0.000220
0.811000,-0.000096
0.812000,-0.000096
0.813000,-0.000096
0.814000,-0.000096
0.815000,-0.000096
0.816000,0.000220
0.817000,-0.000413
0.818000,-0.000096
0.819000,-0.000413
0.820000,-0.000096
0.821000,-0.000096
0.822000,-0.000096
0.823000,-0.000096
0.824000,-0.000413
0.825000,-0.000096
0.826000,-0.000096
0.827000,-0.000413
0.828000,-0.000096
0.829000,-0.000413
0.830000,-0.000096
0.831000,0.000220
0.832000,-0.000413
0.833000,0.000220
0.834000,-0.000729
0.835000,-0.000096
0.836000,0.000220
0.837000,-0.000096
0.838000,-0.000413
0.839000,-0.000096
0.840000,0.000536
0.841000,-0.000413
0.842000,-0.000413
0.843000,-0.000096
0.844000,-0.000096
0.845000,-0.000729
0.846000,-0.000096
0.847000,-0.000413
0.848000,-0.000413
0.849000,-0.000096
0.850000,0.000220
0.851000,-0.000096
0.852000,0.000220
0.853000,-0.000413
0.854000,-0.000413
0.855000,-0.000096
0.856000,-0.000096
0.857000,-0.000096
0.858000,-0.000096
0.859000,-0.000096
0.860000,-0.000413
0.861000,-0.000413
0.862000,-0.000729
0.863000,-0.000096
0.864000,-0.000096
0.865000,-0.000413
0.866000,-0.000096
0.867000,-0.000413
0.868000,-0.000096
0.869000,-0.000096
0.870000,-0.000413
0.871000,-0.000413
0.872000,-0.000413
0.873000,-0.000413
0.874000,-0.000096
0.875000,-0.000413
0.876000,-0.000096
0.877000,-0.000096
0.878000,-0.000413
0.879000,-0.000096
0.880000,-0.000413
0.881000,-0.000096
0.882000,-0.000096
0.883000,-0.000096
0.884000,-0.000413
0.885000,-0.000413
0.886000,-0.000413
0.887000,-0.000096
0.888000,-0.000096
0.889000,0.000220
0.890000,-0.000413
0.891000,-0.000413
0.892000,-0.000096
0.893000,-0.000729
0.894000,-0.000413
0.895000,-0.000729
0.896000,-0.000096
0.897000,-0.000096
0.898000,-0.000096
0.899000,-0.000096
0.900000,-0.000096
0.901000,-0.000096
0.902000,-0.000096
0.903000,0.000220
0.904000,-0.000096
0.905000,-0.000413
0.906000,-0.000096
0.907000,-0.000096
0.908000,-0.000413
0.909000,-0.000096
0.910000,-0.000096
0.911000,-0.000096
0.912000,-0.000096
0.913000,-0.000096
0.914000,-0.000096
0.915000,-0.000096
0.916000,-0.000413
0.917000,-0.000096
0.918000,-0.000413
0.919000,-0.000729
0.920000,-0.000096
0.921000,0.000220
0.922000,-0.000096
0.923000,-0.000096
0.924000,-0.000096
0.925000,-0.000729
0.926000,-0.000413
0.927000,0.000220
0.928000,-0.000096
0.929000,0.000220
0.930000,-0.000413
0.931000,-0.000413
0.932000,0.000220
0.933000,-0.000413
0.934000,0.000220
0.935000,-0.000413
0.936000,-0.000096
0.937000,-0.000096
0.938000,-0.000413
0.939000,-0.000413
0.940000,0.000220
0.941000,-0.000413
0.942000,-0.000413
0.943000,-0.000096
0.944000,-0.000413
0.945000,-0.000096
0.946000,-0.000096
0.947000,-0.000096
0.948000,-0.000096
0.949000,-0.000413
0.950000,-0.000096
0.951000,-0.000096
0.952000,-0.000096
0.953000,-0.000413
0.954000,0.000536
0.955000,-0.000096
0.956000,-0.000413
0.957000,-0.000413
0.958000,0.000220
0.959000,-0.000096
0.960000,-0.000413
0.961000,0.000220
0.962000,-0.000413
0.963000,-0.000413
0.964000,-0.000413
0.965000,-0.000413
0.966000,-0.000096
0.967000,-0.000096
0.968000,-0.000096
0.969000,-0.000096
0.970000,-0.000096
0.971000,-0.000096
0.972000,-0.000413
0.973000,-0.000096
0.974000,-0.000096
0.975000,-0.000413
0.976000,-0.000413
0.977000,0.000220
0.978000,-0.000096
0.979000,-0.000413
0.980000,0.000220
0.981000,-0.000413
0.982000,-0.000096
0.983000,-0.000096
0.984000,-0.000096
0.985000,-0.000096
0.986000,-0.000729
0.987000,-0.000096
0.988000,-0.000096
0.989000,-0.000413
0.990000,-0.000096
0.991000,-0.000096
0.992000,-0.000413
0.993000,-0.000096
0.994000,-0.000096
0.995000,-0.000096
0.996000,-0.000096
0.997000,-0.000096
0.998000,-0.000096
0.999000,-0.000413
1.000000,-0.000096
1.001000,-0.000096
1.002000,-0.000096
1.003000,-0.000096
1.004000,0.000220
1.005000,-0.000096
1.006000,-0.000096
1.007000,-0.000096
1.008000,-0.000413
1.009000,-0.000096
1.010000,-0.000096
1.011000,-0.000413
1.012000,-0.000096
1.013000,-0.000413
1.014000,-0.000413
1.015000,-0.000096
1.016000,-0.000096
1.017000,-0.000413
1.018000,-0.000096
1.019000,-0.000413
1.020000,-0.000096
1.021000,-0.000096
1.022000,-0.000413
1.023000,-0.000413
1.024000,-0.000096
1.025000,-0.000413
1.026000,-0.000096
1.027000,-0.000096
1.028000,-0.000096
1.029000,-0.000413
1.030000,-0.000096
1.031000,-0.000096
1.032000,-0.000096
1.033000,-0.000096
1.034000,-0.000096
1.035000,-0.000729
1.036000,-0.000413
1.037000,-0.000096
1.038000,-0.000413
1.039000,-0.000413
1.040000,-0.000096
1.041000,-0.000096
1.042000,0.000220
1.043000,-0.000413
1.044000,-0.000729
1.045000,-0.000413
1.046000,-0.000096
1.047000,-0.000096
1.048000,-0.000096
1.049000,-0.000096
1.050000,-0.000413
1.051000,-0.000096
1.052000,-0.000413
1.053000,-0.000096
1.054000,-0.000096
1.055000,-0.000413
1.056000,-0.000096
1.057000,-0.000096
1.058000,-0.000096
1.059000,-0.000413
1.060000,-0.000096
1.061000,-0.000413
1.062000,-0.000729
1.063000,0.000220
1.064000,-0.000096
1.065000,-0.000096
1.066000,-0.000096
1.067000,-0.000096
1.068000,-0.000096
1.069000,-0.000413
1.070000,-0.000096
1.071000,-0.000096
1.072000,0.000536
1.073000,-0.000096
1.074000,-0.000413
1.075000,-0.000413
1.076000,-0.000413
1.077000,-0.000413
1.078000,-0.000413
1.079000,-0.000413
1.080000,-0.000413
1.081000,-0.000413
1.082000,-0.000413
1.083000,-0.000729
1.084000,-0.000096
1.085000,-0.000729
1.086000,-0.000096
1.087000,-0.000096
1.088000,-0.000096
1.089000,-0.000096
1.090000,-0.000096
1.091000,-0.000096
1.092000,-0.000096
1.093000,-0.000096
1.094000,-0.000413
1.095000,-0.000096
1.096000,-0.000096
1.097000,-0.000096
1.098000,-0.000096
1.099000,-0.000096
1.100000,-0.000096
1.101000,0.000220
1.102000,-0.000096
1.103000,-0.000096
1.104000,-0.000096
1.105000,-0.000096
1.106000,-0.000413
1.107000,-0.000096
1.108000,-0.000096
1.109000,-0.000096
1.110000,-0.000096
1.111000,-0.000096
1.112000,-0.000413
1.113000,-0.000096
1.114000,-0.000096
1.115000,-0.000096
1.116000,-0.000413
1.117000,-0.000096
1.118000,-0.000096
1.119000,-0.000413
1.120000,-0.000096
1.121000,-0.000729
1.122000,0.000220
1.123000,-0.000096
1.124000,-0.000096
1.125000,-0.000096
1.126000,-0.000096
1.127000,-0.000096
1.128000,-0.000096
1.129000,-0.000413
1.130000,-0.000413
1.131000,-0.000413
1.132000,-0.000413
1.133000,-0.000096
1.134000,-0.000096
1.135000,-0.000413
1.136000,-0.000096
1.137000,-0.000096
1.138000,-0.000096
1.139000,-0.000096
1.140000,-0.000096
1.141000,-0.000413
1.142000,-0.000096
1.143000,-0.000096
1.144000,-0.000096
1.145000,-0.000096
1.146000,-0.000096
1.147000,-0.000413
1.148000,-0.000413
1.149000,0.000220
1.150000,-0.000413
1.151000,-0.000413
1.152000,-0.000413
1.153000,-0.000413
1.154000,-0.000096
1.155000,-0.000413
1.156000,-0.000096
1.157000,-0.000096
1.158000,-0.000096
1.159000,-0.000096
1.160000,-0.000096
1.161000,-0.000096
1.162000,-0.000413
1.163000,-0.000096
1.164000,-0.000413
1.165000,-0.000096
1.166000,-0.000096
1.167000,-0.000096
1.168000,-0.000096
1.169000,-0.000096
1.170000,-0.000413
1.171000,-0.000413
1.172000,-0.000729
1.173000,-0.001045
1.174000,-0.000729
1.175000,-0.000096
1.176000,-0.000096
1.177000,-0.000096
1.178000,-0.000096
1.179000,-0.000413
1.180000,-0.000413
1.181000,-0.000413
1.182000,-0.000096
1.183000,-0.000096
1.184000,0.000220
1.185000,-0.000096
1.186000,-0.000096
1.187000,-0.000096
1.188000,0.000220
1.189000,-0.000096
1.190000,-0.000096
1.191000,-0.000413
1.192000,-0.000413
1.193000,-0.000096
1.194000,-0.000413
1.195000,-0.000096
1.196000,0.000220
1.197000,-0.000729
1.198000,-0.000096
1.199000,-0.000096
1.200000,-0.000096
1.201000,-0.000096
1.202000,-0.000413
1.203000,-0.000096
1.204000,-0.000413
1.205000,-0.000413
1.206000,-0.000096
1.207000,-0.000096
1.208000,-0.000096
1.209000,-0.000096
1.210000,-0.000096
1.211000,-0.000413
1.212000,-0.000096
1.213000,-0.000096
1.214000,-0.000413
1.215000,-0.000096
1.216000,-0.000096
1.217000,0.000220
1.218000,-0.000096
1.219000,-0.000096
1.220000,-0.000729
1.221000,-0.000096
1.222000,-0.000413
1.223000,-0.000413
1.224000,-0.000096
1.225000,-0.000729
1.226000,-0.000096
1.227000,-0.000413
1.228000,-0.000096
1.229000,-0.000096
1.230000,-0.000096
1.231000,-0.000096
1.232000,-0.000413
1.233000,-0.000413
1.234000,-0.000096
1.235000,-0.000096
1.236000,-0.000413
1.237000,-0.000096
1.238000,-0.000413
1.239000,-0.000096
1.240000,-0.000729
1.241000,-0.000413
1.242000,-0.000096
1.243000,-0.000413
1.244000,-0.000096
1.245000,-0.000096
1.246000,-0.000413
1.247000,-0.000096
1.248000,0.000220
1.249000,-0.000729
1.250000,-0.000096
1.251000,-0.000413
1.252000,-0.000096
1.253000,-0.000096
1.254000,-0.000413
1.255000,-0.000413
1.256000,-0.000413
1.257000,-0.000096
1.258000,-0.000096
1.259000,-0.000096
1.260000,-0.000096
1.261000,0.000220
1.262000,-0.000096
1.263000,-0.000096
1.264000,-0.000413
1.265000,-0.000096
1.266000,-0.000096
1.267000,-0.000096
1.268000,-0.000413
1.269000,0.000220
1.270000,-0.000096
1.271000,-0.000413
1.272000,-0.000096
1.273000,-0.000096
1.274000,-0.000729
1.275000,-0.000096
1.276000,-0.000096
1.277000,0.000220
1.278000,-0.000413
1.279000,0.000220
1.280000,-0.000413
1.281000,0.000220
1.282000,-0.000413
1.283000,-0.000413
1.284000,-0.000096
1.285000,-0.000413
1.286000,-0.000096
1.287000,-0.000096
1.288000,-0.000413
1.289000,-0.000096
1.290000,0.000220
1.291000,-0.000096
1.292000,-0.000729
1.293000,-0.000413
1.294000,-0.000413
1.295000,-0.000096
1.296000,-0.000413
1.297000,-0.000096
1.298000,-0.000096
1.299000,0.000220
1.300000,-0.000413
1.301000,-0.000096
1.302000,-0.000413
1.303000,-0.000096
1.304000,0.000220
1.305000,-0.000413
1.306000,-0.000096
1.307000,-0.000096
1.308000,-0.000729
1.309000,-0.000729
1.310000,-0.000096
1.311000,-0.000413
1.312000,-0.000413
1.313000,-0.000413
1.314000,-0.000096
1.315000,-0.000096
1.316000,-0.000096
1.317000,-0.000096
1.318000,-0.000096
1.319000,-0.000096
1.320000,-0.000413
1.321000,-0.000096
1.322000,-0.000096
1.323000,-0.000096
1.324000,-0.000413
1.325000,-0.000096
1.326000,-0.000413
1.327000,0.000220
1.328000,0.000220
1.329000,-0.000413
1.330000,-0.000413
1.331000,-0.000096
1.332000,-0.000096
1.333000,-0.000413
1.334000,-0.000413
1.335000,-0.000096
1.336000,-0.000413
1.337000,-0.000729
1.338000,0.000220
1.339000,-0.000096
1.340000,-0.000096
1.341000,-0.000096
1.342000,-0.000096
1.343000,-0.000096
1.344000,-0.000729
1.345000,-0.000413
1.346000,-0.000413
1.347000,-0.000413
1.348000,-0.000096
1.349000,-0.000096
1.350000,0.000220
1.351000,-0.000096
1.352000,0.000220
1.353000,-0.000729
1.354000,0.000220
1.355000,-0.000096
1.356000,-0.000413
1.357000,-0.000096
1.358000,-0.000096
1.359000,0.000220
1.360000,-0.000096
1.361000,-0.000096
1.362000,-0.000096
1.363000,-0.000413
1.364000,-0.000096
1.365000,-0.000413
1.366000,-0.000096
1.367000,-0.000096
1.368000,-0.000096
1.369000,-0.000413
1.370000,-0.000096
1.371000,-0.000413
1.372000,-0.000413
1.373000,-0.000096
1.374000,-0.001045
1.375000,-0.000096
1.376000,-0.000096
1.377000,-0.000096
1.378000,-0.000096
1.379000,-0.000413
1.380000,-0.000096
1.381000,-0.000729
1.382000,0.000536
1.383000,-0.000096
1.384000,-0.000413
1.385000,-0.000096
1.386000,-0.000096
1.387000,-0.000096
1.388000,-0.000413
1.389000,-0.000096
1.390000,-0.000413
1.391000,-0.000096
1.392000,-0.000413
1.393000,-0.000096
1.394000,-0.000413
1.395000,-0.000096
1.396000,-0.000729
1.397000,-0.000096
1.398000,-0.000096
1.399000,-0.000096
1.400000,-0.000729
1.401000,-0.000096
1.402000,-0.000096
1.403000,-0.000729
1.404000,-0.000096
1.405000,0.000220
1.406000,-0.000413
1.407000,-0.000096
1.408000,-0.000413
1.409000,-0.000096
1.410000,-0.000096
1.411000,-0.000413
1.412000,-0.000413
1.413000,0.000220
1.414000,-0.000413
1.415000,0.000220
1.416000,-0.000096
1.417000,-0.000096
1.418000,0.000220
1.419000,-0.000413
1.420000,-0.000096
1.421000,-0.000413
1.422000,-0.000413
1.423000,-0.000096
1.424000,-0.000096
1.425000,-0.000096
1.426000,-0.000413
1.427000,-0.000096
1.428000,-0.000413
1.429000,-0.000096
1.430000,-0.000413
1.431000,-0.000096
1.432000,-0.000096
1.433000,-0.000096
1.434000,-0.000096
1.435000,-0.000413
1.436000,-0.000413
1.437000,0.000220
1.438000,-0.000096
1.439000,-0.000729
1.440000,-0.000413
1.441000,-0.000096
1.442000,-0.000413
1.443000,0.000220
1.444000,-0.000413
1.445000,-0.000729
1.446000,-0.000413
1.447000,-0.000413
1.448000,-0.000096
1.449000,-0.000729
1.450000,-0.000096
1.451000,-0.000096
1.452000,-0.000413
1.453000,-0.000096
1.454000,-0.000096
1.455000,-0.000096
1.456000,-0.000096
1.457000,-0.000413
1.458000,-0.000096
1.459000,-0.000096
1.460000,-0.000413
1.461000,-0.000096
1.462000,-0.000096
1.463000,0.000220
1.464000,-0.000413
1.465000,-0.000413
1.466000,-0.000413
1.467000,0.000220
1.468000,-0.000413
1.469000,0.000220
1.470000,-0.000096
1.471000,-0.000413
1.472000,-0.000096
1.473000,-0.000096
1.474000,-0.000413
1.475000,0.000220
1.476000,-0.000096
1.477000,-0.000096
1.478000,-0.000729
1.479000,-0.000413
1.480000,-0.000096
1.481000,-0.000096
1.482000,0.000220
1.483000,-0.000096
1.484000,-0.000413
1.485000,-0.000096
1.486000,-0.000096
1.487000,-0.000096
1.488000,-0.000413
1.489000,-0.000096
1.490000,-0.000096
1.491000,-0.000096
1.492000,-0.000096
1.493000,-0.000096
1.494000,-0.000413
1.495000,-0.000096
1.496000,0.000220
1.497000,-0.000413
1.498000,-0.000096
1.499000,-0.000096
1.500000,-0.000413
1.501000,-0.000096
1.502000,0.000220
1.503000,-0.000096
1.504000,-0.000413
1.505000,0.000220
1.506000,-0.000096
1.507000,-0.000096
1.508000,-0.000096
1.509000,-0.000096
1.510000,-0.000096
1.511000,-0.000096
1.512000,0.000220
1.513000,-0.000413
1.514000,0.000220
1.515000,-0.000729
1.516000,-0.000413
1.517000,-0.000413
1.518000,-0.000413
1.519000,-0.000413
1.520000,-0.000413
1.521000,-0.000729
1.522000,-0.000413
1.523000,-0.000413
1.524000,-0.000096
1.525000,-0.000729
1.526000,-0.000096
1.527000,-0.000413
1.528000,-0.000413
1.529000,-0.000096
1.530000,-0.000096
1.531000,-0.000096
1.532000,0.000220
1.533000,-0.000096
1.534000,-0.000413
1.535000,0.000220
1.536000,-0.000729
1.537000,-0.000413
1.538000,-0.000096
1.539000,-0.000413
1.540000,-0.000413
1.541000,-0.000729
1.542000,-0.000096
1.543000,-0.000096
1.544000,-0.000413
1.545000,-0.000096
1.546000,-0.000096
1.547000,-0.000413
1.548000,-0.000096
1.549000,-0.000096
1.550000,-0.000413
1.551000,0.000220
1.552000,-0.000096
1.553000,-0.000096
1.554000,-0.000096
1.555000,-0.000413
1.556000,-0.000096
1.557000,-0.000096
1.558000,-0.000096
1.559000,-0.000096
1.560000,-0.000096
1.561000,-0.000413
1.562000,-0.000096
1.563000,-0.000413
1.564000,-0.000096
1.565000,-0.000096
1.566000,-0.000096
1.567000,-0.000413
1.568000,-0.000096
1.569000,-0.000413
1.570000,-0.000413
1.571000,0.000220
1.572000,0.000220
1.573000,-0.000413
1.574000,-0.000413
1.575000,0.000220
1.576000,0.000220
1.577000,0.000220
1.578000,-0.000729
1.579000,-0.000413
1.580000,0.000536
1.581000,-0.000096
1.582000,-0.000413
1.583000,-0.000096
1.584000,-0.000729
1.585000,-0.000413
1.586000,-0.000413
1.587000,-0.000096
1.588000,-0.000096
1.589000,0.000220
1.590000,-0.000096
1.591000,-0.000096
1.592000,-0.000096
1.593000,-0.000096
1.594000,-0.000096
1.595000,0.000220
1.596000,-0.000413
1.597000,-0.000096
1.598000,-0.000413
1.599000,-0.000096
1.600000,-0.000096
1.601000,-0.000096
1.602000,-0.000096
1.603000,-0.000413
1.604000,-0.000096
1.605000,-0.000096
1.606000,-0.000096
1.607000,-0.000413
1.608000,-0.000096
1.609000,-0.000413
1.610000,-0.000096
1.611000,-0.000413
1.612000,-0.000096
1.613000,-0.000096
1.614000,-0.000096
1.615000,-0.000096
1.616000,-0.000096
1.617000,0.000220
1.618000,-0.000096
1.619000,-0.000096
1.620000,-0.000729
1.621000,-0.000729
1.622000,-0.000413
1.623000,-0.000096
1.624000,-0.000096
1.625000,-0.000096
1.626000,-0.000096
1.627000,-0.000413
1.628000,-0.000096
1.629000,-0.000096
1.630000,-0.000413
1.631000,-0.000413
1.632000,0.000220
1.633000,-0.000096
1.634000,-0.000096
1.635000,-0.000096
1.636000,-0.000096
1.637000,-0.000729
1.638000,-0.000729
1.639000,-0.000413
1.640000,-0.000413
1.641000,-0.000096
1.642000,-0.000096
1.643000,-0.000096
1.644000,-0.000096
1.645000,-0.000096
1.646000,-0.000096
1.647000,-0.000729
1.648000,-0.000413
1.649000,-0.000413
1.650000,0.000220
1.651000,0.000220
1.652000,-0.000413
1.653000,-0.000096
1.654000,-0.000096
1.655000,-0.000413
1.656000,-0.000096
1.657000,0.000220
1.658000,-0.000413
1.659000,-0.000096
1.660000,-0.000096
1.661000,0.000220
1.662000,-0.000096
1.663000,-0.000413
1.664000,-0.000729
1.665000,-0.000413
1.666000,-0.000096
1.667000,-0.000096
1.668000,-0.000096
1.669000,-0.000729
1.670000,-0.000413
1.671000,0.000220
1.672000,-0.000096
1.673000,-0.000096
1.674000,-0.000096
1.675000,-0.000096
1.676000,-0.000729
1.677000,-0.000096
1.678000,0.000220
1.679000,-0.000096
1.680000,0.000220
1.681000,-0.000413
1.682000,-0.000413
1.683000,-0.000413
1.684000,-0.000096
1.685000,0.000220
1.686000,-0.000413
1.687000,-0.000096
1.688000,-0.000096
1.689000,-0.000096
1.690000,-0.000096
1.691000,-0.000413
1.692000,-0.000096
1.693000,-0.000096
1.694000,-0.000096
1.695000,-0.000096
1.696000,-0.000729
1.697000,-0.000413
1.698000,-0.000413
1.699000,-0.000413
1.700000,-0.000413
1.701000,-0.000413
1.702000,-0.000096
1.703000,0.000220
1.704000,-0.000096
1.705000,-0.000096
1.706000,0.000220
1.707000,-0.000096
1.708000,-0.000096
1.709000,-0.000413
1.710000,-0.000096
1.711000,-0.000096
1.712000,-0.000096
1.713000,-0.000413
1.714000,-0.000096
1.715000,-0.000096
1.716000,-0.000413
1.717000,-0.000096
1.718000,-0.000096
1.719000,-0.000096
1.720000,-0.000413
1.721000,-0.000096
1.722000,-0.000096
1.723000,-0.000413
1.724000,-0.000096
1.725000,0.000220
1.726000,-0.000413
1.727000,-0.000413
1.728000,-0.000413
1.729000,-0.000096
1.730000,-0.000729
1.731000,-0.000096
1.732000,-0.000096
1.733000,-0.000096
1.734000,-0.000096
1.735000,-0.000413
1.736000,-0.000413
1.737000,-0.000096
1.738000,-0.000413
1.739000,-0.000096
1.740000,-0.000096
1.741000,-0.000729
1.742000,-0.000413
1.743000,-0.000096
1.744000,-0.000096
1.745000,-0.000413
1.746000,-0.000096
1.747000,-0.000096
1.748000,-0.000413
1.749000,-0.000413
1.750000,-0.000096
1.751000,-0.000096
1.752000,-0.000413
1.753000,-0.000096
1.754000,-0.000096
1.755000,-0.000413
1.756000,-0.000096
1.757000,-0.000413
1.758000,-0.000096
1.759000,-0.000096
1.760000,-0.000096
1.761000,0.000220
1.762000,-0.000413
1.763000,-0.000413
1.764000,-0.000413
1.765000,-0.000096
1.766000,-0.000413
1.767000,-0.000096
1.768000,-0.000096
1.769000,-0.000096
1.770000,-0.000096
1.771000,-0.000413
1.772000,-0.000096
1.773000,0.000220
1.774000,-0.000413
1.775000,-0.000096
1.776000,-0.000096
1.777000,-0.000413
1.778000,-0.000096
1.779000,0.000220
1.780000,-0.000413
1.781000,-0.000413
1.782000,-0.000096
1.783000,-0.000096
1.784000,-0.000096
1.785000,-0.000413
1.786000,-0.000096
1.787000,-0.000096
1.788000,-0.000729
1.789000,-0.000096
1.790000,-0.000413
1.791000,-0.000096
1.792000,-0.000096
1.793000,-0.000413
1.794000,-0.000729
1.795000,-0.000729
1.796000,-0.000096
1.797000,0.000220
1.798000,-0.000413
1.799000,-0.000096
1.800000,-0.000096
1.801000,-0.000096
1.802000,-0.000413
1.803000,-0.000729
1.804000,-0.000096
1.805000,-0.000096
1.806000,-0.000096
1.807000,-0.000096
1.808000,-0.000096
1.809000,-0.000413
1.810000,-0.000096
1.811000,-0.000096
1.812000,-0.000096
1.813000,0.000220
1.814000,-0.000096
1.815000,-0.000096
1.816000,-0.000413
1.817000,-0.000096
1.818000,0.000220
1.819000,-0.000096
1.820000,-0.000413
1.821000,-0.000096
1.822000,-0.000413
1.823000,-0.000413
1.824000,-0.000096
1.825000,-0.000096
1.826000,-0.000096
1.827000,-0.000413
1.828000,-0.000413
1.829000,-0.000413
1.830000,-0.000096
1.831000,-0.000096
1.832000,-0.000096
1.833000,-0.000413
1.834000,-0.000096
1.835000,-0.000096
1.836000,0.000220
1.837000,-0.000413
1.838000,-0.000096
1.839000,-0.000096
1.840000,-0.000413
1.841000,-0.000096
1.842000,-0.000729
1.843000,-0.000413
1.844000,-0.000096
1.845000,-0.000729
1.846000,-0.000096
1.847000,0.000220
1.848000,-0.000096
1.849000,-0.000096
1.850000,-0.000096
1.851000,-0.000096
1.852000,-0.000413
1.853000,-0.000096
1.854000,-0.000096
1.855000,-0.000096
1.856000,0.000220
1.857000,-0.000096
1.858000,-0.000096
1.859000,-0.000413
1.860000,-0.000413
1.861000,-0.000096
1.862000,-0.000096
1.863000,-0.000413
1.864000,-0.000413
1.865000,-0.000096
1.866000,0.000220
1.867000,-0.000096
1.868000,-0.000729
1.869000,-0.000413
1.870000,-0.000413
1.871000,-0.000096
1.872000,-0.000413
1.873000,-0.000096
1.874000,-0.000096
1.875000,-0.000096
1.876000,-0.000096
1.877000,-0.000096
1.878000,-0.000413
1.879000,-0.000096
1.880000,-0.000096
1.881000,-0.000413
1.882000,-0.000413
1.883000,-0.000096
1.884000,0.000220
1.885000,-0.000413
1.886000,-0.000096
1.887000,-0.000096
1.888000,-0.000413
1.889000,-0.000096
1.890000,-0.000096
1.891000,-0.000096
1.892000,-0.000413
1.893000,-0.000729
1.894000,-0.000413
1.895000,-0.000096
1.896000,-0.000096
1.897000,-0.000729
1.898000,-0.000413
1.899000,-0.000096
1.900000,-0.000413
1.901000,-0.000096
1.902000,-0.000096
1.903000,-0.000096
1.904000,-0.000096
1.905000,-0.000096
1.906000,-0.000413
1.907000,-0.000096
1.908000,-0.000413
1.909000,-0.000096
1.910000,-0.000096
1.911000,-0.000096
1.912000,-0.000096
1.913000,-0.000096
1.914000,-0.000096
1.915000,0.000220
1.916000,-0.000096
1.917000,-0.000413
1.918000,0.000220
1.919000,-0.000096
1.920000,-0.000096
1.921000,-0.000096
1.922000,-0.000096
1.923000,-0.000096
1.924000,-0.000096
1.925000,-0.000413
1.926000,-0.000413
1.927000,0.000220
1.928000,-0.000096
1.929000,-0.000096
1.930000,-0.000413
1.931000,-0.000096
1.932000,-0.000096
1.933000,-0.000096
1.934000,0.000220
1.935000,-0.000096
1.936000,0.000220
1.937000,-0.000096
1.938000,0.000220
1.939000,-0.000096
1.940000,-0.000729
1.941000,-0.000096
1.942000,0.000220
1.943000,-0.000413
1.944000,0.000220
1.945000,0.000220
1.946000,0.000220
1.947000,0.000220
1.948000,-0.000413
1.949000,0.000220
1.950000,-0.000729
1.951000,-0.000096
1.952000,-0.000413
1.953000,-0.000413
1.954000,-0.000413
1.955000,-0.000096
1.956000,-0.000096
1.957000,-0.000413
1.958000,-0.000413
1.959000,-0.000096
1.960000,-0.000729
1.961000,-0.000096
1.962000,-0.000096
1.963000,-0.000096
1.964000,-0.000729
1.965000,-0.000096
1.966000,-0.000096
1.967000,-0.000096
1.968000,-0.000096
1.969000,-0.000096
1.970000,0.000536
1.971000,0.000220
1.972000,-0.000096
1.973000,-0.000413
1.974000,-0.000413
1.975000,-0.000413
1.976000,-0.000096
1.977000,-0.000413
1.978000,-0.000729
1.979000,-0.000096
1.980000,-0.000413
1.981000,-0.000413
1.982000,-0.000096
1.983000,-0.000413
1.984000,0.000220
1.985000,0.000220
1.986000,-0.000413
1.987000,-0.000096
1.988000,-0.000413
1.989000,-0.000096
1.990000,-0.000096
1.991000,-0.000413
1.992000,-0.000096
1.993000,-0.000096
1.994000,-0.000096
1.995000,-0.000096
1.996000,-0.000096
1.997000,-0.000096
1.998000,-0.000413
1.999000,-0.000096
2.000000,-0.000096
2.001000,-0.000096
2.002000,-0.000096
2.003000,-0.000413
2.004000,-0.000096
2.005000,-0.000096
2.006000,-0.000413
2.007000,-0.000096
2.008000,-0.000413
2.009000,-0.000096
2.010000,-0.000413
2.011000,-0.000096
2.012000,-0.000096
2.013000,-0.000413
2.014000,-0.000096
2.015000,-0.000096
2.016000,-0.000096
2.017000,-0.000096
2.018000,0.000220
2.019000,-0.000096
2.020000,-0.000413
2.021000,-0.000096
2.022000,-0.000096
2.023000,-0.000096
2.024000,-0.000096
2.025000,-0.000096
2.026000,-0.000096
2.027000,-0.000096
2.028000,-0.000096
2.029000,0.000220
2.030000,-0.000413
2.031000,-0.000413
2.032000,0.000220
2.033000,-0.000096
2.034000,-0.000413
2.035000,-0.000413
2.036000,-0.000096
2.037000,-0.000096
2.038000,-0.000413
2.039000,-0.000096
2.040000,-0.000096
2.041000,-0.000413
2.042000,-0.000096
2.043000,-0.000096
2.044000,-0.000096
2.045000,-0.000096
2.046000,-0.000413
2.047000,-0.000096
2.048000,-0.000413
2.049000,-0.000413
2.050000,-0.000413
2.051000,-0.000729
2.052000,-0.000096
2.053000,-0.000413
2.054000,-0.000729
2.055000,-0.000096
2.056000,0.000220
2.057000,-0.000413
2.058000,0.000220
2.059000,-0.000096
2.060000,-0.000096
2.061000,-0.000096
2.062000,-0.000413
2.063000,-0.000096
2.064000,-0.000413
2.065000,-0.000096
2.066000,-0.000729
2.067000,-0.000096
2.068000,-0.000096
2.069000,-0.000413
2.070000,-0.000096
2.071000,-0.000096
2.072000,-0.000413
2.073000,-0.000096
2.074000,-0.000096
2.075000,-0.000096
2.076000,-0.000096
2.077000,-0.000413
2.078000,-0.000413
2.079000,-0.000413
2.080000,-0.000096
2.081000,-0.000096
2.082000,-0.000413
2.083000,-0.000413
2.084000,-0.000413
2.085000,-0.000729
2.086000,-0.000096
2.087000,-0.000096
2.088000,-0.000096
2.089000,-0.000413
2.090000,-0.000413
2.091000,-0.000096
2.092000,-0.000413
2.093000,-0.000096
2.094000,-0.000413
2.095000,-0.000413
2.096000,-0.000096
2.097000,-0.000413
2.098000,-0.000413
2.099000,-0.000413
2.100000,-0.000096
2.101000,-0.000413
2.102000,-0.000096
2.103000,-0.000096
2.104000,-0.000413
2.105000,-0.000096
2.106000,-0.000096
2.107000,-0.000096
2.108000,-0.000413
2.109000,-0.000096
2.110000,-0.000096
2.111000,-0.000096
2.112000,-0.000096
2.113000,0.000220
2.114000,-0.000096
2.115000,-0.000413
2.116000,-0.000413
2.117000,-0.000096
2.118000,-0.000096
2.119000,-0.000096
2.120000,-0.000096
2.121000,0.000220
2.122000,-0.000096
2.123000,-0.000096
2.124000,-0.000096
2.125000,-0.000096
2.126000,-0.000413
2.127000,-0.000413
2.128000,-0.000413
2.129000,-0.000413
2.130000,-0.000096
2.131000,-0.000413
2.132000,-0.000413
2.133000,-0.000413
2.134000,-0.000096
2.135000,-0.000096
2.136000,-0.000413
2.137000,-0.000096
2.138000,-0.000096
2.139000,-0.000413
2.140000,-0.000413
2.141000,0.000536
2.142000,-0.000413
2.143000,-0.000413
2.144000,-0.000413
2.145000,-0.000413
2.146000,-0.000096
2.147000,-0.000096
2.148000,-0.000413
2.149000,-0.000096
2.150000,0.000220
2.151000,-0.000729
2.152000,-0.000096
2.153000,-0.000096
2.154000,-0.000413
2.155000,-0.000096
2.156000,-0.000096
2.157000,-0.000096
2.158000,-0.000096
2.159000,-0.000096
2.160000,-0.000096
2.161000,-0.000096
2.162000,-0.000096
2.163000,-0.000413
2.164000,-0.000096
2.165000,-0.000096
2.166000,-0.000096
2.167000,-0.000413
2.168000,-0.000413
2.169000,0.000220
2.170000,-0.000096
2.171000,0.000220
2.172000,-0.000096
2.173000,-0.000729
2.174000,-0.000096
2.175000,-0.000096
2.176000,-0.000096
2.177000,-0.000096
2.178000,-0.000096
2.179000,-0.000413
2.180000,-0.000413
2.181000,-0.000096
2.182000,-0.000096
2.183000,-0.000096
2.184000,-0.000413
2.185000,-0.000096
2.186000,-0.000413
2.187000,-0.000096
2.188000,-0.000096
2.189000,-0.000096
2.190000,0.000220
2.191000,-0.000413
2.192000,-0.000413
2.193000,-0.000413
2.194000,0.000220
2.195000,-0.000096
2.196000,-0.000096
2.197000,-0.000413
2.198000,-0.000096
2.199000,-0.000096
2.200000,-0.000096
2.201000,0.000220
2.202000,-0.000413
2.203000,-0.000096
2.204000,-0.000413
2.205000,-0.000096
2.206000,-0.000096
2.207000,-0.000413
2.208000,-0.000413
2.209000,-0.000096
2.210000,0.000220
2.211000,-0.000096
2.212000,0.000220
2.213000,-0.000413
2.214000,-0.000413
2.215000,0.000536
2.216000,0.000220
2.217000,-0.000096
2.218000,-0.000096
2.219000,0.000220
2.220000,-0.000096
2.221000,-0.000413
2.222000,-0.000096
2.223000,-0.000729
2.224000,-0.000096
2.225000,-0.000096
2.226000,-0.000413
2.227000,-0.000096
2.228000,-0.000096
2.229000,-0.000413
2.230000,-0.000413
2.231000,-0.000413
2.232000,-0.000096
2.233000,-0.000096
2.234000,-0.000729
2.235000,-0.000729
2.236000,-0.000096
2.237000,-0.000413
2.238000,-0.000096
2.239000,-0.000096
2.240000,-0.000096
2.241000,-0.000413
2.242000,-0.000096
2.243000,-0.000729
2.244000,-0.000096
2.245000,0.000220
2.246000,-0.000096
2.247000,-0.000096
2.248000,-0.000413
2.249000,0.000220
2.250000,-0.000096
2.251000,-0.000096
2.252000,0.000220
2.253000,-0.000413
2.254000,-0.000413
2.255000,0.000220
2.256000,-0.000413
2.257000,-0.000096
2.258000,-0.000413
2.259000,-0.000729
2.260000,-0.000096
2.261000,-0.000413
2.262000,-0.000096
2.263000,-0.000096
2.264000,-0.000729
2.265000,-0.000413
2.266000,-0.000096
2.267000,-0.000096
2.268000,-0.000096
2.269000,-0.000729
2.270000,-0.000096
2.271000,-0.000413
2.272000,-0.000096
2.273000,-0.000096
2.274000,-0.000096
2.275000,-0.000096
2.276000,-0.000413
2.277000,-0.000413
2.278000,-0.000096
2.279000,-0.000413
2.280000,-0.000096
2.281000,-0.000096
2.282000,-0.000096
2.283000,0.000220
2.284000,-0.000096
2.285000,-0.000096
2.286000,-0.000413
2.287000,0.000220
2.288000,-0.000096
2.289000,-0.000096
2.290000,-0.000096
2.291000,-0.000729
2.292000,-0.000096
2.293000,-0.000413
2.294000,-0.000096
2.295000,-0.000096
2.296000,-0.000413
2.297000,-0.000096
2.298000,-0.000096
2.299000,-0.000413
2.300000,-0.000413
2.301000,-0.000413
2.302000,-0.000729
2.303000,-0.000413
2.304000,-0.000096
2.305000,-0.000096
2.306000,0.000220
2.307000,-0.000729
2.308000,-0.000096
2.309000,-0.000096
2.310000,-0.000096
2.311000,-0.000413
2.312000,-0.000096
2.313000,-0.000096
2.314000,-0.000096
2.315000,-0.000413
2.316000,-0.000096
2.317000,-0.000096
2.318000,-0.000413
2.319000,-0.000096
2.320000,-0.000096
2.321000,0.000536
2.322000,-0.000096
2.323000,0.000220
2.324000,-0.000096
2.325000,-0.000096
2.326000,0.000220
2.327000,-0.000096
2.328000,-0.000096
2.329000,-0.000096
2.330000,-0.000096
2.331000,-0.000096
2.332000,-0.000729
2.333000,-0.000096
2.334000,-0.000413
2.335000,-0.000413
2.336000,-0.000096
2.337000,-0.000096
2.338000,-0.000413
2.339000,-0.000096
2.340000,-0.000413
2.341000,-0.000096
2.342000,-0.000096
2.343000,-0.000413
2.344000,-0.000096
2.345000,-0.000413
2.346000,-0.000413
2.347000,-0.000413
2.348000,-0.000096
2.349000,-0.000413
2.350000,-0.000413
2.351000,-0.000096
2.352000,-0.000413
2.353000,-0.000413
2.354000,-0.000096
2.355000,-0.000413
2.356000,-0.000096
2.357000,-0.000096
2.358000,-0.000096
2.359000,-0.000096
2.360000,-0.000096
2.361000,-0.000096
2.362000,0.000220
2.363000,-0.000096
2.364000,-0.000096
2.365000,-0.000096
2.366000,-0.000413
2.367000,-0.000096
2.368000,-0.000413
2.369000,-0.000729
2.370000,-0.000096
2.371000,-0.000096
2.372000,-0.000096
2.373000,-0.000096
2.374000,-0.000096
2.375000,-0.000096
2.376000,-0.000096
2.377000,-0.000096
2.378000,-0.000096
2.379000,-0.000096
2.380000,-0.000096
2.381000,-0.000413
2.382000,-0.000096
2.383000,0.000220
2.384000,-0.000413
2.385000,-0.000096
2.386000,-0.000413
2.387000,-0.000413
2.388000,-0.000413
2.389000,-0.000096
2.390000,-0.000096
2.391000,-0.000096
2.392000,-0.000413
2.393000,-0.000413
2.394000,-0.000413
2.395000,-0.000413
2.396000,-0.000096
2.397000,-0.000096
2.398000,-0.000096
2.399000,-0.000413
2.400000,0.000220
2.401000,-0.000096
2.402000,-0.000729
2.403000,-0.000729
2.404000,-0.000096
2.405000,-0.000413
2.406000,-0.000413
2.407000,-0.000096
2.408000,-0.000413
2.409000,-0.000413
2.410000,-0.000096
2.411000,-0.000413
2.412000,-0.000096
2.413000,-0.000096
2.414000,-0.000096
2.415000,-0.000096
2.416000,-0.000096
2.417000,-0.000096
2.418000,-0.000413
2.419000,-0.000413
2.420000,-0.000096
2.421000,-0.000096
2.422000,0.000220
2.423000,-0.000413
2.424000,-0.000096
2.425000,0.000220
2.426000,-0.000413
2.427000,-0.000096
2.428000,-0.000413
2.429000,-0.000413
2.430000,-0.000096
2.431000,-0.000096
2.432000,-0.000413
2.433000,-0.000413
2.434000,-0.000729
2.435000,-0.000096
2.436000,-0.000096
2.437000,-0.000413
2.438000,-0.000096
2.439000,0.000220
2.440000,-0.000096
2.441000,-0.000413
2.442000,-0.000413
2.443000,-0.000096
2.444000,0.000220
2.445000,-0.000096
2.446000,-0.000413
2.447000,-0.000096
2.448000,-0.000096
2.449000,-0.000096
2.450000,-0.000413
2.451000,-0.000096
2.452000,-0.000096
2.453000,-0.000413
2.454000,-0.000096
2.455000,-0.000413
2.456000,-0.000096
2.457000,-0.000096
2.458000,-0.000096
2.459000,-0.000413
2.460000,-0.000413
2.461000,-0.000096
2.462000,-0.000096
2.463000,-0.000096
2.464000,-0.000096
2.465000,-0.000413
2.466000,-0.000096
2.467000,-0.000096
2.468000,-0.000413
2.469000,-0.000096
2.470000,-0.000096
2.471000,-0.000413
2.472000,-0.000413
2.473000,-0.000413
2.474000,-0.000413
2.475000,0.000220
2.476000,-0.000413
2.477000,-0.000413
2.478000,-0.000096
2.479000,-0.000096
2.480000,-0.000413
2.481000,-0.000413
2.482000,-0.000413
2.483000,-0.000096
2.484000,-0.000096
2.485000,-0.000096
2.486000,-0.000413
2.487000,-0.000413
2.488000,-0.000413
2.489000,-0.000096
2.490000,-0.000729
2.491000,0.000220
2.492000,-0.000096
2.493000,-0.000096
2.494000,-0.000096
2.495000,0.000220
2.496000,-0.000413
2.497000,-0.000729
2.498000,-0.000096
2.499000,-0.000096
2.500000,-0.000096
2.501000,-0.000413
2.502000,-0.000096
2.503000,-0.000413
2.504000,-0.000096
2.505000,-0.000096
2.506000,-0.000096
2.507000,-0.000096
2.508000,0.000220
2.509000,-0.000413
2.510000,0.000220
2.511000,-0.000096
2.512000,-0.000096
2.513000,-0.000096
2.514000,-0.000729
2.515000,-0.000096
2.516000,-0.000413
2.517000,-0.000413
2.518000,-0.000096
2.519000,-0.000096
2.520000,-0.000096
2.521000,-0.000413
2.522000,-0.000096
2.523000,-0.000413
2.524000,-0.000096
2.525000,-0.000413
2.526000,-0.000096
2.527000,-0.000729
2.528000,-0.000096
2.529000,-0.000096
2.530000,0.000220
2.531000,-0.000096
2.532000,-0.000096
2.533000,-0.000413
2.534000,-0.000096
2.535000,0.000220
2.536000,-0.000413
2.537000,-0.000096
2.538000,-0.000096
2.539000,-0.000096
2.540000,-0.000413
2.541000,-0.000413
2.542000,-0.000096
2.543000,-0.000413
2.544000,-0.000096
2.545000,-0.000096
2.546000,0.000220
2.547000,-0.000096
2.548000,-0.000096
2.549000,0.000220
2.550000,-0.000413
2.551000,-0.000096
2.552000,-0.000096
2.553000,0.000220
2.554000,-0.000729
2.555000,-0.000096
2.556000,-0.000096
2.557000,-0.000413
2.558000,-0.000096
2.559000,-0.000729
2.560000,-0.000096
2.561000,-0.000096
2.562000,-0.000413
2.563000,-0.000729
2.564000,-0.000729
2.565000,-0.000096
2.566000,0.000220
2.567000,-0.000096
2.568000,-0.000096
2.569000,-0.000096
2.570000,-0.000096
2.571000,0.000220
2.572000,-0.000413
2.573000,-0.000413
2.574000,-0.000096
2.575000,-0.000413
2.576000,-0.000096
2.577000,-0.000096
2.578000,-0.000096
2.579000,-0.000096
2.580000,-0.000096
2.581000,-0.000096
2.582000,-0.000096
2.583000,-0.000096
2.584000,-0.000729
2.585000,0.000220
2.586000,-0.000413
2.587000,-0.000096
2.588000,0.000220
2.589000,-0.000413
2.590000,-0.000096
2.591000,-0.000413
2.592000,-0.000729
2.593000,-0.000413
2.594000,-0.000096
2.595000,-0.000096
2.596000,-0.000096
2.597000,-0.000413
2.598000,-0.000413
2.599000,-0.000096
2.600000,-0.000096
2.601000,-0.000096
2.602000,-0.000096
2.603000,0.000220
2.604000,-0.000096
2.605000,-0.000096
2.606000,-0.000096
2.607000,-0.000096
2.608000,-0.000096
2.609000,0.000220
2.610000,-0.000096
2.611000,-0.000096
2.612000,-0.000096
2.613000,0.000536
2.614000,-0.000096
2.615000,-0.000096
2.616000,-0.000096
2.617000,-0.000413
2.618000,-0.000096
2.619000,-0.000096
2.620000,-0.000096
2.621000,-0.000413
2.622000,0.000220
2.623000,-0.000096
2.624000,-0.000413
2.625000,-0.000096
2.626000,-0.000096
2.627000,-0.000413
2.628000,-0.000096
2.629000,-0.000096
2.630000,-0.000413
2.631000,-0.000096
2.632000,-0.000096
2.633000,-0.000096
2.634000,-0.000096
2.635000,-0.000096
2.636000,-0.000096
2.637000,-0.000096
2.638000,-0.000096
2.639000,-0.000729
2.640000,-0.000096
2.641000,0.000220
2.642000,-0.000413
2.643000,0.000220
2.644000,0.000220
2.645000,-0.000096
2.646000,-0.000096
2.647000,-0.000096
2.648000,-0.000413
2.649000,-0.000729
2.650000,-0.000096
2.651000,-0.000729
2.652000,0.000220
2.653000,-0.000096
2.654000,-0.000413
2.655000,-0.000096
2.656000,-0.000096
2.657000,-0.000729
2.658000,-0.000096
2.659000,-0.000096
2.660000,-0.000413
2.661000,-0.000096
2.662000,-0.000096
2.663000,-0.000096
2.664000,-0.000096
2.665000,-0.000729
2.666000,-0.000413
2.667000,-0.000096
2.668000,-0.000413
2.669000,-0.000096
2.670000,-0.000096
2.671000,-0.000096
2.672000,-0.000096
2.673000,-0.000096
2.674000,-0.000096
2.675000,-0.000096
2.676000,-0.000729
2.677000,0.000220
2.678000,-0.000413
2.679000,-0.000413
2.680000,-0.000096
2.681000,-0.000096
2.682000,-0.000413
2.683000,-0.000096
2.684000,-0.000096
2.685000,-0.000096
2.686000,-0.000096
2.687000,0.000220
2.688000,-0.000096
2.689000,-0.000096
2.690000,-0.000413
2.691000,-0.000096
2.692000,-0.000096
2.693000,-0.000413
2.694000,-0.000096
2.695000,0.000220
2.696000,-0.000413
2.697000,-0.000413
2.698000,-0.000413
2.699000,-0.000096
2.700000,0.000220
2.701000,-0.000096
2.702000,-0.000096
2.703000,-0.000096
2.704000,-0.000729
2.705000,-0.000096
2.706000,-0.000096
2.707000,-0.000413
2.708000,-0.000413
2.709000,-0.000096
2.710000,-0.000096
2.711000,0.000220
2.712000,0.000220
2.713000,-0.000096
2.714000,-0.000096
2.715000,0.000220
2.716000,-0.000096
2.717000,-0.000096
2.718000,-0.000096
2.719000,-0.000096
2.720000,-0.000413
2.721000,-0.000413
2.722000,-0.000413
2.723000,-0.000413
2.724000,-0.000413
2.725000,-0.000096
2.726000,-0.000096
2.727000,-0.000729
2.728000,-0.000096
2.729000,-0.000096
2.730000,-0.000096
2.731000,0.000220
2.732000,-0.000096
2.733000,0.000220
2.734000,-0.000096
2.735000,-0.000096
2.736000,-0.000413
2.737000,-0.000096
2.738000,-0.000096
2.739000,-0.000096
2.740000,-0.000413
2.741000,-0.000096
2.742000,-0.000096
2.743000,0.000220
2.744000,-0.000096
2.745000,0.000220
2.746000,-0.000096
2.747000,-0.000096
2.748000,-0.000413
2.749000,-0.000096
2.750000,-0.000096
2.751000,-0.000096
2.752000,-0.000096
2.753000,-0.000096
2.754000,-0.000413
2.755000,0.000536
2.756000,-0.000096
2.757000,-0.000729
2.758000,-0.000096
2.759000,-0.000729
2.760000,-0.000413
2.761000,-0.000096
2.762000,0.000220
2.763000,-0.000096
2.764000,-0.000096
2.765000,-0.000413
2.766000,-0.000413
2.767000,-0.000413
2.768000,0.000220
2.769000,-0.000413
2.770000,0.000220
2.771000,-0.000096
2.772000,-0.000096
2.773000,-0.000413
2.774000,-0.000413
2.775000,-0.000413
2.776000,0.000220
2.777000,-0.000413
2.778000,-0.000413
2.779000,-0.000413
2.780000,0.000220
2.781000,-0.000096
2.782000,-0.000096
2.783000,-0.000413
2.784000,-0.000096
2.785000,-0.000413
2.786000,-0.000096
2.787000,-0.000413
2.788000,-0.000096
2.789000,-0.000096
2.790000,-0.000413
2.791000,-0.000096
2.792000,-0.000413
2.793000,-0.000096
2.794000,-0.000413
2.795000,-0.000096
2.796000,-0.000413
2.797000,-0.000413
2.798000,-0.000096
2.799000,-0.000096
2.800000,-0.000096
2.801000,-0.000413
2.802000,-0.000096
2.803000,-0.000413
2.804000,-0.000096
2.805000,0.000220
2.806000,-0.000413
2.807000,-0.000096
2.808000,-0.000096
2.809000,-0.000413
2.810000,0.000220
2.811000,-0.000096
2.812000,-0.000096
2.813000,-0.000413
2.814000,-0.000096
2.815000,-0.000413
2.816000,-0.000096
2.817000,-0.000413
2.818000,-0.000096
2.819000,-0.000096
2.820000,-0.000096
2.821000,-0.000096
2.822000,-0.000096
2.823000,-0.000096
2.824000,-0.000096
2.825000,-0.000096
2.826000,-0.000096
2.827000,-0.000096
2.828000,-0.000413
2.829000,-0.000096
2.830000,0.000536
2.831000,0.000536
2.832000,-0.000096
2.833000,-0.000096
2.834000,-0.000413
2.835000,-0.000413
2.836000,-0.000413
2.837000,0.000220
2.838000,-0.000413
2.839000,-0.000096
2.840000,-0.000096
2.841000,0.000220
2.842000,-0.000096
2.843000,-0.000096
2.844000,-0.000729
2.845000,-0.000096
2.846000,0.000220
2.847000,-0.000096
2.848000,-0.000096
2.849000,-0.000096
2.850000,-0.000096
2.851000,-0.000413
2.852000,-0.000413
2.853000,-0.000096
2.854000,-0.000413
2.855000,-0.000096
2.856000,-0.000096
2.857000,-0.000096
2.858000,0.000220
2.859000,-0.000096
2.860000,-0.000413
2.861000,-0.000096
2.862000,-0.000096
2.863000,-0.000096
2.864000,-0.000413
2.865000,-0.000729
2.866000,-0.000096
2.867000,-0.000096
2.868000,-0.000096
2.869000,0.000220
2.870000,-0.000729
2.871000,-0.000096
2.872000,-0.000413
2.873000,-0.000096
2.874000,-0.000729
2.875000,-0.000413
2.876000,-0.000413
2.877000,0.000220
2.878000,-0.000729
2.879000,-0.000096
2.880000,-0.000413
2.881000,-0.000413
2.882000,-0.000096
2.883000,-0.000096
2.884000,-0.000729
2.885000,-0.000096
2.886000,-0.000096
2.887000,-0.000096
2.888000,-0.000096
2.889000,-0.000096
2.890000,0.000536
2.891000,-0.000729
2.892000,-0.000096
2.893000,-0.000413
2.894000,-0.000096
2.895000,-0.000413
2.896000,-0.000096
2.897000,-0.000413
2.898000,-0.000413
2.899000,-0.000096
2.900000,-0.000096
2.901000,0.000220
2.902000,-0.000096
2.903000,-0.000096
2.904000,-0.000413
2.905000,-0.000413
2.906000,-0.000413
2.907000,-0.000096
2.908000,-0.000096
2.909000,-0.000096
2.910000,-0.000096
2.911000,-0.000413
2.912000,-0.000096
2.913000,-0.000413
2.914000,-0.000096
2.915000,-0.000096
2.916000,-0.000413
2.917000,-0.000096
2.918000,-0.000096
2.919000,-0.000729
2.920000,-0.000096
2.921000,-0.000413
2.922000,-0.000096
2.923000,-0.000096
2.924000,0.000220
2.925000,-0.000096
2.926000,-0.000096
2.927000,-0.000413
2.928000,-0.000096
2.929000,-0.000096
2.930000,-0.000096
2.931000,-0.000413
2.932000,-0.000096
2.933000,-0.000413
2.934000,0.000220
2.935000,-0.000413
2.936000,0.000220
2.937000,-0.000096
2.938000,0.000220
2.939000,-0.000096
2.940000,0.000220
2.941000,-0.000096
2.942000,-0.000096
2.943000,-0.000096
2.944000,-0.000096
2.945000,-0.000096
2.946000,-0.000096
2.947000,0.000220
2.948000,-0.000729
2.949000,-0.000096
2.950000,-0.000413
2.951000,-0.000096
2.952000,-0.000096
2.953000,-0.000413
2.954000,-0.000413
2.955000,-0.000096
2.956000,-0.000096
2.957000,0.000220
2.958000,-0.000413
2.959000,-0.000413
2.960000,-0.000096
2.961000,-0.000413
2.962000,-0.000096
2.963000,-0.000096
2.964000,-0.000096
2.965000,-0.000413
2.966000,-0.000413
2.967000,-0.000413
2.968000,-0.000096
2.969000,-0.000096
2.970000,-0.000096
2.971000,-0.000413
2.972000,-0.000413
2.973000,-0.000096
2.974000,-0.000096
2.975000,0.000220
2.976000,-0.000729
2.977000,-0.000096
2.978000,-0.000096
2.979000,-0.000096
2.980000,-0.000096
2.981000,-0.000096
2.982000,-0.000413
2.983000,0.000220
2.984000,0.000220
2.985000,-0.000729
2.986000,-0.000096
2.987000,-0.000096
2.988000,-0.000413
2.989000,-0.000096
2.990000,-0.000413
2.991000,0.000220
2.992000,-0.000413
2.993000,-0.000413
2.994000,-0.000413
2.995000,-0.000413
2.996000,0.000220
2.997000,0.000220
2.998000,-0.000096
2.999000,0.000220
3.000000,-0.000096
3.001000,-0.000413
3.002000,-0.000413
3.003000,-0.000096
3.004000,-0.000096
3.005000,0.000220
3.006000,-0.000096
3.007000,-0.000413
3.008000,-0.000413
3.009000,-0.000413
3.010000,-0.000413
3.011000,-0.000096
3.012000,-0.000096
3.013000,-0.000096
3.014000,-0.000413
3.015000,-0.000096
3.016000,0.000220
3.017000,0.000220
3.018000,-0.000413
3.019000,-0.000096
3.020000,-0.000729
3.021000,-0.000413
3.022000,-0.000413
3.023000,-0.000729
3.024000,-0.000413
3.025000,-0.000096
3.026000,-0.000096
3.027000,-0.000096
3.028000,0.000220
3.029000,-0.000096
3.030000,-0.000413
3.031000,-0.000096
3.032000,-0.000413
3.033000,-0.000096
3.034000,0.000220
3.035000,-0.000096
3.036000,0.000220
3.037000,-0.000096
3.038000,-0.000096
3.039000,-0.000096
3.040000,0.000220
3.041000,-0.000096
3.042000,-0.000096
3.043000,-0.000096
3.044000,-0.000413
3.045000,-0.000413
3.046000,-0.000096
3.047000,-0.000096
3.048000,0.000220
3.049000,0.000220
3.050000,0.000220
3.051000,-0.000096
3.052000,-0.000096
3.053000,-0.000096
3.054000,-0.000096
3.055000,0.000220
3.056000,-0.000096
3.057000,-0.000413
3.058000,-0.000096
3.059000,0.000220
3.060000,-0.000096
3.061000,0.000220
3.062000,-0.000096
3.063000,-0.000413
3.064000,-0.000096
3.065000,-0.000096
3.066000,-0.000096
3.067000,-0.000096
3.068000,-0.000413
3.069000,-0.000096
3.070000,-0.000096
3.071000,-0.000096
3.072000,-0.000413
3.073000,-0.000729
3.074000,-0.000096
3.075000,-0.000096
3.076000,-0.000096
3.077000,-0.000413
3.078000,-0.000096
3.079000,-0.000096
3.080000,-0.000096
3.081000,-0.000096
3.082000,-0.000413
3.083000,-0.000096
3.084000,0.000220
3.085000,-0.000729
3.086000,-0.000413
3.087000,-0.000729
3.088000,-0.000096
3.089000,0.000220
3.090000,-0.000096
3.091000,-0.000096
3.092000,-0.000096
3.093000,-0.000413
3.094000,-0.000096
3.095000,-0.000413
3.096000,-0.000096
3.097000,-0.000096
3.098000,-0.000096
3.099000,-0.000096
3.100000,0.000536
3.101000,-0.000413
3.102000,-0.000096
3.103000,-0.000413
3.104000,-0.000413
3.105000,-0.000413
3.106000,-0.000096
3.107000,-0.000413
3.108000,-0.000096
3.109000,-0.000096
3.110000,-0.000096
3.111000,-0.000096
3.112000,-0.000096
3.113000,-0.000096
3.114000,-0.000096
3.115000,-0.000096
3.116000,-0.000096
3.117000,-0.000096
3.118000,-0.000096
3.119000,-0.000096
3.120000,-0.000413
3.121000,-0.000413
3.122000,0.000220
3.123000,-0.000413
3.124000,-0.000413
3.125000,-0.000413
3.126000,-0.000096
3.127000,-0.000096
3.128000,-0.000413
3.129000,-0.000096
3.130000,-0.000413
3.131000,-0.000096
3.132000,-0.000096
3.133000,-0.000096
3.134000,-0.000413
3.135000,-0.000413
3.136000,-0.000413
3.137000,-0.000413
3.138000,-0.000413
3.139000,-0.000413
3.140000,-0.000413
3.141000,-0.000413
3.142000,-0.000413
3.143000,-0.000096
3.144000,-0.000413
3.145000,-0.000096
3.146000,-0.000096
3.147000,-0.000413
3.148000,-0.000096
3.149000,-0.000096
3.150000,-0.000096
3.151000,-0.000096
3.152000,-0.000096
3.153000,-0.000729
3.154000,-0.000413
3.155000,-0.000413
3.156000,0.000220
3.157000,-0.000096
3.158000,-0.000096
3.159000,-0.000096
3.160000,-0.000096
3.161000,-0.000096
3.162000,0.000220
3.163000,-0.000413
3.164000,-0.000096
3.165000,0.000220
3.166000,-0.000096
3.167000,-0.000413
3.168000,-0.000413
3.169000,-0.000096
3.170000,-0.000096
3.171000,-0.000413
3.172000,0.000220
3.173000,-0.000096
3.174000,-0.000096
3.175000,-0.000413
3.176000,-0.000413
3.177000,-0.000413
3.178000,-0.000413
3.179000,-0.000096
3.180000,-0.000096
3.181000,-0.000413
3.182000,-0.000413
3.183000,-0.000729
3.184000,-0.000096
3.185000,-0.000096
3.186000,-0.000413
3.187000,-0.000096
3.188000,0.000220
3.189000,-0.000096
3.190000,-0.000413
3.191000,-0.000729
3.192000,0.000220
3.193000,-0.000096
3.194000,-0.000096
3.195000,-0.000096
3.196000,-0.000096
3.197000,-0.000096
3.198000,-0.000413
3.199000,-0.000096
3.200000,0.000220
3.201000,-0.000413
3.202000,-0.000096
3.203000,-0.000096
3.204000,-0.000413
3.205000,-0.000096
3.206000,-0.000096
3.207000,-0.000096
3.208000,0.000220
3.209000,-0.000096
3.210000,-0.000096
3.211000,-0.000096
3.212000,-0.000413
3.213000,-0.000096
3.214000,-0.000096
3.215000,-0.000096
3.216000,-0.000413
3.217000,-0.000096
3.218000,-0.000096
3.219000,-0.000096
3.220000,-0.000413
3.221000,-0.000096
3.222000,-0.000096
3.223000,-0.000413
3.224000,-0.000096
3.225000,-0.000096
3.226000,-0.000096
3.227000,-0.000096
3.228000,0.000220
3.229000,-0.000096
3.230000,-0.000413
3.231000,-0.000096
3.232000,-0.000096
3.233000,-0.000096
3.234000,-0.000096
3.235000,-0.000413
3.236000,-0.000096
3.237000,-0.000413
3.238000,0.000220
3.239000,0.000220
3.240000,-0.000096
3.241000,-0.000096
3.242000,-0.000413
3.243000,0.000220
3.244000,-0.000096
3.245000,-0.000096
3.246000,-0.000096
3.247000,-0.000096
3.248000,-0.000413
3.249000,-0.000096
3.250000,-0.000096
3.251000,-0.000413
3.252000,-0.000413
3.253000,-0.000096
3.254000,-0.000413
3.255000,-0.000096
3.256000,-0.000096
3.257000,-0.000413
3.258000,-0.000096
3.259000,-0.000096
3.260000,-0.000413
3.261000,-0.000096
3.262000,-0.000096
3.263000,-0.000413
3.264000,-0.000729
3.265000,-0.000413
3.266000,-0.000729
3.267000,-0.000096
3.268000,-0.000096
3.269000,-0.000096
3.270000,-0.000096
3.271000,-0.000096
3.272000,-0.000096
3.273000,-0.000096
3.274000,-0.000096
3.275000,0.000220
3.276000,-0.000096
3.277000,-0.000096
3.278000,-0.000096
3.279000,-0.000096
3.280000,-0.000413
3.281000,-0.000413
3.282000,-0.000096
3.283000,-0.000413
3.284000,-0.000096
3.285000,-0.000729
3.286000,-0.000096
3.287000,0.000220
3.288000,-0.000096
3.289000,-0.000413
3.290000,-0.000729
3.291000,0.000536
3.292000,-0.000413
3.293000,-0.000729
3.294000,-0.000096
3.295000,-0.000096
3.296000,-0.000096
3.297000,-0.000413
3.298000,-0.000096
3.299000,-0.000729
3.300000,-0.000096
3.301000,-0.000096
3.302000,-0.000096
3.303000,-0.000096
3.304000,-0.000096
3.305000,0.000220
3.306000,-0.000413
3.307000,-0.000096
3.308000,-0.000096
3.309000,-0.000413
3.310000,-0.000096
3.311000,-0.000413
3.312000,-0.000096
3.313000,-0.000096
3.314000,0.000220
3.315000,-0.000096
3.316000,-0.000096
3.317000,0.000220
3.318000,-0.000729
3.319000,-0.000413
3.320000,-0.000413
3.321000,-0.000096
3.322000,-0.000096
3.323000,0.000220
3.324000,-0.000096
3.325000,-0.000413
3.326000,-0.000413
3.327000,-0.000096
3.328000,-0.000096
3.329000,-0.000413
3.330000,0.000220
3.331000,-0.000413
3.332000,-0.000096
3.333000,-0.000413
3.334000,-0.000729
3.335000,-0.000413
3.336000,-0.000413
3.337000,-0.000096
3.338000,-0.000096
3.339000,-0.000413
3.340000,-0.000729
3.341000,-0.000096
3.342000,-0.000096
3.343000,-0.000096
3.344000,-0.000413
3.345000,-0.000413
3.346000,-0.000096
3.347000,-0.000729
3.348000,0.000220
3.349000,-0.000096
3.350000,-0.000413
3.351000,-0.000413
3.352000,-0.000096
3.353000,-0.000729
3.354000,-0.000729
3.355000,-0.000096
3.356000,-0.000096
3.357000,-0.000413
3.358000,-0.000096
3.359000,-0.000413
3.360000,-0.000096
3.361000,-0.000413
3.362000,-0.000096
3.363000,-0.000096
3.364000,-0.000096
3.365000,-0.000413
3.366000,-0.000413
3.367000,-0.000096
3.368000,-0.000096
3.369000,-0.000413
3.370000,-0.000413
3.371000,-0.000413
3.372000,-0.000096
3.373000,-0.000096
3.374000,-0.000096
3.375000,-0.000413
3.376000,0.000220
3.377000,-0.000096
3.378000,-0.000096
3.379000,-0.000413
3.380000,-0.000096
3.381000,-0.000096
3.382000,-0.000096
3.383000,0.000220
3.384000,-0.000096
3.385000,-0.000413
3.386000,-0.000096
3.387000,-0.000096
3.388000,-0.000096
3.389000,-0.000096
3.390000,-0.000096
3.391000,-0.000096
3.392000,-0.000096
3.393000,-0.000413
3.394000,-0.000096
3.395000,-0.000096
3.396000,-0.000413
3.397000,-0.000096
3.398000,-0.000096
3.399000,-0.000096
3.400000,-0.000096
3.401000,-0.000096
3.402000,-0.000413
3.403000,-0.000413
3.404000,-0.000096
3.405000,-0.000096
3.406000,-0.000096
3.407000,-0.000096
3.408000,-0.000096
3.409000,-0.000096
3.410000,-0.000096
3.411000,-0.000413
3.412000,-0.000096
3.413000,-0.000413
3.414000,-0.000413
3.415000,-0.000096
3.416000,-0.000096
3.417000,-0.000096
3.418000,-0.000096
3.419000,-0.000096
3.420000,-0.000096
3.421000,-0.000096
3.422000,0.000220
3.423000,-0.000729
3.424000,-0.000096
3.425000,-0.000096
3.426000,-0.000096
3.427000,-0.000413
3.428000,-0.000096
3.429000,-0.000413
3.430000,-0.000096
3.431000,-0.000096
3.432000,-0.000096
3.433000,-0.000413
3.434000,-0.000413
3.435000,-0.000413
3.436000,-0.000413
3.437000,0.000536
3.438000,-0.000413
3.439000,-0.000096
3.440000,-0.000413
3.441000,-0.000096
3.442000,-0.000096
3.443000,-0.000096
3.444000,-0.000096
3.445000,-0.000413
3.446000,-0.000096
3.447000,-0.000096
3.448000,0.000220
3.449000,-0.000096
3.450000,-0.000096
3.451000,-0.000096
3.452000,0.000220
3.453000,-0.000096
3.454000,-0.000096
3.455000,-0.000413
3.456000,-0.000096
3.457000,-0.000729
3.458000,-0.000096
3.459000,-0.000096
3.460000,-0.000096
3.461000,-0.000096
3.462000,-0.000096
3.463000,-0.000413
3.464000,-0.000096
3.465000,-0.000729
3.466000,-0.000096
3.467000,-0.000096
3.468000,-0.000096
3.469000,-0.000413
3.470000,-0.000413
3.471000,-0.000096
3.472000,-0.000096
3.473000,-0.000413
3.474000,-0.000096
3.475000,-0.000096
3.476000,-0.000413
3.477000,-0.000413
3.478000,-0.000096
3.479000,0.000220
3.480000,-0.000413
3.481000,-0.000729
3.482000,-0.000096
3.483000,-0.000096
3.484000,-0.000096
3.485000,-0.000729
3.486000,0.000220
3.487000,-0.000096
3.488000,-0.000413
3.489000,-0.000096
3.490000,-0.000096
3.491000,-0.000096
3.492000,-0.000096
3.493000,-0.000413
3.494000,-0.000096
3.495000,0.000220
3.496000,-0.000096
3.497000,-0.000096
3.498000,-0.000096
3.499000,-0.000096
3.500000,-0.000096
3.501000,-0.000096
3.502000,-0.000096
3.503000,-0.000096
3.504000,-0.000096
3.505000,-0.000729
3.506000,-0.000096
3.507000,-0.000096
3.508000,-0.000096
3.509000,-0.000096
3.510000,-0.000413
3.511000,-0.000413
3.512000,-0.000729
3.513000,-0.000096
3.514000,-0.000096
3.515000,-0.000096
3.516000,0.000220
3.517000,-0.000413
3.518000,-0.000096
3.519000,0.000220
3.520000,-0.000096
3.521000,-0.000096
3.522000,-0.000096
3.523000,0.000220
3.524000,0.000220
3.525000,-0.000096
3.526000,-0.000729
3.527000,0.000220
3.528000,-0.000096
3.529000,-0.000096
3.530000,-0.000413
3.531000,-0.000096
3.532000,0.000220
3.533000,-0.000413
3.534000,-0.000096
3.535000,-0.000096
3.536000,-0.000096
3.537000,-0.000096
3.538000,-0.000413
3.539000,-0.000096
3.540000,-0.000096
3.541000,-0.000729
3.542000,0.000220
3.543000,-0.000413
3.544000,-0.000096
3.545000,-0.000413
3.546000,-0.000096
3.547000,-0.000413
3.548000,-0.000096
3.549000,-0.000096
3.550000,-0.000096
3.551000,-0.000729
3.552000,-0.000096
3.553000,-0.000413
3.554000,-0.000096
3.555000,-0.000413
3.556000,-0.000096
3.557000,-0.000096
3.558000,0.000220
3.559000,-0.000413
3.560000,-0.000096
3.561000,-0.000413
3.562000,-0.000096
3.563000,-0.000096
3.564000,0.000220
3.565000,-0.000413
3.566000,0.000220
3.567000,-0.000096
3.568000,-0.000096
3.569000,-0.000096
3.570000,-0.000096
3.571000,-0.000096
3.572000,0.000220
3.573000,-0.000096
3.574000,-0.000096
3.575000,-0.000096
3.576000,0.000536
3.577000,-0.000096
3.578000,-0.000096
3.579000,-0.000096
3.580000,-0.000096
3.581000,-0.000096
3.582000,-0.000413
3.583000,0.000220
3.584000,-0.000096
3.585000,-0.000096
3.586000,-0.000413
3.587000,-0.000413
3.588000,-0.000096
3.589000,-0.000096
3.590000,-0.000096
3.591000,0.000220
3.592000,0.000220
3.593000,0.000220
3.594000,-0.000413
3.595000,-0.000096
3.596000,-0.000413
3.597000,-0.000096
3.598000,-0.000096
3.599000,-0.000096
3.600000,-0.000096
3.601000,-0.000729
3.602000,0.000220
3.603000,-0.000096
3.604000,-0.000096
3.605000,-0.000096
3.606000,-0.000096
3.607000,-0.000096
3.608000,-0.000413
3.609000,-0.000413
3.610000,-0.000096
3.611000,-0.000096
3.612000,0.000220
3.613000,0.000220
3.614000,-0.000413
3.615000,-0.000413
3.616000,-0.000096
3.617000,-0.000096
3.618000,-0.000413
3.619000,-0.000096
3.620000,-0.000413
3.621000,-0.000096
3.622000,0.000220
3.623000,-0.000413
3.624000,0.000220
3.625000,-0.000096
3.626000,-0.000413
3.627000,-0.000729
3.628000,-0.000413
3.629000,-0.000413
3.630000,-0.000413
3.631000,-0.000729
3.632000,-0.000096
3.633000,-0.000096
3.634000,0.000220
3.635000,-0.000096
3.636000,-0.000096
3.637000,-0.000413
3.638000,-0.000096
3.639000,-0.000096
3.640000,-0.000413
3.641000,-0.000413
3.642000,-0.000096
3.643000,-0.000729
3.644000,-0.000096
3.645000,-0.000413
3.646000,-0.000729
3.647000,-0.000096
3.648000,-0.000413
3.649000,-0.000096
3.650000,-0.000413
3.651000,-0.000096
3.652000,-0.000413
3.653000,-0.000096
3.654000,0.000536
3.655000,-0.000096
3.656000,-0.000413
3.657000,-0.000413
3.658000,-0.000413
3.659000,-0.000413
3.660000,-0.000096
3.661000,-0.000096
3.662000,-0.000413
3.663000,-0.000096
3.664000,-0.000096
3.665000,-0.000729
3.666000,-0.000096
3.667000,-0.000729
3.668000,-0.000096
3.669000,-0.000729
3.670000,-0.000096
3.671000,-0.000413
3.672000,-0.000413
3.673000,-0.000413
3.674000,-0.000413
3.675000,-0.000096
3.676000,-0.000096
3.677000,-0.000413
3.678000,0.000536
3.679000,-0.000096
3.680000,-0.000096
3.681000,-0.000096
3.682000,-0.000096
3.683000,-0.000096
3.684000,-0.000413
3.685000,-0.000096
3.686000,-0.000096
3.687000,-0.000413
3.688000,-0.000096
3.689000,-0.000096
3.690000,-0.000096
3.691000,0.000220
3.692000,-0.000096
3.693000,-0.000096
3.694000,-0.000413
3.695000,-0.000413
3.696000,-0.000096
3.697000,-0.000096
3.698000,-0.000413
3.699000,0.000220
3.700000,-0.000096
3.701000,-0.000096
3.702000,-0.000096
3.703000,0.000220
3.704000,-0.000096
3.705000,-0.000096
3.706000,-0.000096
3.707000,-0.000413
3.708000,-0.000413
3.709000,-0.000413
3.710000,-0.000413
3.711000,-0.000413
3.712000,-0.000096
3.713000,-0.000096
3.714000,-0.000413
3.715000,-0.000096
3.716000,-0.000729
3.717000,0.000220
3.718000,-0.000729
3.719000,-0.000413
3.720000,0.000220
3.721000,-0.000096
3.722000,-0.000096
3.723000,0.000220
3.724000,-0.000096
3.725000,-0.000413
3.726000,-0.000096
3.727000,-0.000413
3.728000,-0.000729
3.729000,-0.000096
3.730000,-0.000413
3.731000,0.000220
3.732000,0.000220
3.733000,-0.000096
3.734000,-0.000096
3.735000,-0.000413
3.736000,-0.000729
3.737000,-0.000413
3.738000,-0.000413
3.739000,0.000220
3.740000,-0.000413
3.741000,-0.000096
3.742000,-0.000729
3.743000,0.000220
3.744000,0.000220
3.745000,-0.000096
3.746000,-0.000096
3.747000,-0.000729
3.748000,-0.000096
3.749000,-0.000096
3.750000,-0.000096
3.751000,0.000220
3.752000,-0.000096
3.753000,0.000220
3.754000,-0.000096
3.755000,-0.000096
3.756000,-0.000413
3.757000,-0.000096
3.758000,-0.000096
3.759000,-0.000096
3.760000,-0.000413
3.761000,-0.000096
3.762000,-0.000096
3.763000,-0.000096
3.764000,-0.000096
3.765000,-0.000413
3.766000,-0.000413
3.767000,-0.000096
3.768000,-0.000096
3.769000,-0.000096
3.770000,-0.000729
3.771000,-0.000413
3.772000,-0.000729
3.773000,-0.000096
3.774000,-0.000096
3.775000,-0.000096
3.776000,-0.000096
3.777000,-0.000096
3.778000,0.000220
3.779000,-0.000413
3.780000,-0.000096
3.781000,-0.000096
3.782000,-0.000096
3.783000,-0.000413
3.784000,0.000220
3.785000,-0.000413
3.786000,-0.000096
3.787000,-0.000413
3.788000,-0.000096
3.789000,0.000220
3.790000,-0.000413
3.791000,-0.000096
3.792000,-0.000096
3.793000,-0.000096
3.794000,-0.000096
3.795000,-0.000413
3.796000,-0.000096
3.797000,-0.000413
3.798000,-0.000096
3.799000,-0.000096
3.800000,0.000220
3.801000,-0.000096
3.802000,-0.000096
3.803000,-0.000096
3.804000,-0.000096
3.805000,-0.000096
3.806000,-0.000096
3.807000,-0.000413
3.808000,-0.000096
3.809000,-0.000413
3.810000,-0.000096
3.811000,-0.000096
3.812000,-0.000413
3.813000,0.000220
3.814000,0.000220
3.815000,-0.000096
3.816000,-0.000096
3.817000,-0.000413
3.818000,-0.000096
3.819000,-0.000096
3.820000,-0.000096
3.821000,-0.000096
3.822000,-0.000096
3.823000,-0.000096
3.824000,-0.000096
3.825000,-0.000413
3.826000,-0.000413
3.827000,-0.000729
3.828000,-0.000413
3.829000,-0.000096
3.830000,-0.000096
3.831000,-0.000413
3.832000,0.000220
3.833000,-0.000096
3.834000,-0.000096
3.835000,-0.000413
3.836000,-0.000096
3.837000,-0.000096
3.838000,-0.000096
3.839000,-0.000729
3.840000,-0.000413
3.841000,0.000536
3.842000,0.000220
3.843000,-0.000096
3.844000,0.000536
3.845000,-0.000096
3.846000,-0.000729
3.847000,-0.000413
3.848000,-0.000096
3.849000,-0.000096
3.850000,0.000220
3.851000,-0.000096
3.852000,-0.000729
3.853000,0.000220
3.854000,-0.000413
3.855000,-0.000096
3.856000,-0.000096
3.857000,-0.000096
3.858000,-0.000413
3.859000,-0.000096
3.860000,-0.000096
3.861000,-0.000096
3.862000,-0.000413
3.863000,-0.000096
3.864000,-0.000413
3.865000,-0.000729
3.866000,-0.000413
3.867000,-0.000096
3.868000,-0.000096
3.869000,-0.000096
3.870000,-0.000096
3.871000,0.000220
3.872000,-0.000729
3.873000,-0.000413
3.874000,-0.000096
3.875000,-0.000413
3.876000,-0.000096
3.877000,-0.000413
3.878000,-0.000413
3.879000,-0.000413
3.880000,0.000220
3.881000,-0.000413
3.882000,0.000220
3.883000,0.000220
3.884000,0.000220
3.885000,-0.000413
3.886000,-0.000413
3.887000,-0.000413
3.888000,-0.000096
3.889000,-0.000413
3.890000,-0.000096
3.891000,-0.000413
3.892000,-0.000413
3.893000,-0.000413
3.894000,-0.000413
3.895000,-0.000413
3.896000,-0.000096
3.897000,-0.000413
3.898000,0.000220
3.899000,-0.000096
3.900000,-0.000096
3.901000,-0.000096
3.902000,-0.000729
3.903000,-0.000096
3.904000,-0.000096
3.905000,-0.000096
3.906000,-0.000096
3.907000,-0.000096
3.908000,-0.000096
3.909000,-0.000413
3.910000,-0.000096
3.911000,-0.000096
3.912000,-0.000413
3.913000,-0.000413
3.914000,-0.000729
3.915000,-0.000096
3.916000,-0.000096
3.917000,-0.000096
3.918000,0.000220
3.919000,-0.000096
3.920000,-0.000096
3.921000,-0.000096
3.922000,-0.000096
3.923000,-0.000729
3.924000,-0.000096
3.925000,-0.000413
3.926000,-0.000096
3.927000,-0.000096
3.928000,-0.000096
3.929000,-0.000096
3.930000,-0.000413
3.931000,-0.000096
3.932000,-0.000096
3.933000,-0.000413
3.934000,-0.000096
3.935000,-0.000096
3.936000,0.000220
3.937000,-0.000096
3.938000,-0.000096
3.939000,-0.000729
3.940000,-0.000096
3.941000,-0.000096
3.942000,-0.000413
3.943000,-0.000096
3.944000,-0.000413
3.945000,-0.000096
3.946000,-0.000096
3.947000,-0.000096
3.948000,-0.000729
3.949000,-0.000096
3.950000,-0.000413
3.951000,0.000220
3.952000,-0.000413
3.953000,-0.000096
3.954000,-0.000096
3.955000,-0.000413
3.956000,-0.000096
3.957000,-0.000096
3.958000,-0.000729
3.959000,-0.000096
3.960000,-0.000096
3.961000,-0.000096
3.962000,-0.000096
3.963000,-0.000096
3.964000,-0.000096
3.965000,-0.000413
3.966000,0.000220
3.967000,-0.000096
3.968000,-0.000096
3.969000,-0.000096
3.970000,-0.000096
3.971000,-0.000413
3.972000,0.000220
3.973000,-0.000413
3.974000,-0.000096
3.975000,-0.000096
3.976000,0.000220
3.977000,-0.000096
3.978000,-0.000413
3.979000,-0.000096
3.980000,-0.000096
3.981000,-0.000096
3.982000,-0.000413
3.983000,-0.000413
3.984000,-0.000096
3.985000,-0.000413
3.986000,-0.000413
3.987000,-0.000096
3.988000,-0.000096
3.989000,-0.000096
3.990000,-0.000413
3.991000,0.000220
3.992000,-0.000096
3.993000,-0.000096
3.994000,-0.000413
3.995000,-0.000413
3.996000,-0.000096
3.997000,-0.000096
3.998000,-0.000413
3.999000,-0.000096
4.000000,-0.000096
4.001000,-0.000096
4.002000,-0.000413
4.003000,-0.000096
4.004000,-0.000096
4.005000,-0.000096
4.006000,-0.000096
4.007000,0.000220
4.008000,-0.000096
4.009000,-0.000096
4.010000,-0.000096
4.011000,-0.000729
4.012000,-0.000413
4.013000,-0.000096
4.014000,-0.000413
4.015000,-0.000413
4.016000,-0.000096
4.017000,-0.000413
4.018000,-0.000096
4.019000,-0.000413
4.020000,0.000220
4.021000,-0.000413
4.022000,-0.000096
4.023000,-0.000096
4.024000,-0.000096
4.025000,-0.000096
4.026000,0.000536
4.027000,-0.000413
4.028000,-0.000096
4.029000,0.000220
4.030000,-0.000413
4.031000,-0.000413
4.032000,-0.000096
4.033000,-0.000096
4.034000,-0.000413
4.035000,-0.000096
4.036000,-0.000413
4.037000,-0.000413
4.038000,-0.000413
4.039000,0.000220
4.040000,-0.000413
4.041000,-0.000096
4.042000,-0.000096
4.043000,-0.000413
4.044000,-0.000096
4.045000,0.000220
4.046000,-0.000413
4.047000,-0.000096
4.048000,-0.000096
4.049000,-0.000413
4.050000,-0.000096
4.051000,-0.000096
4.052000,-0.000096
4.053000,-0.000413
4.054000,-0.000413
4.055000,-0.000096
4.056000,-0.000096
4.057000,-0.000413
4.058000,-0.000096
4.059000,-0.000729
4.060000,0.000220
4.061000,0.000536
4.062000,-0.000096
4.063000,-0.000413
4.064000,-0.000096
4.065000,-0.000096
4.066000,-0.000096
4.067000,0.000220
4.068000,-0.000096
4.069000,-0.000413
4.070000,-0.000096
4.071000,-0.000413
4.072000,-0.000096
4.073000,-0.000096
4.074000,-0.000096
4.075000,-0.000096
4.076000,-0.000729
4.077000,-0.000096
4.078000,-0.000096
4.079000,-0.000096
4.080000,-0.000413
4.081000,-0.000413
4.082000,-0.000413
4.083000,-0.000413
4.084000,-0.000096
4.085000,-0.000413
4.086000,-0.000096
4.087000,-0.000096
4.088000,-0.000096
4.089000,-0.000413
4.090000,-0.000096
4.091000,-0.000413
4.092000,-0.000413
4.093000,-0.000413
4.094000,-0.000413
4.095000,-0.000413
4.096000,-0.000413
4.097000,-0.000096
4.098000,-0.000096
4.099000,-0.000096
4.100000,-0.000096
4.101000,-0.000729
4.102000,-0.000096
4.103000,-0.000413
4.104000,-0.000413
4.105000,-0.000729
4.106000,-0.000096
4.107000,-0.000096
4.108000,-0.000413
4.109000,-0.000413
4.110000,-0.000413
4.111000,-0.000096
4.112000,0.000220
4.113000,-0.000096
4.114000,-0.000413
4.115000,-0.000096
4.116000,-0.000096
4.117000,0.000220
4.118000,-0.000413
4.119000,-0.000413
4.120000,0.000220
4.121000,-0.000096
4.122000,-0.000096
4.123000,-0.000096
4.124000,-0.000096
4.125000,-0.000413
4.126000,-0.000096
4.127000,-0.000413
4.128000,-0.000096
4.129000,-0.000096
4.130000,-0.000413
4.131000,-0.000729
4.132000,-0.000096
4.133000,-0.000096
4.134000,-0.000096
4.135000,-0.000413
4.136000,0.000220
4.137000,-0.000096
4.138000,0.000220
4.139000,0.000220
4.140000,0.000220
4.141000,-0.000413
4.142000,-0.000413
4.143000,-0.000096
4.144000,-0.000096
4.145000,0.000220
4.146000,-0.000096
4.147000,-0.000413
4.148000,-0.000096
4.149000,-0.000096
4.150000,-0.000096
4.151000,-0.000096
4.152000,-0.000096
4.153000,-0.000096
4.154000,-0.000096
4.155000,-0.000096
4.156000,-0.000096
4.157000,-0.000096
4.158000,-0.000413
4.159000,-0.000096
4.160000,0.000220
4.161000,0.000220
4.162000,0.000220
4.163000,-0.000413
4.164000,0.000220
4.165000,-0.000413
4.166000,-0.000096
4.167000,-0.000096
4.168000,-0.000413
4.169000,-0.000096
4.170000,-0.000413
4.171000,-0.000096
4.172000,-0.000096
4.173000,-0.000096
4.174000,-0.000096
4.175000,-0.000413
4.176000,-0.000413
4.177000,0.000220
4.178000,0.000220
4.179000,-0.000096
4.180000,-0.000096
4.181000,-0.000096
4.182000,-0.000096
4.183000,0.000220
4.184000,-0.000096
4.185000,-0.000413
4.186000,-0.000096
4.187000,-0.000096
4.188000,-0.000413
4.189000,-0.000096
4.190000,-0.000729
4.191000,-0.000413
4.192000,-0.000413
4.193000,-0.000096
4.194000,-0.000096
4.195000,-0.000096
4.196000,-0.000729
4.197000,-0.000413
4.198000,-0.000096
4.199000,-0.000096
4.200000,-0.000413
4.201000,-0.000096
4.202000,-0.000096
4.203000,0.000220
4.204000,-0.000096
4.205000,-0.000096
4.206000,-0.000096
4.207000,-0.000413
4.208000,-0.000413
4.209000,-0.000096
4.210000,-0.000096
4.211000,0.000220
4.212000,-0.000096
4.213000,0.000536
4.214000,-0.000413
4.215000,0.000220
4.216000,-0.000096
4.217000,0.000220
4.218000,-0.000096
4.219000,-0.000096
4.220000,-0.000096
4.221000,-0.000096
4.222000,-0.000413
4.223000,-0.000096
4.224000,-0.000413
4.225000,-0.000096
4.226000,-0.000096
4.227000,-0.000096
4.228000,-0.000096
4.229000,-0.000096
4.230000,0.000220
4.231000,-0.000096
4.232000,-0.000096
4.233000,-0.000096
4.234000,-0.000413
4.235000,-0.000096
4.236000,-0.000413
4.237000,-0.000096
4.238000,-0.000413
4.239000,-0.000096
4.240000,-0.000413
4.241000,-0.000096
4.242000,0.000220
4.243000,-0.000096
4.244000,-0.000096
4.245000,-0.000096
4.246000,0.000220
4.247000,-0.000096
4.248000,0.000536
4.249000,-0.000096
4.250000,-0.000413
4.251000,0.000220
4.252000,0.000220
4.253000,0.000536
4.254000,-0.000096
4.255000,0.000220
4.256000,-0.000096
4.257000,-0.000096
4.258000,-0.000096
4.259000,-0.000096
4.260000,-0.000096
4.261000,-0.000413
4.262000,-0.000096
4.263000,-0.000413
4.264000,-0.000096
4.265000,-0.000096
4.266000,0.000220
4.267000,-0.000413
4.268000,-0.000096
4.269000,-0.000096
4.270000,-0.000096
4.271000,-0.000413
4.272000,-0.000096
4.273000,-0.000096
4.274000,0.000536
4.275000,-0.000413
4.276000,-0.000096
4.277000,-0.000096
4.278000,-0.000729
4.279000,-0.000413
4.280000,-0.000096
4.281000,-0.000096
4.282000,-0.000096
4.283000,0.000220
4.284000,-0.000413
4.285000,-0.000096
4.286000,-0.000096
4.287000,-0.000096
4.288000,-0.000096
4.289000,-0.000413
4.290000,-0.000413
4.291000,-0.000096
4.292000,-0.000096
4.293000,-0.000729
4.294000,-0.000096
4.295000,-0.000413
4.296000,-0.000096
4.297000,-0.000096
4.298000,-0.000096
4.299000,-0.000096
4.300000,-0.000413
4.301000,0.000220
4.302000,-0.000096
4.303000,-0.000413
4.304000,-0.000096
4.305000,-0.000096
4.306000,-0.000096
4.307000,0.000220
4.308000,-0.000096
4.309000,0.000220
4.310000,-0.000096
4.311000,-0.000096
4.312000,-0.000413
4.313000,-0.000096
4.314000,-0.000413
4.315000,0.000220
4.316000,-0.000413
4.317000,-0.000096
4.318000,-0.000096
4.319000,-0.000096
4.320000,-0.000096
4.321000,-0.000096
4.322000,-0.000096
4.323000,-0.000096
4.324000,-0.000096
4.325000,-0.000096
4.326000,-0.000096
4.327000,-0.000096
4.328000,-0.000413
4.329000,-0.000096
4.330000,-0.000413
4.331000,-0.000413
4.332000,-0.000729
4.333000,-0.000096
4.334000,0.000220
4.335000,-0.000413
4.336000,-0.000096
4.337000,-0.000096
4.338000,-0.000096
4.339000,-0.000096
4.340000,-0.000413
4.341000,0.000220
4.342000,-0.000096
4.343000,-0.000096
4.344000,-0.000096
4.345000,-0.000096
4.346000,-0.000096
4.347000,-0.000096
4.348000,-0.000096
4.349000,-0.000096
4.350000,-0.000413
4.351000,-0.000096
4.352000,-0.000096
4.353000,-0.000096
4.354000,0.000220
4.355000,-0.000096
4.356000,-0.000413
4.357000,-0.000413
4.358000,-0.000729
4.359000,-0.000096
4.360000,-0.000413
4.361000,-0.000096
4.362000,-0.000096
4.363000,-0.000413
4.364000,-0.000096
4.365000,-0.000096
4.366000,-0.000096
4.367000,-0.000413
4.368000,-0.000413
4.369000,-0.000413
4.370000,-0.000413
4.371000,-0.000096
4.372000,-0.000096
4.373000,-0.000413
4.374000,-0.000096
4.375000,-0.000096
4.376000,-0.000096
4.377000,-0.000096
4.378000,-0.000413
4.379000,-0.000096
4.380000,-0.000096
4.381000,-0.000096
4.382000,-0.000096
4.383000,-0.000096
4.384000,-0.000096
4.385000,-0.000413
4.386000,-0.000096
4.387000,-0.000096
4.388000,-0.000096
4.389000,-0.000096
4.390000,-0.000096
4.391000,-0.000096
4.392000,-0.000096
4.393000,-0.000729
4.394000,-0.000413
4.395000,-0.000413
4.396000,-0.000413
4.397000,-0.000096
4.398000,-0.000096
4.399000,-0.000096
4.400000,-0.000096
4.401000,-0.000096
4.402000,-0.000413
4.403000,-0.000096
4.404000,0.000220
4.405000,-0.000096
4.406000,-0.000096
4.407000,-0.000096
4.408000,-0.000096
4.409000,-0.000096
4.410000,-0.000729
4.411000,-0.000096
4.412000,-0.000096
4.413000,-0.000413
4.414000,-0.000096
4.415000,0.000220
4.416000,-0.000729
4.417000,-0.000096
4.418000,-0.000729
4.419000,-0.000096
4.420000,0.000220
4.421000,-0.000096
4.422000,-0.000096
4.423000,-0.000096
4.424000,-0.000096
4.425000,-0.000729
4.426000,-0.000096
4.427000,0.000220
4.428000,-0.000096
4.429000,-0.000096
4.430000,-0.000096
4.431000,-0.000096
4.432000,-0.000413
4.433000,-0.000096
4.434000,-0.000413
4.435000,-0.000096
4.436000,0.000220
4.437000,-0.000096
4.438000,-0.000096
4.439000,-0.000096
4.440000,-0.000096
4.441000,-0.000413
4.442000,-0.000096
4.443000,-0.000096
4.444000,-0.000096
4.445000,-0.000096
4.446000,0.000220
4.447000,-0.000096
4.448000,-0.000413
4.449000,-0.000413
4.450000,-0.000096
4.451000,0.000220
4.452000,0.000220
4.453000,-0.000413
4.454000,-0.000413
4.455000,-0.000096
4.456000,-0.000096
4.457000,-0.000096
4.458000,-0.000096
4.459000,-0.000096
4.460000,-0.000096
4.461000,-0.000096
4.462000,-0.000096
4.463000,-0.000096
4.464000,-0.000729
4.465000,-0.000096
4.466000,-0.000413
4.467000,-0.000096
4.468000,-0.000096
4.469000,-0.000413
4.470000,0.000220
4.471000,0.000220
4.472000,-0.000096
4.473000,-0.000413
4.474000,-0.000413
4.475000,-0.000096
4.476000,-0.000413
4.477000,-0.000096
4.478000,-0.000096
4.479000,-0.000096
4.480000,-0.000413
4.481000,-0.000096
4.482000,-0.000096
4.483000,-0.000096
4.484000,-0.000413
4.485000,-0.000096
4.486000,0.000220
4.487000,0.000220
4.488000,-0.000413
4.489000,-0.000413
4.490000,0.000220
4.491000,-0.000096
4.492000,-0.000096
4.493000,-0.000096
4.494000,0.000220
4.495000,-0.000413
4.496000,-0.000096
4.497000,-0.000096
4.498000,0.000220
4.499000,-0.000096
4.500000,-0.000096
4.501000,-0.000096
4.502000,-0.000096
4.503000,-0.000096
4.504000,-0.000413
4.505000,-0.000096
4.506000,-0.000096
4.507000,-0.000413
4.508000,-0.000096
4.509000,-0.000096
4.510000,0.000220
4.511000,-0.000096
4.512000,-0.000096
4.513000,-0.000096
4.514000,0.000220
4.515000,-0.000413
4.516000,-0.000413
4.517000,-0.000096
4.518000,-0.000096
4.519000,-0.000413
4.520000,-0.000096
4.521000,-0.000096
4.522000,-0.000729
4.523000,-0.000413
4.524000,-0.000096
4.525000,-0.000729
4.526000,0.000220
4.527000,-0.000096
4.528000,-0.000413
4.529000,-0.000413
4.530000,-0.000096
4.531000,-0.000413
4.532000,-0.000096
4.533000,-0.000413
4.534000,0.000220
4.535000,-0.000096
4.536000,0.000220
4.537000,-0.000096
4.538000,-0.000096
4.539000,-0.000729
4.540000,-0.000096
4.541000,-0.000096
4.542000,-0.000096
4.543000,-0.000096
4.544000,-0.000096
4.545000,-0.000413
4.546000,-0.000413
4.547000,-0.000413
4.548000,-0.000413
4.549000,-0.000096
4.550000,0.000220
4.551000,-0.000096
4.552000,-0.000729
4.553000,-0.000413
4.554000,-0.000413
4.555000,-0.000413
4.556000,-0.000096
4.557000,-0.000096
4.558000,-0.000096
4.559000,-0.000413
4.560000,-0.000413
4.561000,-0.000096
4.562000,-0.000096
4.563000,-0.000413
4.564000,-0.000096
4.565000,-0.000413
4.566000,-0.000096
4.567000,0.000220
4.568000,-0.000413
4.569000,-0.000413
4.570000,-0.000096
4.571000,-0.000413
4.572000,-0.000413
4.573000,-0.000096
4.574000,0.000220
4.575000,-0.000096
4.576000,0.000220
4.577000,-0.000413
4.578000,-0.000096
4.579000,-0.000096
4.580000,-0.000096
4.581000,-0.000096
4.582000,-0.000096
4.583000,-0.000413
4.584000,-0.000729
4.585000,-0.000413
4.586000,-0.000096
4.587000,-0.000096
4.588000,-0.000729
4.589000,-0.000729
4.590000,-0.000413
4.591000,-0.000096
4.592000,-0.000729
4.593000,-0.000413
4.594000,0.000220
4.595000,-0.000096
4.596000,-0.000413
4.597000,-0.000096
4.598000,-0.000096
4.599000,-0.000096
4.600000,-0.000413
4.601000,-0.000413
4.602000,-0.000413
4.603000,-0.000096
4.604000,-0.000413
4.605000,-0.000096
4.606000,-0.000413
4.607000,-0.000413
4.608000,0.000220
4.609000,-0.000413
4.610000,-0.000413
4.611000,-0.000096
4.612000,-0.000096
4.613000,-0.000413
4.614000,-0.000096
4.615000,-0.000729
4.616000,-0.000413
4.617000,-0.000096
4.618000,-0.000413
4.619000,0.000536
4.620000,-0.000413
4.621000,-0.000096
4.622000,-0.000096
4.623000,-0.000096
4.624000,-0.000096
4.625000,0.000220
4.626000,0.000220
4.627000,-0.000413
4.628000,-0.000096
4.629000,-0.000413
4.630000,-0.000413
4.631000,-0.000413
4.632000,-0.000729
4.633000,-0.000096
4.634000,-0.000096
4.635000,-0.000096
4.636000,-0.000096
4.637000,-0.000096
4.638000,-0.000096
4.639000,-0.000096
4.640000,-0.000096
4.641000,-0.000413
4.642000,-0.000096
4.643000,-0.000096
4.644000,-0.000096
4.645000,-0.000413
4.646000,-0.000096
4.647000,-0.000413
4.648000,-0.000096
4.649000,-0.000413
4.650000,-0.000096
4.651000,-0.000096
4.652000,0.000220
4.653000,-0.000096
4.654000,0.000220
4.655000,-0.000729
4.656000,-0.000096
4.657000,0.000220
4.658000,-0.000413
4.659000,-0.000096
4.660000,0.000220
4.661000,-0.000096
4.662000,-0.000096
4.663000,-0.000096
4.664000,-0.000096
4.665000,0.000220
4.666000,-0.000096
4.667000,-0.000096
4.668000,-0.000096
4.669000,-0.000096
4.670000,0.000220
4.671000,-0.000413
4.672000,-0.000729
4.673000,-0.000413
4.674000,-0.000096
4.675000,-0.000096
4.676000,-0.000413
4.677000,-0.000729
4.678000,-0.000096
4.679000,-0.000096
4.680000,0.000220
4.681000,-0.000413
4.682000,0.000220
4.683000,-0.000096
4.684000,-0.000096
4.685000,-0.000096
4.686000,-0.000729
4.687000,-0.000096
4.688000,-0.000096
4.689000,-0.000729
4.690000,-0.000096
4.691000,-0.000729
4.692000,-0.000413
4.693000,-0.000096
4.694000,-0.000096
4.695000,-0.000413
4.696000,0.000220
4.697000,-0.000096
4.698000,-0.000413
4.699000,0.000220
4.700000,-0.000096
4.701000,-0.000096
4.702000,0.000220
4.703000,-0.000096
4.704000,-0.000413
4.705000,-0.000096
4.706000,-0.000096
4.707000,0.000220
4.708000,-0.000096
4.709000,-0.000096
4.710000,-0.000096
4.711000,-0.000096
4.712000,-0.000096
4.713000,-0.000096
4.714000,-0.000096
4.715000,-0.000413
4.716000,-0.000096
4.717000,-0.000096
4.718000,-0.000096
4.719000,0.000220
4.720000,-0.000096
4.721000,-0.000096
4.722000,-0.000096
4.723000,-0.000096
4.724000,-0.000096
4.725000,-0.000413
4.726000,-0.000729
4.727000,-0.000096
4.728000,-0.000413
4.729000,-0.000413
4.730000,-0.000096
4.731000,-0.000729
4.732000,0.000220
4.733000,-0.000096
4.734000,-0.000096
4.735000,0.000220
4.736000,-0.000096
4.737000,-0.000096
4.738000,-0.000096
4.739000,-0.000096
4.740000,-0.000729
4.741000,-0.000413
4.742000,-0.000413
4.743000,0.000220
4.744000,-0.000096
4.745000,-0.000096
4.746000,0.000220
4.747000,-0.000096
4.748000,-0.000096
4.749000,0.000220
4.750000,-0.000096
4.751000,-0.000096
4.752000,-0.000096
4.753000,0.000220
4.754000,-0.000096
4.755000,-0.000096
4.756000,-0.000413
4.757000,-0.000729
4.758000,-0.000096
4.759000,-0.000096
4.760000,-0.000413
4.761000,-0.000096
4.762000,-0.000413
4.763000,-0.000096
4.764000,-0.000413
4.765000,-0.000729
4.766000,0.000220
4.767000,-0.000096
4.768000,-0.000096
4.769000,-0.000096
4.770000,-0.000413
4.771000,-0.000413
4.772000,-0.000096
4.773000,-0.000413
4.774000,0.000220
4.775000,-0.000096
4.776000,0.000220
4.777000,-0.000096
4.778000,-0.000413
4.779000,-0.000729
4.780000,-0.000096
4.781000,-0.000096
4.782000,0.000220
4.783000,-0.000096
4.784000,-0.000096
4.785000,-0.000413
4.786000,-0.000096
4.787000,-0.000096
4.788000,-0.000096
4.789000,-0.000413
4.790000,-0.000096
4.791000,-0.000729
4.792000,-0.000413
4.793000,-0.000096
4.794000,-0.000413
4.795000,-0.000413
4.796000,-0.000096
4.797000,-0.000096
4.798000,-0.000096
4.799000,-0.000096
4.800000,-0.000413
4.801000,-0.000729
4.802000,-0.000096
4.803000,-0.000096
4.804000,-0.000096
4.805000,0.000220
4.806000,-0.000729
4.807000,-0.000096
4.808000,-0.000096
4.809000,-0.000413
4.810000,-0.000413
4.811000,-0.000413
4.812000,0.000220
4.813000,-0.000096
4.814000,-0.000096
4.815000,0.000220
4.816000,-0.000096
4.817000,-0.000413
4.818000,-0.000096
4.819000,-0.000729
4.820000,-0.000413
4.821000,-0.000413
4.822000,-0.000096
4.823000,-0.000096
4.824000,-0.000096
4.825000,-0.000096
4.826000,-0.000413
4.827000,-0.000413
4.828000,-0.000096
4.829000,0.000220
4.830000,-0.000096
4.831000,-0.000413
4.832000,-0.000096
4.833000,-0.000096
4.834000,-0.000096
4.835000,-0.000096
4.836000,-0.000413
4.837000,-0.000096
4.838000,-0.000096
4.839000,-0.000096
4.840000,-0.000096
4.841000,-0.000096
4.842000,0.000220
4.843000,-0.000096
4.844000,-0.000096
4.845000,-0.000096
4.846000,-0.000096
4.847000,-0.000096
4.848000,-0.000096
4.849000,-0.000096
4.850000,-0.000096
4.851000,-0.000729
4.852000,-0.000729
4.853000,0.000220
4.854000,-0.000096
4.855000,-0.000096
4.856000,-0.000413
4.857000,-0.000413
4.858000,-0.000096
4.859000,-0.000413
4.860000,-0.000096
4.861000,-0.000096
4.862000,-0.000413
4.863000,-0.000413
4.864000,-0.000096
4.865000,-0.000413
4.866000,-0.000413
4.867000,-0.000096
4.868000,-0.000096
4.869000,-0.000096
4.870000,0.000220
4.871000,-0.000096
4.872000,-0.000413
4.873000,-0.000096
4.874000,-0.000096
4.875000,-0.000413
4.876000,-0.000096
4.877000,-0.000096
4.878000,-0.000096
4.879000,-0.000096
4.880000,-0.000096
4.881000,-0.000096
4.882000,-0.000096
4.883000,-0.000096
4.884000,-0.000729
4.885000,-0.000413
4.886000,-0.000413
4.887000,-0.000413
4.888000,-0.000096
4.889000,-0.000096
4.890000,-0.000413
4.891000,-0.000096
4.892000,-0.000096
4.893000,-0.000096
4.894000,0.000220
4.895000,-0.000096
4.896000,-0.000096
4.897000,-0.000096
4.898000,-0.000096
4.899000,-0.000096
4.900000,-0.000413
4.901000,-0.000096
4.902000,-0.000096
4.903000,-0.000096
4.904000,-0.000096
4.905000,-0.000413
4.906000,-0.000096
4.907000,-0.000096
4.908000,-0.000096
4.909000,-0.000096
4.910000,-0.000413
4.911000,-0.000096
4.912000,-0.000096
4.913000,-0.000096
4.914000,-0.000413
4.915000,-0.000413
4.916000,-0.000096
4.917000,-0.000096
4.918000,-0.000096
4.919000,0.000220
4.920000,-0.000413
4.921000,0.000220
4.922000,-0.000096
4.923000,0.000220
4.924000,-0.000413
4.925000,-0.000096
4.926000,-0.000096
4.927000,-0.000413
4.928000,-0.000096
4.929000,-0.000413
4.930000,0.000220
4.931000,0.000220
4.932000,-0.000096
4.933000,-0.000096
4.934000,-0.000413
4.935000,-0.000413
4.936000,0.000220
4.937000,-0.000413
4.938000,-0.000096
4.939000,-0.000413
4.940000,-0.000729
4.941000,-0.000096
4.942000,0.000220
4.943000,-0.000096
4.944000,-0.000096
4.945000,-0.000096
4.946000,-0.000729
4.947000,-0.000413
4.948000,-0.000413
4.949000,-0.000096
4.950000,-0.000096
4.951000,-0.000096
4.952000,-0.000096
4.953000,-0.000096
4.954000,-0.000096
4.955000,-0.000096
4.956000,-0.000729
4.957000,-0.000413
4.958000,0.000220
4.959000,-0.000096
4.960000,-0.000096
4.961000,-0.000096
4.962000,-0.000096
4.963000,-0.000413
4.964000,-0.000096
4.965000,-0.000096
4.966000,-0.000096
4.967000,0.000220
4.968000,-0.000413
4.969000,-0.000413
4.970000,-0.000096
4.971000,-0.000413
4.972000,-0.000096
4.973000,0.000220
4.974000,-0.000096
4.975000,0.000220
4.976000,-0.000096
4.977000,-0.000729
4.978000,-0.000729
4.979000,-0.000413
4.980000,-0.000096
4.981000,-0.000413
4.982000,-0.000096
4.983000,-0.000096
4.984000,0.000220
4.985000,-0.000096
4.986000,-0.000729
4.987000,-0.000096
4.988000,-0.000096
4.989000,-0.000413
4.990000,-0.000096
4.991000,0.000220
4.992000,-0.000096
4.993000,-0.000096
4.994000,-0.000413
4.995000,-0.000413
4.996000,-0.000413
4.997000,-0.000413
4.998000,-0.000096
4.999000,-0.000096
5.000000,-0.000413
5.001000,-0.000096
5.002000,-0.000096
5.003000,0.000220
5.004000,-0.000413
5.005000,0.000220
5.006000,-0.000096
5.007000,0.000220
5.008000,-0.000413
5.009000,0.000220
5.010000,-0.000096
5.011000,-0.000729
5.012000,-0.000729
5.013000,-0.000413
5.014000,-0.000413
5.015000,-0.000096
5.016000,-0.000096
5.017000,-0.000413
5.018000,-0.000096
5.019000,-0.000096
5.020000,-0.000096
5.021000,-0.000096
5.022000,-0.000096
5.023000,-0.000413
5.024000,-0.000413
5.025000,-0.000096
5.026000,-0.000729
5.027000,-0.000096
5.028000,-0.000096
5.029000,0.000536
5.030000,-0.000413
5.031000,-0.000413
5.032000,-0.000096
5.033000,0.000220
5.034000,0.000220
5.035000,-0.000413
5.036000,0.000220
5.037000,-0.000413
5.038000,-0.000096
5.039000,-0.000096
5.040000,-0.000096
5.041000,-0.000096
5.042000,-0.000096
5.043000,-0.000413
5.044000,-0.000729
5.045000,-0.000413
5.046000,-0.000729
5.047000,-0.000096
5.048000,-0.000413
5.049000,-0.000413
5.050000,-0.000096
5.051000,-0.000096
5.052000,-0.000096
5.053000,-0.000413
5.054000,-0.000096
5.055000,-0.000729
5.056000,-0.000096
5.057000,-0.000096
5.058000,-0.000413
5.059000,-0.000413
5.060000,-0.000413
5.061000,-0.000413
5.062000,-0.000096
5.063000,0.000220
5.064000,-0.000096
5.065000,-0.000413
5.066000,-0.000096
5.067000,-0.000096
5.068000,-0.000096
5.069000,-0.000413
5.070000,-0.000413
5.071000,-0.000096
5.072000,-0.000413
5.073000,-0.000413
5.074000,0.000220
5.075000,-0.000729
5.076000,-0.000096
5.077000,-0.000096
5.078000,0.000220
5.079000,-0.000096
5.080000,-0.000413
5.081000,-0.000096
5.082000,-0.000413
5.083000,-0.000413
5.084000,-0.000096
5.085000,-0.000096
5.086000,-0.000413
5.087000,-0.000096
5.088000,-0.000096
5.089000,0.000220
5.090000,-0.000096
5.091000,-0.000096
5.092000,-0.000096
5.093000,-0.000096
5.094000,0.000220
5.095000,-0.000096
5.096000,-0.000413
5.097000,-0.000413
5.098000,-0.000096
5.099000,0.000220
5.100000,0.000220
5.101000,-0.000096
5.102000,-0.000413
5.103000,0.000220
5.104000,-0.000413
5.105000,-0.000413
5.106000,-0.000413
5.107000,-0.000729
5.108000,-0.000096
5.109000,-0.000096
5.110000,-0.000413
5.111000,0.000220
5.112000,-0.000096
5.113000,-0.000413
5.114000,-0.000096
5.115000,-0.000096
5.116000,-0.000096
5.117000,-0.000096
5.118000,-0.000096
5.119000,-0.000096
5.120000,-0.000096
5.121000,-0.000096
5.122000,0.000220
5.123000,-0.000096
5.124000,-0.000096
5.125000,-0.000096
5.126000,-0.000096
5.127000,-0.000096
5.128000,-0.000096
5.129000,0.000220
5.130000,-0.000096
5.131000,-0.000096
5.132000,0.000220
5.133000,-0.000096
5.134000,-0.000096
5.135000,0.000220
5.136000,-0.000413
5.137000,0.000220
5.138000,0.000220
5.139000,-0.000096
5.140000,0.000220
5.141000,-0.000096
5.142000,0.000220
5.143000,-0.000096
5.144000,-0.000096
5.145000,-0.000096
5.146000,0.000220
5.147000,-0.000096
5.148000,-0.000729
5.149000,-0.000096
5.150000,-0.000413
5.151000,-0.000096
5.152000,-0.000096
5.153000,-0.000096
5.154000,-0.000096
5.155000,-0.000096
5.156000,-0.000413
5.157000,-0.000096
5.158000,-0.000096
5.159000,-0.000413
5.160000,-0.000413
5.161000,-0.000413
5.162000,-0.000096
5.163000,-0.000413
5.164000,-0.000096
5.165000,-0.000096
5.166000,0.000220
5.167000,-0.000413
5.168000,-0.000096
5.169000,-0.000413
5.170000,-0.000096
5.171000,0.000220
5.172000,-0.000096
5.173000,-0.000096
5.174000,-0.000096
5.175000,-0.000096
5.176000,-0.000096
5.177000,-0.000096
5.178000,-0.000096
5.179000,-0.000096
5.180000,-0.000096
5.181000,-0.000413
5.182000,-0.000096
5.183000,-0.000413
5.184000,-0.000413
5.185000,-0.000413
5.186000,-0.000096
5.187000,-0.000729
5.188000,-0.000096
5.189000,-0.000096
5.190000,-0.000413
5.191000,0.000220
5.192000,-0.000413
5.193000,-0.000096
5.194000,-0.000413
5.195000,-0.000096
5.196000,-0.000729
5.197000,-0.000413
5.198000,-0.000413
5.199000,-0.000413
5.200000,-0.000096
5.201000,-0.000413
5.202000,-0.000096
5.203000,-0.000413
5.204000,-0.000096
5.205000,-0.000096
5.206000,-0.000096
5.207000,-0.000413
5.208000,-0.000096
5.209000,-0.000096
5.210000,-0.000096
5.211000,-0.000096
5.212000,-0.000096
5.213000,-0.000096
5.214000,0.000220
5.215000,-0.000413
5.216000,0.000220
5.217000,-0.000096
5.218000,-0.000096
5.219000,-0.000096
5.220000,-0.000096
5.221000,-0.000096
5.222000,-0.000096
5.223000,-0.000096
5.224000,-0.000096
5.225000,-0.000096
5.226000,0.000220
5.227000,-0.000096
5.228000,-0.000096
5.229000,-0.000413
5.230000,-0.000413
5.231000,-0.000413
5.232000,0.000220
5.233000,0.000220
5.234000,-0.000096
5.235000,-0.000096
5.236000,-0.000096
5.237000,0.000220
5.238000,-0.000096
5.239000,0.000220
5.240000,-0.000413
5.241000,-0.000413
5.242000,-0.000096
5.243000,-0.000096
5.244000,-0.000413
5.245000,-0.000096
5.246000,0.000220
5.247000,-0.000096
5.248000,-0.000413
5.249000,-0.000096
5.250000,-0.000413
5.251000,-0.000096
5.252000,-0.000413
5.253000,-0.000096
5.254000,-0.000096
5.255000,-0.000096
5.256000,-0.000413
5.257000,-0.000096
5.258000,-0.000096
5.259000,-0.000096
5.260000,-0.000413
5.261000,-0.000413
5.262000,-0.000096
5.263000,-0.000096
5.264000,-0.000413
5.265000,-0.000413
5.266000,-0.000413
5.267000,-0.000413
5.268000,-0.000096
5.269000,-0.000729
5.270000,-0.000413
5.271000,-0.000413
5.272000,-0.000413
5.273000,-0.000096
5.274000,0.000220
5.275000,0.000220
5.276000,-0.000413
5.277000,-0.000413
5.278000,-0.000096
5.279000,-0.000096
5.280000,-0.000096
5.281000,-0.000096
5.282000,-0.000096
5.283000,-0.000096
5.284000,-0.000096
5.285000,0.000220
5.286000,-0.000096
5.287000,-0.000413
5.288000,0.000220
5.289000,-0.000096
5.290000,-0.000413
5.291000,-0.000096
5.292000,-0.000096
5.293000,-0.000413
5.294000,-0.000413
5.295000,-0.000096
5.296000,-0.000096
5.297000,-0.000096
5.298000,-0.000413
5.299000,0.000220
5.300000,-0.000096
5.301000,0.000220
5.302000,-0.000096
5.303000,-0.000096
5.304000,-0.000096
5.305000,-0.000096
5.306000,-0.000096
5.307000,-0.000096
5.308000,-0.000413
5.309000,-0.000413
5.310000,-0.000096
5.311000,-0.000413
5.312000,-0.000096
5.313000,-0.000096
5.314000,-0.000096
5.315000,-0.000096
5.316000,-0.000413
5.317000,-0.000096
5.318000,-0.000413
5.319000,-0.000096
5.320000,-0.000096
5.321000,-0.000413
5.322000,-0.000096
5.323000,-0.000096
5.324000,-0.000096
5.325000,0.000220
5.326000,-0.000413
5.327000,0.000220
5.328000,-0.000096
5.329000,-0.000413
5.330000,-0.000096
5.331000,-0.000096
5.332000,-0.000096
5.333000,-0.000413
5.334000,-0.000413
5.335000,-0.000413
5.336000,-0.000413
5.337000,-0.000096
5.338000,-0.000413
5.339000,-0.000096
5.340000,-0.000413
5.341000,-0.000413
5.342000,-0.000413
5.343000,0.000220
5.344000,-0.000413
5.345000,-0.000413
5.346000,-0.000096
5.347000,-0.000096
5.348000,-0.000096
5.349000,-0.000096
5.350000,-0.000413
5.351000,-0.000096
5.352000,0.000220
5.353000,-0.000413
5.354000,-0.000096
5.355000,-0.000413
5.356000,-0.000096
5.357000,-0.000096
5.358000,-0.000413
5.359000,-0.000729
5.360000,-0.000096
5.361000,-0.000413
5.362000,-0.000096
5.363000,0.000536
5.364000,-0.000413
5.365000,-0.000096
5.366000,-0.000729
5.367000,-0.000096
5.368000,-0.000096
5.369000,-0.000096
5.370000,-0.000096
5.371000,-0.000096
5.372000,-0.000413
5.373000,-0.000096
5.374000,-0.000096
5.375000,-0.000096
5.376000,-0.000413
5.377000,-0.000413
5.378000,-0.000096
5.379000,0.000220
5.380000,-0.000413
5.381000,-0.000413
5.382000,-0.000413
5.383000,0.000220
5.384000,-0.000413
5.385000,-0.000096
5.386000,-0.000096
5.387000,-0.000413
5.388000,-0.000729
5.389000,-0.000096
5.390000,0.000220
5.391000,-0.000096
5.392000,-0.000096
5.393000,0.000220
5.394000,-0.000096
5.395000,-0.000096
5.396000,-0.000413
5.397000,0.000220
5.398000,-0.000096
5.399000,0.000220
5.400000,0.000220
5.401000,-0.000096
5.402000,-0.000413
5.403000,-0.000096
5.404000,-0.000096
5.405000,-0.000096
5.406000,-0.000096
5.407000,-0.000096
5.408000,-0.000413
5.409000,-0.000413
5.410000,-0.000096
5.411000,-0.000096
5.412000,-0.000096
5.413000,-0.000096
5.414000,-0.000413
5.415000,-0.000096
5.416000,-0.000413
5.417000,-0.000096
5.418000,-0.000413
5.419000,-0.000096
5.420000,-0.000096
5.421000,-0.000413
5.422000,-0.000096
5.423000,-0.000413
5.424000,-0.000096
5.425000,-0.000413
5.426000,-0.000096
5.427000,-0.000096
5.428000,-0.000729
5.429000,-0.000096
5.430000,-0.000413
5.431000,0.000220
5.432000,0.000220
5.433000,-0.000413
5.434000,-0.000413
5.435000,-0.000096
5.436000,-0.000413
5.437000,0.000220
5.438000,-0.000096
5.439000,-0.000096
5.440000,0.000220
5.441000,-0.000096
5.442000,-0.000096
5.443000,-0.000096
5.444000,-0.000096
5.445000,-0.000096
5.446000,-0.000413
5.447000,-0.000729
5.448000,-0.000096
5.449000,0.000220
5.450000,-0.000413
5.451000,-0.000096
5.452000,-0.000096
5.453000,-0.000413
5.454000,-0.000096
5.455000,-0.000096
5.456000,-0.000096
5.457000,-0.000096
5.458000,0.000220
5.459000,-0.000413
5.460000,-0.000096
5.461000,-0.000729
5.462000,0.000220
5.463000,-0.000413
5.464000,0.000220
5.465000,-0.000096
5.466000,0.000536
5.467000,-0.000096
5.468000,-0.000096
5.469000,-0.000096
5.470000,-0.000729
5.471000,-0.000096
5.472000,-0.000413
5.473000,-0.000729
5.474000,-0.000729
5.475000,-0.000096
5.476000,-0.000096
5.477000,0.000220
5.478000,-0.000096
5.479000,-0.000096
5.480000,-0.000413
5.481000,-0.000096
5.482000,-0.000413
5.483000,-0.000413
5.484000,-0.000096
5.485000,-0.000729
5.486000,-0.000413
5.487000,-0.000096
5.488000,-0.000096
5.489000,-0.000413
5.490000,0.000220
5.491000,-0.000413
5.492000,-0.000096
5.493000,-0.000413
5.494000,-0.000096
5.495000,-0.000413
5.496000,-0.000096
5.497000,-0.000729
5.498000,-0.000096
5.499000,0.000220
5.500000,-0.000413
5.501000,-0.000096
5.502000,-0.000096
5.503000,-0.000413
5.504000,-0.000413
5.505000,-0.000096
5.506000,-0.000413
5.507000,-0.000413
5.508000,-0.000729
5.509000,-0.000096
5.510000,0.000220
5.511000,-0.000096
5.512000,-0.000413
5.513000,-0.000413
5.514000,-0.000729
5.515000,-0.000096
5.516000,-0.000413
5.517000,-0.000096
5.518000,-0.000096
5.519000,-0.000413
5.520000,0.000220
5.521000,-0.000096
5.522000,-0.000413
5.523000,-0.000096
5.524000,-0.000413
5.525000,0.000220
5.526000,-0.000096
5.527000,-0.000413
5.528000,-0.000096
5.529000,-0.000096
5.530000,-0.000729
5.531000,-0.000413
5.532000,-0.000096
5.533000,0.000220
5.534000,-0.000096
5.535000,-0.000413
5.536000,-0.000413
5.537000,-0.000096
5.538000,-0.000096
5.539000,-0.000096
5.540000,-0.000413
5.541000,-0.000413
5.542000,-0.000729
5.543000,-0.000096
5.544000,-0.000096
5.545000,-0.000096
5.546000,-0.000096
5.547000,-0.000413
5.548000,-0.000096
5.549000,0.000220
5.550000,-0.000413
5.551000,0.000220
5.552000,-0.000096
5.553000,-0.000096
5.554000,-0.000096
5.555000,-0.000096
5.556000,-0.000096
5.557000,0.000220
5.558000,0.000220
5.559000,-0.000096
5.560000,-0.000413
5.561000,-0.000413
5.562000,-0.000413
5.563000,-0.000413
5.564000,-0.000096
5.565000,-0.000096
5.566000,-0.000096
5.567000,0.000220
5.568000,-0.000096
5.569000,-0.000096
5.570000,-0.000096
5.571000,-0.000096
5.572000,-0.000413
5.573000,-0.000096
5.574000,-0.000413
5.575000,-0.000096
5.576000,-0.000413
5.577000,-0.000413
5.578000,-0.000096
5.579000,-0.000096
5.580000,-0.000413
5.581000,-0.000096
5.582000,-0.000096
5.583000,-0.000096
5.584000,-0.000096
5.585000,-0.000413
5.586000,-0.000413
5.587000,-0.000413
5.588000,-0.000413
5.589000,-0.000413
5.590000,-0.000096
5.591000,-0.000096
5.592000,-0.000413
5.593000,-0.000096
5.594000,-0.000729
5.595000,-0.000096
5.596000,-0.000096
5.597000,-0.000413
5.598000,-0.000096
5.599000,-0.000096
5.600000,-0.000413
5.601000,-0.000096
5.602000,-0.000096
5.603000,0.000220
5.604000,-0.000413
5.605000,-0.000096
5.606000,-0.000096
5.607000,-0.000096
5.608000,-0.000729
5.609000,-0.000413
5.610000,-0.000096
5.611000,0.000220
5.612000,-0.000096
5.613000,-0.000096
5.614000,-0.000096
5.615000,-0.000096
5.616000,-0.000096
5.617000,-0.000096
5.618000,-0.000096
5.619000,-0.000096
5.620000,-0.000413
5.621000,0.000220
5.622000,-0.000096
5.623000,-0.000096
5.624000,-0.000413
5.625000,-0.000413
5.626000,-0.000413
5.627000,-0.000096
5.628000,-0.000096
5.629000,-0.000096
5.630000,-0.000096
5.631000,-0.000096
5.632000,-0.000096
5.633000,-0.000413
5.634000,-0.000729
5.635000,-0.000096
5.636000,0.000220
5.637000,0.000536
5.638000,-0.000096
5.639000,-0.000096
5.640000,0.000220
5.641000,-0.000413
5.642000,-0.000096
5.643000,-0.000413
5.644000,-0.000096
5.645000,-0.000096
5.646000,-0.000096
5.647000,-0.000729
5.648000,-0.000096
5.649000,-0.000729
5.650000,-0.000096
5.651000,-0.000096
5.652000,0.000220
5.653000,-0.000413
5.654000,-0.000096
5.655000,-0.000096
5.656000,-0.000729
5.657000,-0.000096
5.658000,-0.000096
5.659000,0.000220
5.660000,-0.000096
5.661000,-0.000413
5.662000,-0.000413
5.663000,-0.000096
5.664000,-0.000096
5.665000,-0.000096
5.666000,-0.000096
5.667000,-0.000413
5.668000,-0.000096
5.669000,-0.000096
5.670000,-0.000096
5.671000,-0.000096
5.672000,-0.000096
5.673000,-0.000096
5.674000,-0.000096
5.675000,-0.000096
5.676000,-0.000729
5.677000,-0.000096
5.678000,-0.000096
5.679000,-0.000413
5.680000,-0.000413
5.681000,0.000220
5.682000,-0.000096
5.683000,-0.000096
5.684000,0.000220
5.685000,-0.000413
5.686000,-0.000413
5.687000,-0.000096
5.688000,-0.000096
5.689000,-0.000096
5.690000,-0.000096
5.691000,0.000220
5.692000,-0.000096
5.693000,-0.000413
5.694000,-0.000096
5.695000,-0.000096
5.696000,-0.000413
5.697000,-0.000096
5.698000,-0.000413
5.699000,-0.000096
5.700000,-0.000096
5.701000,-0.000096
5.702000,-0.000096
5.703000,-0.000096
5.704000,-0.000096
5.705000,-0.000096
5.706000,0.000536
5.707000,-0.000096
5.708000,-0.000096
5.709000,-0.000096
5.710000,-0.000096
5.711000,-0.000413
5.712000,-0.000096
5.713000,-0.000729
5.714000,-0.000096
5.715000,-0.000413
5.716000,-0.000413
5.717000,-0.000096
5.718000,-0.000096
5.719000,-0.000096
5.720000,-0.000096
5.721000,-0.000096
5.722000,-0.000096
5.723000,-0.000096
5.724000,-0.000413
5.725000,-0.000413
5.726000,-0.000413
5.727000,-0.000096
5.728000,0.000220
5.729000,-0.000096
5.730000,0.000220
5.731000,-0.000096
5.732000,0.000220
5.733000,-0.000096
5.734000,-0.000096
5.735000,-0.000096
5.736000,-0.000413
5.737000,-0.000096
5.738000,-0.000413
5.739000,-0.000096
5.740000,-0.000096
5.741000,-0.000413
5.742000,-0.000413
5.743000,0.000220
5.744000,-0.000096
5.745000,-0.000413
5.746000,-0.000413
5.747000,-0.000413
5.748000,-0.000413
5.749000,-0.000729
5.750000,0.000220
5.751000,0.000220
5.752000,-0.000413
5.753000,-0.000096
5.754000,-0.000096
5.755000,-0.000096
5.756000,-0.000096
5.757000,-0.000096
5.758000,-0.000096
5.759000,-0.000096
5.760000,0.000220
5.761000,-0.000413
5.762000,-0.000096
5.763000,-0.000413
5.764000,-0.000413
5.765000,-0.000413
5.766000,-0.000413
5.767000,-0.000096
5.768000,-0.000413
5.769000,-0.000096
5.770000,-0.000413
5.771000,0.000220
5.772000,-0.000096
5.773000,-0.000096
5.774000,-0.000096
5.775000,-0.000096
5.776000,-0.000096
5.777000,-0.000096
5.778000,-0.000413
5.779000,-0.000413
5.780000,-0.000096
5.781000,-0.000413
5.782000,-0.000096
5.783000,-0.000096
5.784000,-0.000096
5.785000,-0.000096
5.786000,-0.000096
5.787000,-0.000096
5.788000,-0.000413
5.789000,-0.000413
5.790000,-0.000096
5.791000,-0.000413
5.792000,-0.000413
5.793000,0.000220
5.794000,-0.000096
5.795000,-0.000096
5.796000,-0.000096
5.797000,0.000220
5.798000,-0.000096
5.799000,-0.000413
5.800000,-0.000096
5.801000,-0.000413
5.802000,0.000536
5.803000,-0.000413
5.804000,0.000220
5.805000,-0.000413
5.806000,-0.000096
5.807000,-0.000096
5.808000,-0.000413
5.809000,-0.000413
5.810000,-0.000413
5.811000,0.000220
5.812000,-0.000413
5.813000,-0.000413
5.814000,-0.000096
5.815000,-0.000096
5.816000,-0.000096
5.817000,0.000220
5.818000,-0.000096
5.819000,-0.000096
5.820000,-0.000413
5.821000,-0.000096
5.822000,-0.000413
5.823000,-0.000413
5.824000,0.000220
5.825000,-0.000096
5.826000,0.000220
5.827000,0.000220
5.828000,-0.000096
5.829000,0.000220
5.830000,-0.000096
5.831000,-0.000096
5.832000,-0.000096
5.833000,-0.000096
5.834000,-0.000413
5.835000,-0.000096
5.836000,0.000220
5.837000,-0.000413
5.838000,-0.000413
5.839000,0.000220
5.840000,-0.000096
5.841000,-0.000096
5.842000,-0.000413
5.843000,0.000220
5.844000,-0.000413
5.845000,0.000220
5.846000,-0.000096
5.847000,-0.000096
5.848000,-0.000096
5.849000,-0.000096
5.850000,-0.000413
5.851000,-0.000096
5.852000,-0.000729
5.853000,0.000220
5.854000,-0.000096
5.855000,-0.000096
5.856000,-0.000096
5.857000,-0.000096
5.858000,-0.000729
5.859000,-0.000096
5.860000,-0.000413
5.861000,-0.000096
5.862000,-0.000096
5.863000,0.000220
5.864000,-0.000096
5.865000,-0.000413
5.866000,-0.000096
5.867000,-0.000413
5.868000,-0.000096
5.869000,-0.000413
5.870000,-0.000096
5.871000,0.000220
5.872000,-0.000413
5.873000,-0.000096
5.874000,-0.000096
5.875000,-0.000096
5.876000,-0.000413
5.877000,-0.000096
5.878000,-0.000096
5.879000,-0.000096
5.880000,-0.000413
5.881000,0.000220
5.882000,-0.000096
5.883000,-0.000096
5.884000,-0.000413
5.885000,-0.000096
5.886000,-0.000096
5.887000,-0.000096
5.888000,-0.000096
5.889000,-0.000413
5.890000,0.000220
5.891000,-0.000413
5.892000,-0.000413
5.893000,-0.000096
5.894000,-0.000729
5.895000,0.000220
5.896000,0.000536
5.897000,-0.000096
5.898000,-0.000413
5.899000,-0.000096
5.900000,-0.000096
5.901000,-0.000413
5.902000,-0.000096
5.903000,-0.000413
5.904000,-0.000096
5.905000,-0.000096
5.906000,-0.000096
5.907000,-0.000413
5.908000,0.000220
5.909000,-0.000096
5.910000,-0.000096
5.911000,-0.000096
5.912000,-0.000413
5.913000,-0.000096
5.914000,-0.000729
5.915000,-0.000096
5.916000,0.000220
5.917000,-0.000413
5.918000,-0.000413
5.919000,0.000220
5.920000,-0.000096
5.921000,-0.000413
5.922000,-0.000413
5.923000,-0.000096
5.924000,-0.000413
5.925000,-0.000096
5.926000,-0.000096
5.927000,0.000220
5.928000,-0.000096
5.929000,0.000220
5.930000,-0.000096
5.931000,-0.000096
5.932000,-0.000096
5.933000,-0.000729
5.934000,-0.000413
5.935000,0.000220
5.936000,0.000220
5.937000,-0.000096
5.938000,-0.000413
5.939000,-0.000096
5.940000,-0.000413
5.941000,-0.000096
5.942000,-0.000096
5.943000,-0.000413
5.944000,-0.000096
5.945000,-0.000096
5.946000,-0.000096
5.947000,-0.000413
5.948000,-0.000729
5.949000,0.000220
5.950000,-0.000096
5.951000,-0.000096
5.952000,-0.000096
5.953000,0.000220
5.954000,-0.000096
5.955000,-0.000413
5.956000,-0.000413
5.957000,-0.000096
5.958000,-0.000413
5.959000,-0.000729
5.960000,-0.000096
5.961000,-0.000413
5.962000,-0.000096
5.963000,-0.000096
5.964000,-0.000413
5.965000,-0.000729
5.966000,-0.000096
5.967000,-0.000096
5.968000,-0.000096
5.969000,0.000220
5.970000,-0.000096
5.971000,-0.000413
5.972000,-0.000096
5.973000,-0.000096
5.974000,-0.000096
5.975000,0.000220
5.976000,-0.000096
5.977000,0.000220
5.978000,-0.000096
5.979000,-0.000096
5.980000,0.000220
5.981000,-0.000096
5.982000,-0.000096
5.983000,-0.000096
5.984000,-0.000413
5.985000,-0.000413
5.986000,-0.000096
5.987000,0.000220
5.988000,-0.000413
5.989000,-0.000729
5.990000,-0.000729
5.991000,-0.000096
5.992000,-0.000413
5.993000,0.000220
5.994000,-0.000413
5.995000,-0.000096
5.996000,-0.000096
5.997000,-0.000413
5.998000,-0.000413
5.999000,-0.000096
6.000000,0.000220
6.001000,-0.000729
6.002000,-0.000729
6.003000,-0.000096
6.004000,-0.000413
6.005000,-0.000096
6.006000,0.000220
6.007000,-0.000096
6.008000,-0.000096
6.009000,-0.000096
6.010000,0.000220
6.011000,0.000220
6.012000,-0.000413
6.013000,-0.000413
6.014000,-0.000096
6.015000,-0.000413
6.016000,-0.000729
6.017000,-0.000413
6.018000,-0.000096
6.019000,0.000220
6.020000,-0.000096
6.021000,0.000220
6.022000,-0.000096
6.023000,-0.000096
6.024000,-0.000413
6.025000,-0.000096
6.026000,-0.000096
6.027000,-0.000096
6.028000,-0.000096
6.029000,-0.000096
6.030000,-0.000729
6.031000,-0.000096
6.032000,-0.000096
6.033000,-0.000096
6.034000,-0.000729
6.035000,-0.000413
6.036000,-0.000096
6.037000,-0.000413
6.038000,-0.000413
6.039000,0.000220
6.040000,-0.000096
6.041000,-0.000096
6.042000,-0.000413
6.043000,-0.000729
6.044000,-0.000413
6.045000,-0.000096
6.046000,-0.000413
6.047000,-0.000096
6.048000,-0.000096
6.049000,-0.000413
6.050000,-0.000096
6.051000,-0.000096
6.052000,-0.000096
6.053000,-0.000096
6.054000,-0.000096
6.055000,-0.000413
6.056000,-0.000096
6.057000,-0.000096
6.058000,-0.000413
6.059000,-0.000729
6.060000,-0.000096
6.061000,-0.000096
6.062000,0.000220
6.063000,-0.000096
6.064000,-0.000413
6.065000,-0.000096
6.066000,-0.000096
6.067000,-0.000413
6.068000,-0.000096
6.069000,-0.000413
6.070000,-0.000096
6.071000,-0.000096
6.072000,-0.000096
6.073000,-0.000729
6.074000,-0.000096
6.075000,-0.000413
6.076000,-0.000729
6.077000,-0.000096
6.078000,-0.000413
6.079000,0.000220
6.080000,-0.000096
6.081000,-0.000729
6.082000,-0.000096
6.083000,-0.000413
6.084000,-0.000096
6.085000,-0.000096
6.086000,-0.000413
6.087000,-0.000729
6.088000,-0.000413
6.089000,-0.000413
6.090000,-0.000096
6.091000,-0.000096
6.092000,-0.000096
6.093000,0.000220
6.094000,-0.000413
6.095000,0.000220
6.096000,-0.000096
6.097000,-0.000096
6.098000,-0.000096
6.099000,-0.000096
6.100000,-0.000096
6.101000,-0.000729
6.102000,-0.000096
6.103000,-0.000413
6.104000,-0.000729
6.105000,-0.000413
6.106000,-0.000096
6.107000,-0.000413
6.108000,-0.000096
6.109000,-0.000729
6.110000,-0.000096
6.111000,-0.000096
6.112000,-0.000096
6.113000,-0.000096
6.114000,-0.000096
6.115000,-0.000096
6.116000,-0.000413
6.117000,-0.000729
6.118000,-0.000413
6.119000,-0.000413
6.120000,0.000220
6.121000,-0.000096
6.122000,0.000536
6.123000,-0.000096
6.124000,0.000220
6.125000,-0.000096
6.126000,-0.000096
6.127000,-0.000413
6.128000,-0.000096
6.129000,-0.000096
6.130000,-0.000096
6.131000,-0.000729
6.132000,0.000220
6.133000,-0.000096
6.134000,-0.000096
6.135000,-0.000096
6.136000,-0.000096
6.137000,-0.000096
6.138000,-0.000096
6.139000,-0.000413
6.140000,-0.000413
6.141000,-0.000413
6.142000,-0.000413
6.143000,-0.000096
6.144000,-0.000413
6.145000,-0.000096
6.146000,-0.000096
6.147000,-0.000413
6.148000,-0.000413
6.149000,-0.000096
6.150000,-0.000096
6.151000,-0.000413
6.152000,-0.000096
6.153000,-0.000096
6.154000,-0.000096
6.155000,-0.000413
6.156000,-0.000096
6.157000,-0.000096
6.158000,-0.000096
6.159000,-0.000096
6.160000,-0.000096
6.161000,-0.000096
6.162000,-0.000413
6.163000,-0.000413
6.164000,-0.000413
6.165000,-0.000096
6.166000,-0.000096
6.167000,-0.000413
6.168000,-0.000413
6.169000,-0.000729
6.170000,-0.000413
6.171000,-0.000096
6.172000,0.000220
6.173000,-0.000096
6.174000,-0.000413
6.175000,-0.000096
6.176000,-0.000096
6.177000,-0.000096
6.178000,-0.000096
6.179000,-0.000413
6.180000,-0.000413
6.181000,-0.000413
6.182000,-0.000096
6.183000,-0.000096
6.184000,0.000220
6.185000,-0.000413
6.186000,0.000220
6.187000,-0.000096
6.188000,-0.000096
6.189000,-0.000096
6.190000,-0.000096
6.191000,-0.000096
6.192000,0.000220
6.193000,-0.000096
6.194000,-0.000096
6.195000,0.000220
6.196000,-0.000096
6.197000,-0.000096
6.198000,-0.000413
6.199000,-0.000413
6.200000,-0.000729
6.201000,-0.000096
6.202000,-0.000096
6.203000,-0.000096
6.204000,-0.000413
6.205000,-0.000413
6.206000,-0.000096
6.207000,0.000220
6.208000,-0.000096
6.209000,-0.000096
6.210000,-0.000413
6.211000,-0.000413
6.212000,-0.000096
6.213000,-0.000096
6.214000,0.000220
6.215000,-0.000413
6.216000,0.000220
6.217000,0.000220
6.218000,-0.000096
6.219000,-0.000096
6.220000,-0.000096
6.221000,-0.000096
6.222000,-0.000096
6.223000,0.000220
6.224000,-0.000096
6.225000,0.000220
6.226000,-0.000413
6.227000,0.000220
6.228000,-0.000413
6.229000,-0.000096
6.230000,-0.000413
6.231000,0.000220
6.232000,-0.000096
6.233000,0.000220
6.234000,-0.000096
6.235000,0.000220
6.236000,-0.000096
6.237000,-0.000096
6.238000,-0.000096
6.239000,-0.000096
6.240000,-0.000413
6.241000,-0.000096
6.242000,-0.000096
6.243000,-0.000096
6.244000,-0.000413
6.245000,-0.000096
6.246000,-0.000413
6.247000,-0.000096
6.248000,-0.000413
6.249000,-0.000096
6.250000,-0.000413
6.251000,-0.000413
6.252000,-0.000729
6.253000,-0.000096
6.254000,-0.000096
6.255000,-0.000096
6.256000,-0.000413
6.257000,-0.000413
6.258000,-0.000096
6.259000,-0.000096
6.260000,-0.000096
6.261000,-0.000096
6.262000,-0.000096
6.263000,-0.000096
6.264000,-0.000096
6.265000,-0.000096
6.266000,-0.000096
6.267000,-0.000729
6.268000,-0.000729
6.269000,-0.000096
6.270000,-0.000096
6.271000,-0.000096
6.272000,-0.000096
6.273000,-0.000096
6.274000,-0.000096
6.275000,-0.000096
6.276000,-0.000096
6.277000,-0.000096
6.278000,0.000220
6.279000,-0.000096
6.280000,-0.000729
6.281000,-0.000096
6.282000,-0.000096
6.283000,0.000220
6.284000,-0.000096
6.285000,0.000220
6.286000,-0.000096
6.287000,-0.000096
6.288000,-0.000096
6.289000,-0.000096
6.290000,-0.000096
6.291000,0.000536
6.292000,-0.000096
6.293000,-0.000729
6.294000,-0.000413
6.295000,0.000220
6.296000,-0.000413
6.297000,-0.000096
6.298000,-0.000413
6.299000,-0.000096
6.300000,-0.000096
6.301000,0.000220
6.302000,-0.000096
6.303000,-0.000096
6.304000,-0.000413
6.305000,-0.000413
6.306000,-0.000096
6.307000,-0.000729
6.308000,-0.000413
6.309000,-0.000413
6.310000,-0.000096
6.311000,0.000220
6.312000,-0.000096
6.313000,-0.000096
6.314000,-0.000729
6.315000,-0.000096
6.316000,-0.000729
6.317000,-0.000096
6.318000,-0.000729
6.319000,-0.000096
6.320000,-0.000096
6.321000,-0.000096
6.322000,-0.000096
6.323000,-0.000413
6.324000,-0.000096
6.325000,-0.000413
6.326000,-0.000413
6.327000,-0.000096
6.328000,-0.000096
6.329000,-0.000729
6.330000,0.000220
6.331000,-0.000096
6.332000,-0.000096
6.333000,-0.000413
6.334000,-0.000096
6.335000,-0.000413
6.336000,-0.000096
6.337000,0.000220
6.338000,-0.000096
6.339000,-0.000096
6.340000,0.000220
6.341000,-0.000096
6.342000,0.000220
6.343000,-0.000413
6.344000,-0.000096
6.345000,-0.000096
6.346000,-0.000413
6.347000,-0.000413
6.348000,-0.000413
6.349000,-0.000096
6.350000,-0.000413
6.351000,-0.000096
6.352000,-0.000413
6.353000,-0.000096
6.354000,0.000220
6.355000,0.000220
6.356000,-0.000096
6.357000,-0.000096
6.358000,-0.000413
6.359000,-0.000096
6.360000,-0.000413
6.361000,-0.000096
6.362000,-0.000413
6.363000,-0.000096
6.364000,0.000220
6.365000,0.000220
6.366000,-0.000096
6.367000,-0.000413
6.368000,0.000220
6.369000,-0.000096
6.370000,-0.000729
6.371000,-0.000096
6.372000,-0.000413
6.373000,-0.000096
6.374000,-0.000413
6.375000,-0.000096
6.376000,-0.000096
6.377000,-0.000096
6.378000,-0.000096
6.379000,-0.000096
6.380000,0.000220
6.381000,0.000220
6.382000,-0.000096
6.383000,-0.000413
6.384000,-0.000413
6.385000,-0.000096
6.386000,-0.000096
6.387000,-0.000096
6.388000,-0.000413
6.389000,-0.000413
6.390000,-0.000096
6.391000,-0.000413
6.392000,-0.000096
6.393000,-0.000413
6.394000,-0.000096
6.395000,-0.000413
6.396000,-0.000413
6.397000,-0.000729
6.398000,-0.000413
6.399000,-0.000096
6.400000,-0.000096
6.401000,-0.000413
6.402000,-0.000413
6.403000,-0.000096
6.404000,-0.000413
6.405000,-0.000096
6.406000,-0.000096
6.407000,-0.000096
6.408000,-0.000096
6.409000,0.000220
6.410000,0.000220
6.411000,-0.000413
6.412000,-0.000096
6.413000,-0.000096
6.414000,-0.000096
6.415000,-0.000096
6.416000,-0.000096
6.417000,-0.000096
6.418000,-0.000413
6.419000,-0.000096
6.420000,-0.000096
6.421000,-0.000096
6.422000,-0.000413
6.423000,-0.000413
6.424000,-0.000413
6.425000,0.000220
6.426000,-0.000096
6.427000,-0.000096
6.428000,-0.000096
6.429000,-0.000729
6.430000,0.000220
6.431000,-0.000413
6.432000,-0.000096
6.433000,-0.000413
6.434000,-0.000413
6.435000,-0.000096
6.436000,-0.000096
6.437000,-0.000729
6.438000,0.000220
6.439000,-0.000096
6.440000,0.000220
6.441000,-0.000413
6.442000,-0.000096
6.443000,-0.000413
6.444000,0.000220
6.445000,0.000220
6.446000,-0.000096
6.447000,0.000220
6.448000,-0.000096
6.449000,-0.000096
6.450000,-0.000096
6.451000,-0.000096
6.452000,-0.000729
6.453000,-0.000096
6.454000,0.000220
6.455000,-0.000096
6.456000,-0.000096
6.457000,-0.000096
6.458000,-0.000413
6.459000,-0.000096
6.460000,-0.000096
6.461000,-0.000096
6.462000,-0.000413
6.463000,-0.000096
6.464000,0.000220
6.465000,0.000220
6.466000,-0.000413
6.467000,-0.000096
6.468000,-0.000096
6.469000,-0.000096
6.470000,-0.000096
6.471000,-0.000096
6.472000,-0.000413
6.473000,-0.000096
6.474000,-0.000413
6.475000,-0.000729
6.476000,-0.000096
6.477000,-0.000413
6.478000,-0.000096
6.479000,0.000220
6.480000,0.000220
6.481000,-0.000096
6.482000,-0.000096
6.483000,-0.000096
6.484000,-0.000096
6.485000,-0.000413
6.486000,-0.000096
6.487000,-0.000729
6.488000,-0.000729
6.489000,-0.000096
6.490000,-0.000096
6.491000,-0.000096
6.492000,-0.000413
6.493000,0.000220
6.494000,-0.000413
6.495000,-0.000413
6.496000,0.000220
6.497000,-0.000413
6.498000,-0.000096
6.499000,-0.000096
6.500000,-0.000729
6.501000,-0.000096
6.502000,0.000220
6.503000,-0.000413
6.504000,-0.000413
6.505000,-0.000096
6.506000,0.000220
6.507000,-0.000096
6.508000,-0.000413
6.509000,-0.000096
6.510000,-0.000729
6.511000,-0.000413
6.512000,-0.000096
6.513000,-0.000096
6.514000,-0.000413
6.515000,0.000220
6.516000,-0.000096
6.517000,-0.000413
6.518000,-0.000413
6.519000,-0.000096
6.520000,0.000220
6.521000,-0.000413
6.522000,-0.000096
6.523000,0.000220
6.524000,-0.000413
6.525000,0.000220
6.526000,-0.000096
6.527000,-0.000413
6.528000,-0.000413
6.529000,-0.000096
6.530000,-0.000413
6.531000,0.000220
6.532000,-0.000413
6.533000,-0.000096
6.534000,-0.000096
6.535000,-0.000096
6.536000,0.000220
6.537000,-0.000096
6.538000,-0.000096
6.539000,-0.000096
6.540000,-0.000096
6.541000,-0.000096
6.542000,-0.000096
6.543000,-0.000096
6.544000,-0.000096
6.545000,-0.000096
6.546000,-0.000413
6.547000,-0.000096
6.548000,-0.000096
6.549000,-0.000413
6.550000,-0.000413
6.551000,-0.000096
6.552000,0.000220
6.553000,0.000220
6.554000,-0.000096
6.555000,-0.000096
6.556000,-0.000413
6.557000,0.000220
6.558000,-0.000096
6.559000,-0.000096
6.560000,-0.000729
6.561000,-0.000729
6.562000,-0.000096
6.563000,-0.000096
6.564000,-0.000096
6.565000,-0.000096
6.566000,-0.000096
6.567000,-0.000096
6.568000,-0.000729
6.569000,-0.000413
6.570000,-0.000729
6.571000,-0.000096
6.572000,-0.000096
6.573000,-0.000096
6.574000,-0.000413
6.575000,0.000220
6.576000,-0.000096
6.577000,-0.000096
6.578000,-0.000096
6.579000,-0.000096
6.580000,-0.000096
6.581000,-0.000413
6.582000,-0.000413
6.583000,-0.000096
6.584000,0.000220
6.585000,-0.000096
6.586000,-0.000413
6.587000,-0.000096
6.588000,-0.000413
6.589000,-0.000413
6.590000,-0.000096
6.591000,-0.000096
6.592000,-0.000096
6.593000,-0.000096
6.594000,-0.000096
6.595000,-0.000096
6.596000,-0.000096
6.597000,-0.000413
6.598000,-0.000413
6.599000,0.000220
6.600000,-0.000096
6.601000,-0.001045
6.602000,-0.000096
6.603000,-0.000413
6.604000,0.000220
6.605000,-0.000096
6.606000,-0.000413
6.607000,-0.000096
6.608000,-0.000096
6.609000,-0.000413
6.610000,-0.000413
6.611000,-0.000413
6.612000,-0.000096
6.613000,-0.000096
6.614000,-0.000096
6.615000,-0.000096
6.616000,-0.000096
6.617000,-0.000096
6.618000,-0.000096
6.619000,-0.000413
6.620000,-0.000096
6.621000,-0.000096
6.622000,0.000536
6.623000,-0.000096
6.624000,-0.000096
6.625000,-0.000096
6.626000,-0.000096
6.627000,-0.000096
6.628000,-0.000729
6.629000,-0.000096
6.630000,-0.000096
6.631000,0.000220
6.632000,-0.000096
6.633000,-0.000096
6.634000,-0.000096
6.635000,-0.000096
6.636000,-0.000413
6.637000,-0.000413
6.638000,-0.000413
6.639000,-0.000729
6.640000,-0.000096
6.641000,-0.000096
6.642000,0.000220
6.643000,-0.000096
6.644000,0.000220
6.645000,-0.000096
6.646000,-0.000096
6.647000,-0.000729
6.648000,-0.000096
6.649000,-0.000096
6.650000,-0.000096
6.651000,-0.000413
6.652000,-0.000096
6.653000,-0.000729
6.654000,-0.000096
6.655000,-0.000096
6.656000,-0.000096
6.657000,-0.000096
6.658000,-0.000096
6.659000,-0.000096
6.660000,-0.000096
6.661000,-0.000096
6.662000,-0.000413
6.663000,-0.000413
6.664000,-0.000096
6.665000,-0.000413
6.666000,-0.000096
6.667000,-0.000729
6.668000,-0.000413
6.669000,-0.000413
6.670000,-0.000096
6.671000,0.000220
6.672000,-0.000413
6.673000,-0.000096
6.674000,-0.000096
6.675000,-0.000413
6.676000,-0.000413
6.677000,-0.000413
6.678000,-0.000096
6.679000,-0.000729
6.680000,-0.000096
6.681000,-0.000413
6.682000,-0.000096
6.683000,-0.000413
6.684000,0.000220
6.685000,-0.000096
6.686000,-0.000096
6.687000,-0.000413
6.688000,-0.000096
6.689000,-0.000096
6.690000,-0.000413
6.691000,-0.000096
6.692000,-0.000413
6.693000,-0.000096
6.694000,-0.000096
6.695000,-0.000413
6.696000,-0.000413
6.697000,-0.000096
6.698000,-0.000413
6.699000,-0.000096
6.700000,0.000220
6.701000,-0.000096
6.702000,-0.000413
6.703000,-0.000096
6.704000,-0.000096
6.705000,-0.000096
6.706000,-0.000096
6.707000,-0.000413
6.708000,-0.000096
6.709000,-0.000413
6.710000,-0.000096
6.711000,-0.000096
6.712000,-0.000096
6.713000,-0.000096
6.714000,-0.000096
6.715000,-0.000096
6.716000,-0.000096
6.717000,-0.000096
6.718000,-0.000413
6.719000,-0.000096
6.720000,-0.000413
6.721000,-0.000413
6.722000,-0.000096
6.723000,-0.000413
6.724000,-0.000729
6.725000,-0.000096
6.726000,-0.000096
6.727000,-0.000096
6.728000,-0.000096
6.729000,-0.000096
6.730000,-0.000413
6.731000,-0.000096
6.732000,-0.000413
6.733000,-0.000413
6.734000,-0.000413
6.735000,-0.000096
6.736000,-0.000413
6.737000,0.000220
6.738000,-0.000096
6.739000,-0.000729
6.740000,0.000220
6.741000,-0.000096
6.742000,-0.000096
6.743000,-0.000413
6.744000,-0.000096
6.745000,-0.000096
6.746000,-0.000096
6.747000,-0.000096
6.748000,-0.000096
6.749000,-0.000096
6.750000,-0.000096
6.751000,-0.000096
6.752000,-0.000096
6.753000,-0.000096
6.754000,-0.000096
6.755000,-0.000096
6.756000,0.000220
6.757000,-0.000096
6.758000,-0.000413
6.759000,-0.000413
6.760000,-0.000096
6.761000,0.000220
6.762000,-0.000413
6.763000,-0.000413
6.764000,-0.000096
6.765000,-0.000096
6.766000,0.000220
6.767000,-0.000096
6.768000,-0.000413
6.769000,-0.000096
6.770000,0.000220
6.771000,-0.000729
6.772000,-0.000413
6.773000,-0.000096
6.774000,-0.000729
6.775000,-0.000413
6.776000,-0.000413
6.777000,-0.000096
6.778000,-0.000096
6.779000,-0.000413
6.780000,-0.000413
6.781000,-0.000413
6.782000,0.000220
6.783000,-0.000413
6.784000,-0.000413
6.785000,-0.000096
6.786000,0.000220
6.787000,-0.000413
6.788000,-0.000096
6.789000,-0.000096
6.790000,-0.000096
6.791000,-0.000096
6.792000,-0.000413
6.793000,-0.000096
6.794000,-0.000096
6.795000,-0.000096
6.796000,0.000220
6.797000,-0.000096
6.798000,-0.000096
6.799000,-0.000096
6.800000,-0.000096
6.801000,0.000220
6.802000,-0.000096
6.803000,-0.000413
6.804000,-0.000096
6.805000,-0.000096
6.806000,-0.000096
6.807000,-0.000413
6.808000,-0.000096
6.809000,-0.000413
6.810000,-0.000096
6.811000,-0.000096
6.812000,-0.000413
6.813000,-0.000096
6.814000,-0.000096
6.815000,-0.000096
6.816000,-0.000729
6.817000,0.000220
6.818000,-0.000096
6.819000,-0.000413
6.820000,-0.000413
6.821000,-0.000096
6.822000,-0.000096
6.823000,-0.000413
6.824000,-0.000413
6.825000,-0.000096
6.826000,-0.000096
6.827000,-0.000096
6.828000,-0.000096
6.829000,-0.000096
6.830000,-0.000096
6.831000,-0.000096
6.832000,-0.000413
6.833000,-0.000413
6.834000,-0.000729
6.835000,-0.000096
6.836000,-0.000096
6.837000,-0.000413
6.838000,-0.000413
6.839000,-0.000413
6.840000,-0.000096
6.841000,0.000220
6.842000,-0.000413
6.843000,-0.000096
6.844000,-0.000413
6.845000,-0.000413
6.846000,0.000220
6.847000,-0.000413
6.848000,-0.000096
6.849000,-0.000413
6.850000,0.000220
6.851000,0.000220
6.852000,-0.000413
6.853000,-0.000413
6.854000,-0.000413
6.855000,-0.000096
6.856000,-0.000096
6.857000,-0.000413
6.858000,0.000220
6.859000,-0.000096
6.860000,-0.000413
6.861000,-0.000096
6.862000,-0.000096
6.863000,-0.000096
6.864000,-0.000096
6.865000,-0.000096
6.866000,-0.000096
6.867000,-0.000729
6.868000,-0.000096
6.869000,-0.000096
6.870000,-0.000413
6.871000,-0.000096
6.872000,-0.000096
6.873000,-0.000096
6.874000,-0.000096
6.875000,0.000220
6.876000,-0.000096
6.877000,-0.000413
6.878000,-0.000413
6.879000,-0.000413
6.880000,-0.000096
6.881000,-0.000096
6.882000,-0.000096
6.883000,-0.000096
6.884000,-0.000096
6.885000,-0.000413
6.886000,0.000220
6.887000,-0.000413
6.888000,-0.000096
6.889000,-0.000096
6.890000,-0.000096
6.891000,-0.000096
6.892000,-0.000096
6.893000,-0.000729
6.894000,-0.000096
6.895000,-0.000096
6.896000,-0.000096
6.897000,-0.000413
6.898000,-0.000096
6.899000,-0.000096
6.900000,-0.000096
6.901000,-0.000096
6.902000,-0.000413
6.903000,-0.000096
6.904000,-0.000096
6.905000,-0.000096
6.906000,-0.000413
6.907000,-0.000096
6.908000,-0.000096
6.909000,-0.000096
6.910000,-0.000096
6.911000,-0.000096
6.912000,0.000220
6.913000,-0.000413
6.914000,-0.000096
6.915000,-0.000729
6.916000,-0.000096
6.917000,-0.000096
6.918000,-0.000096
6.919000,-0.000096
6.920000,-0.000729
6.921000,-0.000413
6.922000,-0.000413
6.923000,0.000220
6.924000,-0.000413
6.925000,-0.000096
6.926000,-0.000096
6.927000,-0.000413
6.928000,0.000220
6.929000,-0.000413
6.930000,-0.000096
6.931000,-0.000413
6.932000,-0.000096
6.933000,-0.000413
6.934000,-0.000096
6.935000,-0.000413
6.936000,-0.000096
6.937000,-0.000096
6.938000,-0.000096
6.939000,-0.000096
6.940000,-0.000096
6.941000,-0.000729
6.942000,-0.000413
6.943000,-0.000096
6.944000,-0.000096
6.945000,-0.000096
6.946000,-0.000096
6.947000,-0.000096
6.948000,-0.000096
6.949000,-0.000413
6.950000,-0.000096
6.951000,-0.000096
6.952000,0.000220
6.953000,-0.000096
6.954000,0.000220
6.955000,-0.000096
6.956000,0.000220
6.957000,-0.000413
6.958000,-0.000096
6.959000,-0.000729
6.960000,-0.000096
6.961000,-0.000096
6.962000,0.000220
6.963000,-0.000413
6.964000,-0.000096
6.965000,-0.000413
6.966000,-0.000729
6.967000,-0.000096
6.968000,-0.000413
6.969000,-0.000413
6.970000,-0.000413
6.971000,-0.000729
6.972000,-0.000729
6.973000,-0.000096
6.974000,-0.000096
6.975000,-0.000096
6.976000,-0.000096
6.977000,-0.000096
6.978000,-0.000096
6.979000,-0.000096
6.980000,-0.000096
6.981000,-0.000096
6.982000,-0.000413
6.983000,-0.000096
6.984000,-0.000096
6.985000,0.000220
6.986000,-0.000413
6.987000,-0.000096
6.988000,-0.000096
6.989000,-0.000096
6.990000,-0.000096
6.991000,0.000220
6.992000,-0.000096
6.993000,-0.000413
6.994000,-0.000413
6.995000,-0.000096
6.996000,0.000220
6.997000,-0.000096
6.998000,-0.000096
6.999000,-0.000413
7.000000,0.000220
7.001000,-0.000096
7.002000,-0.000096
7.003000,-0.000413
7.004000,-0.000413
7.005000,-0.000096
7.006000,0.000536
7.007000,-0.000096
7.008000,-0.000096
7.009000,-0.000413
7.010000,-0.000096
7.011000,-0.000413
7.012000,-0.000096
7.013000,-0.000096
7.014000,-0.000096
7.015000,-0.000096
7.016000,-0.000096
7.017000,-0.000096
7.018000,-0.000096
7.019000,-0.000413
7.020000,-0.000096
7.021000,-0.000096
7.022000,-0.000096
7.023000,-0.000096
7.024000,-0.000096
7.025000,-0.000096
7.026000,0.000220
7.027000,0.000220
7.028000,-0.000413
7.029000,-0.000096
7.030000,-0.000096
7.031000,-0.000413
7.032000,-0.000096
7.033000,-0.000096
7.034000,-0.000096
7.035000,0.000220
7.036000,-0.000413
7.037000,-0.000096
7.038000,-0.000413
7.039000,-0.000413
7.040000,-0.000096
7.041000,-0.000096
7.042000,-0.000413
7.043000,-0.000096
7.044000,-0.000096
7.045000,-0.000096
7.046000,-0.000096
7.047000,0.000220
7.048000,-0.000096
7.049000,-0.000096
7.050000,-0.000096
7.051000,-0.000729
7.052000,-0.000096
7.053000,-0.000096
7.054000,-0.000096
7.055000,-0.000413
7.056000,0.000536
7.057000,-0.000413
7.058000,-0.000096
7.059000,-0.000413
7.060000,-0.000096
7.061000,0.000220
7.062000,-0.000096
7.063000,-0.000096
7.064000,-0.000413
7.065000,-0.000096
7.066000,-0.000729
7.067000,-0.000413
7.068000,-0.000096
7.069000,-0.000096
7.070000,-0.000413
7.071000,-0.000096
7.072000,0.000220
7.073000,0.000220
7.074000,-0.000096
7.075000,-0.000413
7.076000,-0.000413
7.077000,-0.000096
7.078000,-0.000096
7.079000,-0.000729
7.080000,0.000220
7.081000,-0.000413
7.082000,-0.000413
7.083000,-0.000096
7.084000,-0.000729
7.085000,-0.000096
7.086000,-0.000096
7.087000,-0.000096
7.088000,-0.000096
7.089000,-0.000413
7.090000,-0.000096
7.091000,-0.000413
7.092000,-0.000096
7.093000,-0.000096
7.094000,-0.000096
7.095000,-0.000096
7.096000,-0.000096
7.097000,-0.000413
7.098000,-0.000096
7.099000,-0.000096
7.100000,-0.000413
7.101000,-0.000096
7.102000,-0.000096
7.103000,0.000536
7.104000,-0.000096
7.105000,-0.000096
7.106000,-0.000413
7.107000,-0.000096
7.108000,-0.000096
7.109000,-0.000096
7.110000,-0.000413
7.111000,-0.000096
7.112000,-0.000413
7.113000,-0.000413
7.114000,-0.000096
7.115000,-0.000413
7.116000,-0.000096
7.117000,0.000536
7.118000,-0.000096
7.119000,-0.000413
7.120000,-0.000413
7.121000,-0.000096
7.122000,0.000220
7.123000,-0.000096
7.124000,-0.000096
7.125000,-0.000096
7.126000,-0.000729
7.127000,-0.000413
7.128000,-0.000413
7.129000,-0.000096
7.130000,-0.000413
7.131000,-0.000096
7.132000,-0.000096
7.133000,0.000220
7.134000,-0.000096
7.135000,-0.000729
7.136000,-0.000413
7.137000,-0.000413
7.138000,-0.000729
7.139000,-0.000413
7.140000,0.000220
7.141000,0.000220
7.142000,-0.000413
7.143000,-0.000413
7.144000,-0.000096
7.145000,-0.000096
7.146000,-0.000096
7.147000,-0.000096
7.148000,-0.000096
7.149000,-0.000413
7.150000,-0.000096
7.151000,-0.000413
7.152000,-0.000096
7.153000,-0.000096
7.154000,-0.000096
7.155000,-0.000413
7.156000,-0.000413
7.157000,-0.000096
7.158000,-0.000096
7.159000,-0.000096
7.160000,-0.000096
7.161000,-0.000096
7.162000,-0.000413
7.163000,-0.000413
7.164000,-0.000096
7.165000,-0.000096
7.166000,-0.000729
7.167000,-0.000096
7.168000,-0.000413
7.169000,-0.000413
7.170000,-0.000096
7.171000,-0.000096
7.172000,-0.000413
7.173000,-0.000413
7.174000,-0.000096
7.175000,-0.000413
7.176000,-0.000413
7.177000,-0.000096
7.178000,-0.000413
7.179000,0.000220
7.180000,-0.000096
7.181000,-0.000096
7.182000,-0.000096
7.183000,-0.000096
7.184000,-0.000729
7.185000,-0.000096
7.186000,-0.000413
7.187000,-0.000413
7.188000,-0.000413
7.189000,-0.000413
7.190000,-0.000096
7.191000,-0.000413
7.192000,-0.000729
7.193000,-0.000413
7.194000,-0.000096
7.195000,-0.000413
7.196000,-0.000413
7.197000,-0.000096
7.198000,-0.000413
7.199000,-0.000096
7.200000,0.000220
7.201000,-0.000413
7.202000,-0.000413
7.203000,-0.000096
7.204000,-0.000096
7.205000,-0.000413
7.206000,-0.000096
7.207000,-0.000413
7.208000,-0.000096
7.209000,-0.000413
7.210000,0.000220
7.211000,-0.000096
7.212000,-0.000096
7.213000,-0.000096
7.214000,-0.000413
7.215000,-0.000096
7.216000,-0.000096
7.217000,-0.000096
7.218000,-0.000096
7.219000,-0.000096
7.220000,-0.000096
7.221000,-0.000096
7.222000,-0.000413
7.223000,-0.000413
7.224000,-0.000413
7.225000,-0.000096
7.226000,-0.000413
7.227000,-0.000096
7.228000,-0.000096
7.229000,-0.000413
7.230000,-0.000413
7.231000,0.000220
7.232000,-0.000096
7.233000,0.000220
7.234000,-0.000096
7.235000,-0.000096
7.236000,-0.000096
7.237000,-0.000096
7.238000,-0.000096
7.239000,-0.000729
7.240000,-0.000413
7.241000,-0.000413
7.242000,-0.000096
7.243000,-0.000096
7.244000,-0.000096
7.245000,-0.000413
7.246000,-0.000096
7.247000,-0.000096
7.248000,-0.000413
7.249000,-0.000096
7.250000,-0.000096
7.251000,-0.000096
7.252000,-0.000413
7.253000,-0.000096
7.254000,-0.000096
7.255000,-0.000096
7.256000,0.000220
7.257000,-0.000413
7.258000,-0.000096
7.259000,-0.000413
7.260000,-0.000729
7.261000,-0.000413
7.262000,-0.000096
7.263000,-0.000096
7.264000,0.000220
7.265000,-0.000096
7.266000,-0.000096
7.267000,0.000220
7.268000,-0.000096
7.269000,-0.000096
7.270000,-0.000096
7.271000,-0.000096
7.272000,-0.000413
7.273000,-0.000096
7.274000,-0.000096
7.275000,-0.000096
7.276000,-0.000413
7.277000,-0.000096
7.278000,-0.000096
7.279000,0.000220
7.280000,-0.000096
7.281000,-0.000096
7.282000,0.000220
7.283000,-0.000096
7.284000,-0.000413
7.285000,-0.000096
7.286000,-0.000096
7.287000,-0.000096
7.288000,-0.000413
7.289000,0.000220
7.290000,-0.000096
7.291000,-0.000096
7.292000,-0.000096
7.293000,-0.000096
7.294000,-0.000413
7.295000,-0.000096
7.296000,-0.000413
7.297000,-0.000096
7.298000,-0.000413
7.299000,-0.000413
7.300000,-0.000096
7.301000,-0.000413
7.302000,-0.000729
7.303000,-0.000096
7.304000,-0.000729
7.305000,-0.000413
7.306000,-0.000096
7.307000,-0.000096
7.308000,-0.000413
7.309000,0.000220
7.310000,-0.000096
7.311000,-0.000096
7.312000,-0.000096
7.313000,-0.000096
7.314000,-0.000096
7.315000,0.000536
7.316000,-0.000413
7.317000,-0.000413
7.318000,-0.000413
7.319000,-0.000096
7.320000,0.000220
7.321000,-0.000413
7.322000,-0.000096
7.323000,0.000220
7.324000,-0.000096
7.325000,-0.000413
7.326000,-0.000096
7.327000,0.000220
7.328000,-0.000413
7.329000,-0.000096
7.330000,-0.000413
7.331000,-0.000413
7.332000,-0.000413
7.333000,-0.000413
7.334000,-0.000096
7.335000,-0.000413
7.336000,-0.000096
7.337000,-0.000096
7.338000,-0.000096
7.339000,0.000220
7.340000,-0.000413
7.341000,-0.000096
7.342000,-0.000729
7.343000,-0.000096
7.344000,-0.000096
7.345000,-0.000096
7.346000,-0.000413
7.347000,-0.000096
7.348000,-0.000096
7.349000,-0.000096
7.350000,-0.000096
7.351000,-0.000096
7.352000,-0.000096
7.353000,-0.000096
7.354000,-0.000413
7.355000,-0.000413
7.356000,0.000220
7.357000,-0.000096
7.358000,-0.000096
7.359000,-0.000096
7.360000,-0.000413
7.361000,-0.000096
7.362000,-0.000096
7.363000,-0.000096
7.364000,-0.000096
7.365000,-0.000096
7.366000,-0.000413
7.367000,0.000220
7.368000,-0.000413
7.369000,-0.000413
7.370000,-0.000413
7.371000,-0.000096
7.372000,-0.000096
7.373000,0.000220
7.374000,-0.000413
7.375000,-0.000096
7.376000,0.000220
7.377000,-0.000096
7.378000,-0.000096
7.379000,-0.000096
7.380000,-0.000096
7.381000,-0.000096
7.382000,-0.000096
7.383000,-0.000096
7.384000,-0.000096
7.385000,-0.000096
7.386000,-0.000729
7.387000,0.000220
7.388000,-0.000096
7.389000,-0.000096
7.390000,-0.000096
7.391000,-0.000413
7.392000,-0.000096
7.393000,-0.000096
7.394000,-0.000096
7.395000,-0.000413
7.396000,-0.000413
7.397000,0.000220
7.398000,-0.000096
7.399000,-0.000096
7.400000,-0.000413
7.401000,-0.000096
7.402000,0.000536
7.403000,-0.000096
7.404000,-0.000096
7.405000,-0.000096
7.406000,-0.000413
7.407000,-0.000096
7.408000,-0.000096
7.409000,-0.000096
7.410000,-0.000096
7.411000,0.000220
7.412000,-0.000729
7.413000,0.000220
7.414000,-0.000413
7.415000,0.000220
7.416000,-0.000413
7.417000,-0.000096
7.418000,-0.000413
7.419000,0.000220
7.420000,-0.000096
7.421000,-0.000413
7.422000,-0.000413
7.423000,-0.000096
7.424000,-0.000096
7.425000,-0.000413
7.426000,-0.000729
7.427000,-0.000413
7.428000,-0.000096
7.429000,-0.000096
7.430000,-0.000096
7.431000,-0.000413
7.432000,-0.000096
7.433000,0.000220
7.434000,-0.000096
7.435000,-0.000413
7.436000,-0.000096
7.437000,0.000220
7.438000,-0.000096
7.439000,-0.000413
7.440000,-0.000096
7.441000,-0.000413
7.442000,0.000220
7.443000,-0.000096
7.444000,-0.000413
7.445000,0.000536
7.446000,-0.000096
7.447000,-0.000096
7.448000,-0.000096
7.449000,0.000220
7.450000,0.000220
7.451000,-0.000413
7.452000,-0.000096
7.453000,-0.000096
7.454000,-0.000413
7.455000,-0.000096
7.456000,-0.000413
7.457000,0.000220
7.458000,-0.000413
7.459000,-0.000413
7.460000,-0.000096
7.461000,-0.000413
7.462000,-0.000413
7.463000,-0.000413
7.464000,-0.000096
7.465000,-0.000096
7.466000,0.000220
7.467000,-0.000729
7.468000,0.000220
7.469000,-0.000096
7.470000,-0.000096
7.471000,-0.000096
7.472000,-0.000096
7.473000,-0.000096
7.474000,-0.000096
7.475000,-0.000096
7.476000,-0.000096
7.477000,-0.000096
7.478000,-0.000096
7.479000,-0.000096
7.480000,-0.000096
7.481000,-0.000096
7.482000,-0.000096
7.483000,0.000220
7.484000,-0.000096
7.485000,-0.000413
7.486000,-0.000096
7.487000,0.000220
7.488000,-0.000096
7.489000,-0.000096
7.490000,-0.000096
7.491000,-0.000413
7.492000,-0.000096
7.493000,-0.000096
7.494000,-0.000096
7.495000,-0.000096
7.496000,-0.000413
7.497000,-0.000413
7.498000,-0.000096
7.499000,-0.000096
7.500000,-0.000413
7.501000,-0.000413
7.502000,-0.000413
7.503000,-0.000096
7.504000,-0.000096
7.505000,-0.000413
7.506000,0.000220
7.507000,-0.000413
7.508000,-0.000096
7.509000,-0.000096
7.510000,-0.000413
7.511000,-0.000096
7.512000,-0.000096
7.513000,-0.000729
7.514000,0.000220
7.515000,-0.000096
7.516000,-0.000413
7.517000,-0.000413
7.518000,-0.000729
7.519000,-0.000096
7.520000,-0.000729
7.521000,-0.000096
7.522000,-0.000096
7.523000,-0.000413
7.524000,-0.000413
7.525000,-0.000096
7.526000,-0.000096
7.527000,-0.000096
7.528000,-0.000413
7.529000,-0.000096
7.530000,-0.000096
7.531000,0.000220
7.532000,-0.000096
7.533000,-0.000413
7.534000,0.000220
7.535000,-0.000096
7.536000,-0.000096
7.537000,-0.000413
7.538000,0.000220
7.539000,-0.000096
7.540000,-0.000413
7.541000,-0.000413
7.542000,-0.000413
7.543000,-0.000096
7.544000,-0.000096
7.545000,-0.000096
7.546000,-0.000096
7.547000,-0.000413
7.548000,-0.000096
7.549000,-0.000413
7.550000,0.000220
7.551000,-0.000413
7.552000,-0.000413
7.553000,-0.000096
7.554000,-0.000096
7.555000,0.000536
7.556000,-0.000096
7.557000,-0.000096
7.558000,-0.000096
7.559000,-0.000413
7.560000,-0.000729
7.561000,0.000220
7.562000,-0.000096
7.563000,-0.000413
7.564000,-0.000413
7.565000,-0.000096
7.566000,-0.000096
7.567000,-0.000729
7.568000,-0.000413
7.569000,-0.000096
7.570000,-0.000096
7.571000,-0.000413
7.572000,-0.000096
7.573000,-0.000096
7.574000,-0.000096
7.575000,-0.000413
7.576000,-0.000096
7.577000,-0.000413
7.578000,0.000220
7.579000,-0.000729
7.580000,-0.000096
7.581000,-0.000096
7.582000,-0.000096
7.583000,0.000536
7.584000,-0.000096
7.585000,-0.000413
7.586000,-0.000096
7.587000,-0.000413
7.588000,-0.000096
7.589000,-0.000096
7.590000,0.000220
7.591000,-0.000096
7.592000,-0.000096
7.593000,-0.000096
7.594000,-0.000096
7.595000,-0.000413
7.596000,-0.000413
7.597000,-0.000096
7.598000,-0.000413
7.599000,-0.000413
7.600000,-0.000729
7.601000,-0.000096
7.602000,0.000220
7.603000,-0.000413
7.604000,-0.000096
7.605000,-0.000096
7.606000,-0.000729
7.607000,-0.000413
7.608000,-0.000096
7.609000,-0.000096
7.610000,-0.000096
7.611000,-0.000096
7.612000,-0.000096
7.613000,-0.000096
7.614000,-0.000096
7.615000,-0.000096
7.616000,-0.000096
7.617000,-0.000096
7.618000,-0.000413
7.619000,-0.000096
7.620000,-0.000413
7.621000,-0.000413
7.622000,0.000220
7.623000,-0.000096
7.624000,-0.000096
7.625000,-0.000096
7.626000,-0.000096
7.627000,-0.000729
7.628000,-0.000096
7.629000,-0.000096
7.630000,-0.000413
7.631000,-0.000096
7.632000,-0.000413
7.633000,-0.000096
7.634000,-0.000096
7.635000,-0.000096
7.636000,-0.000096
7.637000,-0.000096
7.638000,-0.000096
7.639000,-0.000096
7.640000,-0.000096
7.641000,-0.000096
7.642000,-0.000096
7.643000,0.000220
7.644000,-0.000413
7.645000,-0.000096
7.646000,-0.000413
7.647000,-0.000413
7.648000,-0.000729
7.649000,-0.000096
7.650000,-0.000096
7.651000,-0.000413
7.652000,0.000220
7.653000,0.000220
7.654000,-0.000413
7.655000,-0.000413
7.656000,-0.000413
7.657000,-0.000413
7.658000,-0.000096
7.659000,-0.000096
7.660000,-0.000096
7.661000,-0.000096
7.662000,-0.000413
7.663000,-0.000096
7.664000,-0.000413
7.665000,-0.000096
7.666000,-0.000729
7.667000,-0.000729
7.668000,-0.000096
7.669000,0.000536
7.670000,0.000220
7.671000,0.000536
7.672000,-0.000096
7.673000,-0.000096
7.674000,-0.000413
7.675000,-0.000413
7.676000,-0.000096
7.677000,-0.000096
7.678000,-0.000096
7.679000,-0.000413
7.680000,0.000220
7.681000,-0.000096
7.682000,-0.000413
7.683000,-0.000096
7.684000,-0.000096
7.685000,-0.000413
7.686000,-0.000729
7.687000,-0.000096
7.688000,-0.000413
7.689000,0.000220
7.690000,-0.000096
7.691000,-0.000096
7.692000,-0.000413
7.693000,-0.000096
7.694000,0.000220
7.695000,-0.000096
7.696000,-0.000096
7.697000,-0.000413
7.698000,-0.000413
7.699000,-0.000096
7.700000,0.000220
7.701000,-0.000096
7.702000,-0.000096
7.703000,-0.000413
7.704000,-0.000413
7.705000,-0.000096
7.706000,-0.000096
7.707000,-0.000413
7.708000,-0.000413
7.709000,-0.000096
7.710000,-0.000096
7.711000,-0.000096
7.712000,-0.000413
7.713000,-0.000413
7.714000,-0.000096
7.715000,-0.000096
7.716000,-0.000096
7.717000,-0.000096
7.718000,-0.000096
7.719000,-0.000096
7.720000,-0.000729
7.721000,0.000220
7.722000,-0.000096
7.723000,-0.000096
7.724000,-0.000413
7.725000,-0.000413
7.726000,-0.000413
7.727000,-0.000413
7.728000,-0.000413
7.729000,-0.000413
7.730000,-0.000096
7.731000,-0.000413
7.732000,-0.000413
7.733000,-0.000413
7.734000,-0.000096
7.735000,-0.000096
7.736000,0.000220
7.737000,0.000536
7.738000,-0.000096
7.739000,-0.000413
7.740000,-0.000096
7.741000,-0.000096
7.742000,-0.000096
7.743000,-0.000096
7.744000,0.000220
7.745000,-0.000413
7.746000,-0.000096
7.747000,0.000220
7.748000,-0.000096
7.749000,-0.000096
7.750000,-0.000413
7.751000,0.000220
7.752000,-0.000096
7.753000,-0.000096
7.754000,-0.000096
7.755000,0.000536
7.756000,-0.000096
7.757000,-0.000729
7.758000,-0.000413
7.759000,-0.000413
7.760000,-0.000096
7.761000,-0.000096
7.762000,-0.000096
7.763000,-0.000729
7.764000,-0.000096
7.765000,-0.000413
7.766000,-0.000413
7.767000,0.000220
7.768000,-0.000413
7.769000,-0.000096
7.770000,-0.000096
7.771000,-0.000096
7.772000,-0.000096
7.773000,-0.000096
7.774000,-0.000096
7.775000,-0.000096
7.776000,-0.000729
7.777000,-0.000096
7.778000,-0.000413
7.779000,-0.000096
7.780000,-0.000413
7.781000,-0.000096
7.782000,-0.000096
7.783000,0.000220
7.784000,-0.000096
7.785000,-0.000096
7.786000,-0.000096
7.787000,-0.000096
7.788000,-0.000413
7.789000,-0.000096
7.790000,0.000220
7.791000,-0.000413
7.792000,-0.000096
7.793000,-0.000096
7.794000,-0.000413
7.795000,-0.000729
7.796000,-0.000096
7.797000,-0.000096
7.798000,-0.000096
7.799000,-0.000413
7.800000,-0.000413
7.801000,-0.000729
7.802000,-0.000096
7.803000,-0.000096
7.804000,0.000220
7.805000,-0.000413
7.806000,-0.000729
7.807000,-0.000413
7.808000,-0.000096
7.809000,-0.000729
7.810000,-0.000096
7.811000,-0.000096
7.812000,-0.000096
7.813000,-0.000413
7.814000,-0.000096
7.815000,-0.000096
7.816000,-0.000729
7.817000,-0.000096
7.818000,-0.000096
7.819000,-0.000096
7.820000,-0.000096
7.821000,-0.000096
7.822000,0.000220
7.823000,-0.000096
7.824000,-0.000096
7.825000,-0.000096
7.826000,-0.000096
7.827000,-0.000096
7.828000,-0.000096
7.829000,-0.000096
7.830000,-0.000096
7.831000,-0.000096
7.832000,0.000220
7.833000,-0.000096
7.834000,-0.000413
7.835000,-0.000413
7.836000,-0.000729
7.837000,-0.000413
7.838000,-0.000096
7.839000,0.000220
7.840000,-0.000096
7.841000,-0.000729
7.842000,-0.000096
7.843000,-0.000096
7.844000,-0.000413
7.845000,-0.000096
7.846000,-0.000096
7.847000,-0.000096
7.848000,-0.000413
7.849000,-0.000096
7.850000,-0.000096
7.851000,-0.000096
7.852000,-0.000413
7.853000,-0.000096
7.854000,0.000220
7.855000,-0.000729
7.856000,-0.000096
7.857000,-0.000413
7.858000,-0.000096
7.859000,0.000220
7.860000,-0.000096
7.861000,-0.000096
7.862000,-0.000096
7.863000,-0.000729
7.864000,-0.000413
7.865000,-0.000096
7.866000,0.000220
7.867000,-0.000096
7.868000,-0.000729
7.869000,-0.000096
7.870000,-0.000096
7.871000,-0.000413
7.872000,-0.000413
7.873000,-0.000096
7.874000,-0.000096
7.875000,-0.000096
7.876000,-0.000096
7.877000,-0.000096
7.878000,-0.000096
7.879000,0.000220
7.880000,-0.000096
7.881000,-0.000096
7.882000,-0.000096
7.883000,-0.000096
7.884000,-0.000413
7.885000,-0.000096
7.886000,-0.000096
7.887000,-0.000096
7.888000,-0.000413
7.889000,-0.000413
7.890000,-0.000096
7.891000,-0.000413
7.892000,-0.000096
7.893000,-0.000096
7.894000,-0.000096
7.895000,-0.000096
7.896000,-0.000096
7.897000,-0.000413
7.898000,-0.000096
7.899000,-0.000413
7.900000,-0.000413
7.901000,0.000220
7.902000,-0.000413
7.903000,-0.000096
7.904000,-0.000413
7.905000,-0.000096
7.906000,-0.000096
7.907000,-0.000413
7.908000,-0.000096
7.909000,-0.000096
7.910000,0.000536
7.911000,-0.000096
7.912000,-0.000096
7.913000,-0.000413
7.914000,-0.000096
7.915000,-0.000413
7.916000,-0.000413
7.917000,-0.000096
7.918000,-0.000096
7.919000,0.000220
7.920000,0.000220
7.921000,-0.000413
7.922000,-0.000413
7.923000,0.000220
7.924000,-0.000096
7.925000,-0.000096
7.926000,-0.000096
7.927000,-0.000413
7.928000,-0.000096
7.929000,-0.000096
7.930000,-0.000413
7.931000,-0.000096
7.932000,-0.000096
7.933000,-0.000096
7.934000,-0.000413
7.935000,-0.000096
7.936000,-0.000413
7.937000,-0.000096
7.938000,-0.000096
7.939000,-0.000096
7.940000,-0.000096
7.941000,0.000220
7.942000,-0.000096
7.943000,-0.000096
7.944000,-0.000413
7.945000,-0.000413
7.946000,-0.000096
7.947000,-0.000096
7.948000,-0.000096
7.949000,0.000220
7.950000,-0.000096
7.951000,-0.000096
7.952000,-0.000096
7.953000,-0.000096
7.954000,-0.000096
7.955000,-0.000096
7.956000,-0.000096
7.957000,-0.000096
7.958000,-0.000096
7.959000,-0.000096
7.960000,0.000536
7.961000,-0.000096
7.962000,-0.000096
7.963000,-0.000729
7.964000,-0.000096
7.965000,-0.000096
7.966000,-0.000096
7.967000,-0.000096
7.968000,-0.000729
7.969000,-0.000096
7.970000,-0.000096
7.971000,-0.000096
7.972000,-0.000096
7.973000,-0.000413
7.974000,-0.000096
7.975000,-0.000413
7.976000,-0.000096
7.977000,-0.000096
7.978000,-0.000096
7.979000,-0.000413
7.980000,-0.000096
7.981000,-0.000096
7.982000,-0.000413
7.983000,-0.000413
7.984000,-0.000729
7.985000,-0.000096
7.986000,0.000220
7.987000,-0.000096
7.988000,-0.000096
7.989000,-0.000096
7.990000,-0.000729
7.991000,-0.000096
7.992000,-0.000096
7.993000,-0.000096
7.994000,-0.000096
7.995000,-0.000096
7.996000,-0.000413
7.997000,-0.000096
7.998000,-0.000413
7.999000,-0.000096
8.000000,-0.000413
8.001000,-0.000096
8.002000,0.000220
8.003000,-0.000096
8.004000,-0.000096
8.005000,-0.000096
8.006000,-0.000413
8.007000,0.000536
8.008000,-0.000096
8.009000,-0.000096
8.010000,-0.000096
8.011000,-0.000096
8.012000,-0.000096
8.013000,-0.000096
8.014000,-0.000096
8.015000,0.000220
8.016000,-0.000096
8.017000,-0.000096
8.018000,0.000536
8.019000,-0.000096
8.020000,-0.000096
8.021000,-0.000413
8.022000,-0.000096
8.023000,-0.000413
8.024000,-0.000096
8.025000,-0.000096
8.026000,-0.000413
8.027000,-0.000729
8.028000,-0.000096
8.029000,0.000220
8.030000,0.000220
8.031000,-0.000096
8.032000,-0.000096
8.033000,-0.000413
8.034000,-0.000096
8.035000,-0.000096
8.036000,-0.000096
8.037000,-0.000413
8.038000,-0.000096
8.039000,-0.000413
8.040000,-0.000096
8.041000,-0.000096
8.042000,-0.000413
8.043000,-0.000096
8.044000,0.000220
8.045000,-0.000096
8.046000,-0.000096
8.047000,-0.000096
8.048000,-0.000413
8.049000,-0.000096
8.050000,-0.000096
8.051000,-0.000413
8.052000,-0.000096
8.053000,-0.000096
8.054000,-0.000096
8.055000,-0.000413
8.056000,-0.000729
8.057000,-0.000096
8.058000,-0.000096
8.059000,-0.000413
8.060000,-0.000096
8.061000,-0.000413
8.062000,-0.000096
8.063000,-0.000096
8.064000,-0.000096
8.065000,0.000220
8.066000,-0.000096
8.067000,-0.000096
8.068000,-0.000096
8.069000,-0.000096
8.070000,-0.000096
8.071000,0.000220
8.072000,-0.000413
8.073000,-0.000096
8.074000,0.000220
8.075000,-0.000413
8.076000,-0.000096
8.077000,-0.000096
8.078000,-0.000413
8.079000,-0.000096
8.080000,-0.000413
8.081000,-0.000096
8.082000,-0.000729
8.083000,-0.000096
8.084000,-0.000096
8.085000,-0.000729
8.086000,-0.000096
8.087000,-0.000413
8.088000,-0.000096
8.089000,0.000220
8.090000,-0.000413
8.091000,-0.000413
8.092000,-0.000096
8.093000,-0.000413
8.094000,-0.000413
8.095000,-0.000096
8.096000,-0.000096
8.097000,-0.000096
8.098000,-0.000096
8.099000,-0.000413
8.100000,-0.000413
8.101000,-0.000729
8.102000,-0.000413
8.103000,-0.000413
8.104000,-0.000413
8.105000,0.000220
8.106000,-0.000413
8.107000,-0.000096
8.108000,0.000220
8.109000,-0.000096
8.110000,-0.000096
8.111000,-0.000413
8.112000,-0.000413
8.113000,-0.000096
8.114000,-0.000729
8.115000,-0.000096
8.116000,-0.000096
8.117000,-0.000413
8.118000,-0.000096
8.119000,-0.000413
8.120000,0.000220
8.121000,-0.000096
8.122000,-0.000413
8.123000,-0.000096
8.124000,-0.000096
8.125000,-0.000096
8.126000,-0.000413
8.127000,-0.000413
8.128000,-0.000413
8.129000,-0.000413
8.130000,-0.000413
8.131000,-0.000413
8.132000,-0.000413
8.133000,-0.000096
8.134000,-0.000413
8.135000,-0.000096
8.136000,-0.000096
8.137000,-0.000096
8.138000,-0.000096
8.139000,-0.000096
8.140000,-0.000096
8.141000,0.000220
8.142000,-0.000413
8.143000,-0.000096
8.144000,-0.000096
8.145000,0.000220
8.146000,-0.000413
8.147000,0.000220
8.148000,-0.000096
8.149000,-0.000096
8.150000,-0.000096
8.151000,-0.000096
8.152000,-0.000729
8.153000,-0.000096
8.154000,-0.000729
8.155000,-0.000096
8.156000,-0.000096
8.157000,-0.000729
8.158000,-0.000096
8.159000,-0.000729
8.160000,-0.000096
8.161000,-0.000096
8.162000,-0.000096
8.163000,-0.000413
8.164000,-0.000413
8.165000,-0.000413
8.166000,-0.000096
8.167000,-0.000413
8.168000,-0.000413
8.169000,-0.000413
8.170000,-0.000413
8.171000,-0.000096
8.172000,-0.000096
8.173000,-0.000096
8.174000,-0.000096
8.175000,-0.000096
8.176000,-0.000729
8.177000,-0.000413
8.178000,-0.000096
8.179000,-0.000413
8.180000,-0.000096
8.181000,-0.000096
8.182000,-0.000096
8.183000,-0.000096
8.184000,-0.000413
8.185000,-0.000413
8.186000,-0.000096
8.187000,-0.000096
8.188000,-0.000413
8.189000,-0.000096
8.190000,-0.000096
8.191000,-0.000096
8.192000,-0.000413
8.193000,-0.000096
8.194000,-0.000096
8.195000,-0.000096
8.196000,-0.000096
8.197000,0.000220
8.198000,-0.000413
8.199000,-0.000413
8.200000,-0.000096
8.201000,-0.000413
8.202000,-0.000096
8.203000,-0.000096
8.204000,0.000220
8.205000,-0.000096
8.206000,-0.000096
8.207000,-0.000096
8.208000,-0.000096
8.209000,0.000220
8.210000,-0.000096
8.211000,-0.000096
8.212000,-0.000413
8.213000,0.000220
8.214000,-0.000096
8.215000,-0.000096
8.216000,-0.000096
8.217000,-0.000096
8.218000,-0.000096
8.219000,-0.000729
8.220000,0.000220
8.221000,-0.000096
8.222000,-0.000096
8.223000,-0.000096
8.224000,-0.000096
8.225000,-0.000413
8.226000,-0.000096
8.227000,-0.000096
8.228000,-0.000096
8.229000,0.000220
8.230000,-0.000729
8.231000,-0.000096
8.232000,0.000536
8.233000,-0.000096
8.234000,-0.000096
8.235000,-0.000096
8.236000,-0.000413
8.237000,-0.000413
8.238000,-0.000096
8.239000,-0.000096
8.240000,-0.000413
8.241000,-0.000096
8.242000,-0.000413
8.243000,-0.000096
8.244000,-0.000096
8.245000,-0.000413
8.246000,-0.000096
8.247000,-0.000096
8.248000,-0.000413
8.249000,-0.000096
8.250000,-0.000096
8.251000,-0.000413
8.252000,-0.000413
8.253000,-0.000096
8.254000,-0.000096
8.255000,-0.000096
8.256000,-0.000413
8.257000,-0.000096
8.258000,0.000220
8.259000,-0.000096
8.260000,-0.000096
8.261000,-0.000096
8.262000,-0.000096
8.263000,-0.000413
8.264000,-0.000413
8.265000,-0.000096
8.266000,-0.000413
8.267000,0.000220
8.268000,-0.000413
8.269000,-0.000096
8.270000,-0.000096
8.271000,-0.000096
8.272000,-0.000096
8.273000,-0.000096
8.274000,-0.000729
8.275000,-0.000729
8.276000,-0.000413
8.277000,-0.000096
8.278000,-0.000096
8.279000,-0.000096
8.280000,-0.000413
8.281000,-0.000096
8.282000,-0.000096
8.283000,-0.000096
8.284000,-0.000413
8.285000,-0.000096
8.286000,-0.000096
8.287000,-0.000096
8.288000,-0.000096
8.289000,-0.000096
8.290000,0.000220
8.291000,-0.000413
8.292000,-0.000096
8.293000,-0.000096
8.294000,-0.000096
8.295000,-0.000096
8.296000,-0.000096
8.297000,-0.000096
8.298000,-0.000096
8.299000,-0.000096
8.300000,-0.000413
8.301000,-0.000096
8.302000,-0.000096
8.303000,-0.000729
8.304000,-0.000729
8.305000,-0.000729
8.306000,-0.000096
8.307000,-0.000096
8.308000,-0.000096
8.309000,-0.000096
8.310000,-0.000096
8.311000,-0.000096
8.312000,-0.000096
8.313000,-0.000096
8.314000,-0.000096
8.315000,-0.000096
8.316000,-0.000096
8.317000,-0.000096
8.318000,0.000220
8.319000,-0.000096
8.320000,-0.000096
8.321000,-0.000096
8.322000,0.000220
8.323000,-0.000413
8.324000,0.000220
8.325000,-0.000413
8.326000,-0.000096
8.327000,-0.000096
8.328000,-0.000096
8.329000,-0.000096
8.330000,-0.000096
8.331000,-0.000096
8.332000,0.000220
8.333000,-0.000096
8.334000,-0.000413
8.335000,-0.000096
8.336000,-0.000413
8.337000,-0.000096
8.338000,0.000220
8.339000,0.000536
8.340000,-0.000413
8.341000,-0.000096
8.342000,-0.000096
8.343000,-0.000096
8.344000,-0.000413
8.345000,-0.000096
8.346000,-0.000096
8.347000,-0.000096
8.348000,-0.000413
8.349000,-0.000096
8.350000,-0.000096
8.351000,-0.000096
8.352000,0.000220
8.353000,-0.000096
8.354000,-0.000096
8.355000,-0.000729
8.356000,-0.000413
8.357000,-0.000096
8.358000,-0.000413
8.359000,0.000220
8.360000,-0.000096
8.361000,-0.000096
8.362000,-0.000413
8.363000,-0.000413
8.364000,-0.000413
8.365000,-0.000096
8.366000,-0.000096
8.367000,-0.000096
8.368000,-0.000096
8.369000,-0.000096
8.370000,-0.000096
8.371000,-0.000413
8.372000,-0.000413
8.373000,-0.000096
8.374000,-0.000096
8.375000,-0.000096
8.376000,-0.000413
8.377000,-0.000413
8.378000,-0.000096
8.379000,-0.000096
8.380000,-0.000096
8.381000,0.000220
8.382000,-0.000096
8.383000,-0.000096
8.384000,-0.000096
8.385000,-0.000096
8.386000,-0.000413
8.387000,0.000220
8.388000,0.000220
8.389000,-0.000413
8.390000,-0.000413
8.391000,-0.000096
8.392000,-0.000096
8.393000,-0.000413
8.394000,-0.000413
8.395000,-0.000096
8.396000,-0.000096
8.397000,-0.000096
8.398000,-0.000413
8.399000,-0.000413
8.400000,-0.000096
8.401000,-0.000729
8.402000,0.000220
8.403000,-0.000413
8.404000,-0.000096
8.405000,-0.000413
8.406000,-0.000096
8.407000,-0.000096
8.408000,-0.000413
8.409000,-0.000096
8.410000,-0.000413
8.411000,-0.000413
8.412000,-0.000096
8.413000,-0.000096
8.414000,-0.000096
8.415000,-0.000096
8.416000,-0.000413
8.417000,-0.000096
8.418000,-0.000413
8.419000,-0.000413
8.420000,0.000220
8.421000,-0.000413
8.422000,-0.000096
8.423000,-0.000096
8.424000,-0.000729
8.425000,-0.000096
8.426000,-0.000096
8.427000,-0.000096
8.428000,-0.000413
8.429000,-0.000413
8.430000,-0.000413
8.431000,-0.000096
8.432000,-0.000096
8.433000,0.000220
8.434000,-0.000096
8.435000,-0.000096
8.436000,-0.000096
8.437000,-0.000096
8.438000,-0.000413
8.439000,-0.000729
8.440000,0.000220
8.441000,-0.000096
8.442000,-0.000096
8.443000,-0.000413
8.444000,-0.000096
8.445000,-0.000096
8.446000,-0.000096
8.447000,-0.000413
8.448000,-0.000413
8.449000,-0.000413
8.450000,-0.000096
8.451000,-0.000096
8.452000,-0.000413
8.453000,-0.000413
8.454000,-0.000413
8.455000,-0.000096
8.456000,-0.000096
8.457000,-0.000413
8.458000,0.000220
8.459000,-0.000096
8.460000,-0.000413
8.461000,-0.000413
8.462000,-0.000096
8.463000,-0.000413
8.464000,-0.000413
8.465000,-0.000096
8.466000,-0.000413
8.467000,-0.000096
8.468000,-0.000096
8.469000,-0.000729
8.470000,-0.000096
8.471000,-0.000413
8.472000,-0.000413
8.473000,-0.000096
8.474000,-0.000096
8.475000,-0.000096
8.476000,-0.000413
8.477000,-0.000413
8.478000,-0.000413
8.479000,-0.000096
8.480000,-0.000096
8.481000,-0.000413
8.482000,-0.000413
8.483000,-0.000096
8.484000,-0.000096
8.485000,-0.000096
8.486000,-0.000096
8.487000,-0.000096
8.488000,-0.000096
8.489000,-0.000413
8.490000,-0.000096
8.491000,-0.000096
8.492000,-0.000096
8.493000,-0.000413
8.494000,-0.000413
8.495000,-0.000096
8.496000,-0.000096
8.497000,-0.000413
8.498000,-0.000096
8.499000,-0.000096
8.500000,-0.000096
8.501000,-0.000413
8.502000,-0.000096
8.503000,-0.000096
8.504000,-0.000096
8.505000,-0.000096
8.506000,-0.000413
8.507000,0.000220
8.508000,-0.000413
8.509000,-0.000413
8.510000,-0.000096
8.511000,-0.000096
8.512000,-0.000096
8.513000,-0.000096
8.514000,-0.000096
8.515000,-0.000096
8.516000,-0.000096
8.517000,-0.000413
8.518000,-0.000413
8.519000,-0.000413
8.520000,-0.000729
8.521000,-0.000096
8.522000,-0.000096
8.523000,-0.000413
8.524000,0.000220
8.525000,-0.000096
8.526000,-0.000096
8.527000,-0.000096
8.528000,-0.000413
8.529000,-0.000096
8.530000,-0.000096
8.531000,-0.000413
8.532000,-0.000096
8.533000,-0.000413
8.534000,-0.000729
8.535000,0.000220
8.536000,-0.000413
8.537000,-0.000096
8.538000,-0.000413
8.539000,-0.000096
8.540000,-0.000096
8.541000,-0.000096
8.542000,-0.000729
8.543000,-0.000096
8.544000,-0.000096
8.545000,-0.000096
8.546000,-0.000096
8.547000,0.000220
8.548000,0.000536
8.549000,-0.000413
8.550000,-0.000096
8.551000,-0.000096
8.552000,-0.000096
8.553000,-0.000413
8.554000,-0.000413
8.555000,-0.000096
8.556000,-0.000096
8.557000,-0.000096
8.558000,-0.000413
8.559000,-0.000413
8.560000,-0.000096
8.561000,-0.000096
8.562000,-0.000413
8.563000,-0.000096
8.564000,-0.000096
8.565000,-0.000096
8.566000,-0.000096
8.567000,-0.000096
8.568000,-0.000413
8.569000,-0.000096
8.570000,-0.000096
8.571000,0.000220
8.572000,-0.000096
8.573000,-0.000096
8.574000,-0.000096
8.575000,-0.000096
8.576000,-0.000413
8.577000,-0.000096
8.578000,-0.000413
8.579000,-0.000096
8.580000,-0.000413
8.581000,-0.000413
8.582000,-0.000096
8.583000,-0.000413
8.584000,-0.000413
8.585000,-0.000096
8.586000,-0.000096
8.587000,-0.000096
8.588000,-0.000096
8.589000,-0.000096
8.590000,-0.000096
8.591000,-0.000413
8.592000,-0.000096
8.593000,-0.000729
8.594000,-0.000096
8.595000,-0.000096
8.596000,-0.000413
8.597000,-0.000413
8.598000,-0.000096
8.599000,-0.000096
8.600000,0.000220
8.601000,-0.000096
8.602000,-0.000096
8.603000,-0.000413
8.604000,-0.000729
8.605000,0.000220
8.606000,-0.000096
8.607000,-0.000413
8.608000,-0.000096
8.609000,-0.000096
8.610000,-0.000096
8.611000,-0.000413
8.612000,-0.000096
8.613000,-0.000096
8.614000,-0.000096
8.615000,-0.000413
8.616000,-0.000413
8.617000,-0.000096
8.618000,-0.000096
8.619000,-0.000413
8.620000,-0.000096
8.621000,-0.000096
8.622000,-0.000096
8.623000,-0.000096
8.624000,0.000220
8.625000,-0.000096
8.626000,-0.000096
8.627000,-0.000413
8.628000,-0.000096
8.629000,-0.000413
8.630000,-0.000096
8.631000,-0.000096
8.632000,-0.000729
8.633000,-0.000096
8.634000,0.000220
8.635000,-0.000729
8.636000,0.000220
8.637000,-0.000096
8.638000,-0.000096
8.639000,-0.000729
8.640000,-0.000096
8.641000,-0.000096
8.642000,-0.000413
8.643000,0.000220
8.644000,0.000220
8.645000,-0.000096
8.646000,-0.000413
8.647000,-0.000729
8.648000,-0.000096
8.649000,0.000220
8.650000,-0.000413
8.651000,-0.000096
8.652000,-0.000413
8.653000,-0.000413
8.654000,-0.000096
8.655000,0.000220
8.656000,-0.000096
8.657000,-0.000096
8.658000,-0.000413
8.659000,-0.000413
8.660000,-0.000096
8.661000,-0.000096
8.662000,-0.000096
8.663000,0.000220
8.664000,-0.000096
8.665000,-0.000413
8.666000,0.000220
8.667000,0.000220
8.668000,0.000220
8.669000,-0.000413
8.670000,-0.000413
8.671000,-0.000096
8.672000,-0.000729
8.673000,-0.000096
8.674000,-0.000096
8.675000,-0.000096
8.676000,-0.000413
8.677000,-0.000413
8.678000,0.000536
8.679000,-0.000096
8.680000,-0.000413
8.681000,-0.000096
8.682000,-0.000096
8.683000,-0.000413
8.684000,-0.000096
8.685000,-0.000096
8.686000,0.000220
8.687000,-0.000413
8.688000,-0.000413
8.689000,-0.000096
8.690000,-0.000096
8.691000,-0.000096
8.692000,-0.000096
8.693000,-0.000729
8.694000,-0.000413
8.695000,-0.000413
8.696000,-0.000413
8.697000,-0.000096
8.698000,-0.000096
8.699000,-0.000096
8.700000,-0.000096
8.701000,-0.000096
8.702000,-0.000096
8.703000,-0.000413
8.704000,-0.000413
8.705000,-0.000096
8.706000,-0.000413
8.707000,-0.000096
8.708000,-0.000096
8.709000,-0.000413
8.710000,-0.000096
8.711000,-0.000096
8.712000,-0.000413
8.713000,-0.000096
8.714000,-0.000096
8.715000,-0.000096
8.716000,-0.000729
8.717000,-0.000096
8.718000,-0.000096
8.719000,-0.000413
8.720000,-0.000096
8.721000,-0.000729
8.722000,-0.000096
8.723000,-0.000413
8.724000,-0.000413
8.725000,-0.000096
8.726000,-0.000096
8.727000,-0.000413
8.728000,-0.000413
8.729000,-0.000413
8.730000,0.000220
8.731000,-0.000413
8.732000,-0.000413
8.733000,-0.000413
8.734000,-0.000096
8.735000,-0.000413
8.736000,-0.000096
8.737000,-0.000096
8.738000,-0.000413
8.739000,-0.000096
8.740000,-0.000096
8.741000,-0.000413
8.742000,-0.000413
8.743000,-0.000096
8.744000,0.000220
8.745000,-0.000096
8.746000,-0.000413
8.747000,-0.000096
8.748000,-0.000413
8.749000,-0.000096
8.750000,-0.000096
8.751000,-0.000413
8.752000,-0.000413
8.753000,-0.000096
8.754000,-0.000096
8.755000,-0.000096
8.756000,-0.000096
8.757000,0.000220
8.758000,-0.000096
8.759000,-0.000413
8.760000,0.000220
8.761000,-0.000096
8.762000,-0.000729
8.763000,-0.000096
8.764000,-0.000096
8.765000,-0.000413
8.766000,-0.000413
8.767000,-0.000096
8.768000,-0.000096
8.769000,-0.000096
8.770000,0.000220
8.771000,-0.000729
8.772000,-0.000096
8.773000,-0.000413
8.774000,-0.000413
8.775000,-0.000096
8.776000,-0.000413
8.777000,-0.000096
8.778000,-0.000096
8.779000,-0.000413
8.780000,0.000220
8.781000,-0.000096
8.782000,-0.000096
8.783000,-0.000096
8.784000,0.000220
8.785000,-0.000413
8.786000,-0.000096
8.787000,-0.000413
8.788000,-0.000096
8.789000,-0.000729
8.790000,-0.000413
8.791000,-0.000413
8.792000,-0.000096
8.793000,-0.000096
8.794000,-0.000096
8.795000,-0.000096
8.796000,-0.000096
8.797000,-0.000096
8.798000,-0.000096
8.799000,-0.000096
8.800000,-0.000096
8.801000,-0.000413
8.802000,-0.000096
8.803000,-0.000096
8.804000,-0.000096
8.805000,-0.000096
8.806000,-0.000096
8.807000,-0.000096
8.808000,-0.000096
8.809000,0.000220
8.810000,0.000220
8.811000,-0.000096
8.812000,0.000220
8.813000,0.000536
8.814000,-0.000096
8.815000,-0.000413
8.816000,-0.000096
8.817000,-0.000729
8.818000,-0.000096
8.819000,0.000220
8.820000,-0.000096
8.821000,-0.000096
8.822000,-0.000096
8.823000,0.000220
8.824000,-0.000096
8.825000,-0.000413
8.826000,0.000220
8.827000,-0.000096
8.828000,-0.000096
8.829000,-0.000096
8.830000,-0.000096
8.831000,-0.000096
8.832000,-0.000096
8.833000,-0.000096
8.834000,-0.000096
8.835000,-0.000096
8.836000,-0.000096
8.837000,-0.000096
8.838000,-0.000096
8.839000,-0.000096
8.840000,-0.000096
8.841000,0.000536
8.842000,-0.000096
8.843000,-0.000729
8.844000,0.000220
8.845000,-0.000096
8.846000,-0.000096
8.847000,-0.000729
8.848000,-0.000413
8.849000,-0.000096
8.850000,0.000220
8.851000,0.000220
8.852000,-0.000096
8.853000,-0.000096
8.854000,-0.000096
8.855000,-0.000096
8.856000,-0.000096
8.857000,-0.000096
8.858000,-0.000413
8.859000,-0.000413
8.860000,0.000220
8.861000,-0.000413
8.862000,-0.000413
8.863000,-0.000413
8.864000,-0.000096
8.865000,-0.000413
8.866000,-0.000096
8.867000,-0.000096
8.868000,-0.000413
8.869000,-0.000413
8.870000,-0.000096
8.871000,-0.000729
8.872000,-0.000096
8.873000,-0.000096
8.874000,-0.000096
8.875000,0.000220
8.876000,-0.000413
8.877000,-0.000096
8.878000,-0.000096
8.879000,-0.000096
8.880000,-0.000729
8.881000,-0.000413
8.882000,-0.000096
8.883000,-0.000096
8.884000,0.000220
8.885000,-0.000096
8.886000,-0.000413
8.887000,-0.000096
8.888000,-0.000413
8.889000,-0.000413
8.890000,-0.000413
8.891000,-0.000096
8.892000,-0.000413
8.893000,-0.000096
8.894000,-0.000096
8.895000,-0.000413
8.896000,-0.000096
8.897000,-0.000096
8.898000,-0.000096
8.899000,-0.000096
8.900000,0.000220
8.901000,-0.000096
8.902000,-0.000096
8.903000,0.000220
8.904000,-0.000096
8.905000,-0.000413
8.906000,-0.000729
8.907000,-0.000096
8.908000,-0.000096
8.909000,-0.000096
8.910000,-0.000729
8.911000,0.000220
8.912000,-0.000096
8.913000,-0.000096
8.914000,-0.000096
8.915000,-0.000096
8.916000,-0.000413
8.917000,-0.000413
8.918000,-0.000413
8.919000,-0.000096
8.920000,-0.000413
8.921000,-0.000413
8.922000,0.000220
8.923000,-0.000096
8.924000,-0.000413
8.925000,-0.000096
8.926000,0.000220
8.927000,0.000536
8.928000,-0.000413
8.929000,-0.000096
8.930000,-0.000096
8.931000,0.000536
8.932000,-0.000729
8.933000,-0.000413
8.934000,-0.000096
8.935000,-0.000413
8.936000,-0.000413
8.937000,-0.000096
8.938000,-0.000096
8.939000,0.000220
8.940000,-0.000413
8.941000,0.000220
8.942000,-0.000096
8.943000,0.000220
8.944000,-0.000413
8.945000,-0.000729
8.946000,-0.000096
8.947000,0.000220
8.948000,0.000536
8.949000,0.000220
8.950000,-0.000096
8.951000,-0.000096
8.952000,0.000220
8.953000,0.000220
8.954000,-0.000096
8.955000,0.000220
8.956000,-0.000096
8.957000,-0.000096
8.958000,-0.000096
8.959000,-0.000096
8.960000,-0.000729
8.961000,-0.000413
8.962000,-0.000413
8.963000,-0.000413
8.964000,0.000220
8.965000,-0.000096
8.966000,-0.000413
8.967000,-0.000729
8.968000,-0.000096
8.969000,-0.000096
8.970000,-0.000096
8.971000,-0.000096
8.972000,-0.000413
8.973000,-0.000413
8.974000,-0.000096
8.975000,-0.000096
8.976000,-0.000096
8.977000,-0.000413
8.978000,-0.000096
8.979000,-0.000096
8.980000,-0.000413
8.981000,-0.000729
8.982000,-0.000096
8.983000,-0.000413
8.984000,-0.000413
8.985000,-0.000729
8.986000,-0.000413
8.987000,-0.000096
8.988000,-0.000096
8.989000,-0.000096
8.990000,-0.000096
8.991000,-0.000096
8.992000,-0.000096
8.993000,0.000220
8.994000,-0.000729
8.995000,0.000220
8.996000,-0.000413
8.997000,-0.000096
8.998000,-0.000413
8.999000,-0.000096
9.000000,-0.000096
9.001000,-0.000096
9.002000,-0.000096
9.003000,-0.000413
9.004000,-0.000096
9.005000,-0.000413
9.006000,-0.000413
9.007000,-0.000096
9.008000,-0.000096
9.009000,-0.000096
9.010000,-0.000096
9.011000,-0.000096
9.012000,-0.000413
9.013000,-0.000413
9.014000,-0.000413
9.015000,-0.000413
9.016000,0.000220
9.017000,0.000220
9.018000,-0.000096
9.019000,-0.000096
9.020000,-0.000413
9.021000,-0.000096
9.022000,-0.000413
9.023000,-0.000096
9.024000,-0.000096
9.025000,-0.000729
9.026000,-0.000729
9.027000,-0.000096
9.028000,-0.000096
9.029000,-0.000413
9.030000,-0.000096
9.031000,-0.000413
9.032000,-0.000413
9.033000,-0.000096
9.034000,-0.000096
9.035000,-0.000096
9.036000,-0.000096
9.037000,-0.000096
9.038000,0.000220
9.039000,-0.000413
9.040000,-0.000096
9.041000,-0.000096
9.042000,-0.000096
9.043000,-0.000413
9.044000,-0.000413
9.045000,-0.000096
9.046000,-0.000096
9.047000,0.000220
9.048000,-0.000413
9.049000,-0.000413
9.050000,-0.000413
9.051000,-0.000096
9.052000,-0.000096
9.053000,-0.000096
9.054000,0.000220
9.055000,-0.000413
9.056000,-0.000096
9.057000,-0.000096
9.058000,-0.000096
9.059000,-0.000096
9.060000,0.000220
9.061000,-0.000096
9.062000,-0.000729
9.063000,-0.000096
9.064000,-0.000413
9.065000,-0.000413
9.066000,-0.000096
9.067000,-0.000096
9.068000,-0.000096
9.069000,-0.000096
9.070000,-0.000096
9.071000,0.000536
9.072000,-0.000413
9.073000,0.000220
9.074000,-0.000096
9.075000,-0.000096
9.076000,-0.000096
9.077000,-0.000096
9.078000,-0.000096
9.079000,-0.000413
9.080000,-0.000096
9.081000,-0.000729
9.082000,-0.000096
9.083000,-0.000096
9.084000,-0.000413
9.085000,-0.000413
9.086000,0.000220
9.087000,-0.000096
9.088000,-0.000413
9.089000,-0.000096
9.090000,-0.000729
9.091000,-0.000729
9.092000,-0.000096
9.093000,-0.000096
9.094000,-0.000413
9.095000,-0.000096
9.096000,-0.000413
9.097000,-0.000096
9.098000,-0.000096
9.099000,-0.000413
9.100000,0.000220
9.101000,-0.000413
9.102000,-0.000413
9.103000,-0.000096
9.104000,-0.000413
9.105000,0.000220
9.106000,-0.000096
9.107000,-0.000096
9.108000,-0.000096
9.109000,-0.000096
9.110000,-0.000096
9.111000,-0.000096
9.112000,-0.000096
9.113000,-0.000729
9.114000,-0.000413
9.115000,-0.000413
9.116000,0.000220
9.117000,-0.000096
9.118000,-0.000413
9.119000,-0.000096
9.120000,-0.000413
9.121000,-0.000096
9.122000,-0.000096
9.123000,-0.000096
9.124000,-0.000096
9.125000,-0.000096
9.126000,-0.000096
9.127000,-0.000096
9.128000,-0.000096
9.129000,-0.000096
9.130000,-0.000096
9.131000,-0.000096
9.132000,-0.000096
9.133000,-0.000096
9.134000,-0.000096
9.135000,-0.000413
9.136000,-0.000096
9.137000,0.000220
9.138000,0.000536
9.139000,-0.000413
9.140000,-0.000096
9.141000,-0.000413
9.142000,0.000536
9.143000,-0.000413
9.144000,-0.000413
9.145000,-0.000413
9.146000,-0.000096
9.147000,-0.000096
9.148000,0.000220
9.149000,-0.000096
9.150000,-0.000413
9.151000,-0.000096
9.152000,-0.000413
9.153000,-0.000096
9.154000,-0.000413
9.155000,-0.000096
9.156000,0.000220
9.157000,-0.000096
9.158000,-0.000096
9.159000,-0.000096
9.160000,-0.000096
9.161000,-0.000096
9.162000,-0.000413
9.163000,-0.000096
9.164000,-0.000729
9.165000,-0.000096
9.166000,-0.000413
9.167000,-0.000096
9.168000,0.000220
9.169000,-0.000413
9.170000,-0.000413
9.171000,-0.000413
9.172000,-0.000413
9.173000,-0.000413
9.174000,-0.000096
9.175000,-0.000096
9.176000,-0.000096
9.177000,-0.000096
9.178000,-0.000096
9.179000,-0.000096
9.180000,-0.000096
9.181000,-0.000096
9.182000,-0.000096
9.183000,-0.000096
9.184000,-0.000413
9.185000,-0.000413
9.186000,-0.000413
9.187000,-0.000413
9.188000,-0.000096
9.189000,-0.000096
9.190000,-0.000096
9.191000,-0.000413
9.192000,-0.000096
9.193000,-0.000096
9.194000,-0.000413
9.195000,-0.000096
9.196000,-0.000096
9.197000,-0.000096
9.198000,-0.000413
9.199000,0.000220
9.200000,-0.000096
9.201000,-0.000096
9.202000,-0.000096
9.203000,-0.000096
9.204000,-0.000096
9.205000,-0.000096
9.206000,-0.000096
9.207000,-0.000413
9.208000,0.000220
9.209000,-0.000096
9.210000,-0.000096
9.211000,-0.000096
9.212000,-0.000096
9.213000,-0.000096
9.214000,-0.000096
9.215000,-0.000096
9.216000,-0.000413
9.217000,-0.000096
9.218000,0.000220
9.219000,-0.000096
9.220000,-0.000096
9.221000,-0.000096
9.222000,0.000536
9.223000,-0.000096
9.224000,-0.000413
9.225000,-0.000413
9.226000,-0.000413
9.227000,-0.000096
9.228000,-0.000096
9.229000,-0.000096
9.230000,-0.000413
9.231000,-0.000096
9.232000,-0.000096
9.233000,0.000220
9.234000,-0.000096
9.235000,-0.000096
9.236000,-0.000096
9.237000,-0.000096
9.238000,-0.000096
9.239000,-0.000096
9.240000,-0.000096
9.241000,-0.000096
9.242000,-0.000096
9.243000,-0.000413
9.244000,-0.000413
9.245000,-0.000096
9.246000,-0.000096
9.247000,0.000220
9.248000,-0.000413
9.249000,0.000220
9.250000,-0.000096
9.251000,-0.000096
9.252000,-0.000096
9.253000,-0.000096
9.254000,0.000220
9.255000,-0.000413
9.256000,-0.000096
9.257000,-0.000413
9.258000,-0.000096
9.259000,-0.000096
9.260000,-0.000413
9.261000,-0.000096
9.262000,-0.000096
9.263000,-0.000096
9.264000,-0.000096
9.265000,-0.000096
9.266000,-0.000096
9.267000,-0.000413
9.268000,-0.000096
9.269000,-0.000413
9.270000,0.000536
9.271000,-0.000096
9.272000,-0.000096
9.273000,-0.000096
9.274000,-0.000413
9.275000,0.000220
9.276000,-0.000096
9.277000,-0.000413
9.278000,-0.000096
9.279000,-0.000413
9.280000,-0.000096
9.281000,-0.000096
9.282000,-0.000096
9.283000,-0.000413
9.284000,-0.000096
9.285000,0.000220
9.286000,-0.000096
9.287000,-0.000096
9.288000,-0.000413
9.289000,-0.000096
9.290000,-0.000096
9.291000,-0.000096
9.292000,-0.000096
9.293000,-0.000413
9.294000,-0.000096
9.295000,-0.000729
9.296000,0.000536
9.297000,-0.000096
9.298000,0.000536
9.299000,-0.000096
9.300000,-0.000413
9.301000,-0.000413
9.302000,-0.000096
9.303000,-0.000096
9.304000,-0.000413
9.305000,-0.000096
9.306000,-0.000413
9.307000,-0.000413
9.308000,-0.000413
9.309000,-0.000096
9.310000,-0.000413
9.311000,-0.000096
9.312000,-0.000096
9.313000,0.000220
9.314000,-0.000096
9.315000,-0.000096
9.316000,-0.000413
9.317000,-0.000096
9.318000,0.000220
9.319000,-0.000413
9.320000,-0.000413
9.321000,-0.000413
9.322000,-0.000096
9.323000,-0.000413
9.324000,0.000220
9.325000,-0.000096
9.326000,-0.000096
9.327000,-0.000096
9.328000,-0.000096
9.329000,-0.000096
9.330000,-0.000096
9.331000,-0.000096
9.332000,-0.000096
9.333000,-0.000729
9.334000,-0.000096
9.335000,0.000220
9.336000,-0.000096
9.337000,-0.000413
9.338000,-0.000096
9.339000,-0.000096
9.340000,-0.000096
9.341000,-0.000096
9.342000,0.000220
9.343000,-0.000096
9.344000,-0.000096
9.345000,-0.000413
9.346000,-0.000096
9.347000,-0.000096
9.348000,-0.000413
9.349000,-0.000096
9.350000,-0.000096
9.351000,-0.000729
9.352000,-0.000096
9.353000,-0.000096
9.354000,-0.000729
9.355000,-0.000096
9.356000,0.000220
9.357000,-0.000096
9.358000,-0.000413
9.359000,0.000220
9.360000,0.000220
9.361000,-0.000413
9.362000,-0.000413
9.363000,-0.000729
9.364000,-0.000096
9.365000,0.000220
9.366000,-0.000096
9.367000,-0.000729
9.368000,0.000220
9.369000,-0.000413
9.370000,-0.000413
9.371000,-0.000096
9.372000,0.000220
9.373000,-0.000096
9.374000,-0.000096
9.375000,-0.000413
9.376000,-0.000413
9.377000,-0.000096
9.378000,-0.000096
9.379000,-0.000096
9.380000,-0.000096
9.381000,-0.000096
9.382000,-0.000096
9.383000,-0.000413
9.384000,-0.000096
9.385000,0.000220
9.386000,-0.000096
9.387000,-0.000096
9.388000,-0.000096
9.389000,-0.000096
9.390000,-0.000413
9.391000,-0.000096
9.392000,-0.000096
9.393000,-0.000413
9.394000,0.000220
9.395000,-0.000096
9.396000,-0.000096
9.397000,-0.000096
9.398000,-0.000413
9.399000,-0.000096
9.400000,-0.000096
9.401000,-0.000096
9.402000,-0.000096
9.403000,-0.000413
9.404000,-0.000413
9.405000,-0.000096
9.406000,-0.000413
9.407000,-0.000096
9.408000,-0.000096
9.409000,-0.000096
9.410000,-0.000096
9.411000,-0.000096
9.412000,-0.000096
9.413000,-0.000096
9.414000,-0.000096
9.415000,-0.000096
9.416000,0.000220
9.417000,-0.000413
9.418000,0.000536
9.419000,-0.000413
9.420000,-0.000096
9.421000,0.000220
9.422000,0.000220
9.423000,-0.000096
9.424000,-0.000096
9.425000,-0.000096
9.426000,-0.000729
9.427000,-0.000096
9.428000,-0.000096
9.429000,-0.000729
9.430000,-0.000096
9.431000,-0.000413
9.432000,-0.000096
9.433000,-0.000096
9.434000,-0.000096
9.435000,-0.000096
9.436000,-0.000096
9.437000,0.000220
9.438000,-0.000096
9.439000,-0.000413
9.440000,-0.000413
9.441000,-0.000729
9.442000,-0.000413
9.443000,-0.000096
9.444000,-0.000413
9.445000,0.000220
9.446000,-0.000096
9.447000,-0.000729
9.448000,-0.000729
9.449000,-0.000413
9.450000,-0.000729
9.451000,-0.000096
9.452000,-0.000096
9.453000,-0.000096
9.454000,-0.000096
9.455000,-0.000096
9.456000,-0.000413
9.457000,-0.000096
9.458000,-0.000413
9.459000,-0.000096
9.460000,-0.000729
9.461000,0.000220
9.462000,-0.000096
9.463000,-0.000096
9.464000,-0.000413
9.465000,0.000220
9.466000,-0.000413
9.467000,-0.000096
9.468000,-0.000096
9.469000,-0.000096
9.470000,-0.000096
9.471000,-0.000096
9.472000,-0.000729
9.473000,-0.000096
9.474000,-0.000096
9.475000,-0.000096
9.476000,-0.000413
9.477000,-0.000413
9.478000,-0.000413
9.479000,-0.000729
9.480000,-0.000096
9.481000,-0.000096
9.482000,0.000220
9.483000,-0.000096
9.484000,-0.000413
9.485000,-0.000096
9.486000,-0.000413
9.487000,0.000220
9.488000,-0.000096
9.489000,-0.000096
9.490000,-0.000096
9.491000,-0.000413
9.492000,-0.000096
9.493000,-0.000729
9.494000,-0.000413
9.495000,-0.000729
9.496000,-0.000413
9.497000,-0.000096
9.498000,-0.000096
9.499000,-0.000413
9.500000,-0.000413
9.501000,0.000220
9.502000,-0.000413
9.503000,-0.000413
9.504000,-0.000413
9.505000,-0.000729
9.506000,-0.000096
9.507000,-0.000729
9.508000,-0.000096
9.509000,-0.000413
9.510000,-0.000096
9.511000,-0.000096
9.512000,-0.000096
9.513000,-0.000096
9.514000,-0.000413
9.515000,-0.000413
9.516000,-0.000096
9.517000,-0.000413
9.518000,-0.000096
9.519000,-0.000096
9.520000,-0.000413
9.521000,0.000220
9.522000,-0.000413
9.523000,-0.000096
9.524000,-0.000096
9.525000,0.000220
9.526000,-0.000096
9.527000,-0.000096
9.528000,-0.000096
9.529000,-0.000096
9.530000,-0.000096
9.531000,-0.000096
9.532000,-0.000096
9.533000,-0.000096
9.534000,-0.000413
9.535000,-0.000096
9.536000,-0.000729
9.537000,-0.000096
9.538000,0.000220
9.539000,-0.000096
9.540000,-0.000096
9.541000,-0.000096
9.542000,-0.000413
9.543000,-0.000096
9.544000,-0.000096
9.545000,-0.000096
9.546000,-0.000096
9.547000,-0.000096
9.548000,-0.000096
9.549000,-0.000096
9.550000,0.000220
9.551000,-0.000096
9.552000,-0.000413
9.553000,-0.000413
9.554000,-0.000096
9.555000,0.000220
9.556000,0.000220
9.557000,-0.000096
9.558000,-0.000096
9.559000,-0.000096
9.560000,-0.000096
9.561000,-0.000096
9.562000,-0.000729
9.563000,-0.000096
9.564000,-0.000096
9.565000,-0.000096
9.566000,-0.000096
9.567000,-0.000096
9.568000,-0.000096
9.569000,-0.000096
9.570000,-0.000096
9.571000,-0.000096
9.572000,0.000220
9.573000,-0.000096
9.574000,-0.000096
9.575000,-0.000413
9.576000,-0.000729
9.577000,-0.000096
9.578000,-0.000096
9.579000,-0.000096
9.580000,0.000220
9.581000,0.000220
9.582000,-0.000096
9.583000,-0.000096
9.584000,-0.000413
9.585000,-0.000096
9.586000,-0.000413
9.587000,-0.000413
9.588000,-0.000096
9.589000,-0.000413
9.590000,-0.000096
9.591000,-0.000729
9.592000,-0.000413
9.593000,-0.000413
9.594000,-0.000413
9.595000,-0.000413
9.596000,-0.000096
9.597000,-0.000096
9.598000,-0.000096
9.599000,-0.000096
9.600000,-0.000096
9.601000,-0.000413
9.602000,-0.000096
9.603000,-0.000096
9.604000,0.000220
9.605000,-0.000096
9.606000,-0.000413
9.607000,-0.000729
9.608000,-0.000096
9.609000,-0.000413
9.610000,-0.000096
9.611000,-0.000096
9.612000,0.000220
9.613000,-0.000096
9.614000,-0.000096
9.615000,-0.000096
9.616000,-0.000096
9.617000,-0.000096
9.618000,-0.000096
9.619000,-0.000096
9.620000,-0.000096
9.621000,0.000220
9.622000,-0.000096
9.623000,0.000536
9.624000,-0.000096
9.625000,-0.000096
9.626000,-0.000096
9.627000,-0.000096
9.628000,-0.000096
9.629000,0.000220
9.630000,-0.000096
9.631000,0.000220
9.632000,-0.000096
9.633000,-0.000413
9.634000,-0.000096
9.635000,-0.000096
9.636000,-0.000413
9.637000,-0.000096
9.638000,-0.000096
9.639000,-0.000413
9.640000,-0.000096
9.641000,0.000220
9.642000,-0.000096
9.643000,-0.000413
9.644000,-0.000096
9.645000,-0.000413
9.646000,-0.000096
9.647000,-0.000096
9.648000,-0.000096
9.649000,-0.000096
9.650000,-0.000729
9.651000,-0.000096
9.652000,-0.000096
9.653000,-0.000096
9.654000,0.000220
9.655000,-0.000096
9.656000,-0.000096
9.657000,-0.000096
9.658000,-0.000096
9.659000,-0.000096
9.660000,-0.000096
9.661000,-0.000413
9.662000,-0.000413
9.663000,-0.000096
9.664000,-0.000096
9.665000,-0.000413
9.666000,-0.000096
9.667000,-0.000729
9.668000,-0.000096
9.669000,-0.000096
9.670000,-0.000096
9.671000,-0.000096
9.672000,-0.000096
9.673000,0.000220
9.674000,-0.000413
9.675000,-0.000413
9.676000,-0.000096
9.677000,-0.000096
9.678000,-0.000096
9.679000,-0.000096
9.680000,-0.000413
9.681000,-0.000096
9.682000,-0.000096
9.683000,-0.000096
9.684000,0.000220
9.685000,-0.000096
9.686000,-0.000413
9.687000,-0.000096
9.688000,-0.000096
9.689000,-0.000096
9.690000,-0.000096
9.691000,-0.000096
9.692000,0.000220
9.693000,-0.000096
9.694000,-0.000096
9.695000,-0.000413
9.696000,-0.000096
9.697000,-0.000096
9.698000,0.000220
9.699000,-0.000096
9.700000,0.000220
9.701000,0.000220
9.702000,-0.000096
9.703000,-0.000096
9.704000,-0.000413
9.705000,-0.000096
9.706000,-0.000413
9.707000,-0.000413
9.708000,-0.000096
9.709000,-0.000096
9.710000,-0.000096
9.711000,0.000220
9.712000,-0.000729
9.713000,-0.000413
9.714000,-0.000096
9.715000,0.000220
9.716000,-0.000096
9.717000,-0.000096
9.718000,-0.000096
9.719000,0.000220
9.720000,-0.000096
9.721000,-0.000413
9.722000,-0.000096
9.723000,-0.000096
9.724000,-0.000096
9.725000,-0.000413
9.726000,-0.000096
9.727000,-0.000413
9.728000,-0.000096
9.729000,-0.000413
9.730000,-0.000096
9.731000,-0.000096
9.732000,-0.000413
9.733000,-0.000096
9.734000,-0.000096
9.735000,-0.000096
9.736000,0.000220
9.737000,-0.000413
9.738000,-0.000413
9.739000,-0.000096
9.740000,-0.000096
9.741000,-0.000096
9.742000,-0.000413
9.743000,0.000220
9.744000,-0.000096
9.745000,-0.000413
9.746000,-0.000413
9.747000,-0.000096
9.748000,-0.000096
9.749000,-0.000413
9.750000,-0.000413
9.751000,-0.000413
9.752000,-0.000413
9.753000,-0.000413
9.754000,0.000220
9.755000,-0.000096
9.756000,0.000220
9.757000,-0.000729
9.758000,-0.000096
9.759000,-0.000413
9.760000,-0.000096
9.761000,-0.000096
9.762000,-0.000096
9.763000,-0.000096
9.764000,-0.000729
9.765000,-0.000096
9.766000,-0.000096
9.767000,-0.000096
9.768000,-0.000096
9.769000,-0.000413
9.770000,-0.000413
9.771000,-0.000096
9.772000,-0.000096
9.773000,-0.000413
9.774000,-0.000096
9.775000,-0.000096
9.776000,0.000220
9.777000,-0.000729
9.778000,-0.000096
9.779000,-0.000096
9.780000,-0.000413
9.781000,0.000220
9.782000,-0.000413
9.783000,-0.000096
9.784000,-0.000096
9.785000,-0.000413
9.786000,-0.000413
9.787000,-0.000096
9.788000,-0.000413
9.789000,0.000220
9.790000,-0.000096
9.791000,-0.000096
9.792000,-0.000413
9.793000,-0.000096
9.794000,-0.000096
9.795000,-0.000096
9.796000,-0.000096
9.797000,-0.000413
9.798000,-0.000096
9.799000,-0.000096
9.800000,-0.000096
9.801000,-0.000729
9.802000,-0.000096
9.803000,-0.000096
9.804000,-0.000096
9.805000,-0.000096
9.806000,-0.000413
9.807000,-0.000413
9.808000,-0.000096
9.809000,-0.000096
9.810000,-0.000413
9.811000,-0.000096
9.812000,-0.000413
9.813000,-0.000096
9.814000,-0.000729
9.815000,-0.000729
9.816000,-0.000096
9.817000,-0.000413
9.818000,-0.000096
9.819000,-0.000413
9.820000,-0.000096
9.821000,-0.000413
9.822000,0.000220
9.823000,-0.000096
9.824000,0.000220
9.825000,-0.000096
9.826000,-0.000413
9.827000,-0.000413
9.828000,0.000536
9.829000,-0.000096
9.830000,-0.000096
9.831000,0.000220
9.832000,-0.000096
9.833000,-0.000096
9.834000,-0.000096
9.835000,-0.000096
9.836000,-0.000096
9.837000,-0.000729
9.838000,-0.000096
9.839000,0.000220
9.840000,-0.000096
9.841000,-0.000096
9.842000,-0.000096
9.843000,-0.000096
9.844000,-0.000413
9.845000,-0.000413
9.846000,-0.000096
9.847000,-0.000096
9.848000,-0.000413
9.849000,-0.000096
9.850000,-0.000413
9.851000,-0.000096
9.852000,-0.000096
9.853000,-0.000096
9.854000,0.000220
9.855000,-0.000413
9.856000,-0.000729
9.857000,-0.000096
9.858000,-0.000096
9.859000,-0.000096
9.860000,-0.000413
9.861000,-0.000096
9.862000,-0.000096
9.863000,-0.000096
9.864000,-0.000413
9.865000,0.000220
9.866000,-0.000413
9.867000,-0.000413
9.868000,-0.000413
9.869000,-0.000096
9.870000,-0.000413
9.871000,-0.000096
9.872000,0.000220
9.873000,-0.000096
9.874000,-0.000096
9.875000,-0.000096
9.876000,-0.000096
9.877000,0.000220
9.878000,-0.000096
9.879000,-0.000096
9.880000,-0.000096
9.881000,0.000536
9.882000,-0.000096
9.883000,-0.000096
9.884000,-0.000413
9.885000,-0.000413
9.886000,-0.000096
9.887000,-0.000413
9.888000,-0.000413
9.889000,-0.000096
9.890000,0.000220
9.891000,-0.000096
9.892000,-0.000413
9.893000,-0.000413
9.894000,-0.000096
9.895000,-0.000096
9.896000,-0.000413
9.897000,-0.000096
9.898000,0.000220
9.899000,-0.000096
9.900000,0.000220
9.901000,-0.000096
9.902000,0.000220
9.903000,-0.000729
9.904000,-0.000096
9.905000,-0.000413
9.906000,-0.000413
9.907000,-0.000413
9.908000,0.000220
9.909000,-0.000096
9.910000,-0.000413
9.911000,-0.000413
9.912000,-0.000096
9.913000,0.000220
9.914000,0.000220
9.915000,-0.000096
9.916000,-0.000096
9.917000,-0.000096
9.918000,-0.000096
9.919000,-0.000096
9.920000,-0.000096
9.921000,-0.000096
9.922000,-0.000096
9.923000,-0.000413
9.924000,-0.000413
9.925000,-0.000096
9.926000,-0.000096
9.927000,0.000220
9.928000,-0.000413
9.929000,-0.000096
9.930000,-0.000096
9.931000,-0.000096
9.932000,-0.000729
9.933000,-0.000096
9.934000,-0.000096
9.935000,-0.000096
9.936000,-0.000096
9.937000,-0.000096
9.938000,0.000220
9.939000,-0.000096
9.940000,-0.000096
9.941000,-0.000096
9.942000,-0.000096
9.943000,-0.000413
9.944000,-0.000096
9.945000,0.000220
9.946000,-0.000096
9.947000,-0.000096
9.948000,-0.000413
9.949000,-0.000413
9.950000,-0.000096
9.951000,-0.000413
9.952000,-0.000096
9.953000,-0.000096
9.954000,0.000536
9.955000,0.000220
9.956000,-0.000413
9.957000,-0.000096
9.958000,-0.000096
9.959000,-0.000096
9.960000,-0.000096
9.961000,-0.000413
9.962000,-0.000096
9.963000,-0.000413
9.964000,-0.000413
9.965000,-0.000413
9.966000,0.000220
9.967000,-0.000096
9.968000,-0.000096
9.969000,-0.000413
9.970000,-0.000096
9.971000,-0.000096
9.972000,-0.000413
9.973000,-0.000096
9.974000,-0.000096
9.975000,-0.000413
9.976000,0.000220
9.977000,-0.000096
9.978000,-0.000413
9.979000,-0.000096
9.980000,-0.000413
9.981000,-0.000096
9.982000,-0.000096
9.983000,-0.000096
9.984000,-0.000096
9.985000,-0.000413
9.986000,-0.000413
9.987000,-0.000096
9.988000,-0.000096
9.989000,-0.000096
9.990000,0.000220
9.991000,-0.000096
9.992000,-0.000096
9.993000,-0.000096
9.994000,-0.000096
9.995000,-0.000729
9.996000,-0.000096
9.997000,-0.000096
9.998000,-0.000096
9.999000,-0.000729
10.000000,0.000220
10.001000,-0.000096
10.002000,-0.000096
10.003000,-0.000413
10.004000,0.000220
10.005000,-0.000096
10.006000,0.000220
10.007000,-0.000729
10.008000,-0.000096
10.009000,-0.000413
10.010000,-0.000413
10.011000,-0.000413
10.012000,-0.000413
10.013000,-0.000096
10.014000,-0.000096
10.015000,-0.000096
10.016000,0.000220
10.017000,-0.000096
10.018000,-0.000096
10.019000,-0.000096
10.020000,0.000220
10.021000,-0.000096
10.022000,-0.000096
10.023000,-0.000096
10.024000,-0.000096
10.025000,0.000220
10.026000,0.000220
10.027000,0.000220
10.028000,-0.000096
10.029000,-0.000096
10.030000,-0.000096
10.031000,-0.000413
10.032000,-0.000096
10.033000,-0.000096
10.034000,0.000220
10.035000,-0.000096
10.036000,-0.000096
10.037000,-0.000096
10.038000,0.000220
10.039000,-0.000096
10.040000,-0.000096
10.041000,-0.000096
10.042000,-0.000413
10.043000,-0.000096
10.044000,-0.000096
10.045000,-0.000096
10.046000,-0.000096
10.047000,-0.000096
10.048000,-0.000096
10.049000,0.000220
10.050000,-0.000096
10.051000,-0.000096
10.052000,-0.000413
10.053000,-0.000096
10.054000,-0.000096
10.055000,-0.000096
10.056000,-0.000413
10.057000,-0.000096
10.058000,-0.000096
10.059000,-0.000096
10.060000,-0.000096
10.061000,-0.000729
10.062000,-0.000096
10.063000,-0.000096
10.064000,-0.000096
10.065000,-0.000096
10.066000,-0.000413
10.067000,-0.000096
10.068000,-0.000096
10.069000,-0.000729
10.070000,-0.000413
10.071000,-0.000413
10.072000,-0.000413
10.073000,-0.000096
10.074000,0.000220
10.075000,0.000220
10.076000,-0.000096
10.077000,-0.000096
10.078000,-0.000096
10.079000,-0.000096
10.080000,-0.000096
10.081000,-0.000413
10.082000,-0.000096
10.083000,-0.000413
10.084000,-0.000413
10.085000,-0.000096
10.086000,-0.000096
10.087000,-0.000096
10.088000,-0.000096
10.089000,-0.000413
10.090000,-0.000096
10.091000,-0.000096
10.092000,-0.000413
10.093000,-0.000413
10.094000,-0.000096
10.095000,-0.000413
10.096000,-0.000096
10.097000,-0.000096
10.098000,-0.000096
10.099000,-0.000096
10.100000,-0.000413
10.101000,-0.000096
10.102000,-0.000096
10.103000,-0.000413
10.104000,0.000220
10.105000,-0.000413
10.106000,-0.000096
10.107000,-0.000096
10.108000,-0.000096
10.109000,-0.000096
10.110000,-0.000413
10.111000,-0.000413
10.112000,-0.000413
10.113000,-0.000096
10.114000,-0.000096
10.115000,-0.000413
10.116000,-0.000096
10.117000,0.000220
10.118000,-0.000413
10.119000,-0.000413
10.120000,-0.000413
10.121000,-0.000413
10.122000,0.000220
10.123000,0.000220
10.124000,0.000220
10.125000,-0.000413
10.126000,-0.000729
10.127000,-0.000413
10.128000,-0.000413
10.129000,-0.000096
10.130000,0.000220
10.131000,-0.000096
10.132000,-0.000729
10.133000,-0.000096
10.134000,-0.000413
10.135000,-0.000096
10.136000,-0.000729
10.137000,-0.000096
10.138000,-0.000729
10.139000,-0.000413
10.140000,-0.000096
10.141000,-0.000096
10.142000,-0.000096
10.143000,-0.000096
10.144000,0.000220
10.145000,-0.000096
10.146000,-0.000413
10.147000,-0.000096
10.148000,-0.000096
10.149000,-0.000413
10.150000,-0.000096
10.151000,-0.000096
10.152000,-0.000096
10.153000,-0.000096
10.154000,-0.000413
10.155000,-0.000096
10.156000,-0.000096
10.157000,-0.000096
10.158000,-0.000096
10.159000,-0.000096
10.160000,-0.000096
10.161000,-0.000096
10.162000,-0.000413
10.163000,-0.000096
10.164000,-0.000096
10.165000,-0.000413
10.166000,-0.000096
10.167000,-0.000413
10.168000,-0.000413
10.169000,-0.000096
10.170000,-0.000096
10.171000,0.000220
10.172000,0.000220
10.173000,-0.000096
10.174000,0.000220
10.175000,-0.000096
10.176000,-0.000096
10.177000,-0.000096
10.178000,-0.000096
10.179000,-0.000096
10.180000,-0.000096
10.181000,-0.000413
10.182000,-0.000096
10.183000,-0.000096
10.184000,-0.000096
10.185000,-0.000096
10.186000,-0.000096
10.187000,-0.000096
10.188000,-0.000096
10.189000,0.000220
10.190000,-0.000096
10.191000,-0.000096
10.192000,-0.000096
10.193000,-0.000096
10.194000,-0.000096
10.195000,-0.000413
10.196000,-0.000729
10.197000,-0.000096
10.198000,-0.000096
10.199000,-0.000096
10.200000,-0.000729
10.201000,-0.000096
10.202000,-0.000096
10.203000,-0.000096
10.204000,-0.000413
10.205000,-0.000413
10.206000,-0.000413
10.207000,-0.000096
10.208000,-0.000413
10.209000,-0.000413
10.210000,-0.000413
10.211000,-0.000096
10.212000,-0.000413
10.213000,-0.000413
10.214000,-0.000096
10.215000,-0.000096
10.216000,-0.000096
10.217000,-0.000413
10.218000,-0.000096
10.219000,-0.000096
10.220000,-0.000096
10.221000,-0.000096
10.222000,0.000220
10.223000,-0.000729
10.224000,-0.000729
10.225000,-0.000096
10.226000,-0.000413
10.227000,-0.000413
10.228000,-0.000413
10.229000,-0.000096
10.230000,-0.000096
10.231000,0.000220
10.232000,-0.000729
10.233000,-0.000729
10.234000,-0.000096
10.235000,-0.000413
10.236000,-0.000413
10.237000,-0.000096
10.238000,-0.000096
10.239000,-0.000413
10.240000,-0.000096
10.241000,-0.000413
10.242000,-0.000413
10.243000,-0.000413
10.244000,-0.000413
10.245000,-0.000096
10.246000,0.000220
10.247000,-0.000413
10.248000,-0.000096
10.249000,0.000220
10.250000,-0.000096
10.251000,-0.000096
10.252000,-0.000096
10.253000,-0.000413
10.254000,-0.000096
10.255000,-0.000096
10.256000,-0.000413
10.257000,-0.000413
10.258000,-0.000413
10.259000,-0.000096
10.260000,-0.000096
10.261000,-0.000096
10.262000,-0.000096
10.263000,-0.000096
10.264000,-0.000096
10.265000,0.000536
10.266000,-0.000096
10.267000,-0.000096
10.268000,-0.000096
10.269000,-0.000096
10.270000,0.000220
10.271000,-0.000096
10.272000,0.000220
10.273000,-0.000096
10.274000,-0.000413
10.275000,-0.000413
10.276000,-0.000413
10.277000,-0.000096
10.278000,-0.000096
10.279000,-0.000413
10.280000,-0.000096
10.281000,-0.000096
10.282000,-0.000413
10.283000,-0.000729
10.284000,-0.000413
10.285000,-0.000096
10.286000,-0.000413
10.287000,-0.000096
10.288000,-0.000413
10.289000,-0.000096
10.290000,-0.000413
10.291000,-0.000096
10.292000,-0.000096
10.293000,-0.000096
10.294000,-0.000096
10.295000,-0.000413
10.296000,-0.000096
10.297000,-0.000096
10.298000,-0.000096
10.299000,-0.000096
10.300000,-0.000096
10.301000,-0.000413
10.302000,-0.000413
10.303000,-0.000096
10.304000,-0.000413
10.305000,-0.000413
10.306000,-0.000096
10.307000,-0.000096
10.308000,-0.000096
10.309000,0.000220
10.310000,-0.000096
10.311000,-0.000096
10.312000,-0.000413
10.313000,-0.000096
10.314000,-0.000413
10.315000,-0.000729
10.316000,-0.000096
10.317000,-0.000413
10.318000,-0.000096
10.319000,-0.000413
10.320000,0.000220
10.321000,-0.000096
10.322000,-0.000096
10.323000,-0.000096
10.324000,-0.000096
10.325000,-0.000413
10.326000,-0.000096
10.327000,-0.000096
10.328000,-0.000096
10.329000,-0.000096
10.330000,-0.000096
10.331000,-0.000413
10.332000,-0.000096
10.333000,-0.000413
10.334000,-0.000413
10.335000,-0.000096
10.336000,-0.000413
10.337000,-0.000413
10.338000,-0.000096
10.339000,-0.000096
10.340000,-0.000413
10.341000,-0.000413
10.342000,-0.000729
10.343000,-0.000413
10.344000,-0.000413
10.345000,-0.000096
10.346000,-0.000096
10.347000,-0.000096
10.348000,-0.000096
10.349000,-0.000413
10.350000,-0.000413
10.351000,-0.000096
10.352000,-0.000096
10.353000,-0.000729
10.354000,-0.000729
10.355000,-0.000096
10.356000,-0.000096
10.357000,0.000220
10.358000,0.000220
10.359000,-0.000096
10.360000,-0.000096
10.361000,-0.000096
10.362000,-0.000729
10.363000,-0.000413
10.364000,-0.000096
10.365000,-0.000096
10.366000,-0.000096
10.367000,-0.000413
10.368000,-0.000096
10.369000,0.000220
10.370000,-0.000096
10.371000,-0.000096
10.372000,-0.000096
10.373000,-0.000729
10.374000,-0.000413
10.375000,-0.000413
10.376000,-0.000413
10.377000,-0.000413
10.378000,-0.000413
10.379000,0.000220
10.380000,-0.000096
10.381000,-0.000096
10.382000,-0.000413
10.383000,-0.000096
10.384000,-0.000096
10.385000,-0.000096
10.386000,-0.000413
10.387000,-0.000096
10.388000,-0.000413
10.389000,-0.000413
10.390000,-0.000413
10.391000,-0.000096
10.392000,-0.000096
10.393000,-0.000096
10.394000,-0.000413
10.395000,-0.000413
10.396000,-0.000413
10.397000,-0.000096
10.398000,-0.000096
10.399000,0.000220
10.400000,-0.000096
10.401000,-0.000729
10.402000,-0.000096
10.403000,-0.000729
10.404000,-0.000096
10.405000,-0.000096
10.406000,-0.000413
10.407000,-0.000413
10.408000,-0.000413
10.409000,-0.000413
10.410000,0.000220
10.411000,0.000220
10.412000,0.000536
10.413000,-0.000096
10.414000,-0.000096
10.415000,-0.000096
10.416000,-0.000096
10.417000,-0.000413
10.418000,-0.000413
10.419000,-0.000413
10.420000,-0.000096
10.421000,-0.000413
10.422000,-0.000096
10.423000,-0.000413
10.424000,-0.000096
10.425000,-0.000413
10.426000,0.000536
10.427000,0.000220
10.428000,-0.000413
10.429000,-0.000096
10.430000,0.000220
10.431000,-0.000096
10.432000,-0.000096
10.433000,-0.000096
10.434000,-0.000096
10.435000,-0.000096
10.436000,-0.000413
10.437000,-0.000413
10.438000,-0.000096
10.439000,-0.000413
10.440000,-0.000729
10.441000,-0.000096
10.442000,-0.000413
10.443000,-0.000413
10.444000,-0.000413
10.445000,-0.000096
10.446000,-0.000096
10.447000,-0.000096
10.448000,-0.000413
10.449000,-0.000413
10.450000,-0.000096
10.451000,-0.000096
10.452000,-0.000096
10.453000,-0.000096
10.454000,-0.000096
10.455000,-0.000096
10.456000,-0.000413
10.457000,-0.000096
10.458000,0.000220
10.459000,0.000220
10.460000,-0.000413
10.461000,-0.000729
10.462000,-0.000413
10.463000,0.000220
10.464000,-0.000096
10.465000,-0.000096
10.466000,-0.000096
10.467000,-0.000096
10.468000,-0.000729
10.469000,0.000220
10.470000,-0.000096
10.471000,-0.000413
10.472000,-0.000096
10.473000,0.000220
10.474000,-0.000413
10.475000,-0.000413
10.476000,-0.000096
10.477000,-0.000096
10.478000,-0.000096
10.479000,-0.000413
10.480000,-0.000413
10.481000,-0.000413
10.482000,-0.000096
10.483000,-0.000413
10.484000,-0.000096
10.485000,0.000220
10.486000,-0.000096
10.487000,-0.000096
10.488000,-0.000413
10.489000,-0.000413
10.490000,-0.000413
10.491000,-0.000729
10.492000,-0.000413
10.493000,-0.000096
10.494000,-0.000096
10.495000,-0.000096
10.496000,-0.000096
10.497000,-0.000096
10.498000,-0.000096
10.499000,-0.000096
10.500000,-0.000096
10.501000,-0.000096
10.502000,-0.000096
10.503000,0.000220
10.504000,-0.000413
10.505000,-0.000096
10.506000,-0.000096
10.507000,-0.000096
10.508000,-0.000096
10.509000,-0.000413
10.510000,-0.000413
10.511000,-0.000096
10.512000,0.000220
10.513000,0.000220
10.514000,-0.000096
10.515000,-0.000413
10.516000,-0.000096
10.517000,-0.000096
10.518000,-0.000413
10.519000,0.000220
10.520000,-0.000413
10.521000,0.000220
10.522000,-0.000096
10.523000,-0.000096
10.524000,-0.000729
10.525000,-0.000096
10.526000,-0.000096
10.527000,-0.000096
10.528000,-0.000096
10.529000,-0.000096
10.530000,-0.000413
10.531000,-0.000096
10.532000,-0.000729
10.533000,0.000220
10.534000,-0.000413
10.535000,0.000220
10.536000,-0.000096
10.537000,-0.000096
10.538000,-0.000096
10.539000,-0.000413
10.540000,-0.000096
10.541000,-0.000096
10.542000,-0.000413
10.543000,-0.000413
10.544000,-0.000729
10.545000,-0.000096
10.546000,-0.000096
10.547000,-0.000096
10.548000,0.000220
10.549000,-0.000096
10.550000,-0.000096
10.551000,-0.000413
10.552000,-0.000413
10.553000,-0.000096
10.554000,-0.000096
10.555000,-0.000096
10.556000,-0.000096
10.557000,-0.000096
10.558000,-0.000413
10.559000,-0.000096
10.560000,-0.000413
10.561000,-0.000096
10.562000,0.000220
10.563000,-0.000096
10.564000,-0.000096
10.565000,-0.000096
10.566000,-0.000096
10.567000,-0.000096
10.568000,-0.000413
10.569000,-0.000096
10.570000,0.000536
10.571000,-0.000729
10.572000,-0.000729
10.573000,-0.000096
10.574000,-0.000096
10.575000,-0.000096
10.576000,-0.000096
10.577000,-0.000096
10.578000,-0.000096
10.579000,-0.000096
10.580000,-0.000413
10.581000,0.000220
10.582000,0.000220
10.583000,0.000220
10.584000,-0.000096
10.585000,-0.000096
10.586000,-0.000096
10.587000,-0.000096
10.588000,-0.000729
10.589000,-0.000096
10.590000,-0.000413
10.591000,-0.000096
10.592000,0.000220
10.593000,-0.000096
10.594000,-0.000096
10.595000,-0.000096
10.596000,-0.000413
10.597000,-0.000413
10.598000,-0.000096
10.599000,-0.000413
10.600000,-0.000413
10.601000,-0.000096
10.602000,-0.000096
10.603000,-0.000096
10.604000,-0.000729
10.605000,-0.000096
10.606000,-0.000096
10.607000,0.000536
10.608000,-0.000413
10.609000,-0.000096
10.610000,-0.000096
10.611000,-0.000096
10.612000,-0.000729
10.613000,0.000220
10.614000,0.000220
10.615000,-0.000096
10.616000,-0.000096
10.617000,-0.000096
10.618000,-0.000096
10.619000,-0.000729
10.620000,-0.000413
10.621000,-0.000096
10.622000,-0.000729
10.623000,-0.000096
10.624000,0.000220
10.625000,-0.000096
10.626000,-0.000096
10.627000,-0.000096
10.628000,-0.000096
10.629000,-0.000096
10.630000,-0.000096
10.631000,-0.000413
10.632000,0.000220
10.633000,-0.000096
10.634000,-0.000413
10.635000,-0.000096
10.636000,-0.000413
10.637000,-0.000096
10.638000,-0.000096
10.639000,-0.000413
10.640000,-0.000413
10.641000,0.000536
10.642000,-0.000096
10.643000,-0.000096
10.644000,-0.000096
10.645000,-0.000729
10.646000,-0.000413
10.647000,-0.000096
10.648000,-0.000096
10.649000,-0.000096
10.650000,-0.000096
10.651000,-0.000413
10.652000,-0.000096
10.653000,-0.000096
10.654000,-0.000729
10.655000,-0.000413
10.656000,-0.000413
10.657000,-0.000096
10.658000,-0.000096
10.659000,-0.000413
10.660000,0.000220
10.661000,-0.000096
10.662000,-0.000413
10.663000,-0.000096
10.664000,-0.000096
10.665000,-0.000096
10.666000,-0.000413
10.667000,-0.000413
10.668000,-0.000413
10.669000,0.000220
10.670000,-0.000096
10.671000,-0.000413
10.672000,-0.000729
10.673000,-0.000096
10.674000,-0.000413
10.675000,-0.000413
10.676000,-0.000096
10.677000,-0.000096
10.678000,-0.000096
10.679000,-0.000096
10.680000,-0.000096
10.681000,-0.000413
10.682000,-0.000096
10.683000,-0.000096
10.684000,-0.000413
10.685000,-0.000729
10.686000,0.000220
10.687000,0.000220
10.688000,-0.000096
10.689000,-0.000413
10.690000,-0.000413
10.691000,-0.000096
10.692000,-0.000413
10.693000,-0.000096
10.694000,-0.000096
10.695000,-0.000413
10.696000,-0.000096
10.697000,-0.000413
10.698000,-0.000413
10.699000,-0.000729
10.700000,-0.000096
10.701000,-0.000729
10.702000,-0.000096
10.703000,-0.000096
10.704000,-0.000413
10.705000,-0.000096
10.706000,-0.000096
10.707000,-0.000096
10.708000,-0.000413
10.709000,-0.000413
10.710000,-0.000413
10.711000,-0.000096
10.712000,-0.000413
10.713000,-0.000413
10.714000,-0.000096
10.715000,-0.000096
10.716000,0.000220
10.717000,-0.000096
10.718000,-0.000096
10.719000,-0.000096
10.720000,-0.000413
10.721000,-0.000413
10.722000,-0.000096
10.723000,-0.000096
10.724000,-0.000096
10.725000,-0.000413
10.726000,-0.000096
10.727000,-0.000096
10.728000,-0.000096
10.729000,-0.000096
10.730000,-0.000413
10.731000,-0.000096
10.732000,-0.000096
10.733000,-0.000096
10.734000,-0.000096
10.735000,-0.000096
10.736000,-0.000096
10.737000,-0.000413
10.738000,-0.000413
10.739000,-0.000413
10.740000,-0.000413
10.741000,-0.000413
10.742000,-0.000096
10.743000,-0.000096
10.744000,-0.000096
10.745000,-0.000413
10.746000,-0.000413
10.747000,-0.000096
10.748000,-0.000096
10.749000,-0.000096
10.750000,-0.000413
10.751000,-0.000096
10.752000,-0.000096
10.753000,-0.000096
10.754000,-0.000413
10.755000,-0.000096
10.756000,-0.000413
10.757000,-0.000096
10.758000,-0.000096
10.759000,-0.000729
10.760000,-0.000413
10.761000,-0.000096
10.762000,-0.000413
10.763000,-0.000096
10.764000,-0.000413
10.765000,-0.000096
10.766000,-0.000096
10.767000,-0.000096
10.768000,-0.000096
10.769000,-0.000413
10.770000,-0.000096
10.771000,-0.000096
10.772000,-0.000096
10.773000,0.000220
10.774000,-0.000096
10.775000,-0.000096
10.776000,-0.000413
10.777000,-0.000413
10.778000,-0.000096
10.779000,-0.000729
10.780000,-0.000096
10.781000,-0.000096
10.782000,-0.000413
10.783000,-0.000096
10.784000,-0.000413
10.785000,-0.000096
10.786000,-0.000096
10.787000,0.000220
10.788000,-0.000096
10.789000,-0.000413
10.790000,-0.000729
10.791000,-0.000096
10.792000,-0.000413
10.793000,0.000220
10.794000,-0.000413
10.795000,-0.000729
10.796000,-0.000729
10.797000,-0.000096
10.798000,-0.000096
10.799000,-0.000096
10.800000,-0.000096
10.801000,-0.000096
10.802000,-0.000096
10.803000,-0.000413
10.804000,-0.000096
10.805000,-0.000096
10.806000,-0.000096
10.807000,-0.000413
10.808000,-0.000096
10.809000,-0.000413
10.810000,0.000220
10.811000,-0.000729
10.812000,-0.000096
10.813000,-0.000096
10.814000,-0.000413
10.815000,-0.000413
10.816000,-0.000413
10.817000,-0.000413
10.818000,-0.000413
10.819000,-0.000413
10.820000,-0.000096
10.821000,-0.000413
10.822000,-0.000096
10.823000,-0.000096
10.824000,-0.000413
10.825000,-0.000096
10.826000,-0.000413
10.827000,-0.000096
10.828000,-0.000096
10.829000,0.000220
10.830000,-0.000413
10.831000,-0.000096
10.832000,-0.000096
10.833000,-0.000413
10.834000,-0.000413
10.835000,-0.000096
10.836000,-0.000096
10.837000,-0.000096
10.838000,-0.000413
10.839000,-0.000413
10.840000,-0.000413
10.841000,-0.000096
10.842000,-0.000096
10.843000,-0.000413
10.844000,-0.000096
10.845000,-0.000096
10.846000,-0.000096
10.847000,-0.000096
10.848000,-0.000096
10.849000,0.000220
10.850000,0.000220
10.851000,-0.000096
10.852000,-0.000729
10.853000,-0.000096
10.854000,0.000220
10.855000,-0.000096
10.856000,-0.000096
10.857000,-0.000413
10.858000,-0.000096
10.859000,-0.000096
10.860000,-0.000096
10.861000,-0.000096
10.862000,-0.000413
10.863000,-0.000413
10.864000,-0.000096
10.865000,-0.000096
10.866000,-0.000413
10.867000,-0.000096
10.868000,-0.000413
10.869000,-0.000096
10.870000,-0.000096
10.871000,-0.000096
10.872000,-0.000729
10.873000,0.000220
10.874000,-0.000096
10.875000,-0.000096
10.876000,0.000220
10.877000,-0.000096
10.878000,0.000220
10.879000,-0.000096
10.880000,-0.000413
10.881000,-0.000096
10.882000,-0.000413
10.883000,-0.000729
10.884000,0.000220
10.885000,-0.000096
10.886000,-0.000413
10.887000,-0.000413
10.888000,-0.000413
10.889000,-0.000096
10.890000,-0.000096
10.891000,-0.000413
10.892000,-0.000413
10.893000,-0.000096
10.894000,-0.000413
10.895000,-0.000413
10.896000,-0.000413
10.897000,-0.000413
10.898000,0.000220
10.899000,-0.000413
10.900000,0.000220
10.901000,-0.000096
10.902000,0.000220
10.903000,-0.000729
10.904000,-0.000096
10.905000,-0.000096
10.906000,-0.000413
10.907000,-0.000096
10.908000,-0.000096
10.909000,-0.000729
10.910000,-0.000096
10.911000,-0.000096
10.912000,0.000220
10.913000,-0.000729
10.914000,-0.000096
10.915000,-0.000413
10.916000,-0.000096
10.917000,0.000536
10.918000,-0.000096
10.919000,-0.000096
10.920000,-0.000096
10.921000,-0.000096
10.922000,-0.000096
10.923000,-0.000096
10.924000,-0.000413
10.925000,-0.000413
10.926000,-0.000096
10.927000,-0.000096
10.928000,0.000220
10.929000,-0.000096
10.930000,-0.000096
10.931000,-0.000413
10.932000,-0.000096
10.933000,-0.000413
10.934000,0.000220
10.935000,-0.000413
10.936000,-0.000096
10.937000,-0.000096
10.938000,-0.000413
10.939000,-0.000096
10.940000,-0.000096
10.941000,-0.000413
10.942000,-0.000413
10.943000,-0.000096
10.944000,-0.000096
10.945000,0.000536
10.946000,0.000220
10.947000,-0.000096
10.948000,-0.000096
10.949000,-0.000413
10.950000,-0.000096
10.951000,-0.000096
10.952000,-0.000729
10.953000,-0.000096
10.954000,-0.000096
10.955000,-0.000413
10.956000,-0.000096
10.957000,-0.000413
10.958000,0.000536
10.959000,-0.000096
10.960000,-0.000096
10.961000,-0.000096
10.962000,-0.000729
10.963000,-0.000096
10.964000,-0.000413
10.965000,0.000220
10.966000,0.000220
10.967000,0.000220
10.968000,-0.000096
10.969000,-0.000413
10.970000,-0.000413
10.971000,-0.000096
10.972000,-0.000096
10.973000,-0.000413
10.974000,-0.000096
10.975000,-0.000413
10.976000,-0.000096
10.977000,-0.000096
10.978000,-0.000096
10.979000,-0.000096
10.980000,-0.000096
10.981000,-0.000413
10.982000,-0.000096
10.983000,-0.000096
10.984000,0.000220
10.985000,-0.000096
10.986000,0.000220
10.987000,-0.000413
10.988000,-0.000413
10.989000,-0.000096
10.990000,-0.000413
10.991000,-0.000729
10.992000,-0.000096
10.993000,-0.000413
10.994000,-0.000729
10.995000,-0.000413
10.996000,0.000220
10.997000,-0.000096
10.998000,0.000220
10.999000,-0.000096
11.000000,-0.000096
11.001000,-0.000096
11.002000,-0.000729
11.003000,-0.000096
11.004000,0.000220
11.005000,-0.000413
11.006000,-0.000096
11.007000,-0.000413
11.008000,-0.000096
11.009000,-0.000729
11.010000,-0.000413
11.011000,-0.000096
11.012000,-0.000413
11.013000,-0.000096
11.014000,-0.000096
11.015000,-0.000096
11.016000,0.000220
11.017000,-0.000096
11.018000,-0.000413
11.019000,-0.000729
11.020000,-0.000096
11.021000,-0.000096
11.022000,-0.000096
11.023000,-0.000413
11.024000,-0.000413
11.025000,-0.000096
11.026000,-0.000096
11.027000,-0.000413
11.028000,-0.000096
11.029000,-0.000096
11.030000,-0.000096
11.031000,-0.000096
11.032000,-0.000096
11.033000,-0.000096
11.034000,-0.000096
11.035000,-0.000096
11.036000,-0.000096
11.037000,-0.000096
11.038000,-0.000096
11.039000,-0.000096
11.040000,-0.000413
11.041000,-0.000413
11.042000,-0.000096
11.043000,0.000220
11.044000,-0.000096
11.045000,-0.000413
11.046000,-0.000096
11.047000,-0.000413
11.048000,-0.000096
11.049000,-0.000096
11.050000,-0.000413
11.051000,-0.000096
11.052000,-0.000413
11.053000,-0.000096
11.054000,-0.000096
11.055000,-0.000096
11.056000,-0.000096
11.057000,0.000220
11.058000,-0.000729
11.059000,-0.000413
11.060000,-0.000096
11.061000,-0.000096
11.062000,-0.000096
11.063000,-0.000413
11.064000,-0.000096
11.065000,-0.000096
11.066000,-0.000096
11.067000,-0.000096
11.068000,-0.000096
11.069000,-0.000096
11.070000,-0.000413
11.071000,-0.000729
11.072000,-0.000096
11.073000,-0.000096
11.074000,-0.000096
11.075000,-0.000096
11.076000,-0.000096
11.077000,-0.000413
11.078000,-0.000413
11.079000,-0.000096
11.080000,-0.000413
11.081000,-0.000413
11.082000,-0.000413
11.083000,-0.000729
11.084000,-0.000729
11.085000,-0.000096
11.086000,0.000220
11.087000,-0.000096
11.088000,-0.000096
11.089000,-0.000096
11.090000,-0.000413
11.091000,-0.000413
11.092000,-0.000413
11.093000,-0.000729
11.094000,-0.000096
11.095000,-0.000096
11.096000,-0.000413
11.097000,0.000220
11.098000,-0.000096
11.099000,-0.000413
11.100000,-0.000729
11.101000,-0.000096
11.102000,-0.000096
11.103000,-0.000096
11.104000,-0.000413
11.105000,0.000536
11.106000,-0.000096
11.107000,-0.000096
11.108000,-0.000413
11.109000,-0.000413
11.110000,-0.000729
11.111000,-0.001045
11.112000,-0.000096
11.113000,-0.000413
11.114000,-0.000096
11.115000,-0.000413
11.116000,-0.000096
11.117000,0.000536
11.118000,-0.000413
11.119000,-0.000096
11.120000,-0.000413
11.121000,-0.000096
11.122000,-0.000096
11.123000,-0.000413
11.124000,-0.000096
11.125000,-0.000096
11.126000,-0.000096
11.127000,-0.000413
11.128000,-0.000096
11.129000,-0.000096
11.130000,-0.000096
11.131000,-0.000413
11.132000,-0.000096
11.133000,0.000220
11.134000,0.000220
11.135000,-0.000096
11.136000,-0.000096
11.137000,-0.000413
11.138000,0.000220
11.139000,-0.000413
11.140000,-0.000096
11.141000,0.000536
11.142000,-0.000096
11.143000,-0.000413
11.144000,-0.000096
11.145000,-0.000413
11.146000,-0.000096
11.147000,-0.000096
11.148000,-0.000096
11.149000,-0.000096
11.150000,-0.000413
11.151000,-0.000413
11.152000,-0.000096
11.153000,-0.000413
11.154000,-0.000096
11.155000,-0.000413
11.156000,-0.000096
11.157000,-0.000413
11.158000,-0.000096
11.159000,-0.000096
11.160000,-0.000096
11.161000,-0.000096
11.162000,-0.000096
11.163000,0.000220
11.164000,-0.000413
11.165000,-0.000096
11.166000,-0.000413
11.167000,-0.000096
11.168000,-0.000096
11.169000,-0.000096
11.170000,-0.000096
11.171000,-0.000096
11.172000,-0.000413
11.173000,-0.000413
11.174000,-0.000096
11.175000,-0.000096
11.176000,-0.000096
11.177000,-0.000413
11.178000,-0.000096
11.179000,-0.000413
11.180000,-0.000096
11.181000,-0.000413
11.182000,-0.000096
11.183000,-0.000096
11.184000,0.000220
11.185000,-0.000096
11.186000,-0.000096
11.187000,-0.000413
11.188000,-0.000413
11.189000,-0.000729
11.190000,-0.000096
11.191000,0.000536
11.192000,-0.000096
11.193000,-0.000096
11.194000,-0.000096
11.195000,-0.000413
11.196000,-0.000096
11.197000,-0.000096
11.198000,-0.000096
11.199000,-0.000413
11.200000,-0.000096
11.201000,-0.000413
11.202000,-0.000096
11.203000,-0.000413
11.204000,-0.000096
11.205000,-0.000729
11.206000,0.000220
11.207000,-0.000096
11.208000,-0.000096
11.209000,-0.000096
11.210000,-0.000729
11.211000,0.000536
11.212000,-0.000096
11.213000,0.000220
11.214000,0.000220
11.215000,-0.000096
11.216000,-0.000096
11.217000,-0.000729
11.218000,0.000220
11.219000,-0.000096
11.220000,0.000220
11.221000,-0.000096
11.222000,-0.000096
11.223000,-0.000413
11.224000,-0.000096
11.225000,-0.000096
11.226000,-0.000096
11.227000,0.000220
11.228000,-0.000096
11.229000,-0.000096
11.230000,-0.000096
11.231000,-0.000096
11.232000,-0.000413
11.233000,-0.000096
11.234000,-0.000096
11.235000,-0.000729
11.236000,-0.000096
11.237000,-0.000413
11.238000,-0.000096
11.239000,-0.000096
11.240000,-0.000413
11.241000,-0.000413
11.242000,-0.000096
11.243000,-0.000096
11.244000,-0.000096
11.245000,-0.000729
11.246000,-0.000096
11.247000,-0.000096
11.248000,-0.000096
11.249000,-0.000096
11.250000,0.000220
11.251000,0.000220
11.252000,-0.000096
11.253000,-0.000096
11.254000,-0.000413
11.255000,-0.000413
11.256000,-0.000096
11.257000,-0.000096
11.258000,-0.000096
11.259000,-0.000096
11.260000,-0.000096
11.261000,-0.000413
11.262000,-0.000096
11.263000,-0.000413
11.264000,-0.000096
11.265000,-0.000729
11.266000,-0.000096
11.267000,-0.000096
11.268000,0.000220
11.269000,-0.000413
11.270000,-0.000096
11.271000,-0.000096
11.272000,-0.000096
11.273000,-0.000096
11.274000,0.000220
11.275000,-0.000096
11.276000,-0.000096
11.277000,-0.000096
11.278000,-0.000096
11.279000,-0.000413
11.280000,-0.000096
11.281000,0.000220
11.282000,-0.000096
11.283000,-0.000096
11.284000,-0.000413
11.285000,-0.000096
11.286000,-0.000096
11.287000,-0.000096
11.288000,-0.000413
11.289000,-0.000096
11.290000,-0.000413
11.291000,0.000220
11.292000,-0.000096
11.293000,-0.000096
11.294000,-0.000729
11.295000,-0.000413
11.296000,-0.000096
11.297000,-0.000729
11.298000,-0.000096
11.299000,-0.000096
11.300000,-0.000413
11.301000,-0.000096
11.302000,-0.000413
11.303000,-0.000096
11.304000,-0.000729
11.305000,-0.000413
11.306000,-0.000729
11.307000,-0.000096
11.308000,-0.000413
11.309000,-0.000413
11.310000,-0.000096
11.311000,-0.000096
11.312000,0.000220
11.313000,-0.000096
11.314000,-0.000096
11.315000,-0.000413
11.316000,-0.000096
11.317000,-0.000096
11.318000,-0.000096
11.319000,-0.000096
11.320000,-0.000413
11.321000,-0.000096
11.322000,-0.000096
11.323000,-0.000096
11.324000,-0.000413
11.325000,-0.000413
11.326000,-0.000413
11.327000,-0.000096
11.328000,-0.000096
11.329000,-0.000096
11.330000,-0.000096
11.331000,-0.000096
11.332000,-0.000096
11.333000,-0.000096
11.334000,-0.000096
11.335000,-0.000096
11.336000,-0.000413
11.337000,-0.000413
11.338000,-0.000096
11.339000,-0.000413
11.340000,-0.000096
11.341000,-0.000413
11.342000,-0.000096
11.343000,-0.000096
11.344000,0.000220
11.345000,-0.000096
11.346000,-0.000413
11.347000,-0.000413
11.348000,-0.000096
11.349000,-0.000096
11.350000,0.000220
11.351000,0.000220
11.352000,-0.000413
11.353000,-0.000413
11.354000,-0.000413
11.355000,-0.000096
11.356000,-0.000413
11.357000,-0.000096
11.358000,-0.000096
11.359000,-0.000413
11.360000,-0.000729
11.361000,-0.000413
11.362000,-0.000096
11.363000,-0.000096
11.364000,-0.000096
11.365000,-0.000729
11.366000,-0.000413
11.367000,0.000220
11.368000,-0.000413
11.369000,-0.000096
11.370000,-0.000413
11.371000,-0.000413
11.372000,-0.000096
11.373000,-0.000096
11.374000,-0.000413
11.375000,-0.000096
11.376000,-0.000096
11.377000,-0.000096
11.378000,-0.000096
11.379000,-0.000413
11.380000,-0.000413
11.381000,-0.000413
11.382000,-0.000096
11.383000,-0.000413
11.384000,0.000220
11.385000,-0.000096
11.386000,0.000536
11.387000,-0.000413
11.388000,-0.000413
11.389000,-0.000413
11.390000,-0.000096
11.391000,-0.000096
11.392000,-0.000729
11.393000,-0.000413
11.394000,-0.000096
11.395000,0.000220
11.396000,-0.000096
11.397000,-0.000413
11.398000,-0.000413
11.399000,-0.000096
11.400000,-0.000413
11.401000,-0.000096
11.402000,-0.000096
11.403000,-0.000096
11.404000,-0.000096
11.405000,-0.000413
11.406000,-0.000413
11.407000,-0.000413
11.408000,-0.000413
11.409000,-0.000413
11.410000,0.000220
11.411000,-0.000096
11.412000,-0.000096
11.413000,-0.000096
11.414000,-0.000096
11.415000,-0.000096
11.416000,-0.000096
11.417000,-0.000096
11.418000,-0.000096
11.419000,-0.000096
11.420000,0.000220
11.421000,-0.000096
11.422000,-0.000096
11.423000,-0.000096
11.424000,-0.000096
11.425000,-0.000413
11.426000,-0.000096
11.427000,-0.000096
11.428000,-0.000096
11.429000,-0.000413
11.430000,-0.000096
11.431000,-0.000096
11.432000,-0.000096
11.433000,-0.000096
11.434000,-0.000096
11.435000,-0.000413
11.436000,-0.000096
11.437000,-0.000413
11.438000,-0.000096
11.439000,-0.000096
11.440000,-0.000096
11.441000,-0.000096
11.442000,-0.000096
11.443000,-0.000096
11.444000,-0.000096
11.445000,-0.000096
11.446000,-0.000096
11.447000,-0.000096
11.448000,-0.000413
11.449000,-0.000413
11.450000,-0.000096
11.451000,-0.000096
11.452000,-0.000413
11.453000,-0.000096
11.454000,-0.000096
11.455000,-0.000096
11.456000,-0.000096
11.457000,-0.001045
11.458000,-0.000413
11.459000,-0.000729
11.460000,-0.000096
11.461000,-0.000096
11.462000,-0.000413
11.463000,-0.000096
11.464000,-0.000096
11.465000,-0.000096
11.466000,-0.000729
11.467000,-0.000096
11.468000,-0.000413
11.469000,-0.000096
11.470000,0.000220
11.471000,-0.000413
11.472000,-0.000096
11.473000,-0.000096
11.474000,-0.000096
11.475000,-0.000096
11.476000,-0.000413
11.477000,-0.000096
11.478000,-0.000413
11.479000,-0.000413
11.480000,0.000220
11.481000,-0.000096
11.482000,-0.000413
11.483000,-0.000096
11.484000,-0.000096
11.485000,-0.000413
11.486000,-0.000413
11.487000,-0.000096
11.488000,-0.000413
11.489000,-0.000096
11.490000,-0.000096
11.491000,-0.000096
11.492000,-0.000413
11.493000,-0.000729
11.494000,-0.000413
11.495000,-0.000096
11.496000,-0.000413
11.497000,-0.000413
11.498000,-0.000096
11.499000,-0.000413
11.500000,-0.000413
11.501000,-0.000096
11.502000,-0.000096
11.503000,0.000220
11.504000,-0.000413
11.505000,-0.000413
11.506000,-0.000413
11.507000,-0.000096
11.508000,-0.000413
11.509000,-0.000096
11.510000,-0.000096
11.511000,-0.000096
11.512000,-0.000729
11.513000,-0.000096
11.514000,-0.000096
11.515000,-0.000096
11.516000,-0.000096
11.517000,-0.000096
11.518000,-0.000413
11.519000,0.000220
11.520000,-0.000413
11.521000,0.000220
11.522000,-0.000413
11.523000,-0.000096
11.524000,-0.000096
11.525000,-0.000096
11.526000,-0.000096
11.527000,-0.000096
11.528000,-0.000729
11.529000,-0.000413
11.530000,-0.000096
11.531000,-0.000096
11.532000,-0.000096
11.533000,-0.000096
11.534000,-0.000729
11.535000,-0.000096
11.536000,-0.000096
11.537000,-0.000729
11.538000,-0.000413
11.539000,-0.000096
11.540000,-0.000096
11.541000,-0.000096
11.542000,0.000220
11.543000,-0.000096
11.544000,-0.000413
11.545000,0.000220
11.546000,-0.000096
11.547000,-0.000096
11.548000,-0.000096
11.549000,-0.000096
11.550000,-0.000729
11.551000,-0.000413
11.552000,-0.000096
11.553000,-0.000413
11.554000,-0.000413
11.555000,-0.000413
11.556000,0.000220
11.557000,-0.000096
11.558000,-0.000413
11.559000,-0.000096
11.560000,-0.000096
11.561000,0.000220
11.562000,-0.000413
11.563000,0.000220
11.564000,-0.000096
11.565000,-0.000413
11.566000,-0.000413
11.567000,-0.000096
11.568000,-0.000096
11.569000,-0.000096
11.570000,-0.000413
11.571000,-0.000413
11.572000,-0.000096
11.573000,-0.000413
11.574000,-0.000413
11.575000,-0.000729
11.576000,-0.000413
11.577000,-0.000096
11.578000,-0.000096
11.579000,-0.000096
11.580000,-0.000096
11.581000,-0.000096
11.582000,-0.000413
11.583000,-0.000096
11.584000,-0.000729
11.585000,-0.000413
11.586000,-0.000413
11.587000,-0.000413
11.588000,-0.000096
11.589000,-0.000096
11.590000,-0.000096
11.591000,-0.000413
11.592000,-0.000413
11.593000,-0.000096
11.594000,0.000220
11.595000,0.000220
11.596000,0.000220
11.597000,-0.000096
11.598000,-0.000096
11.599000,-0.000413
11.600000,0.000220
11.601000,0.000220
11.602000,-0.000096
11.603000,-0.000413
11.604000,-0.000096
11.605000,-0.000096
11.606000,-0.000096
11.607000,-0.000096
11.608000,-0.000413
11.609000,-0.000096
11.610000,-0.000096
11.611000,-0.000096
11.612000,-0.000729
11.613000,0.000220
11.614000,-0.000096
11.615000,-0.000096
11.616000,-0.000096
11.617000,-0.000096
11.618000,-0.000096
11.619000,0.000220
11.620000,-0.000096
11.621000,0.000220
11.622000,-0.000729
11.623000,-0.000096
11.624000,-0.000096
11.625000,-0.000096
11.626000,-0.000096
11.627000,0.000220
11.628000,-0.000413
11.629000,-0.000096
11.630000,-0.000096
11.631000,-0.000096
11.632000,-0.000096
11.633000,0.000220
11.634000,-0.000413
11.635000,0.000220
11.636000,-0.000096
11.637000,-0.000096
11.638000,-0.000096
11.639000,-0.000096
11.640000,-0.000096
11.641000,-0.000096
11.642000,-0.000096
11.643000,-0.000413
11.644000,-0.000096
11.645000,-0.000413
11.646000,-0.000096
11.647000,-0.000096
11.648000,-0.000096
11.649000,-0.000413
11.650000,-0.000096
11.651000,-0.000096
11.652000,-0.000096
11.653000,-0.000096
11.654000,-0.000413
11.655000,-0.000096
11.656000,-0.000413
11.657000,-0.000096
11.658000,-0.000413
11.659000,-0.000413
11.660000,-0.000729
11.661000,-0.000096
11.662000,-0.000096
11.663000,-0.000096
11.664000,-0.000413
11.665000,-0.000413
11.666000,-0.000096
11.667000,-0.000096
11.668000,-0.000096
11.669000,-0.000096
11.670000,-0.000096
11.671000,-0.000413
11.672000,-0.000096
11.673000,-0.000096
11.674000,-0.000413
11.675000,-0.000413
11.676000,-0.000413
11.677000,0.000220
11.678000,-0.000096
11.679000,0.000220
11.680000,-0.000413
11.681000,-0.000413
11.682000,-0.000096
11.683000,-0.000096
11.684000,-0.000729
11.685000,-0.000096
11.686000,-0.000413
11.687000,-0.000413
11.688000,-0.000413
11.689000,-0.000096
11.690000,-0.000096
11.691000,-0.000096
11.692000,-0.000413
11.693000,-0.000096
11.694000,-0.000096
11.695000,-0.000413
11.696000,0.000220
11.697000,-0.000413
11.698000,0.000220
11.699000,-0.000096
11.700000,-0.000096
11.701000,-0.000413
11.702000,-0.000096
11.703000,-0.000413
11.704000,-0.000096
11.705000,0.000220
11.706000,-0.000096
11.707000,-0.000413
11.708000,-0.000096
11.709000,-0.000096
11.710000,-0.000096
11.711000,-0.000096
11.712000,-0.000096
11.713000,-0.000096
11.714000,-0.000413
11.715000,-0.000096
11.716000,-0.000096
11.717000,-0.000096
11.718000,-0.000413
11.719000,-0.000413
11.720000,-0.000729
11.721000,-0.000096
11.722000,-0.000096
11.723000,-0.000096
11.724000,-0.000096
11.725000,-0.000413
11.726000,-0.000413
11.727000,0.000220
11.728000,-0.000096
11.729000,-0.000096
11.730000,-0.000096
11.731000,0.000220
11.732000,-0.000096
11.733000,-0.000096
11.734000,-0.000096
11.735000,-0.000096
11.736000,-0.000096
11.737000,-0.000096
11.738000,0.000220
11.739000,-0.000096
11.740000,-0.000096
11.741000,-0.000096
11.742000,-0.000413
11.743000,-0.000096
11.744000,-0.000096
11.745000,0.000220
11.746000,-0.000413
11.747000,-0.000096
11.748000,-0.000413
11.749000,-0.000413
11.750000,0.000220
11.751000,0.000220
11.752000,-0.000413
11.753000,-0.000096
11.754000,-0.000096
11.755000,-0.000096
11.756000,-0.000413
11.757000,-0.000729
11.758000,-0.000413
11.759000,-0.000096
11.760000,-0.000096
11.761000,-0.000729
11.762000,-0.000096
11.763000,-0.000413
11.764000,-0.000096
11.765000,-0.000413
11.766000,-0.000413
11.767000,-0.000096
11.768000,-0.000413
11.769000,-0.000096
11.770000,0.000220
11.771000,-0.000096
11.772000,-0.000096
11.773000,-0.000096
11.774000,-0.000729
11.775000,-0.000096
11.776000,-0.000413
11.777000,-0.000413
11.778000,-0.000096
11.779000,-0.000096
11.780000,-0.000729
11.781000,-0.000096
11.782000,-0.000096
11.783000,-0.000413
11.784000,-0.000096
11.785000,-0.000413
11.786000,-0.000096
11.787000,-0.000413
11.788000,-0.000096
11.789000,-0.000729
11.790000,-0.000096
11.791000,-0.000096
11.792000,-0.000096
11.793000,-0.000096
11.794000,0.000220
11.795000,-0.000413
11.796000,-0.000096
11.797000,-0.000096
11.798000,-0.000096
11.799000,-0.000413
11.800000,-0.000096
11.801000,-0.000413
11.802000,-0.000413
11.803000,-0.000096
11.804000,-0.000413
11.805000,-0.000096
11.806000,-0.000096
11.807000,-0.000413
11.808000,-0.000413
11.809000,-0.000413
11.810000,-0.000096
11.811000,-0.000096
11.812000,-0.000413
11.813000,-0.000096
11.814000,-0.000096
11.815000,-0.000096
11.816000,-0.000096
11.817000,0.000220
11.818000,0.000220
11.819000,-0.000096
11.820000,-0.000096
11.821000,-0.000096
11.822000,0.000220
11.823000,0.000220
11.824000,-0.000096
11.825000,-0.000096
11.826000,0.000220
11.827000,-0.000096
11.828000,-0.000096
11.829000,-0.000096
11.830000,-0.000413
11.831000,-0.000413
11.832000,-0.000096
11.833000,-0.000096
11.834000,-0.000096
11.835000,-0.000096
11.836000,-0.000096
11.837000,-0.000096
11.838000,-0.000096
11.839000,-0.000729
11.840000,-0.000096
11.841000,-0.000413
11.842000,-0.000096
11.843000,-0.000096
11.844000,-0.000096
11.845000,-0.000096
11.846000,-0.000413
11.847000,-0.000413
11.848000,-0.000096
11.849000,-0.000096
11.850000,-0.000096
11.851000,0.000220
11.852000,-0.000096
11.853000,-0.000096
11.854000,-0.000096
11.855000,-0.000096
11.856000,-0.000413
11.857000,-0.000096
11.858000,-0.000729
11.859000,-0.000096
11.860000,-0.000096
11.861000,-0.000096
11.862000,-0.000096
11.863000,-0.000096
11.864000,-0.000729
11.865000,-0.000413
11.866000,-0.000096
11.867000,-0.000096
11.868000,-0.000096
11.869000,-0.000096
11.870000,-0.000413
11.871000,-0.000096
11.872000,-0.000413
11.873000,-0.000096
11.874000,-0.000096
11.875000,-0.000413
11.876000,-0.000096
11.877000,-0.000096
11.878000,-0.000096
11.879000,-0.000413
11.880000,-0.000096
11.881000,-0.000413
11.882000,0.000220
11.883000,-0.000096
11.884000,-0.000096
11.885000,-0.000413
11.886000,-0.000729
11.887000,-0.000413
11.888000,-0.000096
11.889000,-0.000096
11.890000,-0.000096
11.891000,-0.000729
11.892000,-0.000413
11.893000,-0.000096
11.894000,-0.000096
11.895000,-0.000729
11.896000,-0.000413
11.897000,-0.000096
11.898000,-0.000096
11.899000,-0.000096
11.900000,0.000220
11.901000,-0.000096
11.902000,-0.000096
11.903000,-0.000096
11.904000,-0.000096
11.905000,-0.000096
11.906000,-0.000413
11.907000,-0.000413
11.908000,-0.000096
11.909000,-0.000096
11.910000,0.000220
11.911000,-0.000096
11.912000,-0.000096
11.913000,-0.000096
11.914000,-0.000096
11.915000,-0.000096
11.916000,-0.000729
11.917000,-0.000096
11.918000,-0.000096
11.919000,-0.000413
11.920000,-0.000413
11.921000,-0.000096
11.922000,-0.000413
11.923000,-0.000096
11.924000,-0.000096
11.925000,0.000220
11.926000,-0.000096
11.927000,-0.000096
11.928000,-0.000096
11.929000,-0.000096
11.930000,-0.000096
11.931000,-0.000096
11.932000,-0.000729
11.933000,0.000220
11.934000,-0.000096
11.935000,0.000220
11.936000,0.000536
11.937000,-0.000096
11.938000,-0.000413
11.939000,-0.000413
11.940000,-0.000413
11.941000,-0.000096
11.942000,-0.000096
11.943000,-0.000096
11.944000,-0.000413
11.945000,-0.000096
11.946000,-0.000096
11.947000,-0.000096
11.948000,-0.000096
11.949000,-0.000096
11.950000,-0.000413
11.951000,-0.000096
11.952000,-0.000413
11.953000,-0.000096
11.954000,-0.000413
11.955000,-0.000413
11.956000,-0.000096
11.957000,-0.000096
11.958000,0.000220
11.959000,-0.000413
11.960000,-0.000096
11.961000,-0.000096
11.962000,-0.000413
11.963000,-0.000413
11.964000,-0.000096
11.965000,-0.000413
11.966000,-0.000096
11.967000,-0.000096
11.968000,0.000220
11.969000,-0.000413
11.970000,-0.000096
11.971000,-0.000096
11.972000,-0.000096
11.973000,-0.000413
11.974000,-0.000096
11.975000,-0.000413
11.976000,-0.000413
11.977000,-0.000096
11.978000,-0.000413
11.979000,-0.000096
11.980000,-0.000096
11.981000,-0.000096
11.982000,-0.000096
11.983000,-0.000413
11.984000,-0.000096
11.985000,-0.000096
11.986000,-0.000413
11.987000,-0.000096
11.988000,-0.000413
11.989000,-0.000413
11.990000,-0.000413
11.991000,-0.000096
11.992000,-0.000413
11.993000,-0.000413
11.994000,-0.000413
11.995000,-0.000096
11.996000,-0.000413
11.997000,-0.000413
11.998000,-0.000096
11.999000,-0.000413
12.000000,-0.000096
12.001000,-0.000096
12.002000,-0.000096
12.003000,-0.000096
12.004000,0.000220
12.005000,-0.000096
12.006000,-0.000413
12.007000,-0.000096
12.008000,0.000220
12.009000,-0.000413
12.010000,-0.000096
12.011000,-0.000096
12.012000,-0.000413
12.013000,-0.000096
12.014000,-0.000096
12.015000,-0.000096
12.016000,-0.000096
12.017000,-0.000729
12.018000,-0.000413
12.019000,-0.000413
12.020000,-0.000413
12.021000,-0.000096
12.022000,-0.000096
12.023000,0.000220
12.024000,0.000220
12.025000,-0.000413
12.026000,-0.000096
12.027000,-0.000096
12.028000,-0.000096
12.029000,-0.000096
12.030000,0.000220
12.031000,-0.000096
12.032000,-0.000096
12.033000,-0.000096
12.034000,-0.000096
12.035000,-0.000096
12.036000,-0.000096
12.037000,-0.000096
12.038000,0.000220
12.039000,-0.000096
12.040000,-0.000096
12.041000,-0.000096
12.042000,-0.000729
12.043000,-0.000096
12.044000,-0.000096
12.045000,0.000220
12.046000,-0.000096
12.047000,0.000220
12.048000,-0.000096
12.049000,-0.000096
12.050000,-0.000096
12.051000,-0.000096
12.052000,0.000220
12.053000,-0.000413
12.054000,-0.000413
12.055000,0.000220
12.056000,0.000536
12.057000,-0.000413
12.058000,-0.000096
12.059000,-0.000096
12.060000,-0.000096
12.061000,-0.000096
12.062000,-0.000096
12.063000,-0.000413
12.064000,-0.000096
12.065000,-0.000096
12.066000,-0.000413
12.067000,-0.000413
12.068000,-0.000729
12.069000,-0.000096
12.070000,-0.000413
12.071000,-0.000413
12.072000,-0.000729
12.073000,-0.000413
12.074000,-0.000096
12.075000,-0.000729
12.076000,-0.000729
12.077000,-0.000096
12.078000,-0.000413
12.079000,0.000220
12.080000,-0.000096
12.081000,0.000220
12.082000,-0.000413
12.083000,-0.000096
12.084000,0.000220
12.085000,-0.000096
12.086000,-0.000096
12.087000,-0.000413
12.088000,-0.000413
12.089000,-0.000096
12.090000,-0.000096
12.091000,-0.000096
12.092000,-0.000096
12.093000,-0.000413
12.094000,0.000220
12.095000,-0.000096
12.096000,-0.000096
12.097000,-0.000096
12.098000,-0.000413
12.099000,0.000220
12.100000,-0.000096
12.101000,-0.000096
12.102000,-0.000096
12.103000,-0.000096
12.104000,-0.000096
12.105000,0.000220
12.106000,-0.000096
12.107000,-0.000413
12.108000,-0.000096
12.109000,-0.000413
12.110000,-0.000096
12.111000,-0.000413
12.112000,-0.000096
12.113000,-0.000096
12.114000,-0.000413
12.115000,-0.000096
12.116000,0.000220
12.117000,-0.000096
12.118000,-0.000096
12.119000,-0.000413
12.120000,-0.000096
12.121000,-0.000413
12.122000,-0.000096
12.123000,-0.000413
12.124000,-0.000096
12.125000,-0.000096
12.126000,0.000220
12.127000,-0.000413
12.128000,-0.000096
12.129000,-0.000729
12.130000,-0.000096
12.131000,-0.000413
12.132000,-0.000096
12.133000,-0.000096
12.134000,-0.000413
12.135000,-0.000096
12.136000,-0.000413
12.137000,-0.000096
12.138000,-0.000096
12.139000,-0.000413
12.140000,-0.000096
12.141000,-0.000413
12.142000,-0.000096
12.143000,0.000220
12.144000,-0.000096
12.145000,0.000220
12.146000,-0.000413
12.147000,-0.000729
12.148000,-0.000096
12.149000,0.000220
12.150000,-0.000729
12.151000,-0.000096
12.152000,-0.000096
12.153000,-0.000096
12.154000,-0.000096
12.155000,-0.000413
12.156000,-0.000096
12.157000,-0.000096
12.158000,-0.000413
12.159000,-0.000096
12.160000,-0.000096
12.161000,0.000220
12.162000,-0.000096
12.163000,-0.000096
12.164000,-0.000096
12.165000,-0.000096
12.166000,-0.000413
12.167000,-0.000413
12.168000,-0.000096
12.169000,-0.000729
12.170000,-0.000096
12.171000,-0.000729
12.172000,-0.000413
12.173000,0.000220
12.174000,-0.000096
12.175000,-0.000413
12.176000,-0.000413
12.177000,-0.000096
12.178000,-0.000413
12.179000,-0.000096
12.180000,-0.000729
12.181000,-0.000096
12.182000,-0.000096
12.183000,-0.000096
12.184000,-0.000096
12.185000,-0.000096
12.186000,-0.000413
12.187000,-0.000096
12.188000,-0.000413
12.189000,-0.000413
12.190000,-0.000413
12.191000,-0.000096
12.192000,-0.000096
12.193000,-0.000096
12.194000,-0.000096
12.195000,-0.000096
12.196000,-0.000413
12.197000,-0.000096
12.198000,-0.000096
12.199000,-0.000096
12.200000,-0.000096
12.201000,-0.000413
12.202000,-0.000096
12.203000,-0.000096
12.204000,-0.000096
12.205000,0.000220
12.206000,-0.000413
12.207000,-0.000413
12.208000,-0.000096
12.209000,-0.000413
12.210000,-0.000096
12.211000,-0.000096
12.212000,-0.000096
12.213000,-0.000729
12.214000,0.000220
12.215000,-0.000413
12.216000,-0.000413
12.217000,-0.000096
12.218000,0.000220
12.219000,0.000220
12.220000,-0.000096
12.221000,0.000220
12.222000,-0.000096
12.223000,-0.000096
12.224000,-0.000096
12.225000,-0.000096
12.226000,-0.000096
12.227000,-0.000413
12.228000,-0.000096
12.229000,-0.000096
12.230000,-0.000096
12.231000,-0.000096
12.232000,-0.000413
12.233000,-0.000096
12.234000,-0.000413
12.235000,0.000220
12.236000,-0.000413
12.237000,-0.000413
12.238000,-0.000413
12.239000,-0.000413
12.240000,-0.000096
12.241000,-0.000096
12.242000,-0.000413
12.243000,-0.000096
12.244000,-0.000413
12.245000,-0.000096
12.246000,-0.000096
12.247000,0.000220
12.248000,-0.000096
12.249000,-0.000096
12.250000,-0.000096
12.251000,-0.000413
12.252000,-0.000096
