Time (s),AIN0-AIN1 (V)
0.000000,-0.000096
0.001000,-0.000413
0.002000,0.000220
0.003000,-0.000096
0.004000,-0.000096
0.005000,-0.000096
0.006000,0.000220
0.007000,0.000220
0.008000,-0.000096
0.009000,-0.000096
0.010000,-0.000096
0.011000,0.000536
0.012000,-0.000096
0.013000,-0.000096
0.014000,0.000536
0.015000,-0.000096
0.016000,0.000536
0.017000,-0.000096
0.018000,-0.000096
0.019000,-0.000096
0.020000,-0.000096
0.021000,0.000220
0.022000,-0.000413
0.023000,0.000220
0.024000,-0.000096
0.025000,-0.000413
0.026000,-0.000096
0.027000,0.000220
0.028000,-0.000096
0.029000,-0.000096
0.030000,0.000220
0.031000,-0.000096
0.032000,0.000220
0.033000,0.000536
0.034000,0.000536
0.035000,-0.000096
0.036000,0.000220
0.037000,0.000220
0.038000,-0.000096
0.039000,0.000220
0.040000,0.000536
0.041000,0.000536
0.042000,-0.000096
0.043000,0.000220
0.044000,0.000220
0.045000,-0.000096
0.046000,0.000220
0.047000,0.000220
0.048000,-0.000096
0.049000,-0.000096
0.050000,-0.000096
0.051000,0.000220
0.052000,0.000220
0.053000,-0.000096
0.054000,0.000220
0.055000,0.000220
0.056000,0.000220
0.057000,-0.000096
0.058000,0.000536
0.059000,0.000220
0.060000,0.000536
0.061000,0.000536
0.062000,-0.000096
0.063000,0.000220
0.064000,-0.000096
0.065000,-0.000096
0.066000,0.000536
0.067000,0.000220
0.068000,-0.000096
0.069000,-0.000096
0.070000,-0.000413
0.071000,-0.000096
0.072000,-0.000096
0.073000,0.000220
0.074000,-0.000096
0.075000,-0.000096
0.076000,0.000536
0.077000,0.000853
0.078000,0.000536
0.079000,0.000220
0.080000,-0.000096
0.081000,-0.000096
0.082000,-0.000096
0.083000,0.000220
0.084000,-0.000096
0.085000,0.000536
0.086000,-0.000096
0.087000,0.000220
0.088000,-0.000096
0.089000,0.000220
0.090000,0.000220
0.091000,-0.000413
0.092000,-0.000096
0.093000,0.000220
0.094000,0.000220
0.095000,-0.000096
0.096000,0.000220
0.097000,0.000220
0.098000,0.000220
0.099000,-0.000096
0.100000,0.000220
0.101000,-0.000096
0.102000,-0.000096
0.103000,0.000220
0.104000,0.000220
0.105000,-0.000096
0.106000,-0.000096
0.107000,-0.000096
0.108000,-0.000096
0.109000,0.000220
0.110000,-0.000096
0.111000,-0.000096
0.112000,0.000536
0.113000,0.000220
0.114000,0.000536
0.115000,-0.000096
0.116000,0.000220
0.117000,0.000220
0.118000,0.000536
0.119000,0.000220
0.120000,-0.000096
0.121000,0.000220
0.122000,-0.000096
0.123000,0.000220
0.124000,0.000536
0.125000,0.000220
0.126000,0.000220
0.127000,-0.000096
0.128000,-0.000096
0.129000,-0.000413
0.130000,0.000220
0.131000,0.000220
0.132000,-0.000413
0.133000,0.000220
0.134000,0.000220
0.135000,0.000536
0.136000,-0.000096
0.137000,-0.000096
0.138000,-0.000096
0.139000,0.000220
0.140000,-0.000096
0.141000,0.000536
0.142000,-0.000096
0.143000,-0.000096
0.144000,0.000220
0.145000,-0.000096
0.146000,-0.000096
0.147000,-0.000096
0.148000,0.000220
0.149000,0.000220
0.150000,0.000220
0.151000,-0.000096
0.152000,-0.000096
0.153000,0.000220
0.154000,0.000536
0.155000,-0.000096
0.156000,-0.000096
0.157000,0.000536
0.158000,0.000536
0.159000,0.000220
0.160000,0.000220
0.161000,0.000536
0.162000,-0.000413
0.163000,-0.000096
0.164000,0.000220
0.165000,0.000220
0.166000,0.000220
0.167000,0.000536
0.168000,-0.000096
0.169000,-0.000096
0.170000,0.000536
0.171000,-0.000096
0.172000,0.000220
0.173000,0.000220
0.174000,-0.000096
0.175000,0.000536
0.176000,0.000220
0.177000,0.000220
0.178000,-0.000096
0.179000,-0.000096
0.180000,-0.000096
0.181000,-0.000096
0.182000,-0.000096
0.183000,0.000220
0.184000,0.000220
0.185000,-0.000096
0.186000,0.000220
0.187000,-0.000096
0.188000,0.000220
0.189000,-0.000096
0.190000,-0.000096
0.191000,-0.000413
0.192000,0.000220
0.193000,0.000220
0.194000,0.000220
0.195000,0.000536
0.196000,0.000220
0.197000,0.000220
0.198000,0.000220
0.199000,-0.000096
0.200000,0.000536
0.201000,0.000220
0.202000,0.000536
0.203000,-0.000096
0.204000,-0.000096
0.205000,-0.000096
0.206000,-0.000413
0.207000,-0.000096
0.208000,-0.000096
0.209000,-0.000096
0.210000,-0.000096
0.211000,0.000220
0.212000,0.000220
0.213000,0.000536
0.214000,0.000220
0.215000,0.000536
0.216000,-0.000096
0.217000,0.000536
0.218000,-0.000096
0.219000,-0.000096
0.220000,-0.000096
0.221000,0.000220
0.222000,-0.000413
0.223000,-0.000096
0.224000,0.000220
0.225000,0.000220
0.226000,-0.000096
0.227000,0.000220
0.228000,-0.000096
0.229000,-0.000096
0.230000,0.000220
0.231000,-0.000096
0.232000,-0.000096
0.233000,0.000220
0.234000,0.000220
0.235000,0.000220
0.236000,-0.000096
0.237000,-0.000096
0.238000,-0.000096
0.239000,0.000220
0.240000,0.000220
0.241000,0.000536
0.242000,-0.000096
0.243000,0.000220
0.244000,0.000220
0.245000,-0.000096
0.246000,-0.000413
0.247000,0.000220
0.248000,-0.000096
0.249000,-0.000096
0.250000,-0.000096
0.251000,0.000220
0.252000,0.000220
0.253000,0.000220
0.254000,0.000536
0.255000,-0.000096
0.256000,-0.000096
0.257000,-0.000096
0.258000,0.000536
0.259000,-0.000096
0.260000,0.000220
0.261000,-0.000096
0.262000,0.000220
0.263000,0.000536
0.264000,-0.000096
0.265000,0.000536
0.266000,-0.000096
0.267000,-0.000096
0.268000,-0.000096
0.269000,0.000536
0.270000,-0.000096
0.271000,-0.000096
0.272000,-0.000096
0.273000,-0.000096
0.274000,-0.000096
0.275000,0.000220
0.276000,0.000536
0.277000,-0.000096
0.278000,0.000220
0.279000,-0.000096
0.280000,-0.000413
0.281000,-0.000096
0.282000,0.000536
0.283000,0.000220
0.284000,0.000220
0.285000,0.000220
0.286000,-0.000096
0.287000,-0.000096
0.288000,0.000220
0.289000,-0.000096
0.290000,0.000536
0.291000,0.000220
0.292000,-0.000096
0.293000,0.000536
0.294000,0.000536
0.295000,0.000220
0.296000,0.000220
0.297000,0.000220
0.298000,-0.000096
0.299000,-0.000096
0.300000,-0.000096
0.301000,0.000220
0.302000,-0.000096
0.303000,0.000220
0.304000,-0.000096
0.305000,0.000220
0.306000,-0.000096
0.307000,-0.000096
0.308000,0.000220
0.309000,-0.000096
0.310000,-0.000096
0.311000,-0.000096
0.312000,0.000220
0.313000,0.000536
0.314000,-0.000096
0.315000,-0.000096
0.316000,-0.000096
0.317000,0.000220
0.318000,0.000220
0.319000,0.000220
0.320000,0.000220
0.321000,-0.000413
0.322000,0.000220
0.323000,-0.000413
0.324000,0.000220
0.325000,0.000536
0.326000,-0.000096
0.327000,-0.000096
0.328000,-0.000096
0.329000,0.000220
0.330000,0.000220
0.331000,-0.000096
0.332000,0.000220
0.333000,-0.000096
0.334000,-0.000413
0.335000,-0.000096
0.336000,-0.000096
0.337000,-0.000096
0.338000,-0.000096
0.339000,-0.000096
0.340000,0.000853
0.341000,0.000536
0.342000,-0.000096
0.343000,0.000536
0.344000,0.000220
0.345000,0.000220
0.346000,0.000220
0.347000,-0.000096
0.348000,0.000220
0.349000,0.000536
0.350000,0.000220
0.351000,-0.000096
0.352000,0.000536
0.353000,-0.000096
0.354000,0.000220
0.355000,0.000536
0.356000,-0.000096
0.357000,-0.000096
0.358000,0.000220
0.359000,0.000220
0.360000,0.000220
0.361000,0.000220
0.362000,0.000536
0.363000,0.000853
0.364000,-0.000096
0.365000,-0.000096
0.366000,-0.000096
0.367000,-0.000096
0.368000,-0.000413
0.369000,-0.000096
0.370000,-0.000096
0.371000,-0.000096
0.372000,0.000536
0.373000,0.000220
0.374000,-0.000096
0.375000,-0.000096
0.376000,-0.000096
0.377000,-0.000096
0.378000,0.000536
0.379000,-0.000096
0.380000,-0.000096
0.381000,0.000853
0.382000,0.000220
0.383000,-0.000096
0.384000,-0.000096
0.385000,0.000220
0.386000,-0.000096
0.387000,0.000220
0.388000,0.000220
0.389000,-0.000096
0.390000,0.000220
0.391000,-0.000096
0.392000,0.000220
0.393000,-0.000096
0.394000,-0.000096
0.395000,-0.000096
0.396000,-0.000096
0.397000,-0.000096
0.398000,-0.000096
0.399000,-0.000096
0.400000,-0.000096
0.401000,-0.000096
0.402000,0.000220
0.403000,-0.000413
0.404000,0.000220
0.405000,-0.000096
0.406000,-0.000096
0.407000,-0.000096
0.408000,-0.000096
0.409000,-0.000096
0.410000,0.000536
0.411000,-0.000096
0.412000,0.000220
0.413000,0.000220
0.414000,0.000536
0.415000,-0.000096
0.416000,0.000220
0.417000,0.000220
0.418000,0.000220
0.419000,-0.000096
0.420000,0.000220
0.421000,-0.000096
0.422000,-0.000096
0.423000,-0.000096
0.424000,0.000220
0.425000,-0.000096
0.426000,0.000220
0.427000,0.000220
0.428000,-0.000096
0.429000,-0.000096
0.430000,0.000220
0.431000,0.000220
0.432000,-0.000096
0.433000,-0.000096
0.434000,-0.000096
0.435000,0.000220
0.436000,-0.000096
0.437000,-0.000096
0.438000,0.000536
0.439000,0.000220
0.440000,-0.000096
0.441000,-0.000096
0.442000,-0.000096
0.443000,-0.000096
0.444000,-0.000096
0.445000,0.000220
0.446000,-0.000096
0.447000,0.000220
0.448000,0.000220
0.449000,-0.000096
0.450000,0.000536
0.451000,0.000220
0.452000,0.000536
0.453000,0.000220
0.454000,-0.000096
0.455000,0.000220
0.456000,0.000220
0.457000,0.000220
0.458000,-0.000096
0.459000,0.000220
0.460000,0.000536
0.461000,-0.000096
0.462000,-0.000096
0.463000,-0.000096
0.464000,-0.000096
0.465000,-0.000096
0.466000,0.000536
0.467000,-0.000096
0.468000,0.000536
0.469000,0.000220
0.470000,0.000220
0.471000,0.000220
0.472000,-0.000096
0.473000,0.000220
0.474000,-0.000096
0.475000,-0.000096
0.476000,-0.000096
0.477000,0.000220
0.478000,-0.000096
0.479000,0.000220
0.480000,-0.000096
0.481000,-0.000096
0.482000,0.000220
0.483000,-0.000096
0.484000,0.000536
0.485000,-0.000096
0.486000,0.000220
0.487000,-0.000096
0.488000,0.000853
0.489000,-0.000096
0.490000,-0.000096
0.491000,-0.000096
0.492000,0.000220
0.493000,-0.000096
0.494000,-0.000096
0.495000,-0.000096
0.496000,-0.000413
0.497000,0.000220
0.498000,0.000220
0.499000,0.000220
0.500000,0.000220
0.501000,-0.000413
0.502000,0.000536
0.503000,-0.000413
0.504000,0.000220
0.505000,-0.000096
0.506000,-0.000096
0.507000,0.000220
0.508000,0.000220
0.509000,0.000220
0.510000,-0.000096
0.511000,0.000220
0.512000,-0.000096
0.513000,-0.000096
0.514000,0.000220
0.515000,-0.000096
0.516000,-0.000096
0.517000,0.000536
0.518000,0.000220
0.519000,0.000536
0.520000,-0.000096
0.521000,-0.000096
0.522000,0.000220
0.523000,0.000220
0.524000,-0.000096
0.525000,-0.000413
0.526000,0.000536
0.527000,-0.000096
0.528000,-0.000096
0.529000,0.000220
0.530000,0.000220
0.531000,-0.000096
0.532000,-0.000096
0.533000,-0.000096
0.534000,0.000220
0.535000,-0.000096
0.536000,0.000220
0.537000,-0.000413
0.538000,-0.000096
0.539000,-0.000413
0.540000,-0.000096
0.541000,-0.000096
0.542000,-0.000096
0.543000,-0.000096
0.544000,-0.000096
0.545000,0.000220
0.546000,-0.000096
0.547000,-0.000096
0.548000,0.000220
0.549000,-0.000096
0.550000,0.000220
0.551000,-0.000096
0.552000,-0.000096
0.553000,-0.000096
0.554000,0.000220
0.555000,0.000220
0.556000,-0.000096
0.557000,-0.000096
0.558000,-0.000096
0.559000,0.000220
0.560000,-0.000096
0.561000,0.000220
0.562000,-0.000096
0.563000,0.000220
0.564000,0.000220
0.565000,-0.000096
0.566000,-0.000413
0.567000,-0.000096
0.568000,-0.000096
0.569000,0.000220
0.570000,0.000220
0.571000,0.000220
0.572000,0.000536
0.573000,-0.000096
0.574000,-0.000096
0.575000,0.000220
0.576000,0.000220
0.577000,-0.000096
0.578000,-0.000413
0.579000,0.000220
0.580000,-0.000413
0.581000,0.000220
0.582000,0.000220
0.583000,-0.000096
0.584000,-0.000096
0.585000,-0.000096
0.586000,0.000536
0.587000,0.000220
0.588000,0.000220
0.589000,0.000536
0.590000,0.000220
0.591000,0.000536
0.592000,0.000220
0.593000,0.000536
0.594000,-0.000096
0.595000,0.000220
0.596000,-0.000096
0.597000,-0.000096
0.598000,-0.000096
0.599000,-0.000413
0.600000,-0.000096
0.601000,0.000536
0.602000,-0.000096
0.603000,0.000220
0.604000,-0.000096
0.605000,-0.000096
0.606000,-0.000096
0.607000,0.000220
0.608000,-0.000096
0.609000,0.000220
0.610000,0.000220
0.611000,0.000220
0.612000,0.000536
0.613000,-0.000096
0.614000,0.000536
0.615000,0.000220
0.616000,0.000220
0.617000,0.000220
0.618000,-0.000096
0.619000,0.000220
0.620000,0.000536
0.621000,0.000220
0.622000,0.000220
0.623000,-0.000096
0.624000,0.000536
0.625000,-0.000096
0.626000,-0.000096
0.627000,0.000536
0.628000,0.000220
0.629000,0.000536
0.630000,0.000536
0.631000,0.000220
0.632000,0.000220
0.633000,-0.000096
0.634000,-0.000096
0.635000,0.000220
0.636000,0.000220
0.637000,-0.000413
0.638000,-0.000096
0.639000,0.000536
0.640000,0.000536
0.641000,0.000536
0.642000,-0.000096
0.643000,0.000220
0.644000,0.000220
0.645000,-0.000413
0.646000,-0.000413
0.647000,0.000536
0.648000,0.000220
0.649000,0.000536
0.650000,0.000853
0.651000,-0.000096
0.652000,0.000220
0.653000,-0.000096
0.654000,0.000220
0.655000,0.000220
0.656000,0.000536
0.657000,-0.000096
0.658000,-0.000096
0.659000,0.000536
0.660000,0.000220
0.661000,0.000220
0.662000,-0.000096
0.663000,0.000536
0.664000,-0.000096
0.665000,0.000220
0.666000,-0.000096
0.667000,-0.000096
0.668000,0.000220
0.669000,0.000220
0.670000,-0.000096
0.671000,-0.000096
0.672000,0.000220
0.673000,0.000536
0.674000,-0.000096
0.675000,0.000220
0.676000,-0.000096
0.677000,-0.000096
0.678000,0.000220
0.679000,-0.000096
0.680000,0.000220
0.681000,-0.000096
0.682000,-0.000096
0.683000,0.000220
0.684000,-0.000096
0.685000,-0.000096
0.686000,0.000220
0.687000,-0.000096
0.688000,0.000220
0.689000,-0.000096
0.690000,0.000220
0.691000,-0.000096
0.692000,-0.000096
0.693000,0.000536
0.694000,0.000220
0.695000,-0.000096
0.696000,-0.000413
0.697000,0.000220
0.698000,0.000220
0.699000,-0.000096
0.700000,0.000220
0.701000,-0.000096
0.702000,0.000536
0.703000,-0.000096
0.704000,-0.000413
0.705000,-0.000096
0.706000,-0.000096
0.707000,0.000220
0.708000,-0.000096
0.709000,-0.000096
0.710000,0.000536
0.711000,0.000220
0.712000,0.000536
0.713000,0.000536
0.714000,0.000536
0.715000,0.000536
0.716000,0.000220
0.717000,0.000220
0.718000,0.000220
0.719000,0.000220
0.720000,0.000536
0.721000,0.000220
0.722000,-0.000096
0.723000,-0.000096
0.724000,-0.000096
0.725000,0.000220
0.726000,-0.000096
0.727000,-0.000096
0.728000,-0.000096
0.729000,0.000220
0.730000,-0.000096
0.731000,-0.000096
0.732000,-0.000096
0.733000,-0.000096
0.734000,0.000220
0.735000,-0.000413
0.736000,-0.000096
0.737000,0.000536
0.738000,0.000220
0.739000,0.000220
0.740000,0.000220
0.741000,-0.000096
0.742000,-0.000096
0.743000,0.000220
0.744000,0.000536
0.745000,0.000220
0.746000,0.000220
0.747000,0.000536
0.748000,0.000220
0.749000,0.000220
0.750000,-0.000096
0.751000,0.000220
0.752000,-0.000096
0.753000,-0.000096
0.754000,0.000536
0.755000,-0.000096
0.756000,0.000220
0.757000,0.000536
0.758000,-0.000096
0.759000,-0.000096
0.760000,-0.000096
0.761000,0.000220
0.762000,0.000220
0.763000,0.000220
0.764000,-0.000096
0.765000,-0.000096
0.766000,0.000220
0.767000,0.000220
0.768000,-0.000096
0.769000,0.000536
0.770000,0.000220
0.771000,-0.000096
0.772000,0.000220
0.773000,0.000536
0.774000,-0.000096
0.775000,-0.000096
0.776000,-0.000096
0.777000,0.000536
0.778000,-0.000096
0.779000,-0.000096
0.780000,0.000220
0.781000,0.000220
0.782000,0.000220
0.783000,-0.000096
0.784000,0.000536
0.785000,-0.000096
0.786000,-0.000096
0.787000,-0.000096
0.788000,-0.000096
0.789000,-0.000413
0.790000,-0.000096
0.791000,-0.000413
0.792000,0.000536
0.793000,0.000220
0.794000,-0.000096
0.795000,-0.000096
0.796000,0.000220
0.797000,-0.000096
0.798000,-0.000096
0.799000,0.000536
0.800000,0.000536
0.801000,-0.000096
0.802000,-0.000096
0.803000,-0.000096
0.804000,-0.000096
0.805000,-0.000096
0.806000,-0.000096
0.807000,-0.000096
0.808000,-0.000096
0.809000,-0.000096
0.810000,-0.000413
0.811000,-0.000096
0.812000,-0.000096
0.813000,0.000220
0.814000,-0.000096
0.815000,-0.000096
0.816000,0.000536
0.817000,0.000536
0.818000,0.000536
0.819000,-0.000096
0.820000,0.000220
0.821000,-0.000096
0.822000,0.000220
0.823000,0.000220
0.824000,0.000220
0.825000,-0.000096
0.826000,0.000536
0.827000,0.000536
0.828000,-0.000096
0.829000,-0.000096
0.830000,-0.000096
0.831000,-0.000096
0.832000,0.000220
0.833000,-0.000096
0.834000,0.000220
0.835000,-0.000096
0.836000,0.000536
0.837000,-0.000096
0.838000,-0.000096
0.839000,-0.000096
0.840000,-0.000096
0.841000,0.000220
0.842000,-0.000096
0.843000,-0.000096
0.844000,0.000220
0.845000,0.000536
0.846000,-0.000096
0.847000,0.000220
0.848000,-0.000096
0.849000,-0.000096
0.850000,-0.000096
0.851000,-0.000096
0.852000,-0.000096
0.853000,-0.000096
0.854000,0.000536
0.855000,-0.000096
0.856000,-0.000096
0.857000,-0.000096
0.858000,0.000220
0.859000,0.000220
0.860000,0.000220
0.861000,-0.000413
0.862000,0.000220
0.863000,-0.000096
0.864000,-0.000096
0.865000,0.000220
0.866000,0.000220
0.867000,-0.000096
0.868000,-0.000096
0.869000,0.000536
0.870000,0.000220
0.871000,-0.000096
0.872000,-0.000096
0.873000,0.000220
0.874000,0.000220
0.875000,-0.000096
0.876000,0.000220
0.877000,0.000220
0.878000,0.000220
0.879000,-0.000096
0.880000,-0.000096
0.881000,0.000220
0.882000,0.000220
0.883000,0.000220
0.884000,0.000220
0.885000,-0.000096
0.886000,-0.000096
0.887000,-0.000096
0.888000,0.000220
0.889000,-0.000096
0.890000,-0.000096
0.891000,0.000220
0.892000,-0.000096
0.893000,-0.000096
0.894000,-0.000096
0.895000,-0.000096
0.896000,0.000220
0.897000,-0.000096
0.898000,0.000220
0.899000,0.000220
0.900000,0.000220
0.901000,-0.000096
0.902000,0.000220
0.903000,0.000220
0.904000,0.000220
0.905000,0.000220
0.906000,0.000220
0.907000,-0.000096
0.908000,-0.000096
0.909000,-0.000096
0.910000,-0.000096
0.911000,0.000220
0.912000,-0.000096
0.913000,0.000220
0.914000,0.000220
0.915000,-0.000096
0.916000,-0.000096
0.917000,0.000220
0.918000,0.000220
0.919000,-0.000096
0.920000,0.000220
0.921000,0.000220
0.922000,-0.000096
0.923000,-0.000096
0.924000,-0.000096
0.925000,-0.000096
0.926000,-0.000096
0.927000,-0.000096
0.928000,0.000220
0.929000,0.000220
0.930000,0.000536
0.931000,0.000220
0.932000,-0.000096
0.933000,-0.000096
0.934000,0.000536
0.935000,0.000220
0.936000,0.000220
0.937000,0.000536
0.938000,0.000220
0.939000,-0.000096
0.940000,0.000220
0.941000,-0.000096
0.942000,0.000220
0.943000,0.000536
0.944000,-0.000413
0.945000,0.000220
0.946000,0.000536
0.947000,0.000536
0.948000,0.000220
0.949000,-0.000096
0.950000,0.000536
0.951000,0.000220
0.952000,-0.000096
0.953000,-0.000096
0.954000,-0.000096
0.955000,0.000220
0.956000,-0.000413
0.957000,0.000536
0.958000,-0.000096
0.959000,0.000220
0.960000,0.000220
0.961000,-0.000096
0.962000,0.000220
0.963000,0.000536
0.964000,0.000220
0.965000,-0.000096
0.966000,-0.000096
0.967000,0.000220
0.968000,0.000220
0.969000,-0.000096
0.970000,0.000220
0.971000,0.000220
0.972000,-0.000096
0.973000,-0.000096
0.974000,0.000220
0.975000,0.000220
0.976000,0.000536
0.977000,-0.000413
0.978000,0.000536
0.979000,-0.000096
0.980000,0.000536
0.981000,0.000220
0.982000,0.000220
0.983000,0.000536
0.984000,-0.000096
0.985000,0.000220
0.986000,-0.000096
0.987000,-0.000096
0.988000,-0.000096
0.989000,-0.000413
0.990000,-0.000096
0.991000,0.000220
0.992000,0.000220
0.993000,0.000220
0.994000,0.000853
0.995000,0.000536
0.996000,-0.000096
0.997000,-0.000096
0.998000,0.000220
0.999000,-0.000096
1.000000,0.000220
1.001000,-0.000096
1.002000,-0.000096
1.003000,-0.000096
1.004000,0.000220
1.005000,-0.000096
1.006000,-0.000096
1.007000,0.000220
1.008000,-0.000096
1.009000,-0.000096
1.010000,0.000220
1.011000,0.000536
1.012000,-0.000413
1.013000,-0.000096
1.014000,0.000220
1.015000,-0.000096
1.016000,-0.000096
1.017000,-0.000096
1.018000,-0.000096
1.019000,0.000220
1.020000,-0.000096
1.021000,-0.000096
1.022000,0.000536
1.023000,-0.000096
1.024000,0.000220
1.025000,-0.000096
1.026000,0.000220
1.027000,-0.000096
1.028000,-0.000096
1.029000,-0.000096
1.030000,0.000220
1.031000,0.000220
1.032000,0.000220
1.033000,0.000220
1.034000,0.000536
1.035000,-0.000096
1.036000,-0.000096
1.037000,-0.000096
1.038000,-0.000096
1.039000,0.000536
1.040000,-0.000096
1.041000,-0.000096
1.042000,-0.000096
1.043000,0.000220
1.044000,0.000220
1.045000,-0.000096
1.046000,0.000220
1.047000,0.000220
1.048000,0.000220
1.049000,-0.000413
1.050000,-0.000096
1.051000,-0.000096
1.052000,-0.000096
1.053000,-0.000096
1.054000,0.000220
1.055000,0.000220
1.056000,-0.000096
1.057000,0.000220
1.058000,-0.000096
1.059000,0.000220
1.060000,-0.000096
1.061000,0.000220
1.062000,-0.000096
1.063000,-0.000096
1.064000,-0.000096
1.065000,-0.000096
1.066000,-0.000096
1.067000,-0.000096
1.068000,-0.000096
1.069000,-0.000096
1.070000,0.000536
1.071000,-0.000413
1.072000,0.000220
1.073000,0.000536
1.074000,0.000536
1.075000,0.000220
1.076000,0.000220
1.077000,0.000220
1.078000,0.000220
1.079000,-0.000096
1.080000,-0.000096
1.081000,-0.000096
1.082000,0.000220
1.083000,-0.000096
1.084000,0.000220
1.085000,0.000220
1.086000,-0.000096
1.087000,0.000536
1.088000,0.000536
1.089000,0.000536
1.090000,0.000220
1.091000,0.000220
1.092000,-0.000096
1.093000,0.000220
1.094000,-0.000413
1.095000,0.000536
1.096000,0.000220
1.097000,0.000220
1.098000,-0.000096
1.099000,0.000220
1.100000,0.000220
1.101000,-0.000096
1.102000,0.000220
1.103000,-0.000413
1.104000,0.000220
1.105000,-0.000096
1.106000,-0.000096
1.107000,-0.000413
1.108000,-0.000096
1.109000,0.000536
1.110000,-0.000096
1.111000,0.000536
1.112000,0.000536
1.113000,-0.000413
1.114000,-0.000096
1.115000,-0.000096
1.116000,-0.000096
1.117000,0.000220
1.118000,0.000536
1.119000,-0.000096
1.120000,-0.000096
1.121000,0.000220
1.122000,0.000536
1.123000,0.000220
1.124000,-0.000096
1.125000,0.000220
1.126000,-0.000096
1.127000,0.000536
1.128000,-0.000096
1.129000,-0.000413
1.130000,-0.000096
1.131000,0.000220
1.132000,-0.000096
1.133000,0.000536
1.134000,-0.000096
1.135000,-0.000096
1.136000,0.000536
1.137000,0.000220
1.138000,0.000536
1.139000,0.000220
1.140000,0.000220
1.141000,0.000220
1.142000,0.000220
1.143000,-0.000096
1.144000,-0.000096
1.145000,0.000536
1.146000,0.000220
1.147000,0.000536
1.148000,0.000536
1.149000,0.000220
1.150000,0.000220
1.151000,-0.000096
1.152000,0.000220
1.153000,-0.000096
1.154000,-0.000413
1.155000,0.000536
1.156000,-0.000096
1.157000,0.000220
1.158000,0.000220
1.159000,-0.000096
1.160000,-0.000096
1.161000,-0.000096
1.162000,-0.000096
1.163000,-0.000096
1.164000,-0.000096
1.165000,0.000220
1.166000,-0.000096
1.167000,0.000536
1.168000,-0.000096
1.169000,0.000536
1.170000,-0.000096
1.171000,0.000220
1.172000,-0.000096
1.173000,0.000536
1.174000,0.000536
1.175000,-0.000096
1.176000,-0.000096
1.177000,-0.000096
1.178000,0.000220
1.179000,-0.000096
1.180000,-0.000413
1.181000,-0.000096
1.182000,0.000220
1.183000,-0.000096
1.184000,-0.000096
1.185000,0.000536
1.186000,0.000220
1.187000,-0.000413
1.188000,0.000220
1.189000,0.000220
1.190000,0.000220
1.191000,-0.000096
1.192000,0.000220
1.193000,0.000536
1.194000,0.000536
1.195000,0.000536
1.196000,0.000536
1.197000,0.000220
1.198000,-0.000413
1.199000,-0.000413
1.200000,-0.000096
1.201000,0.000220
1.202000,0.000220
1.203000,-0.000096
1.204000,-0.000096
1.205000,0.000853
1.206000,0.000536
1.207000,0.000220
1.208000,-0.000096
1.209000,0.000536
1.210000,0.000220
1.211000,-0.000096
1.212000,0.000220
1.213000,0.000220
1.214000,-0.000096
1.215000,0.000220
1.216000,-0.000096
1.217000,0.000853
1.218000,-0.000096
1.219000,0.000220
1.220000,-0.000413
1.221000,0.000536
1.222000,0.000536
1.223000,0.000220
1.224000,0.000536
1.225000,-0.000413
1.226000,-0.000096
1.227000,0.000220
1.228000,-0.000096
1.229000,0.000220
1.230000,0.000220
1.231000,0.000220
1.232000,0.000220
1.233000,-0.000096
1.234000,-0.000096
1.235000,0.000220
1.236000,-0.000096
1.237000,0.000220
1.238000,-0.000096
1.239000,0.000220
1.240000,0.000220
1.241000,-0.000096
1.242000,0.000220
1.243000,0.000220
1.244000,0.000220
1.245000,-0.000096
1.246000,-0.000096
1.247000,0.000220
1.248000,-0.000096
1.249000,-0.000096
1.250000,-0.000096
1.251000,-0.000096
1.252000,-0.000096
1.253000,0.000536
1.254000,-0.000096
1.255000,-0.000096
1.256000,0.000220
1.257000,-0.000096
1.258000,0.000220
1.259000,-0.000413
1.260000,-0.000413
1.261000,-0.000096
1.262000,-0.000096
1.263000,0.000220
1.264000,0.000536
1.265000,-0.000096
1.266000,-0.000096
1.267000,0.000220
1.268000,0.000220
1.269000,-0.000096
1.270000,0.000220
1.271000,-0.000096
1.272000,-0.000096
1.273000,0.000536
1.274000,-0.000096
1.275000,-0.000096
1.276000,0.000220
1.277000,0.000536
1.278000,-0.000096
1.279000,0.000220
1.280000,0.000220
1.281000,-0.000096
1.282000,-0.000096
1.283000,-0.000096
1.284000,0.000220
1.285000,-0.000096
1.286000,-0.000096
1.287000,0.000536
1.288000,0.000220
1.289000,0.000220
1.290000,0.000220
1.291000,0.000220
1.292000,-0.000096
1.293000,-0.000096
1.294000,-0.000096
1.295000,0.000220
1.296000,-0.000096
1.297000,-0.000096
1.298000,0.000220
1.299000,0.000536
1.300000,0.000220
1.301000,0.000220
1.302000,-0.000096
1.303000,0.000536
1.304000,-0.000096
1.305000,-0.000729
1.306000,0.000220
1.307000,0.000220
1.308000,-0.000096
1.309000,-0.000729
1.310000,0.000220
1.311000,0.000220
1.312000,-0.000096
1.313000,-0.000096
1.314000,0.000220
1.315000,0.000220
1.316000,-0.000096
1.317000,-0.000096
1.318000,0.000536
1.319000,-0.000096
1.320000,0.000220
1.321000,-0.000096
1.322000,0.000220
1.323000,0.000536
1.324000,0.000536
1.325000,0.000220
1.326000,0.000220
1.327000,-0.000413
1.328000,0.000536
1.329000,0.000853
1.330000,0.000220
1.331000,0.000536
1.332000,-0.000096
1.333000,0.000220
1.334000,-0.000096
1.335000,-0.000096
1.336000,0.000220
1.337000,-0.000096
1.338000,0.000220
1.339000,-0.000096
1.340000,0.000220
1.341000,0.000220
1.342000,-0.000096
1.343000,0.000220
1.344000,-0.000096
1.345000,0.000220
1.346000,-0.000096
1.347000,-0.000096
1.348000,-0.000096
1.349000,-0.000096
1.350000,0.000220
1.351000,-0.000096
1.352000,-0.000096
1.353000,-0.000096
1.354000,0.000220
1.355000,-0.000096
1.356000,0.000220
1.357000,0.000536
1.358000,-0.000096
1.359000,0.000220
1.360000,0.000536
1.361000,-0.000096
1.362000,0.000220
1.363000,-0.000096
1.364000,-0.000096
1.365000,0.000220
1.366000,0.000220
1.367000,0.000536
1.368000,0.000220
1.369000,0.000536
1.370000,0.000536
1.371000,0.000220
1.372000,-0.000096
1.373000,-0.000413
1.374000,-0.000096
1.375000,0.000220
1.376000,-0.000096
1.377000,0.000220
1.378000,-0.000096
1.379000,0.000536
1.380000,-0.000413
1.381000,0.000220
1.382000,0.000220
1.383000,-0.000096
1.384000,0.000220
1.385000,-0.000096
1.386000,-0.000413
1.387000,-0.000096
1.388000,-0.000096
1.389000,0.000220
1.390000,-0.000413
1.391000,-0.000096
1.392000,-0.000096
1.393000,0.000536
1.394000,-0.000096
1.395000,0.000220
1.396000,-0.000096
1.397000,0.000536
1.398000,0.000220
1.399000,-0.000096
1.400000,-0.000096
1.401000,0.000220
1.402000,-0.000096
1.403000,0.000220
1.404000,0.000220
1.405000,0.000536
1.406000,0.000220
1.407000,-0.000096
1.408000,-0.000096
1.409000,0.000220
1.410000,0.000220
1.411000,-0.000096
1.412000,0.000220
1.413000,0.000220
1.414000,-0.000096
1.415000,-0.000096
1.416000,0.000220
1.417000,0.000220
1.418000,0.000536
1.419000,-0.000096
1.420000,0.000536
1.421000,-0.000096
1.422000,-0.000096
1.423000,-0.000096
1.424000,0.000220
1.425000,0.000536
1.426000,-0.000096
1.427000,-0.000096
1.428000,-0.000096
1.429000,0.000220
1.430000,0.000536
1.431000,-0.000096
1.432000,0.000536
1.433000,0.000220
1.434000,0.000220
1.435000,-0.000096
1.436000,0.000220
1.437000,-0.000096
1.438000,0.000220
1.439000,-0.000096
1.440000,0.000220
1.441000,0.000220
1.442000,-0.000096
1.443000,0.000536
1.444000,0.000536
1.445000,0.000536
1.446000,0.000536
1.447000,-0.000096
1.448000,0.000536
1.449000,-0.000096
1.450000,0.000220
1.451000,-0.000096
1.452000,0.000536
1.453000,-0.000096
1.454000,0.000536
1.455000,0.000220
1.456000,-0.000096
1.457000,0.000220
1.458000,0.000220
1.459000,-0.000413
1.460000,0.000220
1.461000,0.000220
1.462000,0.000220
1.463000,0.000536
1.464000,0.000220
1.465000,0.000536
1.466000,0.000220
1.467000,0.000220
1.468000,0.000220
1.469000,-0.000096
1.470000,0.000220
1.471000,-0.000096
1.472000,-0.000096
1.473000,-0.000096
1.474000,0.000536
1.475000,0.000220
1.476000,-0.000096
1.477000,0.000220
1.478000,0.000220
1.479000,0.000536
1.480000,-0.000096
1.481000,-0.000096
1.482000,0.000220
1.483000,0.000220
1.484000,0.000220
1.485000,-0.000096
1.486000,0.000220
1.487000,0.000220
1.488000,0.000220
1.489000,-0.000096
1.490000,-0.000096
1.491000,0.000536
1.492000,0.000220
1.493000,-0.000096
1.494000,0.000536
1.495000,0.000220
1.496000,-0.000096
1.497000,0.000536
1.498000,-0.000413
1.499000,-0.000096
1.500000,0.000220
1.501000,-0.000096
1.502000,-0.000096
1.503000,-0.000096
1.504000,-0.000096
1.505000,0.000220
1.506000,-0.000413
1.507000,-0.000096
1.508000,-0.000096
1.509000,-0.000096
1.510000,0.000220
1.511000,-0.000096
1.512000,0.000220
1.513000,0.000220
1.514000,-0.000096
1.515000,-0.000096
1.516000,0.000220
1.517000,-0.000096
1.518000,0.000220
1.519000,0.000220
1.520000,-0.000096
1.521000,0.000536
1.522000,-0.000096
1.523000,0.000220
1.524000,-0.000096
1.525000,0.000220
1.526000,-0.000096
1.527000,-0.000096
1.528000,0.000220
1.529000,-0.000096
1.530000,-0.000413
1.531000,0.000536
1.532000,-0.000096
1.533000,-0.000096
1.534000,0.000220
1.535000,0.000536
1.536000,-0.000096
1.537000,-0.000413
1.538000,0.000220
1.539000,-0.000096
1.540000,-0.000096
1.541000,0.000220
1.542000,-0.000096
1.543000,0.000536
1.544000,-0.000096
1.545000,-0.000096
1.546000,-0.000096
1.547000,-0.000096
1.548000,-0.000096
1.549000,-0.000096
1.550000,-0.000413
1.551000,-0.000096
1.552000,0.000536
1.553000,0.000220
1.554000,0.000220
1.555000,0.000220
1.556000,-0.000096
1.557000,0.000220
1.558000,0.000220
1.559000,0.000536
1.560000,-0.000096
1.561000,0.000536
1.562000,-0.000413
1.563000,-0.000096
1.564000,-0.000096
1.565000,0.000220
1.566000,0.000536
1.567000,-0.000096
1.568000,0.000220
1.569000,0.000220
1.570000,-0.000413
1.571000,0.000220
1.572000,0.000220
1.573000,-0.000096
1.574000,-0.000096
1.575000,-0.000096
1.576000,-0.000096
1.577000,-0.000096
1.578000,0.000220
1.579000,-0.000096
1.580000,0.000220
1.581000,0.000220
1.582000,0.000220
1.583000,0.000536
1.584000,0.000220
1.585000,-0.000096
1.586000,-0.000096
1.587000,-0.000096
1.588000,-0.000096
1.589000,-0.000096
1.590000,-0.000096
1.591000,0.000220
1.592000,0.000220
1.593000,0.000220
1.594000,-0.000096
1.595000,0.000220
1.596000,0.000220
1.597000,0.000536
1.598000,-0.000096
1.599000,0.000220
1.600000,-0.000096
1.601000,0.000220
1.602000,0.000536
1.603000,0.000536
1.604000,0.000220
1.605000,-0.000096
1.606000,0.000220
1.607000,0.000536
1.608000,0.000220
1.609000,0.000220
1.610000,0.000536
1.611000,0.000220
1.612000,0.000220
1.613000,-0.000096
1.614000,-0.000096
1.615000,0.000536
1.616000,-0.000096
1.617000,0.000220
1.618000,0.000220
1.619000,-0.000096
1.620000,-0.000096
1.621000,-0.000096
1.622000,-0.000096
1.623000,0.000220
1.624000,0.000536
1.625000,0.000220
1.626000,-0.000096
1.627000,0.000220
1.628000,0.000220
1.629000,-0.000096
1.630000,-0.000096
1.631000,0.000536
1.632000,-0.000413
1.633000,0.000220
1.634000,0.000220
1.635000,0.000220
1.636000,0.000220
1.637000,-0.000096
1.638000,-0.000096
1.639000,-0.000096
1.640000,0.000536
1.641000,0.000220
1.642000,-0.000096
1.643000,-0.000096
1.644000,0.000220
1.645000,0.000220
1.646000,-0.000096
1.647000,0.000220
1.648000,0.000220
1.649000,-0.000096
1.650000,0.000536
1.651000,0.000536
1.652000,-0.000096
1.653000,0.000220
1.654000,0.000220
1.655000,0.000220
1.656000,0.000536
1.657000,-0.000096
1.658000,0.000220
1.659000,0.000220
1.660000,0.000536
1.661000,0.000220
1.662000,0.000220
1.663000,0.000220
1.664000,0.000220
1.665000,-0.000096
1.666000,-0.000096
1.667000,0.000220
1.668000,-0.000096
1.669000,0.000220
1.670000,0.000536
1.671000,-0.000096
1.672000,-0.000096
1.673000,0.000220
1.674000,-0.000096
1.675000,-0.000729
1.676000,0.000536
1.677000,-0.000096
1.678000,0.000220
1.679000,0.000220
1.680000,-0.000096
1.681000,-0.000096
1.682000,-0.000096
1.683000,-0.000096
1.684000,-0.000413
1.685000,-0.000096
1.686000,-0.000096
1.687000,0.000220
1.688000,-0.000096
1.689000,0.000220
1.690000,0.000220
1.691000,-0.000096
1.692000,0.000220
1.693000,0.000220
1.694000,-0.000096
1.695000,-0.000096
1.696000,-0.000096
1.697000,-0.000096
1.698000,0.000220
1.699000,0.000220
1.700000,-0.000096
1.701000,-0.000096
1.702000,-0.000096
1.703000,-0.000096
1.704000,-0.000096
1.705000,0.000220
1.706000,-0.000096
1.707000,0.000220
1.708000,-0.000096
1.709000,-0.000096
1.710000,0.000536
1.711000,0.000220
1.712000,0.000220
1.713000,0.000220
1.714000,0.000220
1.715000,-0.000096
1.716000,-0.000096
1.717000,0.000536
1.718000,0.000220
1.719000,0.000220
1.720000,-0.000096
1.721000,0.000220
1.722000,0.000220
1.723000,-0.000096
1.724000,-0.000096
1.725000,-0.000413
1.726000,-0.000096
1.727000,0.000220
1.728000,0.000220
1.729000,0.000220
1.730000,-0.000096
1.731000,-0.000096
1.732000,0.000536
1.733000,0.000220
1.734000,0.000220
1.735000,-0.000096
1.736000,-0.000096
1.737000,0.000220
1.738000,0.000220
1.739000,-0.000096
1.740000,0.000220
1.741000,0.000220
1.742000,0.000220
1.743000,0.000220
1.744000,0.000220
1.745000,0.000220
1.746000,-0.000096
1.747000,-0.000096
1.748000,-0.000096
1.749000,0.000220
1.750000,0.000220
1.751000,0.000220
1.752000,-0.000096
1.753000,-0.000413
1.754000,0.000220
1.755000,0.000536
1.756000,0.000536
1.757000,-0.000096
1.758000,0.000220
1.759000,-0.000096
1.760000,0.000536
1.761000,0.000220
1.762000,-0.000096
1.763000,-0.000096
1.764000,0.000536
1.765000,-0.000096
1.766000,-0.000096
1.767000,-0.000096
1.768000,0.000220
1.769000,-0.000096
1.770000,0.000536
1.771000,-0.000096
1.772000,-0.000096
1.773000,-0.000096
1.774000,-0.000096
1.775000,0.000220
1.776000,-0.000096
1.777000,-0.000096
1.778000,0.000220
1.779000,0.000220
1.780000,-0.000096
1.781000,-0.000096
1.782000,-0.000096
1.783000,0.000220
1.784000,-0.000096
1.785000,-0.000096
1.786000,-0.000096
1.787000,-0.000096
1.788000,-0.000096
1.789000,0.000220
1.790000,0.000220
1.791000,-0.000096
1.792000,0.000220
1.793000,-0.000096
1.794000,-0.000413
1.795000,0.000536
1.796000,0.000536
1.797000,0.000536
1.798000,0.000220
1.799000,0.000220
1.800000,0.000220
1.801000,0.000220
1.802000,0.000220
1.803000,-0.000096
1.804000,-0.000096
1.805000,-0.000096
1.806000,-0.000096
1.807000,0.000220
1.808000,0.000220
1.809000,0.000220
1.810000,0.000220
1.811000,-0.000096
1.812000,0.000220
1.813000,0.000220
1.814000,0.000220
1.815000,-0.000096
1.816000,0.000536
1.817000,0.000220
1.818000,0.000220
1.819000,-0.000096
1.820000,-0.000096
1.821000,0.000220
1.822000,-0.000096
1.823000,-0.000096
1.824000,0.000220
1.825000,-0.000096
1.826000,0.000220
1.827000,-0.000096
1.828000,0.000220
1.829000,0.000220
1.830000,-0.000096
1.831000,-0.000096
1.832000,-0.000413
1.833000,0.000220
1.834000,0.000220
1.835000,-0.000413
1.836000,-0.000096
1.837000,-0.000413
1.838000,-0.000096
1.839000,-0.000413
1.840000,-0.000096
1.841000,0.000220
1.842000,0.000220
1.843000,-0.000096
1.844000,-0.000096
1.845000,-0.000096
1.846000,0.000536
1.847000,-0.000096
1.848000,-0.000096
1.849000,-0.000096
1.850000,-0.000096
1.851000,0.000220
1.852000,0.000220
1.853000,0.000220
1.854000,0.000220
1.855000,-0.000096
1.856000,-0.000096
1.857000,0.000220
1.858000,0.000220
1.859000,-0.000096
1.860000,0.000220
1.861000,0.000536
1.862000,-0.000096
1.863000,0.000220
1.864000,-0.000096
1.865000,0.000536
1.866000,-0.000096
1.867000,0.000220
1.868000,-0.000096
1.869000,0.000220
1.870000,-0.000096
1.871000,-0.000413
1.872000,0.000220
1.873000,0.000536
1.874000,0.000220
1.875000,0.000220
1.876000,0.000220
1.877000,-0.000096
1.878000,0.000220
1.879000,0.000220
1.880000,0.000220
1.881000,0.000220
1.882000,0.000220
1.883000,0.000220
1.884000,-0.000096
1.885000,-0.000096
1.886000,0.000220
1.887000,-0.000096
1.888000,-0.000413
1.889000,0.000536
1.890000,0.000220
1.891000,-0.000096
1.892000,-0.000096
1.893000,0.000220
1.894000,-0.000096
1.895000,-0.000096
1.896000,0.000536
1.897000,-0.000096
1.898000,0.000536
1.899000,-0.000096
1.900000,-0.000096
1.901000,-0.000096
1.902000,-0.000413
1.903000,0.000536
1.904000,-0.000096
1.905000,0.000220
1.906000,0.000220
1.907000,0.000220
1.908000,0.000220
1.909000,-0.000096
1.910000,-0.000096
1.911000,0.000220
1.912000,-0.000096
1.913000,-0.000096
1.914000,-0.000096
1.915000,0.000220
1.916000,0.000220
1.917000,0.000220
1.918000,-0.000096
1.919000,-0.000096
1.920000,0.000220
1.921000,-0.000096
1.922000,0.000220
1.923000,-0.000096
1.924000,0.000536
1.925000,0.000220
1.926000,0.000220
1.927000,0.000220
1.928000,0.000220
1.929000,0.000536
1.930000,0.000220
1.931000,-0.000413
1.932000,0.000220
1.933000,0.000220
1.934000,0.000536
1.935000,0.000220
1.936000,0.000220
1.937000,0.000220
1.938000,-0.000096
1.939000,-0.000096
1.940000,-0.000413
1.941000,0.000220
1.942000,-0.000096
1.943000,-0.000096
1.944000,0.000536
1.945000,0.000220
1.946000,0.000220
1.947000,0.000220
1.948000,0.000220
1.949000,0.000536
1.950000,0.000220
1.951000,-0.000096
1.952000,-0.000096
1.953000,0.000220
1.954000,0.000220
1.955000,-0.000096
1.956000,0.000220
1.957000,0.000220
1.958000,-0.000096
1.959000,0.000220
1.960000,-0.000096
1.961000,0.000220
1.962000,0.000220
1.963000,-0.000413
1.964000,-0.000096
1.965000,0.000220
1.966000,0.000220
1.967000,0.000220
1.968000,-0.000096
1.969000,-0.000096
1.970000,0.000220
1.971000,-0.000096
1.972000,-0.000096
1.973000,0.000220
1.974000,0.000536
1.975000,-0.000096
1.976000,-0.000096
1.977000,0.000220
1.978000,0.000220
1.979000,0.000220
1.980000,0.000220
1.981000,-0.000096
1.982000,-0.000096
1.983000,0.000220
1.984000,0.000220
1.985000,-0.000096
1.986000,-0.000096
1.987000,-0.000096
1.988000,-0.000096
1.989000,-0.000096
1.990000,-0.000096
1.991000,-0.000096
1.992000,0.000220
1.993000,0.000220
1.994000,0.000220
1.995000,-0.000096
1.996000,0.000536
1.997000,-0.000096
1.998000,-0.000096
1.999000,-0.000096
2.000000,-0.000096
2.001000,0.000220
2.002000,0.000220
2.003000,-0.000413
2.004000,-0.000096
2.005000,0.000536
2.006000,-0.000096
2.007000,-0.000096
2.008000,-0.000096
2.009000,-0.000096
2.010000,-0.000096
2.011000,-0.000096
2.012000,-0.000096
2.013000,0.000220
2.014000,0.000220
2.015000,0.000536
2.016000,-0.000096
2.017000,-0.000096
2.018000,0.000220
2.019000,-0.000096
2.020000,0.000220
2.021000,-0.000096
2.022000,0.000220
2.023000,-0.000096
2.024000,0.000220
2.025000,-0.000413
2.026000,0.000536
2.027000,-0.000096
2.028000,-0.000096
2.029000,-0.000096
2.030000,-0.000096
2.031000,0.000220
2.032000,0.000220
2.033000,0.000536
2.034000,0.000220
2.035000,-0.000096
2.036000,0.000536
2.037000,0.000220
2.038000,0.000220
2.039000,0.000220
2.040000,-0.000413
2.041000,-0.000096
2.042000,0.000220
2.043000,-0.000096
2.044000,0.000536
2.045000,0.000220
2.046000,-0.000096
2.047000,0.000536
2.048000,0.000220
2.049000,0.000220
2.050000,-0.000096
2.051000,-0.000096
2.052000,0.000220
2.053000,0.000220
2.054000,0.000220
2.055000,-0.000096
2.056000,-0.000096
2.057000,-0.000096
2.058000,-0.000096
2.059000,0.000220
2.060000,-0.000096
2.061000,-0.000096
2.062000,0.000220
2.063000,-0.000096
2.064000,0.000220
2.065000,0.000220
2.066000,-0.000096
2.067000,0.000220
2.068000,0.000220
2.069000,-0.000096
2.070000,0.000220
2.071000,0.000220
2.072000,-0.000413
2.073000,0.000220
2.074000,0.000220
2.075000,-0.000096
2.076000,0.000220
2.077000,0.000536
2.078000,-0.000096
2.079000,0.000220
2.080000,-0.000096
2.081000,-0.000096
2.082000,-0.000096
2.083000,-0.000413
2.084000,0.000220
2.085000,-0.000096
2.086000,-0.000096
2.087000,0.000220
2.088000,-0.000096
2.089000,-0.000096
2.090000,-0.000096
2.091000,0.000220
2.092000,-0.000096
2.093000,0.000536
2.094000,0.000220
2.095000,0.000220
2.096000,0.000536
2.097000,-0.000096
2.098000,-0.000096
2.099000,0.000220
2.100000,0.000220
2.101000,-0.000096
2.102000,-0.000096
2.103000,0.000220
2.104000,-0.000096
2.105000,0.000220
2.106000,0.000220
2.107000,0.000220
2.108000,0.000220
2.109000,-0.000096
2.110000,0.000220
2.111000,-0.000096
2.112000,0.000536
2.113000,0.000220
2.114000,-0.000096
2.115000,-0.000096
2.116000,-0.000413
2.117000,0.000220
2.118000,-0.000096
2.119000,-0.000096
2.120000,0.000220
2.121000,-0.000096
2.122000,0.000536
2.123000,-0.000096
2.124000,-0.000413
2.125000,0.000220
2.126000,0.000220
2.127000,0.000220
2.128000,0.000220
2.129000,0.000220
2.130000,-0.000096
2.131000,0.000220
2.132000,-0.000096
2.133000,-0.000413
2.134000,-0.000096
2.135000,-0.000096
2.136000,-0.000096
2.137000,0.000536
2.138000,0.000853
2.139000,0.000220
2.140000,-0.000096
2.141000,0.000220
2.142000,0.000220
2.143000,0.000220
2.144000,0.000220
2.145000,0.000220
2.146000,0.000220
2.147000,0.000220
2.148000,-0.000096
2.149000,0.000220
2.150000,-0.000096
2.151000,0.000536
2.152000,0.000220
2.153000,0.000220
2.154000,0.000536
2.155000,0.000536
2.156000,0.000220
2.157000,0.000220
2.158000,0.000536
2.159000,0.000220
2.160000,0.000536
2.161000,0.000220
2.162000,0.000536
2.163000,-0.000096
2.164000,0.000220
2.165000,0.000220
2.166000,-0.000096
2.167000,-0.000096
2.168000,-0.000096
2.169000,0.000220
2.170000,-0.000413
2.171000,-0.000096
2.172000,-0.000096
2.173000,-0.000096
2.174000,0.000536
2.175000,-0.000096
2.176000,0.000220
2.177000,-0.000096
2.178000,0.000220
2.179000,0.000220
2.180000,-0.000096
2.181000,-0.000413
2.182000,-0.000096
2.183000,-0.000096
2.184000,-0.000096
2.185000,0.000220
2.186000,0.000220
2.187000,0.000220
2.188000,0.000220
2.189000,0.000536
2.190000,0.000220
2.191000,0.000536
2.192000,-0.000096
2.193000,0.000220
2.194000,0.000220
2.195000,0.000220
2.196000,-0.000096
2.197000,-0.000096
2.198000,0.000220
2.199000,-0.000096
2.200000,-0.000096
2.201000,-0.000096
2.202000,0.000220
2.203000,-0.000096
2.204000,0.000220
2.205000,0.000220
2.206000,0.000220
2.207000,-0.000413
2.208000,0.000220
2.209000,0.000536
2.210000,-0.000096
2.211000,-0.000413
2.212000,0.000220
2.213000,0.000536
2.214000,-0.000413
2.215000,0.000220
2.216000,-0.000096
2.217000,-0.000096
2.218000,0.000220
2.219000,0.000220
2.220000,0.000220
2.221000,0.000220
2.222000,0.000220
2.223000,-0.000096
2.224000,-0.000096
2.225000,-0.000096
2.226000,0.000220
2.227000,-0.000096
2.228000,0.000536
2.229000,0.000220
2.230000,-0.000096
2.231000,-0.000096
2.232000,0.000220
2.233000,0.000536
2.234000,-0.000096
2.235000,0.000536
2.236000,0.000536
2.237000,-0.000096
2.238000,0.000220
2.239000,-0.000096
2.240000,-0.000096
2.241000,-0.000096
2.242000,-0.000096
2.243000,0.000220
2.244000,-0.000096
2.245000,-0.000096
2.246000,0.000536
2.247000,-0.000096
2.248000,0.000220
2.249000,-0.000096
2.250000,-0.000413
2.251000,-0.000096
2.252000,0.000536
2.253000,0.000220
2.254000,-0.000096
2.255000,-0.000096
2.256000,0.000220
2.257000,0.000536
2.258000,-0.000096
2.259000,0.000220
2.260000,0.000220
2.261000,0.000220
2.262000,-0.000096
2.263000,0.000220
2.264000,0.000220
2.265000,-0.000413
2.266000,0.000853
2.267000,0.000220
2.268000,0.000220
2.269000,0.000220
2.270000,0.000220
2.271000,-0.000096
2.272000,0.000536
2.273000,-0.000096
2.274000,0.000220
2.275000,-0.000096
2.276000,-0.000096
2.277000,0.000220
2.278000,-0.000096
2.279000,0.000220
2.280000,0.000536
2.281000,-0.000096
2.282000,-0.000096
2.283000,-0.000096
2.284000,-0.000096
2.285000,0.000220
2.286000,0.000536
2.287000,-0.000096
2.288000,-0.000096
2.289000,0.000220
2.290000,-0.000096
2.291000,0.000220
2.292000,0.000220
2.293000,-0.000096
2.294000,0.000220
2.295000,-0.000096
2.296000,-0.000096
2.297000,0.000536
2.298000,-0.000096
2.299000,-0.000096
2.300000,0.000220
2.301000,-0.000096
2.302000,0.000536
2.303000,0.000220
2.304000,0.000536
2.305000,-0.000096
2.306000,0.000536
2.307000,0.000220
2.308000,-0.000096
2.309000,-0.000096
2.310000,-0.000096
2.311000,0.000220
2.312000,0.000220
2.313000,0.000220
2.314000,-0.000096
2.315000,0.000536
2.316000,-0.000096
2.317000,0.000220
2.318000,0.000220
2.319000,0.000536
2.320000,-0.000096
2.321000,0.000220
2.322000,0.000220
2.323000,0.000220
2.324000,-0.000096
2.325000,-0.000096
2.326000,0.000220
2.327000,0.000220
2.328000,-0.000096
2.329000,-0.000096
2.330000,0.000536
2.331000,-0.000096
2.332000,-0.000096
2.333000,-0.000096
2.334000,-0.000096
2.335000,0.000536
2.336000,-0.000096
2.337000,0.000220
2.338000,0.000536
2.339000,-0.000096
2.340000,0.000536
2.341000,0.000220
2.342000,-0.000096
2.343000,-0.000096
2.344000,-0.000096
2.345000,-0.000096
2.346000,-0.000096
2.347000,-0.000096
2.348000,0.000220
2.349000,-0.000413
2.350000,0.000853
2.351000,0.000536
2.352000,0.000536
2.353000,0.000536
2.354000,0.000536
2.355000,-0.000096
2.356000,0.000220
2.357000,-0.000096
2.358000,-0.000096
2.359000,0.000220
2.360000,-0.000096
2.361000,0.000220
2.362000,-0.000096
2.363000,0.000220
2.364000,-0.000096
2.365000,-0.000096
2.366000,-0.000096
2.367000,0.000220
2.368000,-0.000096
2.369000,0.000220
2.370000,-0.000096
2.371000,-0.000096
2.372000,0.000220
2.373000,-0.000096
2.374000,0.000536
2.375000,-0.000096
2.376000,-0.000096
2.377000,0.000220
2.378000,0.000536
2.379000,-0.000096
2.380000,-0.000096
2.381000,0.000220
2.382000,0.000220
2.383000,0.000220
2.384000,-0.000096
2.385000,-0.000096
2.386000,-0.000096
2.387000,0.000536
2.388000,-0.000096
2.389000,-0.000096
2.390000,-0.000096
2.391000,-0.000096
2.392000,0.000220
2.393000,-0.000096
2.394000,-0.000096
2.395000,-0.000096
2.396000,0.000220
2.397000,-0.000096
2.398000,0.000220
2.399000,0.000220
2.400000,-0.000096
2.401000,0.000220
2.402000,0.000536
2.403000,0.000220
2.404000,-0.000096
2.405000,-0.000096
2.406000,-0.000096
2.407000,-0.000096
2.408000,-0.000096
2.409000,0.000220
2.410000,0.000220
2.411000,0.000220
2.412000,-0.000096
2.413000,0.000536
2.414000,0.000536
2.415000,-0.000096
2.416000,-0.000096
2.417000,-0.000413
2.418000,-0.000096
2.419000,-0.000096
2.420000,0.000536
2.421000,-0.000096
2.422000,0.000220
2.423000,0.000536
2.424000,-0.000096
2.425000,0.000220
2.426000,0.000536
2.427000,-0.000096
2.428000,-0.000096
2.429000,0.000220
2.430000,-0.000096
2.431000,-0.000096
2.432000,-0.000096
2.433000,-0.000096
2.434000,-0.000096
2.435000,0.000220
2.436000,-0.000413
2.437000,0.000220
2.438000,0.000220
2.439000,-0.000096
2.440000,0.000220
2.441000,-0.000096
2.442000,0.000536
2.443000,0.000536
2.444000,-0.000096
2.445000,-0.000096
2.446000,0.000220
2.447000,-0.000096
2.448000,0.000536
2.449000,-0.000096
2.450000,0.000536
2.451000,0.000220
2.452000,-0.000096
2.453000,-0.000096
2.454000,0.000220
2.455000,-0.000096
2.456000,-0.000096
2.457000,0.000220
2.458000,0.000220
2.459000,-0.000096
2.460000,0.000220
2.461000,0.000220
2.462000,-0.000096
2.463000,-0.000096
2.464000,-0.000096
2.465000,-0.000096
2.466000,-0.000096
2.467000,-0.000096
2.468000,-0.000096
2.469000,0.000220
2.470000,-0.000096
2.471000,-0.000096
2.472000,0.000220
2.473000,0.000536
2.474000,-0.000413
2.475000,-0.000096
2.476000,-0.000096
2.477000,0.000536
2.478000,-0.000096
2.479000,-0.000096
2.480000,-0.000096
2.481000,-0.000096
2.482000,0.000220
2.483000,-0.000096
2.484000,0.000220
2.485000,0.000220
2.486000,0.000220
2.487000,-0.000096
2.488000,-0.000096
2.489000,-0.000096
2.490000,-0.000096
2.491000,0.000536
2.492000,-0.000096
2.493000,-0.000096
2.494000,0.000220
2.495000,0.000536
2.496000,-0.000096
2.497000,-0.000096
2.498000,0.000536
2.499000,-0.000096
2.500000,-0.000096
2.501000,0.000220
2.502000,-0.000413
2.503000,-0.000413
2.504000,0.000220
2.505000,0.000220
2.506000,0.000220
2.507000,0.000220
2.508000,-0.000096
2.509000,0.000220
2.510000,-0.000096
2.511000,0.000220
2.512000,-0.000096
2.513000,-0.000096
2.514000,-0.000096
2.515000,0.000220
2.516000,0.000220
2.517000,-0.000096
2.518000,-0.000096
2.519000,-0.000096
2.520000,0.000220
2.521000,0.000536
2.522000,0.000220
2.523000,-0.000096
2.524000,0.000220
2.525000,0.000220
2.526000,-0.000413
2.527000,0.000220
2.528000,-0.000096
2.529000,0.000220
2.530000,-0.000729
2.531000,0.000536
2.532000,-0.000096
2.533000,-0.000096
2.534000,0.000220
2.535000,0.000220
2.536000,-0.000096
2.537000,0.000220
2.538000,-0.000096
2.539000,0.000220
2.540000,-0.000096
2.541000,0.000220
2.542000,0.000220
2.543000,-0.000413
2.544000,0.000220
2.545000,0.000220
2.546000,0.000536
2.547000,0.000220
2.548000,0.000853
2.549000,-0.000096
2.550000,-0.000413
2.551000,0.000536
2.552000,0.000220
2.553000,0.000220
2.554000,-0.000096
2.555000,-0.000413
2.556000,0.000536
2.557000,-0.000096
2.558000,-0.000096
2.559000,0.000220
2.560000,0.000536
2.561000,0.000220
2.562000,0.000536
2.563000,0.000220
2.564000,-0.000096
2.565000,0.000220
2.566000,-0.000096
2.567000,0.000536
2.568000,0.000220
2.569000,0.000536
2.570000,0.000220
2.571000,0.000536
2.572000,-0.000096
2.573000,-0.000096
2.574000,-0.000096
2.575000,0.000220
2.576000,-0.000096
2.577000,-0.000096
2.578000,-0.000096
2.579000,0.000220
2.580000,0.000220
2.581000,0.000220
2.582000,-0.000096
2.583000,0.000220
2.584000,-0.000096
2.585000,-0.000096
2.586000,-0.000096
2.587000,0.000220
2.588000,0.000220
2.589000,-0.000096
2.590000,-0.000096
2.591000,0.000220
2.592000,-0.000096
2.593000,-0.000096
2.594000,0.000220
2.595000,-0.000096
2.596000,0.000220
2.597000,-0.000096
2.598000,0.000536
2.599000,-0.000096
2.600000,-0.000096
2.601000,-0.000096
2.602000,0.000536
2.603000,-0.000096
2.604000,0.000536
2.605000,0.000220
2.606000,-0.000096
2.607000,0.000220
2.608000,0.000220
2.609000,0.000220
2.610000,-0.000096
2.611000,0.000220
2.612000,-0.000096
2.613000,0.000220
2.614000,0.000220
2.615000,0.000220
2.616000,-0.000096
2.617000,-0.000096
2.618000,0.000220
2.619000,0.000220
2.620000,0.000220
2.621000,-0.000096
2.622000,0.000220
2.623000,0.000220
2.624000,0.000220
2.625000,-0.000096
2.626000,-0.000096
2.627000,-0.000096
2.628000,0.000220
2.629000,-0.000096
2.630000,0.000220
2.631000,-0.000096
2.632000,0.000536
2.633000,0.000220
2.634000,-0.000096
2.635000,-0.000096
2.636000,0.000536
2.637000,-0.000096
2.638000,0.000220
2.639000,0.000220
2.640000,-0.000096
2.641000,-0.000096
2.642000,-0.000096
2.643000,-0.000096
2.644000,-0.000096
2.645000,0.000536
2.646000,-0.000096
2.647000,-0.000096
2.648000,0.000220
2.649000,0.000536
2.650000,-0.000096
2.651000,0.000220
2.652000,0.000536
2.653000,-0.000096
2.654000,-0.000096
2.655000,-0.000413
2.656000,-0.000096
2.657000,-0.000096
2.658000,-0.000096
2.659000,-0.000096
2.660000,0.000220
2.661000,-0.000096
2.662000,-0.000096
2.663000,0.000536
2.664000,0.000536
2.665000,-0.000096
2.666000,0.000220
2.667000,-0.000096
2.668000,-0.000096
2.669000,0.000220
2.670000,-0.000096
2.671000,-0.000096
2.672000,0.000220
2.673000,-0.000096
2.674000,0.000220
2.675000,0.000220
2.676000,0.000220
2.677000,0.000220
2.678000,-0.000096
2.679000,-0.000096
2.680000,-0.000413
2.681000,-0.000096
2.682000,0.000536
2.683000,0.000220
2.684000,-0.000096
2.685000,-0.000096
2.686000,0.000220
2.687000,0.000220
2.688000,-0.000096
2.689000,0.000220
2.690000,0.000536
2.691000,0.000220
2.692000,-0.000096
2.693000,-0.000096
2.694000,-0.000096
2.695000,0.000536
2.696000,-0.000096
2.697000,0.000536
2.698000,0.000536
2.699000,-0.000096
2.700000,0.000220
2.701000,0.000220
2.702000,0.000220
2.703000,0.000220
2.704000,-0.000096
2.705000,-0.000096
2.706000,-0.000096
2.707000,0.000536
2.708000,0.000220
2.709000,-0.000729
2.710000,0.000220
2.711000,0.000220
2.712000,0.000536
2.713000,0.000220
2.714000,0.000220
2.715000,0.000220
2.716000,-0.000096
2.717000,-0.000096
2.718000,-0.000096
2.719000,-0.000096
2.720000,0.000220
2.721000,-0.000096
2.722000,0.000220
2.723000,-0.000096
2.724000,-0.000096
2.725000,-0.000413
2.726000,-0.000096
2.727000,0.000220
2.728000,0.000536
2.729000,0.000220
2.730000,0.000220
2.731000,0.000220
2.732000,0.000536
2.733000,-0.000096
2.734000,-0.000096
2.735000,-0.000096
2.736000,0.000536
2.737000,0.000220
2.738000,0.000220
2.739000,-0.000096
2.740000,0.000220
2.741000,-0.000096
2.742000,0.000220
2.743000,0.000220
2.744000,0.000220
2.745000,0.000220
2.746000,0.000220
2.747000,0.000536
2.748000,0.000220
2.749000,-0.000096
2.750000,0.000536
2.751000,0.000220
2.752000,0.000220
2.753000,0.000220
2.754000,0.000220
2.755000,-0.000096
2.756000,-0.000096
2.757000,0.000220
2.758000,0.000220
2.759000,0.000536
2.760000,0.000220
2.761000,0.000536
2.762000,-0.000096
2.763000,-0.000096
2.764000,0.000220
2.765000,-0.000096
2.766000,-0.000096
2.767000,0.000220
2.768000,-0.000096
2.769000,-0.000096
2.770000,0.000220
2.771000,0.000220
2.772000,-0.000096
2.773000,0.000220
2.774000,0.000220
2.775000,-0.000096
2.776000,0.000220
2.777000,0.000220
2.778000,-0.000096
2.779000,0.000220
2.780000,0.000220
2.781000,0.000220
2.782000,-0.000096
2.783000,-0.000096
2.784000,0.000220
2.785000,0.000220
2.786000,0.000220
2.787000,-0.000413
2.788000,0.000220
2.789000,-0.000413
2.790000,-0.000096
2.791000,0.000220
2.792000,-0.000096
2.793000,-0.000096
2.794000,0.000220
2.795000,-0.000096
2.796000,-0.000413
2.797000,-0.000096
2.798000,0.000220
2.799000,0.000220
2.800000,-0.000096
2.801000,0.000220
2.802000,-0.000413
2.803000,-0.000096
2.804000,0.000220
2.805000,0.000536
2.806000,-0.000096
2.807000,0.000220
2.808000,0.000536
2.809000,0.000536
2.810000,-0.000413
2.811000,0.000220
2.812000,0.000220
2.813000,-0.000413
2.814000,-0.000096
2.815000,-0.000096
2.816000,0.000536
2.817000,-0.000096
2.818000,0.000220
2.819000,-0.000096
2.820000,0.000220
2.821000,-0.000096
2.822000,0.000220
2.823000,-0.000096
2.824000,0.000220
2.825000,-0.000096
2.826000,0.000536
2.827000,-0.000096
2.828000,0.000220
2.829000,0.000220
2.830000,0.000220
2.831000,0.000536
2.832000,-0.000096
2.833000,-0.000096
2.834000,0.000220
2.835000,0.000220
2.836000,0.000536
2.837000,-0.000096
2.838000,0.000536
2.839000,-0.000096
2.840000,-0.000096
2.841000,-0.000413
2.842000,-0.000096
2.843000,0.000220
2.844000,0.000220
2.845000,0.000220
2.846000,0.000220
2.847000,0.000220
2.848000,0.000853
2.849000,0.000220
2.850000,-0.000096
2.851000,-0.000413
2.852000,0.000220
2.853000,-0.000096
2.854000,-0.000096
2.855000,-0.000096
2.856000,0.000220
2.857000,-0.000096
2.858000,0.000536
2.859000,0.000536
2.860000,-0.000413
2.861000,-0.000096
2.862000,0.000220
2.863000,-0.000096
2.864000,-0.000096
2.865000,-0.000096
2.866000,0.000536
2.867000,0.000536
2.868000,0.000220
2.869000,0.000536
2.870000,-0.000096
2.871000,0.000220
2.872000,-0.000096
2.873000,-0.000096
2.874000,-0.000096
2.875000,-0.000096
2.876000,-0.000096
2.877000,0.000536
2.878000,0.000536
2.879000,-0.000096
2.880000,0.000220
2.881000,-0.000096
2.882000,0.000220
2.883000,-0.000096
2.884000,0.000536
2.885000,-0.000096
2.886000,0.000536
2.887000,-0.000096
2.888000,0.000220
2.889000,0.000220
2.890000,-0.000096
2.891000,-0.000096
2.892000,-0.000096
2.893000,-0.000096
2.894000,0.000536
2.895000,0.000220
2.896000,0.000220
2.897000,-0.000413
2.898000,0.000536
2.899000,0.000220
2.900000,-0.000096
2.901000,-0.000096
2.902000,0.000536
2.903000,0.000220
2.904000,-0.000096
2.905000,0.000220
2.906000,0.000536
2.907000,-0.000096
2.908000,-0.000096
2.909000,0.000220
2.910000,-0.000096
2.911000,-0.000096
2.912000,-0.000096
2.913000,0.000220
2.914000,-0.000096
2.915000,-0.000096
2.916000,-0.000413
2.917000,-0.000096
2.918000,-0.000096
2.919000,0.000220
2.920000,0.000220
2.921000,0.000220
2.922000,0.000536
2.923000,-0.000096
2.924000,0.000536
2.925000,0.000220
2.926000,0.000220
2.927000,-0.000096
2.928000,-0.000413
2.929000,0.000220
2.930000,0.000220
2.931000,-0.000096
2.932000,-0.000096
2.933000,0.000536
2.934000,-0.000096
2.935000,-0.000096
2.936000,-0.000096
2.937000,-0.000096
2.938000,-0.000096
2.939000,-0.000413
2.940000,-0.000096
2.941000,0.000220
2.942000,0.000220
2.943000,0.000536
2.944000,0.000220
2.945000,0.000220
2.946000,0.000220
2.947000,0.000220
2.948000,0.000536
2.949000,-0.000096
2.950000,-0.000096
2.951000,-0.000096
2.952000,0.000220
2.953000,-0.000413
2.954000,0.000220
2.955000,0.000536
2.956000,0.000536
2.957000,-0.000096
2.958000,0.000220
2.959000,-0.000096
2.960000,-0.000096
2.961000,-0.000096
2.962000,0.000220
2.963000,0.000220
2.964000,0.000220
2.965000,0.000536
2.966000,0.000220
2.967000,-0.000096
2.968000,0.000220
2.969000,-0.000096
2.970000,-0.000096
2.971000,-0.000096
2.972000,0.000536
2.973000,-0.000096
2.974000,0.000536
2.975000,0.000220
2.976000,0.000220
2.977000,0.000536
2.978000,0.000220
2.979000,-0.000096
2.980000,0.000220
2.981000,-0.000096
2.982000,0.000220
2.983000,-0.000096
2.984000,0.000220
2.985000,0.000536
2.986000,0.000220
2.987000,0.000220
2.988000,0.000220
2.989000,-0.000096
2.990000,0.000220
2.991000,0.000220
2.992000,0.000220
2.993000,0.000220
2.994000,-0.000096
2.995000,-0.000096
2.996000,0.000220
2.997000,0.000220
2.998000,-0.000413
2.999000,0.000220
3.000000,-0.000096
3.001000,0.000220
3.002000,0.000220
3.003000,0.000220
3.004000,0.000220
3.005000,0.000220
3.006000,-0.000096
3.007000,0.000220
3.008000,-0.000096
3.009000,-0.000096
3.010000,0.000220
3.011000,-0.000096
3.012000,-0.000096
3.013000,0.000220
3.014000,0.000536
3.015000,0.000220
3.016000,-0.000096
3.017000,0.000220
3.018000,-0.000096
3.019000,0.000220
3.020000,-0.000096
3.021000,-0.000096
3.022000,-0.000096
3.023000,0.000220
3.024000,-0.000096
3.025000,0.000220
3.026000,0.000220
3.027000,-0.000096
3.028000,-0.000096
3.029000,0.000220
3.030000,0.000220
3.031000,-0.000096
3.032000,0.000220
3.033000,0.000220
3.034000,0.000220
3.035000,-0.000096
3.036000,0.000220
3.037000,-0.000096
3.038000,0.000220
3.039000,0.000220
3.040000,-0.000096
3.041000,-0.000096
3.042000,-0.000096
3.043000,0.000536
3.044000,0.000220
3.045000,-0.000096
3.046000,-0.000096
3.047000,-0.000096
3.048000,-0.000096
3.049000,0.000220
3.050000,-0.000096
3.051000,0.000853
3.052000,-0.000096
3.053000,0.000536
3.054000,-0.000096
3.055000,0.000536
3.056000,-0.000413
3.057000,0.000220
3.058000,0.000220
3.059000,0.000220
3.060000,-0.000413
3.061000,0.000220
3.062000,0.000536
3.063000,0.000220
3.064000,-0.000096
3.065000,0.000220
3.066000,0.000220
3.067000,0.000220
3.068000,0.000220
3.069000,0.000536
3.070000,0.000536
3.071000,-0.000096
3.072000,0.000853
3.073000,-0.000096
3.074000,0.000536
3.075000,0.000220
3.076000,-0.000096
3.077000,0.000220
3.078000,-0.000096
3.079000,0.000220
3.080000,0.000220
3.081000,0.000536
3.082000,0.000220
3.083000,-0.000096
3.084000,0.000536
3.085000,0.000220
3.086000,0.000536
3.087000,0.000220
3.088000,0.000536
3.089000,-0.000096
3.090000,-0.000096
3.091000,0.000220
3.092000,0.000220
3.093000,-0.000096
3.094000,0.000536
3.095000,-0.000096
3.096000,-0.000096
3.097000,-0.000096
3.098000,-0.000096
3.099000,0.000220
3.100000,0.000220
3.101000,0.000220
3.102000,0.000220
3.103000,-0.000096
3.104000,-0.000096
3.105000,0.000220
3.106000,0.000220
3.107000,-0.000096
3.108000,-0.000096
3.109000,0.000220
3.110000,-0.000096
3.111000,-0.000096
3.112000,0.000220
3.113000,-0.000096
3.114000,0.000220
3.115000,0.000220
3.116000,-0.000096
3.117000,0.000220
3.118000,0.000220
3.119000,-0.000413
3.120000,-0.000096
3.121000,0.000220
3.122000,-0.000096
3.123000,-0.000096
3.124000,0.000220
3.125000,-0.000096
3.126000,-0.000096
3.127000,-0.000413
3.128000,-0.000096
3.129000,-0.000096
3.130000,0.000220
3.131000,0.000220
3.132000,-0.000096
3.133000,-0.000096
3.134000,0.000536
3.135000,0.000220
3.136000,-0.000096
3.137000,0.000536
3.138000,0.000220
3.139000,-0.000096
3.140000,0.000220
3.141000,0.000220
3.142000,-0.000096
3.143000,0.000536
3.144000,-0.000096
3.145000,0.000536
3.146000,-0.000096
3.147000,-0.000096
3.148000,0.000220
3.149000,-0.000096
3.150000,-0.000096
3.151000,-0.000096
3.152000,0.000220
3.153000,-0.000096
3.154000,-0.000096
3.155000,-0.000096
3.156000,-0.000096
3.157000,0.000536
3.158000,0.000220
3.159000,-0.000096
3.160000,-0.000096
3.161000,0.000220
3.162000,-0.000096
3.163000,-0.000096
3.164000,0.000220
3.165000,0.000220
3.166000,0.000220
3.167000,-0.000096
3.168000,-0.000096
3.169000,0.000536
3.170000,0.000536
3.171000,0.000220
3.172000,0.000220
3.173000,-0.000413
3.174000,0.000220
3.175000,0.000220
3.176000,-0.000096
3.177000,-0.000413
3.178000,-0.000096
3.179000,-0.000413
3.180000,-0.000096
3.181000,0.000536
3.182000,0.000220
3.183000,0.000220
3.184000,0.000220
3.185000,-0.000096
3.186000,0.000536
3.187000,-0.000096
3.188000,-0.000413
3.189000,-0.000096
3.190000,-0.000413
3.191000,0.000220
3.192000,0.000220
3.193000,-0.000096
3.194000,0.000220
3.195000,-0.000096
3.196000,0.000220
3.197000,0.000220
3.198000,0.000220
3.199000,-0.000096
3.200000,-0.000096
3.201000,-0.000096
3.202000,-0.000096
3.203000,0.000536
3.204000,0.000220
3.205000,-0.000096
3.206000,0.000220
3.207000,0.000220
3.208000,-0.000096
3.209000,-0.000096
3.210000,-0.000096
3.211000,-0.000096
3.212000,0.000220
3.213000,0.000220
3.214000,-0.000096
3.215000,-0.000096
3.216000,-0.000096
3.217000,-0.000096
3.218000,0.000220
3.219000,-0.000096
3.220000,-0.000096
3.221000,0.000220
3.222000,-0.000096
3.223000,0.000220
3.224000,0.000536
3.225000,-0.000413
3.226000,0.000220
3.227000,-0.000096
3.228000,0.000220
3.229000,0.000220
3.230000,0.000536
3.231000,0.000220
3.232000,0.000536
3.233000,0.000220
3.234000,-0.000096
3.235000,-0.000413
3.236000,-0.000096
3.237000,0.000536
3.238000,-0.000096
3.239000,0.000220
3.240000,-0.000096
3.241000,-0.000096
3.242000,0.000536
3.243000,0.000220
3.244000,0.000536
3.245000,0.000220
3.246000,-0.000096
3.247000,0.000220
3.248000,0.000220
3.249000,-0.000096
3.250000,0.000220
3.251000,0.000220
3.252000,-0.000413
3.253000,0.000536
3.254000,0.000220
3.255000,-0.000096
3.256000,0.000220
3.257000,-0.000096
3.258000,-0.000096
3.259000,0.000220
3.260000,0.000536
3.261000,-0.000096
3.262000,0.000220
3.263000,0.000220
3.264000,-0.000096
3.265000,0.000220
3.266000,0.000220
3.267000,0.000220
3.268000,-0.000096
3.269000,0.000220
3.270000,0.000536
3.271000,-0.000413
3.272000,0.000220
3.273000,0.000220
3.274000,-0.000096
3.275000,-0.000096
3.276000,-0.000096
3.277000,0.000220
3.278000,-0.000096
3.279000,0.000220
3.280000,-0.000096
3.281000,0.000220
3.282000,0.000220
3.283000,0.000220
3.284000,0.000220
3.285000,-0.000096
3.286000,0.000536
3.287000,0.000220
3.288000,-0.000096
3.289000,0.000220
3.290000,0.000220
3.291000,0.000536
3.292000,-0.000096
3.293000,0.000220
3.294000,-0.000096
3.295000,-0.000413
3.296000,-0.000096
3.297000,-0.000096
3.298000,0.000536
3.299000,-0.000096
3.300000,-0.000096
3.301000,-0.000096
3.302000,0.000220
3.303000,-0.000096
3.304000,0.000220
3.305000,0.000220
3.306000,-0.000096
3.307000,0.000536
3.308000,0.000853
3.309000,-0.000096
3.310000,-0.000096
3.311000,-0.000096
3.312000,-0.000096
3.313000,0.000220
3.314000,-0.000096
3.315000,-0.000413
3.316000,0.000220
3.317000,-0.000096
3.318000,-0.000096
3.319000,0.000220
3.320000,-0.000096
3.321000,-0.000096
3.322000,0.000220
3.323000,-0.000096
3.324000,0.000220
3.325000,-0.000096
3.326000,0.000536
3.327000,0.000220
3.328000,-0.000096
3.329000,0.000536
3.330000,0.000220
3.331000,-0.000096
3.332000,-0.000096
3.333000,0.000220
3.334000,-0.000096
3.335000,0.000536
3.336000,-0.000096
3.337000,0.000220
3.338000,-0.000096
3.339000,0.000220
3.340000,0.000536
3.341000,-0.000413
3.342000,-0.000096
3.343000,-0.000096
3.344000,-0.000096
3.345000,-0.000096
3.346000,0.000536
3.347000,0.000536
3.348000,0.000220
3.349000,0.000220
3.350000,-0.000096
3.351000,0.000220
3.352000,0.000220
3.353000,0.000220
3.354000,0.000536
3.355000,-0.000096
3.356000,0.000220
3.357000,0.000220
3.358000,0.000536
3.359000,-0.000096
3.360000,0.000220
3.361000,-0.000096
3.362000,0.000220
3.363000,0.000220
3.364000,0.000220
3.365000,-0.000096
3.366000,0.000220
3.367000,-0.000096
3.368000,0.000536
3.369000,-0.000096
3.370000,-0.000096
3.371000,-0.000096
3.372000,0.000220
3.373000,0.000220
3.374000,-0.000096
3.375000,0.000220
3.376000,-0.000096
3.377000,-0.000096
3.378000,0.000220
3.379000,-0.000096
3.380000,-0.000096
3.381000,-0.000096
3.382000,-0.000096
3.383000,0.000220
3.384000,0.000536
3.385000,0.000220
3.386000,0.000536
3.387000,-0.000096
3.388000,-0.000096
3.389000,-0.000096
3.390000,0.000220
3.391000,-0.000096
3.392000,0.000220
3.393000,-0.000096
3.394000,0.000220
3.395000,-0.000096
3.396000,0.000220
3.397000,0.000536
3.398000,-0.000096
3.399000,0.000220
3.400000,-0.000096
3.401000,-0.000096
3.402000,0.000220
3.403000,0.000220
3.404000,-0.000413
3.405000,-0.000096
3.406000,-0.000096
3.407000,-0.000413
3.408000,0.000220
3.409000,-0.000096
3.410000,0.000220
3.411000,0.000536
3.412000,-0.000096
3.413000,-0.000096
3.414000,0.000220
3.415000,0.000220
3.416000,-0.000096
3.417000,-0.000096
3.418000,0.000220
3.419000,0.000220
3.420000,-0.000096
3.421000,0.000220
3.422000,0.000220
3.423000,0.000536
3.424000,0.000536
3.425000,-0.000096
3.426000,0.000220
3.427000,0.000536
3.428000,0.000220
3.429000,-0.000096
3.430000,-0.000096
3.431000,0.000220
3.432000,-0.000096
3.433000,-0.000096
3.434000,-0.000096
3.435000,0.000220
3.436000,0.000536
3.437000,-0.000096
3.438000,0.000220
3.439000,0.000220
3.440000,-0.000096
3.441000,-0.000096
3.442000,0.000220
3.443000,0.000220
3.444000,0.000220
3.445000,0.000853
3.446000,0.000220
3.447000,0.000220
3.448000,-0.000096
3.449000,0.000536
3.450000,0.000536
3.451000,-0.000096
3.452000,-0.000096
3.453000,-0.000096
3.454000,0.000536
3.455000,0.000220
3.456000,0.000220
3.457000,0.000220
3.458000,-0.000096
3.459000,0.000536
3.460000,-0.000096
3.461000,-0.000096
3.462000,-0.000096
3.463000,0.000220
3.464000,-0.000096
3.465000,-0.000096
3.466000,0.000220
3.467000,0.000220
3.468000,0.000220
3.469000,-0.000096
3.470000,0.000220
3.471000,0.000220
3.472000,0.000220
3.473000,0.000220
3.474000,-0.000096
3.475000,0.000220
3.476000,-0.000096
3.477000,-0.000096
3.478000,0.000220
3.479000,-0.000096
3.480000,-0.000096
3.481000,0.000220
3.482000,0.000853
3.483000,-0.000096
3.484000,0.000220
3.485000,-0.000096
3.486000,0.000536
3.487000,0.000220
3.488000,0.000220
3.489000,-0.000096
3.490000,0.000536
3.491000,0.000220
3.492000,0.000220
3.493000,0.000220
3.494000,-0.000413
3.495000,0.000220
3.496000,0.000220
3.497000,-0.000096
3.498000,-0.000096
3.499000,-0.000096
3.500000,0.000220
3.501000,-0.000096
3.502000,0.000220
3.503000,-0.000096
3.504000,-0.000413
3.505000,0.000220
3.506000,0.000536
3.507000,-0.000096
3.508000,0.000536
3.509000,-0.000096
3.510000,-0.000096
3.511000,0.000220
3.512000,0.000220
3.513000,-0.000096
3.514000,0.000220
3.515000,0.000220
3.516000,0.000220
3.517000,-0.000096
3.518000,0.000536
3.519000,-0.000096
3.520000,-0.000096
3.521000,0.000220
3.522000,0.000220
3.523000,-0.000096
3.524000,-0.000096
3.525000,-0.000413
3.526000,0.000220
3.527000,-0.000096
3.528000,-0.000096
3.529000,-0.000096
3.530000,0.000220
3.531000,0.000220
3.532000,-0.000096
3.533000,0.000220
3.534000,0.000536
3.535000,-0.000096
3.536000,0.000220
3.537000,-0.000096
3.538000,0.000536
3.539000,-0.000096
3.540000,-0.000096
3.541000,0.000853
3.542000,0.000536
3.543000,0.000853
3.544000,-0.000096
3.545000,0.000536
3.546000,-0.000413
3.547000,-0.000096
3.548000,0.000536
3.549000,0.000536
3.550000,0.000536
3.551000,-0.000096
3.552000,0.000536
3.553000,0.000220
3.554000,-0.000096
3.555000,0.000220
3.556000,-0.000096
3.557000,-0.000096
3.558000,-0.000096
3.559000,0.000220
3.560000,0.000220
3.561000,-0.000096
3.562000,0.000536
3.563000,-0.000096
3.564000,0.000220
3.565000,-0.000096
3.566000,0.000536
3.567000,-0.000096
3.568000,-0.000096
3.569000,0.000536
3.570000,0.000220
3.571000,0.000220
3.572000,0.000220
3.573000,-0.000096
3.574000,0.000220
3.575000,0.000220
3.576000,-0.000096
3.577000,0.000220
3.578000,-0.000096
3.579000,-0.000096
3.580000,0.000853
3.581000,-0.000413
3.582000,0.000536
3.583000,0.000220
3.584000,0.000220
3.585000,0.000220
3.586000,-0.000096
3.587000,0.000220
3.588000,-0.000096
3.589000,-0.000096
3.590000,0.000536
3.591000,0.000220
3.592000,0.000536
3.593000,-0.000413
3.594000,0.000536
3.595000,-0.000096
3.596000,0.000536
3.597000,0.000536
3.598000,0.000220
3.599000,-0.000096
3.600000,-0.000096
3.601000,-0.000096
3.602000,-0.000096
3.603000,-0.000096
3.604000,0.000220
3.605000,0.000220
3.606000,0.000220
3.607000,0.000220
3.608000,0.000536
3.609000,-0.000096
3.610000,-0.000096
3.611000,-0.000096
3.612000,0.000536
3.613000,-0.000096
3.614000,0.000220
3.615000,0.000536
3.616000,-0.000413
3.617000,0.000536
3.618000,-0.000096
3.619000,0.000536
3.620000,0.000220
3.621000,0.000220
3.622000,0.000536
3.623000,0.000220
3.624000,0.000220
3.625000,-0.000096
3.626000,-0.000096
3.627000,0.000220
3.628000,-0.000096
3.629000,-0.000096
3.630000,0.000536
3.631000,-0.000096
3.632000,-0.000096
3.633000,0.000220
3.634000,-0.000096
3.635000,-0.000096
3.636000,-0.000096
3.637000,0.000220
3.638000,0.000536
3.639000,0.000220
3.640000,-0.000096
3.641000,-0.000096
3.642000,-0.000096
3.643000,0.000220
3.644000,-0.000096
3.645000,0.000220
3.646000,0.000220
3.647000,-0.000096
3.648000,0.000536
3.649000,0.000220
3.650000,-0.000096
3.651000,0.000220
3.652000,0.000220
3.653000,-0.000096
3.654000,0.000536
3.655000,-0.000096
3.656000,-0.000096
3.657000,0.000536
3.658000,0.000220
3.659000,-0.000096
3.660000,-0.000096
3.661000,-0.000096
3.662000,-0.000413
3.663000,0.000220
3.664000,0.000536
3.665000,0.000220
3.666000,-0.000096
3.667000,0.000220
3.668000,0.000220
3.669000,0.000536
3.670000,-0.000096
3.671000,-0.000096
3.672000,-0.000096
3.673000,0.000536
3.674000,0.000220
3.675000,-0.000096
3.676000,-0.000413
3.677000,-0.000096
3.678000,0.000220
3.679000,-0.000096
3.680000,-0.000096
3.681000,-0.000096
3.682000,-0.000096
3.683000,-0.000096
3.684000,0.000220
3.685000,0.000536
3.686000,0.000536
3.687000,-0.000096
3.688000,0.000536
3.689000,-0.000096
3.690000,-0.000096
3.691000,-0.000096
3.692000,0.000220
3.693000,0.000220
3.694000,0.000220
3.695000,0.000536
3.696000,-0.000096
3.697000,0.000220
3.698000,-0.000096
3.699000,0.000220
3.700000,-0.000413
3.701000,-0.000096
3.702000,0.000536
3.703000,-0.000096
3.704000,0.000220
3.705000,-0.000096
3.706000,0.000220
3.707000,-0.000096
3.708000,-0.000096
3.709000,-0.000096
3.710000,-0.000096
3.711000,0.000220
3.712000,-0.000096
3.713000,-0.000096
3.714000,0.000220
3.715000,0.000220
3.716000,0.000220
3.717000,-0.000096
3.718000,0.000220
3.719000,-0.000096
3.720000,0.000220
3.721000,0.000220
3.722000,0.000536
3.723000,0.000220
3.724000,0.000536
3.725000,-0.000096
3.726000,-0.000096
3.727000,-0.000096
3.728000,0.000220
3.729000,0.000220
3.730000,-0.000096
3.731000,0.000220
3.732000,0.000220
3.733000,-0.000096
3.734000,0.000220
3.735000,0.000220
3.736000,0.000220
3.737000,-0.000096
3.738000,-0.000096
3.739000,0.000536
3.740000,-0.000096
3.741000,0.000220
3.742000,-0.000096
3.743000,-0.000096
3.744000,0.000220
3.745000,-0.000096
3.746000,0.000220
3.747000,-0.000096
3.748000,-0.000096
3.749000,0.000220
3.750000,0.000220
3.751000,0.000536
3.752000,0.000853
3.753000,0.000220
3.754000,0.000220
3.755000,-0.000096
3.756000,-0.000096
3.757000,-0.000096
3.758000,-0.000096
3.759000,0.000220
3.760000,0.000220
3.761000,-0.000096
3.762000,0.000536
3.763000,-0.000096
3.764000,0.000220
3.765000,0.000220
3.766000,0.000220
3.767000,-0.000096
3.768000,-0.000096
3.769000,-0.000096
3.770000,0.000536
3.771000,0.000220
3.772000,0.000536
3.773000,0.000220
3.774000,-0.000413
3.775000,-0.000096
3.776000,-0.000096
3.777000,-0.000096
3.778000,0.000220
3.779000,0.000220
3.780000,0.000220
3.781000,0.000220
3.782000,-0.000096
3.783000,0.000220
3.784000,-0.000096
3.785000,-0.000096
3.786000,0.000220
3.787000,-0.000413
3.788000,-0.000096
3.789000,-0.000096
3.790000,0.000220
3.791000,0.000536
3.792000,0.000536
3.793000,-0.000096
3.794000,-0.000096
3.795000,-0.000096
3.796000,-0.000096
3.797000,-0.000096
3.798000,-0.000096
3.799000,0.000220
3.800000,0.000220
3.801000,-0.000096
3.802000,0.000220
3.803000,-0.000096
3.804000,0.000220
3.805000,0.000536
3.806000,0.000220
3.807000,0.000220
3.808000,-0.000096
3.809000,-0.000096
3.810000,0.000220
3.811000,-0.000096
3.812000,-0.000096
3.813000,0.000220
3.814000,0.000220
3.815000,0.000220
3.816000,-0.000096
3.817000,-0.000096
3.818000,0.000220
3.819000,-0.000096
3.820000,-0.000096
3.821000,0.000536
3.822000,0.000220
3.823000,0.000220
3.824000,-0.000096
3.825000,-0.000096
3.826000,-0.000096
3.827000,0.000536
3.828000,0.000536
3.829000,0.000220
3.830000,0.000220
3.831000,0.000536
3.832000,0.000220
3.833000,0.000536
3.834000,0.000220
3.835000,-0.000096
3.836000,-0.000096
3.837000,0.000536
3.838000,-0.000096
3.839000,0.000220
3.840000,-0.000096
3.841000,0.000220
3.842000,-0.000096
3.843000,0.000536
3.844000,0.000220
3.845000,-0.000096
3.846000,0.000536
3.847000,0.000220
3.848000,-0.000096
3.849000,-0.000096
3.850000,-0.000096
3.851000,0.000220
3.852000,-0.000096
3.853000,0.000536
3.854000,-0.000096
3.855000,-0.000096
3.856000,-0.000413
3.857000,-0.000096
3.858000,-0.000096
3.859000,0.000220
3.860000,-0.000096
3.861000,0.000220
3.862000,0.000220
3.863000,-0.000096
3.864000,-0.000096
3.865000,-0.000096
3.866000,0.000220
3.867000,0.000220
3.868000,-0.000096
3.869000,0.000853
3.870000,0.000220
3.871000,-0.000096
3.872000,0.000220
3.873000,0.000220
3.874000,0.000220
3.875000,-0.000096
3.876000,-0.000413
3.877000,-0.000096
3.878000,-0.000096
3.879000,0.000220
3.880000,0.000220
3.881000,0.000220
3.882000,-0.000096
3.883000,-0.000096
3.884000,-0.000096
3.885000,-0.000096
3.886000,-0.000096
3.887000,-0.000096
3.888000,-0.000096
3.889000,0.000220
3.890000,0.000220
3.891000,-0.000096
3.892000,0.000220
3.893000,-0.000413
3.894000,-0.000096
3.895000,0.000220
3.896000,-0.000413
3.897000,0.000220
3.898000,-0.000096
3.899000,0.000220
3.900000,0.000220
3.901000,-0.000096
3.902000,-0.000096
3.903000,0.000220
3.904000,-0.000096
3.905000,-0.000096
3.906000,0.000220
3.907000,-0.000096
3.908000,0.000220
3.909000,0.000220
3.910000,-0.000096
3.911000,-0.000096
3.912000,-0.000096
3.913000,0.000220
3.914000,0.000536
3.915000,-0.000413
3.916000,0.000536
3.917000,0.000220
3.918000,-0.000096
3.919000,-0.000096
3.920000,0.000536
3.921000,0.000536
3.922000,0.000220
3.923000,-0.000096
3.924000,0.000220
3.925000,0.000220
3.926000,0.000220
3.927000,-0.000096
3.928000,0.000536
3.929000,0.000220
3.930000,0.000220
3.931000,0.000220
3.932000,-0.000096
3.933000,0.000220
3.934000,-0.000096
3.935000,0.000220
3.936000,0.000536
3.937000,0.000220
3.938000,-0.000413
3.939000,0.000536
3.940000,0.000220
3.941000,-0.000096
3.942000,0.000220
3.943000,-0.000096
3.944000,0.000220
3.945000,-0.000096
3.946000,0.000220
3.947000,0.000220
3.948000,-0.000096
3.949000,-0.000096
3.950000,0.000220
3.951000,0.000220
3.952000,-0.000096
3.953000,-0.000413
3.954000,-0.000096
3.955000,0.000536
3.956000,-0.000096
3.957000,-0.000096
3.958000,0.000220
3.959000,0.000220
3.960000,-0.000096
3.961000,-0.000096
3.962000,-0.000096
3.963000,0.000220
3.964000,-0.000096
3.965000,0.000536
3.966000,0.000220
3.967000,-0.000096
3.968000,-0.000096
3.969000,0.000853
3.970000,0.000536
3.971000,-0.000096
3.972000,0.000536
3.973000,-0.000096
3.974000,-0.000096
3.975000,-0.000096
3.976000,0.000536
3.977000,-0.000096
3.978000,-0.000096
3.979000,0.000536
3.980000,0.000220
3.981000,-0.000096
3.982000,-0.000096
3.983000,0.000536
3.984000,-0.000096
3.985000,-0.000096
3.986000,0.000220
3.987000,-0.000413
3.988000,0.000536
3.989000,-0.000096
3.990000,0.000220
3.991000,0.000220
3.992000,0.000220
3.993000,0.000220
3.994000,-0.000096
3.995000,0.000220
3.996000,-0.000096
3.997000,0.000536
3.998000,-0.000096
3.999000,-0.000096
4.000000,-0.000096
4.001000,-0.000096
4.002000,0.000220
4.003000,-0.000096
4.004000,0.000220
4.005000,-0.000096
4.006000,0.000536
4.007000,0.000220
4.008000,0.000536
4.009000,-0.000096
4.010000,0.000220
4.011000,0.000220
4.012000,0.000220
4.013000,0.000220
4.014000,-0.000096
4.015000,-0.000096
4.016000,0.000220
4.017000,0.000220
4.018000,-0.000413
4.019000,0.000853
4.020000,0.000220
4.021000,0.000220
4.022000,0.000536
4.023000,0.000220
4.024000,-0.000096
4.025000,-0.000096
4.026000,-0.000096
4.027000,-0.000096
4.028000,0.000220
4.029000,0.000536
4.030000,0.000220
4.031000,-0.000096
4.032000,-0.000096
4.033000,-0.000096
4.034000,-0.000096
4.035000,-0.000096
4.036000,0.000220
4.037000,-0.000096
4.038000,-0.000096
4.039000,0.000220
4.040000,-0.000413
4.041000,0.000220
4.042000,-0.000096
4.043000,0.000220
4.044000,0.000220
4.045000,0.000220
4.046000,0.000220
4.047000,0.000536
4.048000,0.000220
4.049000,0.000220
4.050000,-0.000096
4.051000,-0.000413
4.052000,-0.000096
4.053000,0.000536
4.054000,0.000220
4.055000,0.000220
4.056000,-0.000096
4.057000,0.000220
4.058000,0.000220
4.059000,-0.000413
4.060000,-0.000096
4.061000,-0.000096
4.062000,0.000220
4.063000,0.000220
4.064000,0.000220
4.065000,0.000536
4.066000,0.000220
4.067000,0.000220
4.068000,0.000220
4.069000,0.000220
4.070000,-0.000096
4.071000,-0.000096
4.072000,0.000220
4.073000,0.000220
4.074000,-0.000096
4.075000,-0.000096
4.076000,0.000220
4.077000,-0.000096
4.078000,-0.000096
4.079000,-0.000096
4.080000,-0.000096
4.081000,-0.000096
4.082000,0.000220
4.083000,0.000220
4.084000,-0.000096
4.085000,0.000220
4.086000,0.000536
4.087000,-0.000096
4.088000,-0.000096
4.089000,0.000536
4.090000,-0.000096
4.091000,-0.000096
4.092000,0.000220
4.093000,-0.000096
4.094000,-0.000096
4.095000,0.000220
4.096000,-0.000096
4.097000,0.000220
4.098000,0.000220
4.099000,-0.000096
4.100000,-0.000096
4.101000,0.000220
4.102000,-0.000096
4.103000,0.000536
4.104000,0.000220
4.105000,-0.000096
4.106000,0.000220
4.107000,0.000220
4.108000,-0.000096
4.109000,-0.000096
4.110000,0.000536
4.111000,-0.000096
4.112000,-0.000096
4.113000,0.000536
4.114000,-0.000096
4.115000,0.000220
4.116000,-0.000096
4.117000,0.000220
4.118000,-0.000413
4.119000,-0.000096
4.120000,-0.000096
4.121000,-0.000096
4.122000,0.000536
4.123000,0.000220
4.124000,-0.000413
4.125000,-0.000096
4.126000,0.000220
4.127000,0.000220
4.128000,0.000220
4.129000,0.000220
4.130000,-0.000413
4.131000,0.000536
4.132000,-0.000096
4.133000,0.000220
4.134000,-0.000096
4.135000,-0.000096
4.136000,-0.000413
4.137000,0.000220
4.138000,0.000220
4.139000,0.000220
4.140000,0.000220
4.141000,0.000220
4.142000,-0.000096
4.143000,-0.000096
4.144000,-0.000096
4.145000,0.000220
4.146000,0.000220
4.147000,-0.000413
4.148000,-0.000096
4.149000,0.000536
4.150000,-0.000096
4.151000,0.000853
4.152000,0.000220
4.153000,-0.000096
4.154000,-0.000096
4.155000,-0.000096
4.156000,-0.000096
4.157000,-0.000413
4.158000,0.000220
4.159000,-0.000096
4.160000,0.000220
4.161000,0.000220
4.162000,0.000220
4.163000,-0.000096
4.164000,-0.000096
4.165000,0.000220
4.166000,-0.000413
4.167000,0.000220
4.168000,0.000536
4.169000,0.000536
4.170000,0.000536
4.171000,-0.000096
4.172000,0.000220
4.173000,0.000220
4.174000,0.000220
4.175000,0.000536
4.176000,0.000220
4.177000,0.000220
4.178000,0.000536
4.179000,-0.000413
4.180000,0.000536
4.181000,-0.000096
4.182000,-0.000096
4.183000,-0.000096
4.184000,0.000220
4.185000,0.000536
4.186000,-0.000096
4.187000,0.000536
4.188000,0.000220
4.189000,-0.000096
4.190000,-0.000096
4.191000,0.000220
4.192000,0.000536
4.193000,-0.000096
4.194000,0.000220
4.195000,0.000220
4.196000,-0.000096
4.197000,-0.000096
4.198000,0.000536
4.199000,-0.000096
4.200000,0.000536
4.201000,-0.000096
4.202000,-0.000096
4.203000,-0.000096
4.204000,-0.000096
4.205000,0.000536
4.206000,0.000220
4.207000,0.000220
4.208000,0.000220
4.209000,0.000220
4.210000,-0.000096
4.211000,-0.000096
4.212000,0.000220
4.213000,0.000220
4.214000,0.000220
4.215000,0.000220
4.216000,0.000220
4.217000,0.000536
4.218000,0.000536
4.219000,0.000220
4.220000,0.000536
4.221000,0.000220
4.222000,-0.000096
4.223000,0.000536
4.224000,0.000220
4.225000,0.000220
4.226000,-0.000096
4.227000,0.000220
4.228000,0.000536
4.229000,0.000220
4.230000,-0.000096
4.231000,-0.000096
4.232000,0.000536
4.233000,-0.000096
4.234000,-0.000096
4.235000,0.000220
4.236000,-0.000096
4.237000,-0.000096
4.238000,0.000220
4.239000,0.000536
4.240000,0.000220
4.241000,-0.000096
4.242000,0.000220
4.243000,-0.000096
4.244000,0.000220
4.245000,0.000220
4.246000,0.000220
4.247000,0.000220
4.248000,0.000536
4.249000,0.000536
4.250000,-0.000413
4.251000,-0.000096
4.252000,-0.000096
4.253000,0.000220
4.254000,-0.000413
4.255000,-0.000096
4.256000,0.000536
4.257000,-0.000096
4.258000,0.000220
4.259000,0.000220
4.260000,0.000220
4.261000,-0.000096
4.262000,-0.000096
4.263000,0.000536
4.264000,0.000536
4.265000,0.000536
4.266000,0.000220
4.267000,0.000220
4.268000,0.000220
4.269000,-0.000096
4.270000,0.000220
4.271000,0.000220
4.272000,-0.000413
4.273000,-0.000096
4.274000,-0.000413
4.275000,-0.000096
4.276000,0.000220
4.277000,0.000220
4.278000,-0.000096
4.279000,0.000220
4.280000,0.000220
4.281000,-0.000096
4.282000,0.000220
4.283000,-0.000413
4.284000,0.000220
4.285000,0.000220
4.286000,0.000220
4.287000,-0.000413
4.288000,0.000220
4.289000,0.000220
4.290000,0.000536
4.291000,-0.000096
4.292000,0.000536
4.293000,-0.000096
4.294000,0.000220
4.295000,0.000536
4.296000,-0.000096
4.297000,-0.000096
4.298000,0.000220
4.299000,-0.000096
4.300000,0.000220
4.301000,0.000536
4.302000,0.000220
4.303000,0.000220
4.304000,0.000536
4.305000,0.000220
4.306000,-0.000096
4.307000,-0.000096
4.308000,0.000536
4.309000,-0.000096
4.310000,-0.000096
4.311000,-0.000096
4.312000,-0.000096
4.313000,0.000220
4.314000,0.000220
4.315000,-0.000096
4.316000,0.000220
4.317000,0.000536
4.318000,0.000220
4.319000,0.000220
4.320000,0.000536
4.321000,-0.000096
4.322000,0.000220
4.323000,-0.000096
4.324000,0.000536
4.325000,0.000853
4.326000,0.000536
4.327000,-0.000096
4.328000,0.000536
4.329000,0.000536
4.330000,0.000220
4.331000,-0.000096
4.332000,0.000220
4.333000,-0.000096
4.334000,0.000536
4.335000,-0.000096
4.336000,-0.000096
4.337000,0.000220
4.338000,-0.000096
4.339000,0.000220
4.340000,-0.000096
4.341000,0.000536
4.342000,0.000220
4.343000,-0.000096
4.344000,-0.000096
4.345000,0.000220
4.346000,-0.000096
4.347000,-0.000096
4.348000,0.000220
4.349000,0.000220
4.350000,0.000220
4.351000,-0.000096
4.352000,-0.000413
4.353000,0.000536
4.354000,0.000220
4.355000,0.000220
4.356000,0.000536
4.357000,0.000220
4.358000,-0.000096
4.359000,-0.000096
4.360000,-0.000096
4.361000,-0.000096
4.362000,0.000220
4.363000,0.000536
4.364000,-0.000096
4.365000,-0.000096
4.366000,-0.000096
4.367000,-0.000096
4.368000,-0.000096
4.369000,0.000220
4.370000,-0.000413
4.371000,0.000536
4.372000,-0.000096
4.373000,0.000220
4.374000,0.000220
4.375000,-0.000096
4.376000,0.000220
4.377000,-0.000096
4.378000,-0.000096
4.379000,0.000220
4.380000,-0.000096
4.381000,-0.000096
4.382000,0.000220
4.383000,0.000220
4.384000,-0.000413
4.385000,0.000220
4.386000,0.000220
4.387000,-0.000096
4.388000,-0.000096
4.389000,-0.000096
4.390000,0.000220
4.391000,-0.000096
4.392000,-0.000096
4.393000,0.000220
4.394000,-0.000096
4.395000,0.000220
4.396000,0.000220
4.397000,0.000220
4.398000,0.000220
4.399000,0.000536
4.400000,0.000536
4.401000,-0.000096
4.402000,-0.000096
4.403000,0.000220
4.404000,0.000536
4.405000,-0.000096
4.406000,0.000220
4.407000,-0.000096
4.408000,-0.000096
4.409000,-0.000096
4.410000,0.000220
4.411000,0.000220
4.412000,0.000220
4.413000,-0.000096
4.414000,0.000220
4.415000,0.000220
4.416000,0.000536
4.417000,-0.000096
4.418000,0.000220
4.419000,0.000220
4.420000,-0.000096
4.421000,-0.000096
4.422000,0.000536
4.423000,0.000536
4.424000,0.000220
4.425000,0.000220
4.426000,-0.000096
4.427000,0.000220
4.428000,0.000220
4.429000,0.000220
4.430000,-0.000096
4.431000,-0.000096
4.432000,0.000536
4.433000,0.000220
4.434000,-0.000096
4.435000,0.000220
4.436000,0.000220
4.437000,0.000536
4.438000,-0.000096
4.439000,0.000220
4.440000,0.000220
4.441000,0.000220
4.442000,-0.000096
4.443000,0.000220
4.444000,0.000220
4.445000,0.000220
4.446000,0.000220
4.447000,0.000220
4.448000,0.000536
4.449000,-0.000096
4.450000,0.000220
4.451000,-0.000096
4.452000,0.000220
4.453000,0.000536
4.454000,-0.000096
4.455000,0.000220
4.456000,-0.000096
4.457000,-0.000096
4.458000,0.000220
4.459000,-0.000096
4.460000,-0.000096
4.461000,-0.000096
4.462000,0.000220
4.463000,-0.000096
4.464000,-0.000096
4.465000,0.000220
4.466000,0.000220
4.467000,0.000220
4.468000,0.000220
4.469000,0.000220
4.470000,0.000536
4.471000,0.000220
4.472000,0.000220
4.473000,0.000220
4.474000,0.000536
4.475000,0.000220
4.476000,-0.000096
4.477000,-0.000096
4.478000,-0.000096
4.479000,0.000220
4.480000,0.000220
4.481000,-0.000413
4.482000,-0.000096
4.483000,0.000220
4.484000,0.000220
4.485000,0.000536
4.486000,0.000220
4.487000,0.000220
4.488000,0.000220
4.489000,-0.000096
4.490000,0.000220
4.491000,0.000220
4.492000,-0.000096
4.493000,-0.000096
4.494000,0.000220
4.495000,-0.000096
4.496000,-0.000096
4.497000,0.000220
4.498000,0.000220
4.499000,0.000220
4.500000,0.000220
4.501000,-0.000096
4.502000,0.000220
4.503000,0.000220
4.504000,-0.000096
4.505000,-0.000096
4.506000,0.000220
4.507000,0.000220
4.508000,0.000220
4.509000,-0.000096
4.510000,0.000220
4.511000,-0.000096
4.512000,-0.000096
4.513000,0.000536
4.514000,0.000220
4.515000,0.000220
4.516000,0.000536
4.517000,0.000220
4.518000,0.000220
4.519000,-0.000096
4.520000,-0.000096
4.521000,-0.000096
4.522000,0.000220
4.523000,0.000220
4.524000,-0.000413
4.525000,-0.000096
4.526000,-0.000096
4.527000,-0.000413
4.528000,-0.000096
4.529000,0.000220
4.530000,-0.000096
4.531000,0.000220
4.532000,0.000220
4.533000,0.000536
4.534000,0.000536
4.535000,0.000220
4.536000,-0.000096
4.537000,-0.000096
4.538000,0.000220
4.539000,-0.000096
4.540000,-0.000096
4.541000,0.000220
4.542000,-0.000096
4.543000,-0.000096
4.544000,-0.000096
4.545000,-0.000096
4.546000,-0.000096
4.547000,-0.000096
4.548000,-0.000096
4.549000,-0.000096
4.550000,0.000220
4.551000,-0.000096
4.552000,-0.000096
4.553000,0.000220
4.554000,0.000220
4.555000,-0.000096
4.556000,-0.000096
4.557000,0.000220
4.558000,-0.000096
4.559000,0.000220
4.560000,-0.000096
4.561000,0.000220
4.562000,0.000536
4.563000,-0.000096
4.564000,0.000220
4.565000,-0.000729
4.566000,0.000220
4.567000,0.000220
4.568000,-0.000096
4.569000,0.000536
4.570000,0.000220
4.571000,-0.000096
4.572000,-0.000096
4.573000,0.000220
4.574000,-0.000096
4.575000,-0.000096
4.576000,0.000536
4.577000,-0.000096
4.578000,0.000220
4.579000,0.000536
4.580000,-0.000096
4.581000,0.000536
4.582000,-0.000096
4.583000,0.000220
4.584000,0.000536
4.585000,-0.000096
4.586000,-0.000413
4.587000,-0.000096
4.588000,-0.000096
4.589000,0.000220
4.590000,-0.000096
4.591000,-0.000096
4.592000,0.000220
4.593000,0.000220
4.594000,0.000220
4.595000,0.000220
4.596000,0.000220
4.597000,0.000220
4.598000,0.000220
4.599000,0.000220
4.600000,-0.000096
4.601000,-0.000096
4.602000,0.000220
4.603000,-0.000096
4.604000,-0.000096
4.605000,0.000536
4.606000,-0.000096
4.607000,-0.000096
4.608000,0.000536
4.609000,-0.000096
4.610000,0.000220
4.611000,0.000220
4.612000,-0.000096
4.613000,-0.000096
4.614000,0.000220
4.615000,0.000853
4.616000,-0.000096
4.617000,0.000220
4.618000,0.000220
4.619000,0.000220
4.620000,0.000220
4.621000,0.000536
4.622000,-0.000096
4.623000,-0.000096
4.624000,0.000220
4.625000,-0.000096
4.626000,0.000536
4.627000,-0.000096
4.628000,0.000220
4.629000,-0.000096
4.630000,-0.000096
4.631000,-0.000096
4.632000,-0.000096
4.633000,0.000220
4.634000,0.000536
4.635000,-0.000096
4.636000,-0.000096
4.637000,0.000220
4.638000,0.000220
4.639000,-0.000096
4.640000,0.000220
4.641000,0.000220
4.642000,0.000220
4.643000,0.000220
4.644000,0.000536
4.645000,0.000220
4.646000,-0.000096
4.647000,0.000220
4.648000,0.000220
4.649000,-0.000096
4.650000,0.000536
4.651000,0.000220
4.652000,-0.000096
4.653000,0.000220
4.654000,0.000536
4.655000,-0.000096
4.656000,-0.000096
4.657000,0.000220
4.658000,-0.000096
4.659000,0.000220
4.660000,-0.000096
4.661000,0.000220
4.662000,0.000220
4.663000,0.000220
4.664000,-0.000096
4.665000,-0.000096
4.666000,-0.000096
4.667000,0.000220
4.668000,0.000220
4.669000,0.000220
4.670000,0.000536
4.671000,0.000536
4.672000,0.000220
4.673000,-0.000096
4.674000,-0.000096
4.675000,0.000220
4.676000,-0.000096
4.677000,-0.000096
4.678000,0.000220
4.679000,0.000220
4.680000,-0.000096
4.681000,0.000220
4.682000,0.000220
4.683000,-0.000096
4.684000,0.000220
4.685000,-0.000096
4.686000,0.000536
4.687000,0.000220
4.688000,0.000220
4.689000,0.000220
4.690000,0.000536
4.691000,-0.000096
4.692000,0.000220
4.693000,-0.000096
4.694000,-0.000413
4.695000,-0.000096
4.696000,-0.000096
4.697000,-0.000096
4.698000,0.000536
4.699000,0.000220
4.700000,0.000536
4.701000,-0.000096
4.702000,-0.000096
4.703000,-0.000096
4.704000,-0.000096
4.705000,-0.000096
4.706000,0.000220
4.707000,0.000536
4.708000,-0.000096
4.709000,0.000536
4.710000,0.000220
4.711000,0.000536
4.712000,-0.000096
4.713000,0.000220
4.714000,-0.000096
4.715000,-0.000413
4.716000,0.000220
4.717000,0.000536
4.718000,-0.000096
4.719000,-0.000096
4.720000,0.000220
4.721000,-0.000096
4.722000,-0.000096
4.723000,-0.000096
4.724000,-0.000096
4.725000,0.000220
4.726000,0.000536
4.727000,0.000220
4.728000,-0.000096
4.729000,0.000220
4.730000,0.000536
4.731000,-0.000096
4.732000,0.000220
4.733000,0.000220
4.734000,0.000220
4.735000,-0.000096
4.736000,-0.000096
4.737000,-0.000096
4.738000,0.000536
4.739000,-0.000096
4.740000,0.000220
4.741000,-0.000096
4.742000,0.000220
4.743000,-0.000096
4.744000,0.000220
4.745000,-0.000096
4.746000,-0.000096
4.747000,0.000536
4.748000,0.000536
4.749000,0.000220
4.750000,-0.000413
4.751000,-0.000096
4.752000,-0.000096
4.753000,-0.000096
4.754000,-0.000096
4.755000,-0.000096
4.756000,-0.000096
4.757000,0.000536
4.758000,0.000536
4.759000,0.000536
4.760000,0.000220
4.761000,-0.000096
4.762000,-0.000729
4.763000,-0.000096
4.764000,0.000220
4.765000,0.000220
4.766000,0.000220
4.767000,-0.000096
4.768000,-0.000413
4.769000,-0.000096
4.770000,0.000536
4.771000,-0.000096
4.772000,0.000220
4.773000,0.000220
4.774000,-0.000096
4.775000,-0.000096
4.776000,-0.000096
4.777000,-0.000096
4.778000,0.000220
4.779000,-0.000096
4.780000,0.000536
4.781000,0.000220
4.782000,-0.000096
4.783000,-0.000096
4.784000,-0.000413
4.785000,-0.000096
4.786000,-0.000096
4.787000,0.000220
4.788000,0.000220
4.789000,0.000220
4.790000,0.000220
4.791000,0.000536
4.792000,0.000536
4.793000,0.000220
4.794000,-0.000096
4.795000,0.000536
4.796000,-0.000096
4.797000,0.000536
4.798000,0.000220
4.799000,0.000220
4.800000,-0.000096
4.801000,0.000536
4.802000,-0.000096
4.803000,-0.000729
4.804000,-0.000096
4.805000,0.000536
4.806000,-0.000096
4.807000,0.000536
4.808000,-0.000096
4.809000,0.000220
4.810000,0.000220
4.811000,0.000220
4.812000,-0.000413
4.813000,0.000220
4.814000,0.000220
4.815000,0.000220
4.816000,0.000220
4.817000,0.000536
4.818000,-0.000096
4.819000,-0.000096
4.820000,-0.000096
4.821000,0.000220
4.822000,0.000220
4.823000,0.000220
4.824000,-0.000096
4.825000,0.000220
4.826000,-0.000096
4.827000,0.000220
4.828000,0.000853
4.829000,0.000220
4.830000,-0.000096
4.831000,-0.000096
4.832000,0.000220
4.833000,-0.000413
4.834000,-0.000096
4.835000,0.000220
4.836000,-0.000096
4.837000,0.000220
4.838000,0.000536
4.839000,0.000536
4.840000,0.000220
4.841000,-0.000096
4.842000,-0.000096
4.843000,0.000220
4.844000,0.000536
4.845000,0.000536
4.846000,-0.000096
4.847000,0.000220
4.848000,0.000220
4.849000,0.000220
4.850000,-0.000096
4.851000,0.000220
4.852000,-0.000096
4.853000,-0.000096
4.854000,0.000853
4.855000,-0.000096
4.856000,0.000536
4.857000,0.000220
4.858000,-0.000096
4.859000,-0.000096
4.860000,-0.000096
4.861000,0.000220
4.862000,-0.000096
4.863000,-0.000096
4.864000,-0.000096
4.865000,0.000220
4.866000,0.000220
4.867000,0.000536
4.868000,0.000220
4.869000,0.000220
4.870000,-0.000096
4.871000,0.000220
4.872000,0.000536
4.873000,-0.000096
4.874000,0.000220
4.875000,0.000220
4.876000,0.000220
4.877000,0.000220
4.878000,-0.000096
4.879000,0.000220
4.880000,-0.000413
4.881000,-0.000096
4.882000,0.000220
4.883000,0.000220
4.884000,0.000536
4.885000,0.000220
4.886000,-0.000096
4.887000,-0.000096
4.888000,0.000220
4.889000,0.000536
4.890000,-0.000096
4.891000,0.000220
4.892000,0.000220
4.893000,0.000220
4.894000,-0.000096
4.895000,-0.000096
4.896000,0.000536
4.897000,-0.000096
4.898000,-0.000096
4.899000,-0.000096
4.900000,-0.000096
4.901000,0.000220
4.902000,-0.000096
4.903000,0.000220
4.904000,-0.000096
4.905000,0.000220
4.906000,-0.000096
4.907000,-0.000096
4.908000,-0.000096
4.909000,-0.000413
4.910000,0.000220
4.911000,-0.000096
4.912000,0.000220
4.913000,-0.000096
4.914000,-0.000096
4.915000,0.000536
4.916000,0.000220
4.917000,0.000220
4.918000,-0.000096
4.919000,0.000220
4.920000,-0.000096
4.921000,-0.000096
4.922000,0.000220
4.923000,-0.000096
4.924000,-0.000096
4.925000,0.000536
4.926000,-0.000729
4.927000,0.000220
4.928000,0.000220
4.929000,-0.000096
4.930000,0.000220
4.931000,0.000220
4.932000,-0.000729
4.933000,0.000536
4.934000,-0.000096
4.935000,-0.000096
4.936000,0.000536
4.937000,0.000536
4.938000,0.000220
4.939000,-0.000096
4.940000,-0.000096
4.941000,-0.000096
4.942000,-0.000096
4.943000,-0.000096
4.944000,-0.000096
4.945000,-0.000096
4.946000,0.000536
4.947000,0.000220
4.948000,0.000220
4.949000,0.000220
4.950000,0.000220
4.951000,0.000220
4.952000,-0.000096
4.953000,-0.000096
4.954000,0.000220
4.955000,0.000536
4.956000,0.000536
4.957000,0.000536
4.958000,0.000536
4.959000,-0.000096
4.960000,-0.000413
4.961000,-0.000096
4.962000,-0.000413
4.963000,0.000536
4.964000,-0.000096
4.965000,-0.000096
4.966000,-0.000096
4.967000,-0.000096
4.968000,-0.000096
4.969000,-0.000096
4.970000,0.000220
4.971000,0.000536
4.972000,0.000220
4.973000,0.000220
4.974000,0.000220
4.975000,0.000220
4.976000,0.000220
4.977000,0.000220
4.978000,0.000220
4.979000,0.000220
4.980000,0.000220
4.981000,0.000536
4.982000,0.000220
4.983000,-0.000413
4.984000,0.000220
4.985000,0.000220
4.986000,0.000220
4.987000,0.000220
4.988000,-0.000096
4.989000,-0.000413
4.990000,-0.000096
4.991000,-0.000096
4.992000,0.000536
4.993000,-0.000096
4.994000,-0.000096
4.995000,-0.000096
4.996000,0.000220
4.997000,-0.000096
4.998000,0.000536
4.999000,0.000220
5.000000,-0.000096
5.001000,0.000220
5.002000,-0.000096
5.003000,0.000220
5.004000,0.000220
5.005000,-0.000096
5.006000,0.000220
5.007000,-0.000096
5.008000,0.000220
5.009000,0.000220
5.010000,-0.000096
5.011000,0.000220
5.012000,-0.000096
5.013000,0.000220
5.014000,-0.000096
5.015000,-0.000096
5.016000,0.000220
5.017000,-0.000096
5.018000,0.000220
5.019000,0.000220
5.020000,0.000220
5.021000,-0.000096
5.022000,0.000220
5.023000,-0.000096
5.024000,0.000536
5.025000,-0.000096
5.026000,-0.000096
5.027000,-0.000096
5.028000,-0.000096
5.029000,0.000220
5.030000,0.000220
5.031000,0.000536
5.032000,0.000220
5.033000,0.000536
5.034000,0.000536
5.035000,0.000536
5.036000,-0.000096
5.037000,0.000220
5.038000,0.000220
5.039000,0.000220
5.040000,0.000220
5.041000,0.000220
5.042000,0.000220
5.043000,0.000536
5.044000,-0.000096
5.045000,-0.000096
5.046000,-0.000096
5.047000,-0.000096
5.048000,-0.000096
5.049000,-0.000096
5.050000,-0.000096
5.051000,-0.000096
5.052000,0.000220
5.053000,0.000220
5.054000,0.000220
5.055000,0.000536
5.056000,-0.000096
5.057000,0.000220
5.058000,-0.000096
5.059000,-0.000096
5.060000,0.000220
5.061000,-0.000096
5.062000,0.000536
5.063000,-0.000096
5.064000,-0.000096
5.065000,0.000220
5.066000,0.000220
5.067000,-0.000096
5.068000,-0.000413
5.069000,-0.000096
5.070000,0.000220
5.071000,0.000536
5.072000,-0.000096
5.073000,0.000220
5.074000,0.000220
5.075000,0.000220
5.076000,-0.000096
5.077000,0.000220
5.078000,0.000536
5.079000,-0.000096
5.080000,0.000536
5.081000,0.000220
5.082000,0.000536
5.083000,-0.000096
5.084000,0.000220
5.085000,0.000220
5.086000,0.000220
5.087000,0.000220
5.088000,-0.000096
5.089000,-0.000413
5.090000,-0.000096
5.091000,0.000220
5.092000,0.000220
5.093000,0.000220
5.094000,-0.000096
5.095000,-0.000096
5.096000,0.000220
5.097000,-0.000096
5.098000,-0.000096
5.099000,0.000220
5.100000,0.000220
5.101000,-0.000096
5.102000,0.000536
5.103000,-0.000096
5.104000,0.000536
5.105000,-0.000096
5.106000,0.000220
5.107000,0.000220
5.108000,-0.000096
5.109000,0.000220
5.110000,0.000220
5.111000,-0.000096
5.112000,0.000220
5.113000,-0.000096
5.114000,0.000220
5.115000,0.000220
5.116000,-0.000096
5.117000,-0.000096
5.118000,-0.000096
5.119000,-0.000096
5.120000,0.000536
5.121000,-0.000413
5.122000,-0.000096
5.123000,-0.000096
5.124000,0.000220
5.125000,0.000536
5.126000,0.000536
5.127000,0.000220
5.128000,0.000220
5.129000,-0.000096
5.130000,-0.000096
5.131000,-0.000096
5.132000,0.000220
5.133000,-0.000096
5.134000,0.000220
5.135000,0.000220
5.136000,0.000536
5.137000,-0.000096
5.138000,0.000536
5.139000,0.000536
5.140000,0.000220
5.141000,0.000220
5.142000,-0.000096
5.143000,0.000536
5.144000,0.000220
5.145000,0.000536
5.146000,-0.000096
5.147000,0.000220
5.148000,-0.000096
5.149000,-0.000096
5.150000,0.000220
5.151000,0.000220
5.152000,0.000220
5.153000,-0.000096
5.154000,-0.000096
5.155000,0.000536
5.156000,0.000220
5.157000,-0.000413
5.158000,0.000220
5.159000,-0.000096
5.160000,-0.000096
5.161000,-0.000096
5.162000,0.000220
5.163000,-0.000096
5.164000,-0.000096
5.165000,-0.000096
5.166000,-0.000096
5.167000,-0.000096
5.168000,0.000536
5.169000,-0.000096
5.170000,0.000536
5.171000,-0.000096
5.172000,-0.000096
5.173000,-0.000096
5.174000,0.000220
5.175000,0.000220
5.176000,-0.000096
5.177000,-0.000096
5.178000,0.000536
5.179000,0.000220
5.180000,0.000536
5.181000,-0.000096
5.182000,-0.000096
5.183000,-0.000096
5.184000,0.000536
5.185000,0.000220
5.186000,-0.000096
5.187000,-0.000096
5.188000,-0.000096
5.189000,-0.000096
5.190000,-0.000096
5.191000,-0.000413
5.192000,0.000536
5.193000,0.000220
5.194000,-0.000413
5.195000,0.000220
5.196000,-0.000096
5.197000,0.000536
5.198000,-0.000413
5.199000,-0.000096
5.200000,0.000220
5.201000,0.000220
5.202000,-0.000096
5.203000,-0.000096
5.204000,-0.000096
5.205000,-0.000096
5.206000,-0.000096
5.207000,-0.000096
5.208000,-0.000096
5.209000,-0.000096
5.210000,0.000220
5.211000,0.000220
5.212000,-0.000096
5.213000,-0.000096
5.214000,-0.000096
5.215000,0.000220
5.216000,-0.000096
5.217000,0.000220
5.218000,-0.000096
5.219000,-0.000096
5.220000,-0.000096
5.221000,0.000536
5.222000,0.000220
5.223000,-0.000096
5.224000,-0.000096
5.225000,-0.000096
5.226000,-0.000096
5.227000,0.000220
5.228000,0.000536
5.229000,0.000220
5.230000,-0.000096
5.231000,0.000220
5.232000,-0.000096
5.233000,0.000536
5.234000,-0.000096
5.235000,-0.000096
5.236000,0.000220
5.237000,0.000220
5.238000,0.000220
5.239000,0.000536
5.240000,0.000220
5.241000,0.000536
5.242000,0.000220
5.243000,0.000220
5.244000,0.000536
5.245000,0.000536
5.246000,-0.000096
5.247000,-0.000096
5.248000,0.000220
5.249000,0.000220
5.250000,-0.000096
5.251000,0.000220
5.252000,0.000220
5.253000,0.000536
5.254000,-0.000413
5.255000,-0.000096
5.256000,-0.000096
5.257000,0.000220
5.258000,0.000220
5.259000,0.000220
5.260000,0.000220
5.261000,-0.000096
5.262000,-0.000096
5.263000,0.000220
5.264000,0.000220
5.265000,-0.000096
5.266000,-0.000096
5.267000,-0.000096
5.268000,-0.000096
5.269000,-0.000096
5.270000,0.000220
5.271000,0.000536
5.272000,-0.000096
5.273000,0.000220
5.274000,-0.000413
5.275000,-0.000096
5.276000,-0.000096
5.277000,-0.000096
5.278000,0.000536
5.279000,-0.000096
5.280000,-0.000096
5.281000,0.000220
5.282000,-0.000096
5.283000,0.000220
5.284000,0.000220
5.285000,-0.000096
5.286000,0.000220
5.287000,0.000220
5.288000,-0.000096
5.289000,0.000220
5.290000,0.000220
5.291000,-0.000096
5.292000,-0.000096
5.293000,0.000220
5.294000,-0.000096
5.295000,-0.000096
5.296000,0.000220
5.297000,0.000220
5.298000,0.000220
5.299000,-0.000096
5.300000,0.000536
5.301000,0.000536
5.302000,0.000536
5.303000,-0.000096
5.304000,-0.000096
5.305000,0.000220
5.306000,-0.000096
5.307000,0.000536
5.308000,0.000220
5.309000,-0.000096
5.310000,-0.000096
5.311000,0.000220
5.312000,-0.000096
5.313000,-0.000096
5.314000,-0.000096
5.315000,-0.000096
5.316000,0.000220
5.317000,-0.000096
5.318000,0.000220
5.319000,0.000220
5.320000,0.000220
5.321000,-0.000096
5.322000,0.000220
5.323000,-0.000096
5.324000,-0.000096
5.325000,0.000220
5.326000,-0.000413
5.327000,0.000220
5.328000,0.000220
5.329000,0.000536
5.330000,-0.000096
5.331000,-0.000096
5.332000,-0.000096
5.333000,0.000220
5.334000,0.000220
5.335000,-0.000096
5.336000,0.000220
5.337000,-0.000096
5.338000,0.000220
5.339000,0.000220
5.340000,-0.000096
5.341000,0.000220
5.342000,-0.000096
5.343000,0.000220
5.344000,-0.000096
5.345000,-0.000096
5.346000,0.000220
5.347000,-0.000096
5.348000,-0.000096
5.349000,0.000220
5.350000,0.000220
5.351000,-0.000096
5.352000,0.000536
5.353000,-0.000096
5.354000,0.000220
5.355000,-0.000096
5.356000,0.000536
5.357000,-0.000096
5.358000,0.000220
5.359000,0.000220
5.360000,0.000536
5.361000,-0.000096
5.362000,-0.000096
5.363000,0.000220
5.364000,0.000536
5.365000,-0.000096
5.366000,0.000220
5.367000,-0.000096
5.368000,0.000536
5.369000,-0.000096
5.370000,-0.000413
5.371000,0.000220
5.372000,0.000536
5.373000,0.000220
5.374000,0.000220
5.375000,-0.000096
5.376000,-0.000413
5.377000,-0.000096
5.378000,-0.000096
5.379000,0.000220
5.380000,0.000536
5.381000,0.000536
5.382000,0.000220
5.383000,-0.000096
5.384000,-0.000096
5.385000,0.000220
5.386000,0.000220
5.387000,0.000220
5.388000,0.000220
5.389000,-0.000096
5.390000,0.000536
5.391000,0.000220
5.392000,-0.000096
5.393000,0.000220
5.394000,-0.000096
5.395000,0.000536
5.396000,0.000220
5.397000,0.000536
5.398000,-0.000096
5.399000,-0.000096
5.400000,0.000220
5.401000,-0.000096
5.402000,0.000220
5.403000,-0.000096
5.404000,0.000220
5.405000,-0.000096
5.406000,-0.000096
5.407000,-0.000096
5.408000,0.000220
5.409000,0.000536
5.410000,-0.000096
5.411000,-0.000096
5.412000,0.000220
5.413000,0.000536
5.414000,0.000853
5.415000,0.000220
5.416000,0.000536
5.417000,0.000220
5.418000,0.000220
5.419000,0.000536
5.420000,0.000220
5.421000,0.000220
5.422000,-0.000096
5.423000,0.000220
5.424000,-0.000096
5.425000,0.000536
5.426000,0.000220
5.427000,-0.000096
5.428000,-0.000096
5.429000,0.000220
5.430000,0.000220
5.431000,0.000220
5.432000,-0.000096
5.433000,0.000220
5.434000,-0.000096
5.435000,-0.000096
5.436000,-0.000413
5.437000,0.000220
5.438000,0.000220
5.439000,0.000220
5.440000,-0.000096
5.441000,-0.000096
5.442000,0.000220
5.443000,0.000220
5.444000,0.000220
5.445000,0.000220
5.446000,-0.000096
5.447000,-0.000096
5.448000,-0.000096
5.449000,-0.000096
5.450000,-0.000413
5.451000,-0.000096
5.452000,-0.000096
5.453000,-0.000096
5.454000,-0.000096
5.455000,0.000220
5.456000,-0.000096
5.457000,-0.000096
5.458000,0.000220
5.459000,-0.000096
5.460000,-0.000096
5.461000,-0.000096
5.462000,-0.000096
5.463000,-0.000096
5.464000,0.000220
5.465000,-0.000096
5.466000,-0.000413
5.467000,-0.000096
5.468000,-0.000096
5.469000,0.000220
5.470000,-0.000096
5.471000,-0.000096
5.472000,-0.000096
5.473000,-0.000096
5.474000,0.000536
5.475000,0.000220
5.476000,0.000220
5.477000,-0.000096
5.478000,-0.000096
5.479000,0.000220
5.480000,-0.000096
5.481000,-0.000096
5.482000,0.000220
5.483000,0.000536
5.484000,-0.000096
5.485000,-0.000096
5.486000,0.000536
5.487000,0.000220
5.488000,0.000536
5.489000,-0.000096
5.490000,-0.000096
5.491000,0.000220
5.492000,0.000536
5.493000,0.000220
5.494000,0.000220
5.495000,0.000536
5.496000,-0.000096
5.497000,-0.000096
5.498000,-0.000096
5.499000,0.000220
5.500000,-0.000096
5.501000,-0.000413
5.502000,0.000220
5.503000,-0.000096
5.504000,-0.000096
5.505000,0.000220
5.506000,0.000536
5.507000,-0.000096
5.508000,0.000220
5.509000,-0.000096
5.510000,0.000220
5.511000,0.000220
5.512000,0.000220
5.513000,-0.000096
5.514000,-0.000096
5.515000,-0.000413
5.516000,0.000220
5.517000,0.000220
5.518000,0.000220
5.519000,0.000536
5.520000,-0.000413
5.521000,-0.000096
5.522000,0.000220
5.523000,0.000536
5.524000,-0.000096
5.525000,-0.000096
5.526000,-0.000096
5.527000,-0.000096
5.528000,-0.000096
5.529000,-0.000096
5.530000,-0.000096
5.531000,-0.000096
5.532000,-0.000096
5.533000,-0.000096
5.534000,-0.000096
5.535000,0.000536
5.536000,-0.000096
5.537000,0.000220
5.538000,-0.000096
5.539000,0.000220
5.540000,-0.000096
5.541000,0.000220
5.542000,-0.000096
5.543000,0.000220
5.544000,0.000220
5.545000,0.000220
5.546000,-0.000096
5.547000,0.000220
5.548000,-0.000096
5.549000,0.000220
5.550000,0.000220
5.551000,0.000220
5.552000,0.000220
5.553000,0.000220
5.554000,0.000220
5.555000,0.000220
5.556000,-0.000096
5.557000,-0.000096
5.558000,0.000536
5.559000,-0.000096
5.560000,-0.000096
5.561000,-0.000096
5.562000,-0.000096
5.563000,-0.000096
5.564000,0.000220
5.565000,0.000220
5.566000,0.000536
5.567000,-0.000096
5.568000,0.000220
5.569000,-0.000096
5.570000,0.000220
5.571000,-0.000096
5.572000,0.000536
5.573000,0.000536
5.574000,0.000220
5.575000,-0.000096
5.576000,-0.000096
5.577000,-0.000096
5.578000,0.000220
5.579000,-0.000096
5.580000,-0.000096
5.581000,0.000536
5.582000,0.000220
5.583000,-0.000096
5.584000,-0.000096
5.585000,-0.000413
5.586000,-0.000096
5.587000,0.000220
5.588000,0.000536
5.589000,0.000220
5.590000,-0.000096
5.591000,-0.000096
5.592000,-0.000096
5.593000,-0.000096
5.594000,0.000220
5.595000,0.000220
5.596000,0.000220
5.597000,0.000536
5.598000,-0.000096
5.599000,-0.000096
5.600000,0.000536
5.601000,-0.000096
5.602000,0.000220
5.603000,0.000220
5.604000,0.000220
5.605000,-0.000413
5.606000,0.000220
5.607000,-0.000096
5.608000,0.000536
5.609000,0.000536
5.610000,-0.000096
5.611000,0.000220
5.612000,0.000220
5.613000,0.000220
5.614000,0.000853
5.615000,0.000220
5.616000,-0.000096
5.617000,0.000220
5.618000,0.000220
5.619000,-0.000096
5.620000,0.000220
5.621000,-0.000096
5.622000,-0.000413
5.623000,0.000220
5.624000,-0.000096
5.625000,-0.000096
5.626000,-0.000096
5.627000,-0.000096
5.628000,0.000536
5.629000,-0.000096
5.630000,0.000220
5.631000,-0.000096
5.632000,0.000536
5.633000,0.000536
5.634000,-0.000096
5.635000,-0.000096
5.636000,-0.000096
5.637000,-0.000096
5.638000,-0.000096
5.639000,-0.000096
5.640000,-0.000096
5.641000,0.000220
5.642000,0.000536
5.643000,0.000536
5.644000,0.000220
5.645000,0.000536
5.646000,0.000220
5.647000,0.000220
5.648000,0.000220
5.649000,-0.000096
5.650000,-0.000096
5.651000,-0.000096
5.652000,0.000220
5.653000,-0.000096
5.654000,0.000220
5.655000,0.000536
5.656000,-0.000096
5.657000,-0.000096
5.658000,-0.000096
5.659000,-0.000096
5.660000,0.000220
5.661000,-0.000096
5.662000,-0.000413
5.663000,0.000220
5.664000,-0.000096
5.665000,-0.000096
5.666000,-0.000096
5.667000,-0.000096
5.668000,-0.000413
5.669000,0.000220
5.670000,0.000220
5.671000,-0.000096
5.672000,0.000536
5.673000,-0.000096
5.674000,-0.000096
5.675000,0.000536
5.676000,0.000536
5.677000,-0.000096
5.678000,0.000220
5.679000,0.000220
5.680000,0.000220
5.681000,-0.000096
5.682000,-0.000413
5.683000,0.000220
5.684000,0.000220
5.685000,-0.000413
5.686000,0.000220
5.687000,0.000220
5.688000,0.000536
5.689000,-0.000096
5.690000,0.000220
5.691000,0.000220
5.692000,-0.000096
5.693000,-0.000096
5.694000,-0.000096
5.695000,0.000220
5.696000,-0.000096
5.697000,0.000220
5.698000,-0.000096
5.699000,-0.000413
5.700000,0.000220
5.701000,0.000220
5.702000,-0.000096
5.703000,-0.000096
5.704000,0.000220
5.705000,-0.000096
5.706000,0.000220
5.707000,-0.000096
5.708000,-0.000096
5.709000,-0.000729
5.710000,0.000220
5.711000,-0.000096
5.712000,0.000220
5.713000,-0.000096
5.714000,-0.000096
5.715000,0.000853
5.716000,-0.000096
5.717000,-0.000096
5.718000,-0.000413
5.719000,-0.000096
5.720000,-0.000096
5.721000,-0.000096
5.722000,0.000220
5.723000,-0.000096
5.724000,0.000536
5.725000,0.000220
5.726000,-0.000096
5.727000,0.000220
5.728000,-0.000096
5.729000,-0.000096
5.730000,-0.000096
5.731000,0.000220
5.732000,0.000536
5.733000,0.000220
5.734000,0.000220
5.735000,0.000536
5.736000,0.000220
5.737000,0.000536
5.738000,0.000220
5.739000,-0.000096
5.740000,-0.000096
5.741000,0.000536
5.742000,0.000220
5.743000,-0.000096
5.744000,-0.000096
5.745000,0.000220
5.746000,-0.000096
5.747000,-0.000096
5.748000,-0.000096
5.749000,-0.000096
5.750000,-0.000096
5.751000,0.000536
5.752000,-0.000096
5.753000,0.000536
5.754000,0.000220
5.755000,-0.000096
5.756000,0.000220
5.757000,-0.000096
5.758000,0.000853
5.759000,0.000220
5.760000,-0.000096
5.761000,-0.000096
5.762000,0.000220
5.763000,-0.000096
5.764000,0.000220
5.765000,-0.000096
5.766000,0.000220
5.767000,0.000536
5.768000,-0.000096
5.769000,0.000220
5.770000,-0.000096
5.771000,-0.000096
5.772000,-0.000096
5.773000,-0.000096
5.774000,0.000220
5.775000,-0.000096
5.776000,0.000220
5.777000,-0.000096
5.778000,-0.000096
5.779000,-0.000096
5.780000,-0.000096
5.781000,-0.000096
5.782000,0.000536
5.783000,-0.000096
5.784000,0.000220
5.785000,0.000536
5.786000,0.000536
5.787000,0.000220
5.788000,-0.000413
5.789000,-0.000096
5.790000,0.000220
5.791000,0.000220
5.792000,0.000220
5.793000,0.000536
5.794000,0.000220
5.795000,-0.000413
5.796000,0.000536
5.797000,0.000220
5.798000,-0.000096
5.799000,0.000220
5.800000,-0.000096
5.801000,0.000536
5.802000,0.000536
5.803000,0.000220
5.804000,0.000536
5.805000,0.000220
5.806000,0.000220
5.807000,0.000536
5.808000,-0.000096
5.809000,0.000220
5.810000,0.000536
5.811000,0.000220
5.812000,0.000220
5.813000,0.000220
5.814000,0.000220
5.815000,-0.000096
5.816000,-0.000096
5.817000,0.000220
5.818000,-0.000096
5.819000,-0.000096
5.820000,-0.000096
5.821000,-0.000096
5.822000,0.000220
5.823000,-0.000096
5.824000,-0.000096
5.825000,-0.000096
5.826000,-0.000096
5.827000,0.000536
5.828000,-0.000096
5.829000,0.000220
5.830000,-0.000096
5.831000,0.000220
5.832000,0.000220
5.833000,0.000220
5.834000,-0.000096
5.835000,-0.000096
5.836000,0.000220
5.837000,0.000220
5.838000,-0.000096
5.839000,0.000220
5.840000,0.000220
5.841000,0.000220
5.842000,-0.000096
5.843000,-0.000096
5.844000,-0.000096
5.845000,-0.000096
5.846000,-0.000096
5.847000,-0.000413
5.848000,0.000220
5.849000,0.000536
5.850000,-0.000413
5.851000,-0.000096
5.852000,0.000536
5.853000,0.000536
5.854000,0.000220
5.855000,0.000220
5.856000,-0.000096
5.857000,-0.000096
5.858000,-0.000096
5.859000,-0.000413
5.860000,0.000536
5.861000,-0.000096
5.862000,0.000220
5.863000,0.000220
5.864000,0.000220
5.865000,-0.000096
5.866000,-0.000096
5.867000,0.000220
5.868000,-0.000096
5.869000,-0.000413
5.870000,0.000220
5.871000,0.000220
5.872000,0.000220
5.873000,0.000220
5.874000,-0.000096
5.875000,0.000220
5.876000,0.000536
5.877000,-0.000096
5.878000,-0.000096
5.879000,0.000220
5.880000,0.000536
5.881000,-0.000096
5.882000,0.000220
5.883000,0.000220
5.884000,-0.000096
5.885000,0.000536
5.886000,0.000536
5.887000,-0.000096
5.888000,0.000220
5.889000,0.000220
5.890000,-0.000096
5.891000,0.000220
5.892000,-0.000096
5.893000,0.000536
5.894000,0.000220
5.895000,0.000220
5.896000,0.000536
5.897000,-0.000096
5.898000,0.000536
5.899000,0.000220
5.900000,0.000220
5.901000,-0.000096
5.902000,-0.000096
5.903000,0.000220
5.904000,-0.000096
5.905000,0.000536
5.906000,0.000220
5.907000,0.000536
5.908000,0.000220
5.909000,-0.000096
5.910000,-0.000096
5.911000,0.000220
5.912000,0.000220
5.913000,0.000536
5.914000,-0.000096
5.915000,-0.000096
5.916000,0.000220
5.917000,0.000536
5.918000,-0.000096
5.919000,0.000536
5.920000,-0.000096
5.921000,0.000536
5.922000,-0.000096
5.923000,-0.000096
5.924000,0.000536
5.925000,0.000220
5.926000,0.000536
5.927000,0.000536
5.928000,-0.000413
5.929000,-0.000096
5.930000,-0.000096
5.931000,-0.000096
5.932000,-0.000096
5.933000,0.000536
5.934000,0.000220
5.935000,0.000220
5.936000,-0.000096
5.937000,0.000220
5.938000,0.000220
5.939000,0.000536
5.940000,0.000536
5.941000,0.000220
5.942000,0.000220
5.943000,0.000220
5.944000,-0.000096
5.945000,0.000220
5.946000,-0.000096
5.947000,-0.000096
5.948000,0.000220
5.949000,-0.000096
5.950000,0.000220
5.951000,-0.000096
5.952000,0.000220
5.953000,-0.000096
5.954000,-0.000096
5.955000,0.000220
5.956000,0.000220
5.957000,0.000220
5.958000,0.000220
5.959000,0.000220
5.960000,0.000536
5.961000,-0.000096
5.962000,0.000220
5.963000,-0.000096
5.964000,0.000536
5.965000,-0.000096
5.966000,-0.000096
5.967000,0.000536
5.968000,-0.000096
5.969000,0.000536
5.970000,-0.000096
5.971000,0.000220
5.972000,-0.000096
5.973000,-0.000096
5.974000,0.000220
5.975000,0.000220
5.976000,-0.000413
5.977000,0.000220
5.978000,0.000220
5.979000,-0.000096
5.980000,0.000220
5.981000,-0.000096
5.982000,0.000536
5.983000,-0.000096
5.984000,-0.000413
5.985000,-0.000096
5.986000,0.000220
5.987000,-0.000096
5.988000,0.000220
5.989000,0.000853
5.990000,0.000536
5.991000,0.000853
5.992000,-0.000096
5.993000,0.000220
5.994000,-0.000096
5.995000,0.000220
5.996000,-0.000096
5.997000,-0.000096
5.998000,0.000220
5.999000,-0.000096
6.000000,-0.000096
6.001000,-0.000096
6.002000,0.000220
6.003000,-0.000096
6.004000,-0.000096
6.005000,-0.000413
6.006000,0.000220
6.007000,-0.000096
6.008000,-0.000096
6.009000,-0.000096
6.010000,0.000220
6.011000,0.000220
6.012000,0.000220
6.013000,-0.000096
6.014000,0.000536
6.015000,-0.000096
6.016000,-0.000096
6.017000,0.000220
6.018000,0.000220
6.019000,0.000220
6.020000,0.000536
6.021000,0.000536
6.022000,-0.000096
6.023000,-0.000096
6.024000,-0.000096
6.025000,-0.000096
6.026000,0.000220
6.027000,-0.000096
6.028000,-0.000096
6.029000,0.000220
6.030000,0.000220
6.031000,-0.000096
6.032000,0.000220
6.033000,0.000220
6.034000,0.000220
6.035000,-0.000096
6.036000,0.000220
6.037000,-0.000096
6.038000,0.000220
6.039000,0.000220
6.040000,0.000536
6.041000,0.000220
6.042000,-0.000096
6.043000,0.000536
6.044000,-0.000096
6.045000,-0.000096
6.046000,0.000536
6.047000,0.000220
6.048000,-0.000096
6.049000,0.000220
6.050000,-0.000096
6.051000,0.000220
6.052000,0.000220
6.053000,-0.000096
6.054000,0.000220
6.055000,-0.000096
6.056000,0.000220
6.057000,0.000220
6.058000,0.000220
6.059000,0.000220
6.060000,-0.000096
6.061000,-0.000096
6.062000,0.000220
6.063000,-0.000729
6.064000,-0.000096
6.065000,0.000220
6.066000,0.000220
6.067000,-0.000413
6.068000,0.000536
6.069000,0.000220
6.070000,-0.000096
6.071000,0.000220
6.072000,-0.000096
6.073000,-0.000096
6.074000,0.000220
6.075000,0.000220
6.076000,0.000220
6.077000,-0.000413
6.078000,-0.000096
6.079000,-0.000096
6.080000,-0.000096
6.081000,0.000220
6.082000,-0.000413
6.083000,0.000220
6.084000,0.000220
6.085000,-0.000096
6.086000,0.000536
6.087000,-0.000096
6.088000,-0.000096
6.089000,0.000220
6.090000,-0.000096
6.091000,-0.000096
6.092000,-0.000729
6.093000,0.000220
6.094000,0.000220
6.095000,-0.000096
6.096000,0.000220
6.097000,0.000536
6.098000,0.000220
6.099000,0.000220
6.100000,0.000220
6.101000,0.000536
6.102000,-0.000096
6.103000,0.000220
6.104000,-0.000096
6.105000,0.000220
6.106000,-0.000096
6.107000,0.000220
6.108000,-0.000096
6.109000,0.000220
6.110000,0.000220
6.111000,-0.000096
6.112000,-0.000096
6.113000,0.000220
6.114000,-0.000096
6.115000,0.000220
6.116000,-0.000096
6.117000,-0.000096
6.118000,0.000220
6.119000,0.000220
6.120000,-0.000096
6.121000,0.000220
6.122000,0.000220
6.123000,0.000536
6.124000,-0.000096
6.125000,0.000220
6.126000,-0.000096
6.127000,-0.000096
6.128000,-0.000096
6.129000,0.000220
6.130000,-0.000096
6.131000,0.000220
6.132000,0.000220
6.133000,0.000220
6.134000,0.000220
6.135000,0.000220
6.136000,-0.000096
6.137000,0.000536
6.138000,0.000220
6.139000,-0.000413
6.140000,0.000220
6.141000,0.000220
6.142000,0.000220
6.143000,0.000536
6.144000,-0.000096
6.145000,0.000220
6.146000,0.000536
6.147000,0.000220
6.148000,0.000220
6.149000,-0.000096
6.150000,-0.000096
6.151000,0.000536
6.152000,-0.000096
6.153000,-0.000096
6.154000,0.000536
6.155000,0.000536
6.156000,0.000220
6.157000,-0.000096
6.158000,-0.000096
6.159000,0.000220
6.160000,0.000220
6.161000,-0.000413
6.162000,0.000220
6.163000,-0.000096
6.164000,-0.000413
6.165000,0.000220
6.166000,0.000220
6.167000,0.000220
6.168000,0.000220
6.169000,0.000220
6.170000,-0.000096
6.171000,-0.000413
6.172000,-0.000096
6.173000,0.000220
6.174000,-0.000096
6.175000,0.000220
6.176000,0.000220
6.177000,-0.000096
6.178000,-0.000096
6.179000,0.000220
6.180000,0.000220
6.181000,-0.000096
6.182000,0.000220
6.183000,0.000220
6.184000,0.000536
6.185000,-0.000096
6.186000,-0.000096
6.187000,0.000536
6.188000,0.000220
6.189000,-0.000096
6.190000,0.000220
6.191000,-0.000096
6.192000,0.000220
6.193000,0.000220
6.194000,-0.000096
6.195000,0.000220
6.196000,-0.000096
6.197000,-0.000096
6.198000,0.000536
6.199000,0.000220
6.200000,-0.000096
6.201000,0.000220
6.202000,0.000536
6.203000,-0.000096
6.204000,0.000220
6.205000,-0.000413
6.206000,-0.000096
6.207000,-0.000096
6.208000,-0.000096
6.209000,0.000220
6.210000,-0.000096
6.211000,-0.000096
6.212000,-0.000096
6.213000,-0.000096
6.214000,-0.000096
6.215000,0.000536
6.216000,-0.000096
6.217000,-0.000096
6.218000,0.000536
6.219000,0.000220
6.220000,-0.000096
6.221000,0.000220
6.222000,0.000220
6.223000,0.000536
6.224000,-0.000096
6.225000,-0.000096
6.226000,0.000220
6.227000,0.000220
6.228000,0.000220
6.229000,-0.000096
6.230000,0.000220
6.231000,0.000220
6.232000,0.000220
6.233000,-0.000096
6.234000,0.000220
6.235000,0.000220
6.236000,-0.000413
6.237000,-0.000096
6.238000,-0.000096
6.239000,-0.000096
6.240000,-0.000096
6.241000,-0.000096
6.242000,0.000220
6.243000,0.000220
6.244000,-0.000096
6.245000,0.000220
6.246000,0.000220
6.247000,0.000220
6.248000,0.000220
6.249000,-0.000413
6.250000,0.000220
6.251000,-0.000096
6.252000,0.000536
6.253000,0.000220
6.254000,0.000220
6.255000,0.000220
6.256000,0.000220
6.257000,0.000536
6.258000,-0.000096
6.259000,-0.000096
6.260000,0.000220
6.261000,0.000536
6.262000,0.000220
6.263000,-0.000096
6.264000,0.000220
6.265000,0.000220
6.266000,0.000536
6.267000,0.000220
6.268000,0.000220
6.269000,0.000220
6.270000,0.000220
6.271000,-0.000096
6.272000,-0.000096
6.273000,0.000220
6.274000,-0.000096
6.275000,0.000220
6.276000,-0.000096
6.277000,-0.000096
6.278000,-0.000096
6.279000,0.000220
6.280000,0.000536
6.281000,0.000536
6.282000,-0.000413
6.283000,0.000220
6.284000,-0.000096
6.285000,0.000220
6.286000,-0.000096
6.287000,-0.000096
6.288000,-0.000096
6.289000,0.000220
6.290000,0.000220
6.291000,-0.000096
6.292000,0.000220
6.293000,-0.000096
6.294000,-0.000096
6.295000,-0.000413
6.296000,-0.000096
6.297000,0.000220
6.298000,-0.000096
6.299000,0.000220
6.300000,-0.000096
6.301000,0.000220
6.302000,0.000536
6.303000,-0.000096
6.304000,0.000220
6.305000,-0.000096
6.306000,-0.000096
6.307000,-0.000096
6.308000,0.000220
6.309000,0.000220
6.310000,0.000220
6.311000,0.000220
6.312000,0.000220
6.313000,-0.000096
6.314000,-0.000096
6.315000,-0.000096
6.316000,0.000220
6.317000,-0.000096
6.318000,-0.000096
6.319000,0.000536
6.320000,0.000220
6.321000,0.000220
6.322000,0.000220
6.323000,0.000220
6.324000,0.000220
6.325000,0.000220
6.326000,-0.000096
6.327000,0.000220
6.328000,-0.000096
6.329000,0.000220
6.330000,-0.000096
6.331000,0.000220
6.332000,-0.000413
6.333000,-0.000096
6.334000,0.000220
6.335000,0.000220
6.336000,0.000220
6.337000,0.000220
6.338000,-0.000096
6.339000,-0.000096
6.340000,0.000536
6.341000,0.000220
6.342000,0.000220
6.343000,0.000220
6.344000,0.000536
6.345000,-0.000096
6.346000,-0.000096
6.347000,0.000220
6.348000,-0.000096
6.349000,-0.000096
6.350000,0.000220
6.351000,0.000536
6.352000,0.000220
6.353000,-0.000096
6.354000,-0.000096
6.355000,0.000220
6.356000,0.000220
6.357000,-0.000096
6.358000,-0.000096
6.359000,-0.000096
6.360000,-0.000096
6.361000,0.000220
6.362000,0.000536
6.363000,-0.000096
6.364000,0.000220
6.365000,-0.000096
6.366000,-0.000096
6.367000,-0.000096
6.368000,0.000220
6.369000,-0.000096
6.370000,0.000220
6.371000,0.000220
6.372000,0.000220
6.373000,-0.000096
6.374000,-0.000096
6.375000,0.000220
6.376000,0.000220
6.377000,0.000220
6.378000,0.000220
6.379000,-0.000096
6.380000,-0.000096
6.381000,-0.000096
6.382000,0.000220
6.383000,0.000536
6.384000,-0.000096
6.385000,0.000536
6.386000,-0.000413
6.387000,0.000220
6.388000,-0.000096
6.389000,0.000220
6.390000,-0.000096
6.391000,-0.000096
6.392000,0.000536
6.393000,0.000220
6.394000,-0.000096
6.395000,-0.000413
6.396000,0.000220
6.397000,0.000220
6.398000,-0.000096
6.399000,-0.000096
6.400000,0.000220
6.401000,0.000220
6.402000,-0.000729
6.403000,-0.000096
6.404000,-0.000096
6.405000,0.000220
6.406000,-0.000096
6.407000,-0.000096
6.408000,0.000536
6.409000,0.000220
6.410000,-0.000096
6.411000,-0.000096
6.412000,-0.000413
6.413000,-0.000096
6.414000,-0.000096
6.415000,0.000220
6.416000,0.000220
6.417000,0.000220
6.418000,0.000536
6.419000,-0.000096
6.420000,0.000536
6.421000,-0.000096
6.422000,0.000220
6.423000,0.000220
6.424000,0.000220
6.425000,0.000536
6.426000,-0.000096
6.427000,-0.000096
6.428000,0.000536
6.429000,0.000220
6.430000,-0.000096
6.431000,-0.000096
6.432000,-0.000096
6.433000,-0.000096
6.434000,0.000220
6.435000,0.000220
6.436000,-0.000096
6.437000,0.000220
6.438000,-0.000096
6.439000,0.000220
6.440000,-0.000096
6.441000,-0.000096
6.442000,0.000220
6.443000,0.000220
6.444000,-0.000096
6.445000,0.000536
6.446000,-0.000096
6.447000,0.000220
6.448000,0.000220
6.449000,0.000220
6.450000,-0.000096
6.451000,-0.000096
6.452000,-0.000096
6.453000,-0.000096
6.454000,0.000220
6.455000,0.000536
6.456000,-0.000096
6.457000,-0.000096
6.458000,0.000220
6.459000,0.000220
6.460000,0.000220
6.461000,-0.000096
6.462000,0.000220
6.463000,-0.000096
6.464000,0.000536
6.465000,0.000220
6.466000,0.000220
6.467000,0.000220
6.468000,-0.000096
6.469000,-0.000413
6.470000,-0.000413
6.471000,-0.000096
6.472000,0.000536
6.473000,-0.000729
6.474000,0.000536
6.475000,0.000536
6.476000,0.000220
6.477000,-0.000096
6.478000,-0.000096
6.479000,-0.000096
6.480000,-0.000096
6.481000,0.000853
6.482000,-0.000413
6.483000,0.000220
6.484000,-0.000096
6.485000,-0.000096
6.486000,-0.000096
6.487000,0.000536
6.488000,-0.000096
6.489000,-0.000096
6.490000,0.000220
6.491000,0.000220
6.492000,0.000220
6.493000,-0.000096
6.494000,-0.000413
6.495000,-0.000096
6.496000,-0.000096
6.497000,0.000536
6.498000,0.000220
6.499000,-0.000096
6.500000,0.000220
6.501000,0.000220
6.502000,0.000220
6.503000,-0.000096
6.504000,-0.000096
6.505000,0.000220
6.506000,0.000853
6.507000,-0.000096
6.508000,0.000220
6.509000,0.000220
6.510000,-0.000096
6.511000,-0.000413
6.512000,-0.000096
6.513000,0.000220
6.514000,0.000220
6.515000,0.000536
6.516000,-0.000096
6.517000,-0.000096
6.518000,0.000220
6.519000,-0.000096
6.520000,0.000220
6.521000,0.000536
6.522000,-0.000096
6.523000,0.000220
6.524000,-0.000096
6.525000,-0.000096
6.526000,0.000220
6.527000,0.000220
6.528000,0.000536
6.529000,0.000220
6.530000,0.000536
6.531000,-0.000096
6.532000,-0.000096
6.533000,0.000220
6.534000,-0.000096
6.535000,0.000220
6.536000,0.000220
6.537000,-0.000096
6.538000,0.000220
6.539000,0.000220
6.540000,-0.000096
6.541000,-0.000096
6.542000,-0.000096
6.543000,-0.000096
6.544000,-0.000096
6.545000,-0.000096
6.546000,-0.000096
6.547000,-0.000413
6.548000,0.000220
6.549000,0.000220
6.550000,-0.000096
6.551000,-0.000096
6.552000,-0.000096
6.553000,0.000220
6.554000,-0.000096
6.555000,-0.000096
6.556000,0.000536
6.557000,-0.000096
6.558000,-0.000096
6.559000,0.000220
6.560000,0.000220
6.561000,0.000220
6.562000,-0.000096
6.563000,-0.000096
6.564000,-0.000096
6.565000,-0.000413
6.566000,-0.000096
6.567000,0.000220
6.568000,0.000220
6.569000,-0.000096
6.570000,-0.000096
6.571000,0.000220
6.572000,-0.000096
6.573000,0.000220
6.574000,-0.000413
6.575000,-0.000413
6.576000,0.000536
6.577000,0.000220
6.578000,-0.000096
6.579000,0.000220
6.580000,-0.000096
6.581000,-0.000096
6.582000,0.000220
6.583000,-0.000096
6.584000,-0.000096
6.585000,-0.000096
6.586000,0.000220
6.587000,0.000220
6.588000,0.000220
6.589000,0.000220
6.590000,-0.000096
6.591000,-0.000096
6.592000,0.000220
6.593000,-0.000096
6.594000,-0.000096
6.595000,0.000536
6.596000,-0.000096
6.597000,-0.000096
6.598000,0.000220
6.599000,-0.000096
6.600000,0.000220
6.601000,-0.000096
6.602000,0.000220
6.603000,0.000536
6.604000,-0.000096
6.605000,-0.000096
6.606000,-0.000096
6.607000,0.000220
6.608000,0.000220
6.609000,0.000220
6.610000,0.000220
6.611000,0.000536
6.612000,0.000220
6.613000,-0.000096
6.614000,0.000220
6.615000,-0.000729
6.616000,-0.000096
6.617000,-0.000096
6.618000,0.000220
6.619000,-0.000096
6.620000,0.000220
6.621000,0.000536
6.622000,0.000220
6.623000,0.000220
6.624000,0.000536
6.625000,-0.000096
6.626000,0.000220
6.627000,-0.000096
6.628000,-0.000096
6.629000,0.000220
6.630000,0.000220
6.631000,-0.000096
6.632000,0.000220
6.633000,0.000536
6.634000,-0.000096
6.635000,0.000220
6.636000,0.000220
6.637000,0.000220
6.638000,-0.000096
6.639000,0.000220
6.640000,0.000536
6.641000,-0.000096
6.642000,-0.000096
6.643000,0.000220
6.644000,0.000220
6.645000,0.000220
6.646000,0.000220
6.647000,0.000536
6.648000,-0.000096
6.649000,-0.000096
6.650000,-0.000096
6.651000,0.000220
6.652000,-0.000096
6.653000,0.000220
6.654000,0.000220
6.655000,-0.000096
6.656000,-0.000096
6.657000,0.000536
6.658000,-0.000096
6.659000,0.000536
6.660000,-0.000096
6.661000,0.000220
6.662000,-0.000096
6.663000,0.000220
6.664000,-0.000096
6.665000,0.000220
6.666000,-0.000096
6.667000,-0.000096
6.668000,0.000536
6.669000,0.000220
6.670000,0.000536
6.671000,-0.000096
6.672000,-0.000096
6.673000,0.000220
6.674000,-0.000096
6.675000,-0.000413
6.676000,0.000220
6.677000,0.000220
6.678000,-0.000096
6.679000,0.000220
6.680000,0.000220
6.681000,-0.000096
6.682000,-0.000096
6.683000,0.000220
6.684000,-0.000096
6.685000,-0.000096
6.686000,-0.000096
6.687000,0.000220
6.688000,-0.000096
6.689000,0.000220
6.690000,-0.000096
6.691000,0.000220
6.692000,-0.000096
6.693000,-0.000096
6.694000,0.000536
6.695000,-0.000413
6.696000,0.000220
6.697000,-0.000096
6.698000,-0.000096
6.699000,-0.000096
6.700000,0.000220
6.701000,-0.000096
6.702000,-0.000096
6.703000,-0.000096
6.704000,-0.000096
6.705000,0.000536
6.706000,-0.000096
6.707000,-0.000096
6.708000,0.000220
6.709000,-0.000096
6.710000,-0.000096
6.711000,-0.000096
6.712000,0.000220
6.713000,0.000220
6.714000,-0.000096
6.715000,0.000220
6.716000,0.000536
6.717000,-0.000096
6.718000,-0.000096
6.719000,-0.000096
6.720000,-0.000096
6.721000,0.000536
6.722000,0.000220
6.723000,-0.000096
6.724000,-0.000096
6.725000,0.000220
6.726000,0.000220
6.727000,-0.000096
6.728000,-0.000096
6.729000,0.000220
6.730000,-0.000096
6.731000,0.000220
6.732000,-0.000096
6.733000,-0.000096
6.734000,0.000536
6.735000,0.000220
6.736000,0.000536
6.737000,-0.000096
6.738000,0.000220
6.739000,-0.000096
6.740000,0.000536
6.741000,0.000536
6.742000,0.000220
6.743000,-0.000096
6.744000,-0.000096
6.745000,-0.000096
6.746000,0.000536
6.747000,0.000220
6.748000,0.000220
6.749000,0.000220
6.750000,-0.000413
6.751000,-0.000096
6.752000,-0.000096
6.753000,-0.000096
6.754000,-0.000096
6.755000,0.000220
6.756000,0.000220
6.757000,-0.000096
6.758000,0.000220
6.759000,-0.000096
6.760000,-0.000096
6.761000,-0.000413
6.762000,-0.000096
6.763000,-0.000096
6.764000,0.000220
6.765000,-0.000096
6.766000,0.000220
6.767000,0.000220
6.768000,0.000536
6.769000,-0.000413
6.770000,0.000536
6.771000,0.000220
6.772000,-0.000096
6.773000,0.000220
6.774000,-0.000096
6.775000,0.000536
6.776000,-0.000096
6.777000,0.000220
6.778000,0.000853
6.779000,-0.000096
6.780000,0.000536
6.781000,0.000220
6.782000,-0.000096
6.783000,0.000220
6.784000,-0.000096
6.785000,-0.000413
6.786000,0.000220
6.787000,0.000220
6.788000,-0.000096
6.789000,-0.000096
6.790000,0.000220
6.791000,0.000220
6.792000,-0.000096
6.793000,0.000220
6.794000,-0.000096
6.795000,-0.000096
6.796000,0.000220
6.797000,0.000536
6.798000,0.000536
6.799000,0.000220
6.800000,-0.000096
6.801000,0.000536
6.802000,0.000220
6.803000,-0.000413
6.804000,-0.000096
6.805000,0.000853
6.806000,-0.000096
6.807000,0.000220
6.808000,-0.000096
6.809000,-0.000096
6.810000,-0.000096
6.811000,-0.000096
6.812000,0.000536
6.813000,-0.000096
6.814000,-0.000096
6.815000,0.000536
6.816000,0.000220
6.817000,0.000220
6.818000,-0.000096
6.819000,-0.000096
6.820000,0.000220
6.821000,0.000536
6.822000,-0.000096
6.823000,0.000536
6.824000,0.000220
6.825000,-0.000096
6.826000,0.000220
6.827000,0.000220
6.828000,-0.000096
6.829000,0.000220
6.830000,0.000220
6.831000,0.000220
6.832000,-0.000096
6.833000,0.000220
6.834000,-0.000096
6.835000,0.000536
6.836000,-0.000096
6.837000,-0.000096
6.838000,-0.000096
6.839000,-0.000096
6.840000,-0.000096
6.841000,0.000220
6.842000,0.000220
6.843000,0.000220
6.844000,0.000220
6.845000,0.000220
6.846000,-0.000096
6.847000,-0.000096
6.848000,0.000220
6.849000,-0.000096
6.850000,0.000220
6.851000,-0.000096
6.852000,-0.000096
6.853000,0.000536
6.854000,0.000536
6.855000,-0.000096
6.856000,-0.000096
6.857000,-0.000096
6.858000,-0.000096
6.859000,0.000536
6.860000,-0.000096
6.861000,0.000536
6.862000,-0.000096
6.863000,0.000220
6.864000,-0.000096
6.865000,-0.000413
6.866000,0.000536
6.867000,0.000536
6.868000,0.000220
6.869000,-0.000096
6.870000,-0.000096
6.871000,0.000220
6.872000,-0.000096
6.873000,0.000536
6.874000,0.000220
6.875000,-0.000096
6.876000,-0.000413
6.877000,0.000220
6.878000,-0.000096
6.879000,-0.000096
6.880000,0.000220
6.881000,0.000220
6.882000,0.000536
6.883000,0.000220
6.884000,0.000220
6.885000,0.000220
6.886000,-0.000096
6.887000,0.000536
6.888000,-0.000096
6.889000,0.000220
6.890000,-0.000096
6.891000,0.000536
6.892000,0.000220
6.893000,0.000220
6.894000,0.000220
6.895000,0.000220
6.896000,-0.000096
6.897000,0.000220
6.898000,-0.000096
6.899000,0.000220
6.900000,0.000220
6.901000,-0.000096
6.902000,-0.000096
6.903000,0.000220
6.904000,0.000220
6.905000,-0.000096
6.906000,0.000536
6.907000,-0.000413
6.908000,-0.000096
6.909000,0.000220
6.910000,-0.000096
6.911000,-0.000096
6.912000,0.000220
6.913000,-0.000096
6.914000,0.000220
6.915000,-0.000096
6.916000,-0.000096
6.917000,-0.000096
6.918000,0.000220
6.919000,-0.000096
6.920000,0.000536
6.921000,0.000220
6.922000,0.000220
6.923000,0.000220
6.924000,-0.000096
6.925000,-0.000096
6.926000,-0.000096
6.927000,-0.000096
6.928000,-0.000096
6.929000,-0.000096
6.930000,0.000220
6.931000,-0.000096
6.932000,0.000536
6.933000,0.000220
6.934000,0.000220
6.935000,-0.000096
6.936000,-0.000096
6.937000,0.000220
6.938000,0.000220
6.939000,0.000220
6.940000,-0.000096
6.941000,0.000220
6.942000,0.000853
6.943000,0.000536
6.944000,0.000536
6.945000,0.000220
6.946000,0.000220
6.947000,0.000220
6.948000,0.000220
6.949000,0.000220
6.950000,-0.000096
6.951000,-0.000096
6.952000,0.000536
6.953000,0.000220
6.954000,-0.000096
6.955000,0.000536
6.956000,0.000536
6.957000,-0.000096
6.958000,-0.000096
6.959000,-0.000096
6.960000,-0.000413
6.961000,0.000220
6.962000,0.000220
6.963000,0.000853
6.964000,-0.000096
6.965000,0.000220
6.966000,0.000220
6.967000,-0.000096
6.968000,0.000220
6.969000,-0.000096
6.970000,0.000220
6.971000,-0.000096
6.972000,-0.000096
6.973000,-0.000096
6.974000,0.000536
6.975000,0.000536
6.976000,-0.000096
6.977000,0.000220
6.978000,-0.000096
6.979000,-0.000096
6.980000,0.000536
6.981000,0.000220
6.982000,-0.000096
6.983000,-0.000096
6.984000,0.000220
6.985000,0.000853
6.986000,0.000220
6.987000,0.000220
6.988000,0.000220
6.989000,0.000220
6.990000,-0.000413
6.991000,-0.000096
6.992000,0.000536
6.993000,-0.000096
6.994000,0.000220
6.995000,-0.000413
6.996000,-0.000096
6.997000,0.000220
6.998000,0.000220
6.999000,-0.000096
7.000000,-0.000096
7.001000,0.000220
7.002000,0.000220
7.003000,0.000536
7.004000,0.000220
7.005000,-0.000096
7.006000,-0.000096
7.007000,-0.000413
7.008000,0.000536
7.009000,0.000220
7.010000,-0.000096
7.011000,-0.000096
7.012000,0.000220
7.013000,0.000220
7.014000,-0.000096
7.015000,0.000220
7.016000,-0.000096
7.017000,-0.000096
7.018000,0.000220
7.019000,-0.000413
7.020000,0.000536
7.021000,-0.000096
7.022000,0.000536
7.023000,-0.000413
7.024000,0.000220
7.025000,0.000220
7.026000,0.000536
7.027000,0.000536
7.028000,-0.000096
7.029000,0.000536
7.030000,0.000536
7.031000,0.000536
7.032000,0.000220
7.033000,-0.000096
7.034000,0.000220
7.035000,0.000536
7.036000,-0.000096
7.037000,-0.000096
7.038000,0.000220
7.039000,0.000220
7.040000,0.000220
7.041000,0.000536
7.042000,0.000220
7.043000,0.000220
7.044000,0.000220
7.045000,-0.000096
7.046000,-0.000096
7.047000,-0.000096
7.048000,0.000853
7.049000,0.000220
7.050000,-0.000096
7.051000,0.000220
7.052000,0.000220
7.053000,-0.000096
7.054000,0.000220
7.055000,0.000220
7.056000,-0.000096
7.057000,-0.000096
7.058000,0.000220
7.059000,0.000536
7.060000,0.000220
7.061000,-0.000096
7.062000,-0.000096
7.063000,-0.000096
7.064000,0.000536
7.065000,0.000220
7.066000,0.000220
7.067000,-0.000096
7.068000,0.000220
7.069000,0.000220
7.070000,0.000220
7.071000,0.000220
7.072000,-0.000096
7.073000,-0.000096
7.074000,0.000220
7.075000,-0.000096
7.076000,0.000220
7.077000,-0.000413
7.078000,0.000220
7.079000,-0.000096
7.080000,-0.000096
7.081000,-0.000096
7.082000,-0.000096
7.083000,0.000536
7.084000,0.000220
7.085000,0.000220
7.086000,-0.000096
7.087000,-0.000096
7.088000,-0.000096
7.089000,0.000536
7.090000,0.000536
7.091000,-0.000096
7.092000,0.000536
7.093000,0.000220
7.094000,-0.000096
7.095000,0.000220
7.096000,-0.000096
7.097000,-0.000096
7.098000,0.000220
7.099000,-0.000096
7.100000,0.000536
7.101000,-0.000413
7.102000,-0.000096
7.103000,0.000220
7.104000,-0.000096
7.105000,0.000536
7.106000,-0.000096
7.107000,0.000220
7.108000,0.000220
7.109000,-0.000096
7.110000,0.000220
7.111000,0.000220
7.112000,0.000536
7.113000,-0.000096
7.114000,-0.000096
7.115000,-0.000096
7.116000,0.000220
7.117000,-0.000413
7.118000,0.000220
7.119000,0.000536
7.120000,0.000536
7.121000,0.000220
7.122000,0.000536
7.123000,-0.000096
7.124000,0.000220
7.125000,0.000536
7.126000,0.000220
7.127000,-0.000096
7.128000,0.000220
7.129000,0.000536
7.130000,0.000220
7.131000,-0.000096
7.132000,-0.000096
7.133000,0.000220
7.134000,-0.000096
7.135000,-0.000096
7.136000,0.000220
7.137000,0.000536
7.138000,0.000220
7.139000,0.000536
7.140000,0.000220
7.141000,-0.000096
7.142000,-0.000096
7.143000,0.000220
7.144000,-0.000096
7.145000,-0.000096
7.146000,0.000220
7.147000,0.000536
7.148000,-0.000096
7.149000,0.000220
7.150000,0.000220
7.151000,0.000220
7.152000,-0.000413
7.153000,-0.000096
7.154000,0.000536
7.155000,0.000220
7.156000,-0.000096
