Time (s),AIN0-AIN1 (V)
0.000000,-0.000413
0.001000,-0.000096
0.002000,-0.000096
0.003000,0.000220
0.004000,0.000220
0.005000,-0.000096
0.006000,-0.000096
0.007000,-0.000096
0.008000,-0.000096
0.009000,-0.000096
0.010000,-0.000413
0.011000,-0.000096
0.012000,-0.000096
0.013000,-0.000413
0.014000,-0.000413
0.015000,-0.000096
0.016000,-0.000413
0.017000,-0.000096
0.018000,-0.000413
0.019000,-0.000413
0.020000,0.000220
0.021000,0.000220
0.022000,-0.000096
0.023000,-0.000096
0.024000,-0.000096
0.025000,-0.000096
0.026000,-0.000096
0.027000,0.000220
0.028000,-0.000096
0.029000,-0.000096
0.030000,-0.000096
0.031000,-0.000096
0.032000,-0.000729
0.033000,0.000220
0.034000,-0.000413
0.035000,-0.000096
0.036000,-0.000413
0.037000,0.000220
0.038000,-0.000096
0.039000,-0.000096
0.040000,-0.000096
0.041000,-0.000096
0.042000,-0.000096
0.043000,-0.000096
0.044000,-0.000096
0.045000,-0.000096
0.046000,-0.000096
0.047000,-0.000413
0.048000,-0.000096
0.049000,-0.000413
0.050000,-0.000096
0.051000,-0.000096
0.052000,-0.000096
0.053000,-0.000096
0.054000,-0.000413
0.055000,-0.000096
0.056000,-0.000413
0.057000,-0.000096
0.058000,-0.000413
0.059000,-0.000096
0.060000,-0.000096
0.061000,-0.000096
0.062000,-0.000413
0.063000,-0.000413
0.064000,-0.000096
0.065000,-0.000096
0.066000,-0.000096
0.067000,-0.000096
0.068000,-0.000413
0.069000,-0.000413
0.070000,-0.000096
0.071000,-0.000096
0.072000,0.000220
0.073000,-0.000413
0.074000,-0.000096
0.075000,-0.000096
0.076000,-0.000729
0.077000,-0.000413
0.078000,-0.000096
0.079000,0.000220
0.080000,0.000536
0.081000,-0.000413
0.082000,-0.000096
0.083000,-0.000096
0.084000,-0.000096
0.085000,-0.000729
0.086000,-0.000096
0.087000,-0.000096
0.088000,-0.000413
0.089000,-0.000413
0.090000,-0.000413
0.091000,-0.000096
0.092000,-0.000096
0.093000,-0.000413
0.094000,-0.000413
0.095000,-0.000096
0.096000,-0.000413
0.097000,-0.000413
0.098000,-0.000096
0.099000,-0.000413
0.100000,-0.000096
0.101000,-0.000096
0.102000,-0.000096
0.103000,-0.000413
0.104000,-0.000096
0.105000,-0.000729
0.106000,-0.000096
0.107000,-0.000096
0.108000,0.000220
0.109000,-0.000096
0.110000,-0.000096
0.111000,-0.000096
0.112000,-0.000096
0.113000,-0.000413
0.114000,-0.000096
0.115000,-0.000096
0.116000,-0.000096
0.117000,-0.000096
0.118000,-0.000096
0.119000,-0.000096
0.120000,0.000220
0.121000,0.000220
0.122000,-0.000413
0.123000,0.000220
0.124000,-0.000096
0.125000,-0.000413
0.126000,-0.000096
0.127000,-0.000096
0.128000,0.000220
0.129000,-0.000096
0.130000,0.000220
0.131000,-0.000413
0.132000,-0.000096
0.133000,-0.000096
0.134000,-0.000096
0.135000,-0.000096
0.136000,-0.000413
0.137000,-0.000096
0.138000,-0.000096
0.139000,-0.000096
0.140000,-0.000096
0.141000,-0.000096
0.142000,-0.000096
0.143000,-0.000413
0.144000,0.000220
0.145000,-0.000729
0.146000,-0.000096
0.147000,-0.000096
0.148000,-0.000096
0.149000,-0.000096
0.150000,-0.000096
0.151000,-0.000096
0.152000,0.000536
0.153000,-0.000413
0.154000,-0.000096
0.155000,-0.000413
0.156000,-0.000096
0.157000,-0.000096
0.158000,0.000220
0.159000,-0.000096
0.160000,-0.000413
0.161000,-0.000096
0.162000,-0.000096
0.163000,-0.000096
0.164000,0.000220
0.165000,0.000220
0.166000,-0.000413
0.167000,-0.000096
0.168000,-0.000096
0.169000,-0.000413
0.170000,-0.000096
0.171000,-0.000096
0.172000,-0.000096
0.173000,-0.000096
0.174000,-0.000096
0.175000,-0.000096
0.176000,-0.000413
0.177000,-0.000096
0.178000,0.000220
0.179000,-0.000096
0.180000,-0.000413
0.181000,-0.000413
0.182000,-0.000096
0.183000,-0.000096
0.184000,-0.000096
0.185000,-0.000413
0.186000,-0.000413
0.187000,-0.000096
0.188000,0.000220
0.189000,-0.000096
0.190000,-0.000096
0.191000,-0.000096
0.192000,-0.000413
0.193000,-0.000413
0.194000,-0.000413
0.195000,-0.000096
0.196000,-0.000096
0.197000,-0.000729
0.198000,-0.000096
0.199000,-0.000096
0.200000,-0.000096
0.201000,-0.000096
0.202000,-0.000413
0.203000,-0.000096
0.204000,-0.000096
0.205000,-0.000413
0.206000,-0.000096
0.207000,-0.000413
0.208000,-0.000413
0.209000,-0.000096
0.210000,-0.000096
0.211000,0.000220
0.212000,-0.000413
0.213000,-0.000096
0.214000,-0.000096
0.215000,-0.000096
0.216000,0.000220
0.217000,-0.000096
0.218000,-0.000096
0.219000,-0.000096
0.220000,-0.000096
0.221000,-0.000096
0.222000,-0.000729
0.223000,0.000220
0.224000,-0.000096
0.225000,-0.000096
0.226000,-0.000096
0.227000,-0.000096
0.228000,0.000220
0.229000,-0.000096
0.230000,0.000220
0.231000,-0.000096
0.232000,-0.000096
0.233000,-0.000413
0.234000,-0.000096
0.235000,-0.000096
0.236000,-0.000413
0.237000,-0.000413
0.238000,-0.000096
0.239000,-0.000096
0.240000,-0.000729
0.241000,-0.000096
0.242000,-0.000096
0.243000,-0.000096
0.244000,-0.000096
0.245000,-0.000413
0.246000,0.000536
0.247000,-0.000096
0.248000,-0.000096
0.249000,-0.000096
0.250000,-0.000413
0.251000,-0.000096
0.252000,-0.000413
0.253000,-0.000096
0.254000,-0.000096
0.255000,-0.000096
0.256000,-0.000096
0.257000,-0.000413
0.258000,-0.000096
0.259000,-0.000413
0.260000,-0.000096
0.261000,0.000220
0.262000,-0.000096
0.263000,-0.000413
0.264000,-0.000096
0.265000,-0.000096
0.266000,-0.000096
0.267000,-0.000096
0.268000,-0.000096
0.269000,-0.000096
0.270000,-0.000729
0.271000,-0.000413
0.272000,-0.000096
0.273000,-0.000413
0.274000,-0.000096
0.275000,-0.000096
0.276000,-0.000096
0.277000,-0.000096
0.278000,0.000220
0.279000,-0.000413
0.280000,-0.000096
0.281000,-0.000096
0.282000,-0.000413
0.283000,-0.000096
0.284000,-0.000413
0.285000,-0.000413
0.286000,-0.000096
0.287000,-0.000413
0.288000,0.000220
0.289000,-0.000413
0.290000,-0.000096
0.291000,-0.000096
0.292000,-0.000096
0.293000,-0.000096
0.294000,-0.000096
0.295000,0.000220
0.296000,-0.000096
0.297000,0.000220
0.298000,-0.000096
0.299000,-0.000096
0.300000,-0.000096
0.301000,-0.000413
0.302000,-0.000096
0.303000,-0.000096
0.304000,-0.000413
0.305000,-0.000729
0.306000,-0.000413
0.307000,-0.000096
0.308000,-0.000413
0.309000,-0.000413
0.310000,-0.000096
0.311000,-0.000096
0.312000,0.000220
0.313000,0.000220
0.314000,-0.000096
0.315000,-0.000096
0.316000,-0.000096
0.317000,-0.000096
0.318000,-0.000413
0.319000,-0.000096
0.320000,-0.000096
0.321000,-0.000096
0.322000,-0.000096
0.323000,0.000220
0.324000,-0.000413
0.325000,-0.000096
0.326000,-0.000096
0.327000,-0.000096
0.328000,0.000220
0.329000,-0.000096
0.330000,0.000220
0.331000,-0.000096
0.332000,-0.000096
0.333000,-0.000413
0.334000,-0.000096
0.335000,-0.000413
0.336000,-0.000096
0.337000,-0.000096
0.338000,-0.000413
0.339000,-0.000096
0.340000,-0.000096
0.341000,-0.000096
0.342000,-0.000413
0.343000,-0.000096
0.344000,-0.000096
0.345000,-0.000413
0.346000,-0.000096
0.347000,-0.000413
0.348000,-0.000096
0.349000,-0.000096
0.350000,-0.000096
0.351000,-0.000096
0.352000,-0.000096
0.353000,-0.000096
0.354000,-0.000096
0.355000,0.000220
0.356000,-0.000096
0.357000,0.000220
0.358000,0.000220
0.359000,-0.000096
0.360000,-0.000413
0.361000,0.000220
0.362000,-0.000413
0.363000,0.000220
0.364000,-0.000729
0.365000,0.000536
0.366000,-0.000096
0.367000,-0.000096
0.368000,-0.000096
0.369000,0.000220
0.370000,-0.000413
0.371000,-0.000413
0.372000,-0.000096
0.373000,-0.000096
0.374000,0.000220
0.375000,-0.000096
0.376000,-0.000413
0.377000,-0.000096
0.378000,-0.000096
0.379000,-0.000413
0.380000,0.000220
0.381000,-0.000096
0.382000,0.000536
0.383000,-0.000096
0.384000,-0.000413
0.385000,-0.000096
0.386000,-0.000413
0.387000,0.000220
0.388000,-0.000096
0.389000,-0.000096
0.390000,-0.000096
0.391000,-0.000096
0.392000,-0.000096
0.393000,-0.000413
0.394000,-0.000729
0.395000,-0.000096
0.396000,-0.000413
0.397000,0.000220
0.398000,-0.000096
0.399000,-0.000096
0.400000,-0.000096
0.401000,0.000220
0.402000,-0.000413
0.403000,-0.000096
0.404000,-0.000096
0.405000,-0.000413
0.406000,-0.000096
0.407000,-0.000096
0.408000,-0.000096
0.409000,-0.000413
0.410000,-0.000096
0.411000,-0.000096
0.412000,0.000220
0.413000,-0.000096
0.414000,0.000220
0.415000,-0.000096
0.416000,-0.000096
0.417000,-0.000096
0.418000,-0.000413
0.419000,-0.000096
0.420000,-0.000096
0.421000,-0.000413
0.422000,-0.000096
0.423000,-0.000096
0.424000,-0.000096
0.425000,-0.000729
0.426000,-0.000413
0.427000,0.000220
0.428000,-0.000413
0.429000,-0.000096
0.430000,-0.000096
0.431000,0.000220
0.432000,-0.000096
0.433000,-0.000096
0.434000,-0.000096
0.435000,-0.000413
0.436000,-0.000096
0.437000,-0.000096
0.438000,-0.000096
0.439000,0.000220
0.440000,-0.000096
0.441000,-0.000096
0.442000,0.000220
0.443000,0.000220
0.444000,-0.000413
0.445000,-0.000096
0.446000,-0.000096
0.447000,0.000220
0.448000,-0.000096
0.449000,-0.000096
0.450000,-0.000096
0.451000,-0.000413
0.452000,-0.000096
0.453000,-0.000096
0.454000,-0.000096
0.455000,-0.000096
0.456000,-0.000413
0.457000,-0.000096
0.458000,-0.000096
0.459000,-0.000413
0.460000,-0.000729
0.461000,-0.000096
0.462000,-0.000096
0.463000,0.000220
0.464000,-0.000096
0.465000,-0.000096
0.466000,-0.000096
0.467000,-0.000096
0.468000,-0.000096
0.469000,-0.000413
0.470000,-0.000413
0.471000,-0.000096
0.472000,-0.000096
0.473000,-0.000413
0.474000,-0.000096
0.475000,-0.000096
0.476000,-0.000096
0.477000,0.000220
0.478000,-0.000096
0.479000,-0.000096
0.480000,-0.000413
0.481000,-0.000096
0.482000,0.000220
0.483000,-0.000096
0.484000,-0.000413
0.485000,-0.000096
0.486000,-0.000413
0.487000,-0.000096
0.488000,-0.000096
0.489000,-0.000096
0.490000,0.000220
0.491000,-0.000096
0.492000,-0.000096
0.493000,0.000220
0.494000,-0.000096
0.495000,-0.000096
0.496000,-0.000729
0.497000,-0.000096
0.498000,-0.000096
0.499000,-0.000096
0.500000,0.000220
0.501000,-0.000413
0.502000,-0.000096
0.503000,-0.000413
0.504000,0.000220
0.505000,-0.000096
0.506000,-0.000096
0.507000,-0.000413
0.508000,-0.000096
0.509000,-0.000413
0.510000,-0.000413
0.511000,-0.000096
0.512000,-0.000096
0.513000,-0.000096
0.514000,-0.000096
0.515000,-0.000096
0.516000,-0.000096
0.517000,-0.000096
0.518000,0.000220
0.519000,-0.000096
0.520000,0.000220
0.521000,-0.000413
0.522000,-0.000096
0.523000,-0.000413
0.524000,-0.000096
0.525000,0.000220
0.526000,-0.000096
0.527000,-0.000096
0.528000,-0.000729
0.529000,-0.000096
0.530000,-0.000096
0.531000,-0.000096
0.532000,-0.000096
0.533000,0.000220
0.534000,-0.000096
0.535000,-0.000096
0.536000,-0.000096
0.537000,-0.000096
0.538000,-0.000096
0.539000,-0.000096
0.540000,-0.000096
0.541000,-0.000096
0.542000,-0.000096
0.543000,-0.000096
0.544000,-0.000096
0.545000,-0.000096
0.546000,-0.000096
0.547000,-0.000096
0.548000,-0.000096
0.549000,0.000220
0.550000,-0.000096
0.551000,-0.000096
0.552000,-0.000096
0.553000,-0.000096
0.554000,-0.000096
0.555000,-0.000096
0.556000,-0.000096
0.557000,0.000220
0.558000,-0.000096
0.559000,-0.000096
0.560000,-0.000413
0.561000,0.000220
0.562000,-0.000413
0.563000,0.000536
0.564000,-0.000413
0.565000,-0.000096
0.566000,-0.000096
0.567000,-0.000413
0.568000,-0.000096
0.569000,-0.000096
0.570000,-0.000413
0.571000,-0.000413
0.572000,0.000220
0.573000,-0.000096
0.574000,-0.000096
0.575000,-0.000096
0.576000,-0.000096
0.577000,0.000536
0.578000,-0.000413
0.579000,-0.000096
0.580000,-0.000729
0.581000,-0.000096
0.582000,0.000220
0.583000,-0.000413
0.584000,-0.000413
0.585000,-0.000729
0.586000,-0.000096
0.587000,0.000220
0.588000,-0.000413
0.589000,-0.000096
0.590000,-0.000096
0.591000,-0.000096
0.592000,-0.000096
0.593000,-0.000096
0.594000,-0.000096
0.595000,-0.000413
0.596000,-0.000413
0.597000,0.000220
0.598000,-0.000096
0.599000,-0.000413
0.600000,-0.000096
0.601000,-0.000096
0.602000,-0.000413
0.603000,-0.000729
0.604000,-0.000096
0.605000,-0.000413
0.606000,-0.000096
0.607000,-0.000096
0.608000,-0.000096
0.609000,-0.000096
0.610000,0.000220
0.611000,0.000220
0.612000,-0.000096
0.613000,-0.000096
0.614000,0.000220
0.615000,-0.000413
0.616000,-0.000096
0.617000,-0.000096
0.618000,-0.000096
0.619000,-0.000096
0.620000,-0.000413
0.621000,-0.000729
0.622000,-0.000413
0.623000,-0.000096
0.624000,0.000220
0.625000,-0.000413
0.626000,-0.000096
0.627000,-0.000096
0.628000,-0.000096
0.629000,-0.000096
0.630000,-0.000096
0.631000,-0.000096
0.632000,-0.000096
0.633000,-0.000096
0.634000,-0.000096
0.635000,-0.000413
0.636000,0.000220
0.637000,-0.000096
0.638000,-0.000413
0.639000,-0.000096
0.640000,-0.000096
0.641000,-0.000096
0.642000,-0.000096
0.643000,-0.000413
0.644000,-0.000413
0.645000,-0.000096
0.646000,-0.000096
0.647000,-0.000096
0.648000,-0.000413
0.649000,0.000220
0.650000,-0.000096
0.651000,0.000220
0.652000,-0.000096
0.653000,-0.000096
0.654000,-0.000413
0.655000,-0.000096
0.656000,0.000220
0.657000,-0.000096
0.658000,-0.000096
0.659000,-0.000096
0.660000,-0.000096
0.661000,0.000220
0.662000,-0.000096
0.663000,-0.000413
0.664000,-0.000096
0.665000,0.000220
0.666000,-0.000413
0.667000,-0.000096
0.668000,0.000220
0.669000,-0.000413
0.670000,-0.000729
0.671000,0.000220
0.672000,-0.000096
0.673000,-0.000413
0.674000,-0.000096
0.675000,-0.000096
0.676000,-0.000096
0.677000,-0.000096
0.678000,-0.000413
0.679000,-0.000096
0.680000,-0.000413
0.681000,-0.000413
0.682000,-0.000096
0.683000,-0.000413
0.684000,-0.000096
0.685000,-0.000729
0.686000,-0.000096
0.687000,-0.000096
0.688000,-0.000096
0.689000,-0.000413
0.690000,-0.000729
0.691000,0.000220
0.692000,-0.000096
0.693000,-0.000413
0.694000,-0.000096
0.695000,-0.000096
0.696000,-0.000096
0.697000,-0.000096
0.698000,-0.000096
0.699000,0.000220
0.700000,-0.000096
0.701000,-0.000096
0.702000,-0.000096
0.703000,-0.000096
0.704000,-0.000096
0.705000,-0.000096
0.706000,-0.000096
0.707000,-0.000096
0.708000,-0.000096
0.709000,0.000220
0.710000,-0.000096
0.711000,-0.000096
0.712000,-0.000096
0.713000,-0.000096
0.714000,-0.000096
0.715000,-0.000096
0.716000,0.000220
0.717000,-0.000096
0.718000,-0.000413
0.719000,-0.000413
0.720000,0.000220
0.721000,-0.000096
0.722000,0.000220
0.723000,-0.000413
0.724000,-0.000413
0.725000,-0.000096
0.726000,0.000220
0.727000,0.000220
0.728000,-0.000096
0.729000,-0.000096
0.730000,-0.000729
0.731000,-0.000413
0.732000,-0.000413
0.733000,-0.000413
0.734000,-0.000729
0.735000,-0.000096
0.736000,-0.000413
0.737000,-0.000096
0.738000,-0.000729
0.739000,-0.000096
0.740000,-0.000413
0.741000,-0.000096
0.742000,-0.000096
0.743000,-0.000096
0.744000,-0.000096
0.745000,-0.000096
0.746000,-0.000096
0.747000,-0.000096
0.748000,0.000220
0.749000,-0.000096
0.750000,-0.000413
0.751000,0.000220
0.752000,-0.000413
0.753000,0.000220
0.754000,-0.000096
0.755000,-0.000096
0.756000,-0.000413
0.757000,-0.000096
0.758000,-0.000413
0.759000,-0.000413
0.760000,-0.000096
0.761000,-0.000096
0.762000,-0.000096
0.763000,-0.000096
0.764000,0.000536
0.765000,-0.000096
0.766000,-0.000096
0.767000,-0.000096
0.768000,-0.000413
0.769000,-0.000729
0.770000,-0.000413
0.771000,-0.000096
0.772000,0.000220
0.773000,0.000220
0.774000,-0.000413
0.775000,-0.000096
0.776000,-0.000096
0.777000,0.000220
0.778000,-0.000413
0.779000,-0.000096
0.780000,-0.000096
0.781000,-0.000413
0.782000,0.000220
0.783000,-0.000096
0.784000,-0.000096
0.785000,-0.000096
0.786000,-0.000413
0.787000,-0.000729
0.788000,-0.000096
0.789000,-0.000096
0.790000,-0.000096
0.791000,-0.000096
0.792000,-0.000413
0.793000,-0.000096
0.794000,-0.000096
0.795000,-0.000413
0.796000,-0.000096
0.797000,-0.000413
0.798000,-0.000096
0.799000,-0.000096
0.800000,-0.000096
0.801000,-0.000729
0.802000,-0.000096
0.803000,-0.000413
0.804000,-0.000096
0.805000,-0.000413
0.806000,-0.000413
0.807000,-0.000096
0.808000,-0.000096
0.809000,-0.000096
0.810000,-0.000096
0.811000,0.000220
0.812000,0.000220
0.813000,-0.000096
0.814000,-0.000413
0.815000,-0.000413
0.816000,-0.000096
0.817000,-0.000096
0.818000,-0.000096
0.819000,-0.000096
0.820000,-0.000096
0.821000,-0.000096
0.822000,-0.000096
0.823000,-0.000096
0.824000,-0.000413
0.825000,-0.000413
0.826000,-0.000096
0.827000,-0.000096
0.828000,-0.000096
0.829000,-0.000096
0.830000,-0.000096
0.831000,-0.000096
0.832000,0.000220
0.833000,-0.000413
0.834000,-0.000096
0.835000,-0.000729
0.836000,-0.000096
0.837000,-0.000096
0.838000,-0.000413
0.839000,-0.000413
0.840000,0.000220
0.841000,-0.000096
0.842000,-0.000096
0.843000,-0.000413
0.844000,-0.000096
0.845000,-0.000096
0.846000,-0.000096
0.847000,-0.000096
0.848000,-0.000413
0.849000,-0.000413
0.850000,-0.000413
0.851000,-0.000096
0.852000,-0.000096
0.853000,-0.000096
0.854000,-0.000096
0.855000,0.000220
0.856000,-0.000729
0.857000,-0.000413
0.858000,-0.000413
0.859000,0.000220
0.860000,-0.000096
0.861000,-0.000096
0.862000,-0.000096
0.863000,-0.000096
0.864000,-0.000413
0.865000,-0.000413
0.866000,-0.000413
0.867000,-0.000096
0.868000,0.000220
0.869000,-0.000413
0.870000,-0.000096
0.871000,-0.000096
0.872000,-0.000413
0.873000,-0.000096
0.874000,-0.000096
0.875000,-0.000413
0.876000,-0.000096
0.877000,-0.000413
0.878000,-0.000096
0.879000,-0.000413
0.880000,0.000220
0.881000,-0.000096
0.882000,0.000220
0.883000,-0.000096
0.884000,-0.000096
0.885000,-0.000096
0.886000,-0.000096
0.887000,0.000220
0.888000,-0.000096
0.889000,-0.000096
0.890000,-0.000096
0.891000,-0.000096
0.892000,-0.000413
0.893000,0.000220
0.894000,-0.000413
0.895000,-0.000096
0.896000,-0.000096
0.897000,-0.000413
0.898000,-0.000096
0.899000,0.000220
0.900000,-0.000413
0.901000,-0.000096
0.902000,0.000220
0.903000,-0.000413
0.904000,-0.000413
0.905000,-0.000096
0.906000,-0.000096
0.907000,-0.000413
0.908000,-0.000729
0.909000,-0.000413
0.910000,-0.000096
0.911000,-0.000413
0.912000,0.000220
0.913000,-0.000413
0.914000,-0.000096
0.915000,-0.000096
0.916000,-0.000413
0.917000,-0.000413
0.918000,-0.000096
0.919000,-0.000096
0.920000,0.000536
0.921000,-0.000096
0.922000,-0.000413
0.923000,-0.000096
0.924000,-0.000096
0.925000,-0.000096
0.926000,-0.000096
0.927000,-0.000096
0.928000,-0.000096
0.929000,-0.000413
0.930000,-0.000096
0.931000,-0.000413
0.932000,0.000536
0.933000,-0.000413
0.934000,-0.000413
0.935000,-0.000096
0.936000,-0.000413
0.937000,0.000220
0.938000,0.000220
0.939000,-0.000096
0.940000,-0.000096
0.941000,-0.000096
0.942000,-0.000096
0.943000,-0.000096
0.944000,-0.000096
0.945000,-0.000096
0.946000,-0.000096
0.947000,-0.000096
0.948000,-0.000096
0.949000,-0.000413
0.950000,-0.000096
0.951000,-0.000096
0.952000,-0.000096
0.953000,-0.000096
0.954000,-0.000413
0.955000,-0.000096
0.956000,-0.000096
0.957000,-0.000096
0.958000,-0.000729
0.959000,-0.000096
0.960000,-0.000096
0.961000,-0.000096
0.962000,-0.000096
0.963000,-0.000413
0.964000,-0.000096
0.965000,-0.000096
0.966000,0.000220
0.967000,-0.000096
0.968000,-0.000096
0.969000,-0.000096
0.970000,-0.000729
0.971000,-0.000096
0.972000,-0.000413
0.973000,0.000220
0.974000,-0.000413
0.975000,-0.000096
0.976000,-0.000096
0.977000,-0.000096
0.978000,-0.000096
0.979000,0.000220
0.980000,-0.000413
0.981000,-0.000413
0.982000,-0.000096
0.983000,-0.000096
0.984000,-0.000096
0.985000,-0.000096
0.986000,-0.000096
0.987000,-0.000729
0.988000,-0.000729
0.989000,-0.000413
0.990000,-0.000096
0.991000,0.000220
0.992000,-0.000096
0.993000,-0.000096
0.994000,-0.000096
0.995000,-0.000096
0.996000,-0.000096
0.997000,-0.000413
0.998000,-0.000096
0.999000,-0.000096
1.000000,-0.000096
1.001000,-0.000096
1.002000,-0.000096
1.003000,-0.000413
1.004000,-0.000096
1.005000,-0.000096
1.006000,-0.000096
1.007000,0.000220
1.008000,-0.000096
1.009000,-0.000096
1.010000,-0.000096
1.011000,-0.000096
1.012000,-0.000413
1.013000,-0.000729
1.014000,-0.000413
1.015000,-0.000096
1.016000,-0.000096
1.017000,0.000220
1.018000,-0.000096
1.019000,-0.000413
1.020000,-0.000096
1.021000,0.000220
1.022000,-0.000096
1.023000,-0.000096
1.024000,-0.000413
1.025000,-0.000413
1.026000,-0.000413
1.027000,0.000220
1.028000,-0.000413
1.029000,-0.000096
1.030000,-0.000096
1.031000,0.000220
1.032000,-0.000413
1.033000,0.000220
1.034000,-0.000096
1.035000,0.000220
1.036000,-0.000413
1.037000,0.000220
1.038000,-0.000096
1.039000,-0.000096
1.040000,-0.000096
1.041000,0.000220
1.042000,-0.000413
1.043000,-0.000096
1.044000,-0.000096
1.045000,-0.000096
1.046000,-0.000096
1.047000,-0.000413
1.048000,-0.000729
1.049000,-0.000096
1.050000,-0.000413
1.051000,-0.000413
1.052000,-0.000729
1.053000,-0.000096
1.054000,-0.000096
1.055000,-0.000096
1.056000,-0.000096
1.057000,-0.000096
1.058000,0.000220
1.059000,-0.000096
1.060000,-0.000096
1.061000,-0.000096
1.062000,-0.000096
1.063000,-0.000096
1.064000,-0.000729
1.065000,-0.000413
1.066000,-0.000096
1.067000,-0.000413
1.068000,-0.000096
1.069000,-0.000096
1.070000,-0.000096
1.071000,-0.000729
1.072000,-0.000096
1.073000,-0.000096
1.074000,-0.000096
1.075000,-0.000096
1.076000,0.000220
1.077000,0.000220
1.078000,-0.000096
1.079000,-0.000096
1.080000,-0.000729
1.081000,-0.000413
1.082000,-0.000096
1.083000,-0.000096
1.084000,0.000220
1.085000,0.000220
1.086000,-0.000096
1.087000,-0.000096
1.088000,-0.000096
1.089000,-0.000413
1.090000,-0.000096
1.091000,-0.000413
1.092000,-0.000096
1.093000,-0.000096
1.094000,0.000536
1.095000,-0.000096
1.096000,-0.000096
1.097000,-0.000096
1.098000,-0.000096
1.099000,-0.000096
1.100000,-0.000096
1.101000,-0.000096
1.102000,0.000220
1.103000,0.000220
1.104000,-0.000413
1.105000,-0.000096
1.106000,-0.000096
1.107000,-0.000096
1.108000,-0.000096
1.109000,-0.000096
1.110000,0.000220
1.111000,0.000220
1.112000,0.000220
1.113000,-0.000096
1.114000,0.000536
1.115000,-0.000413
1.116000,-0.000096
1.117000,-0.000096
1.118000,-0.000096
1.119000,-0.000096
1.120000,-0.000096
1.121000,-0.000096
1.122000,0.000220
1.123000,-0.000413
1.124000,-0.000413
1.125000,-0.000096
1.126000,-0.000096
1.127000,-0.000413
1.128000,0.000220
1.129000,-0.000096
1.130000,-0.000096
1.131000,-0.000096
1.132000,0.000220
1.133000,-0.000096
1.134000,-0.000096
1.135000,-0.000729
1.136000,-0.000413
1.137000,0.000220
1.138000,-0.000413
1.139000,0.000220
1.140000,-0.000096
1.141000,-0.000413
1.142000,-0.000096
1.143000,-0.000096
1.144000,-0.000096
1.145000,-0.000096
1.146000,-0.000096
1.147000,-0.000096
1.148000,0.000220
1.149000,0.000220
1.150000,-0.000096
1.151000,-0.000096
1.152000,-0.000096
1.153000,-0.000096
1.154000,-0.000096
1.155000,-0.000096
1.156000,-0.000413
1.157000,0.000220
1.158000,-0.000096
1.159000,-0.000413
1.160000,-0.000096
1.161000,0.000220
1.162000,-0.000096
1.163000,-0.000096
1.164000,-0.000413
1.165000,-0.000096
1.166000,0.000220
1.167000,-0.000413
1.168000,-0.000096
1.169000,-0.000096
1.170000,0.000220
1.171000,-0.000096
1.172000,0.000220
1.173000,-0.000096
1.174000,-0.000096
1.175000,-0.000096
1.176000,-0.000096
1.177000,-0.000096
1.178000,-0.000413
1.179000,0.000220
1.180000,-0.000096
1.181000,-0.000096
1.182000,-0.000096
1.183000,-0.000096
1.184000,-0.000096
1.185000,-0.000096
1.186000,-0.000413
1.187000,-0.000413
1.188000,-0.000096
1.189000,-0.000096
1.190000,-0.000096
1.191000,-0.000096
1.192000,-0.000413
1.193000,-0.000096
1.194000,-0.000096
1.195000,-0.000096
1.196000,-0.000096
1.197000,-0.000096
1.198000,-0.000413
1.199000,-0.000096
1.200000,-0.000096
1.201000,-0.000096
1.202000,-0.000096
1.203000,-0.000413
1.204000,-0.000096
1.205000,-0.000096
1.206000,-0.000096
1.207000,-0.000096
1.208000,-0.000096
1.209000,0.000220
1.210000,-0.000096
1.211000,-0.000729
1.212000,-0.000729
1.213000,-0.000096
1.214000,-0.000413
1.215000,-0.000096
1.216000,-0.000096
1.217000,-0.000096
1.218000,-0.000413
1.219000,-0.000096
1.220000,-0.000096
1.221000,-0.000413
1.222000,-0.000096
1.223000,0.000220
1.224000,-0.000096
1.225000,-0.000096
1.226000,-0.000096
1.227000,-0.000096
1.228000,-0.000096
1.229000,-0.000096
1.230000,-0.000413
1.231000,-0.000096
1.232000,-0.000096
1.233000,-0.000096
1.234000,-0.000096
1.235000,-0.000096
1.236000,-0.000096
1.237000,-0.000096
1.238000,-0.000096
1.239000,-0.000413
1.240000,-0.000413
1.241000,-0.000096
1.242000,-0.000096
1.243000,-0.000413
1.244000,0.000220
1.245000,-0.000413
1.246000,-0.000096
1.247000,-0.000096
1.248000,0.000536
1.249000,-0.000096
1.250000,-0.000096
1.251000,-0.000413
1.252000,-0.000096
1.253000,0.000220
1.254000,0.000220
1.255000,0.000220
1.256000,-0.000096
1.257000,-0.000096
1.258000,0.000536
1.259000,-0.000096
1.260000,-0.000096
1.261000,-0.000413
1.262000,-0.000096
1.263000,-0.000096
1.264000,-0.000413
1.265000,-0.000413
1.266000,-0.000096
1.267000,-0.000096
1.268000,-0.000096
1.269000,-0.000096
1.270000,-0.000096
1.271000,-0.000413
1.272000,0.000220
1.273000,-0.000096
1.274000,-0.000096
1.275000,-0.000413
1.276000,-0.000096
1.277000,-0.000096
1.278000,-0.000096
1.279000,0.000220
1.280000,-0.000729
1.281000,-0.000096
1.282000,-0.000413
1.283000,-0.000096
1.284000,-0.000413
1.285000,0.000220
1.286000,-0.000096
1.287000,-0.000096
1.288000,-0.000096
1.289000,-0.000096
1.290000,-0.000096
1.291000,-0.000096
1.292000,-0.000096
1.293000,-0.000096
1.294000,0.000220
1.295000,-0.000413
1.296000,-0.000413
1.297000,-0.000096
1.298000,-0.000413
1.299000,-0.000413
1.300000,-0.000096
1.301000,-0.000096
1.302000,-0.001045
1.303000,-0.000729
1.304000,-0.000096
1.305000,-0.000096
1.306000,-0.000096
1.307000,-0.000729
1.308000,-0.000096
1.309000,-0.000096
1.310000,-0.000096
1.311000,-0.000096
1.312000,0.000220
1.313000,-0.000096
1.314000,-0.000096
1.315000,0.000220
1.316000,-0.000096
1.317000,-0.000096
1.318000,0.000220
1.319000,0.000220
1.320000,-0.000413
1.321000,-0.000413
1.322000,-0.000096
1.323000,-0.000096
1.324000,-0.000096
1.325000,0.000220
1.326000,-0.000096
1.327000,-0.000096
1.328000,-0.000096
1.329000,-0.000096
1.330000,-0.000413
1.331000,-0.000413
1.332000,-0.000096
1.333000,-0.000096
1.334000,-0.000096
1.335000,-0.000096
1.336000,-0.000413
1.337000,-0.000413
1.338000,-0.000096
1.339000,0.000220
1.340000,-0.000096
1.341000,-0.000096
1.342000,-0.000096
1.343000,-0.000413
1.344000,-0.000413
1.345000,-0.000413
1.346000,-0.000096
1.347000,-0.000413
1.348000,-0.000413
1.349000,0.000220
1.350000,-0.000413
1.351000,-0.000413
1.352000,-0.000096
1.353000,-0.000729
1.354000,-0.000096
1.355000,-0.000096
1.356000,-0.000096
1.357000,-0.000096
1.358000,0.000220
1.359000,-0.000096
1.360000,-0.000096
1.361000,-0.000096
1.362000,-0.000096
1.363000,-0.000413
1.364000,-0.000096
1.365000,-0.000096
1.366000,-0.000096
1.367000,-0.000413
1.368000,-0.000413
1.369000,-0.000096
1.370000,-0.000413
1.371000,-0.000096
1.372000,0.000220
1.373000,-0.000096
1.374000,-0.000413
1.375000,-0.000096
1.376000,-0.000096
1.377000,0.000220
1.378000,0.000220
1.379000,-0.000096
1.380000,-0.000096
1.381000,-0.000096
1.382000,-0.000096
1.383000,0.000220
1.384000,-0.000096
1.385000,-0.000413
1.386000,-0.000096
1.387000,-0.000413
1.388000,0.000220
1.389000,-0.000096
1.390000,-0.000096
1.391000,-0.000096
1.392000,-0.000096
1.393000,-0.000096
1.394000,0.000536
1.395000,-0.000413
1.396000,-0.000096
1.397000,-0.000729
1.398000,-0.000096
1.399000,0.000220
1.400000,0.000536
1.401000,-0.000096
1.402000,-0.000413
1.403000,-0.000413
1.404000,-0.000096
1.405000,-0.000096
1.406000,-0.000096
1.407000,-0.000413
1.408000,-0.000096
1.409000,-0.000096
1.410000,-0.000096
1.411000,-0.000096
1.412000,-0.000096
1.413000,-0.000096
1.414000,-0.000096
1.415000,0.000220
1.416000,-0.000413
1.417000,-0.000413
1.418000,-0.000096
1.419000,-0.000729
1.420000,-0.000096
1.421000,0.000220
1.422000,-0.000413
1.423000,-0.000096
1.424000,-0.000096
1.425000,-0.000096
1.426000,-0.000729
1.427000,-0.000413
1.428000,-0.000413
1.429000,-0.000413
1.430000,-0.000096
1.431000,-0.000096
1.432000,-0.000096
1.433000,-0.000096
1.434000,-0.000096
1.435000,-0.000096
1.436000,-0.000096
1.437000,-0.000413
1.438000,-0.000096
1.439000,-0.000413
1.440000,-0.000413
1.441000,-0.000096
1.442000,-0.000096
1.443000,-0.000413
1.444000,-0.000096
1.445000,-0.000096
1.446000,-0.000413
1.447000,-0.000096
1.448000,-0.000096
1.449000,0.000220
1.450000,-0.000729
1.451000,-0.000096
1.452000,-0.000413
1.453000,-0.000096
1.454000,-0.000096
1.455000,-0.000413
1.456000,-0.000413
1.457000,-0.000096
1.458000,-0.000413
1.459000,-0.000413
1.460000,-0.000096
1.461000,-0.000096
1.462000,-0.000096
1.463000,-0.000096
1.464000,-0.000096
1.465000,0.000220
1.466000,-0.000413
1.467000,-0.000096
1.468000,-0.000096
1.469000,0.000220
1.470000,0.000220
1.471000,-0.000096
1.472000,-0.000096
1.473000,-0.000096
1.474000,-0.000413
1.475000,-0.000096
1.476000,-0.000096
1.477000,-0.000096
1.478000,-0.000096
1.479000,0.000220
1.480000,-0.000096
1.481000,-0.000096
1.482000,-0.000096
1.483000,-0.000096
1.484000,-0.000413
1.485000,-0.000729
1.486000,-0.000096
1.487000,-0.000096
1.488000,-0.000413
1.489000,-0.000096
1.490000,-0.000096
1.491000,-0.000413
1.492000,-0.000413
1.493000,-0.000096
1.494000,-0.000096
1.495000,-0.000096
1.496000,-0.000096
1.497000,0.000220
1.498000,-0.000096
1.499000,-0.000096
1.500000,-0.000096
1.501000,-0.000413
1.502000,0.000220
1.503000,-0.000413
1.504000,-0.000096
1.505000,-0.000413
1.506000,-0.000413
1.507000,-0.000096
1.508000,-0.000096
1.509000,-0.000096
1.510000,-0.000096
1.511000,0.000220
1.512000,-0.000096
1.513000,-0.000096
1.514000,-0.000096
1.515000,0.000220
1.516000,-0.000096
1.517000,-0.000096
1.518000,-0.000096
1.519000,-0.000096
1.520000,-0.000096
1.521000,0.000220
1.522000,-0.000413
1.523000,0.000220
1.524000,-0.000096
1.525000,-0.000096
1.526000,-0.000096
1.527000,-0.000096
1.528000,-0.000096
1.529000,-0.000096
1.530000,-0.000413
1.531000,-0.000096
1.532000,-0.000413
1.533000,-0.000096
1.534000,-0.000096
1.535000,-0.000413
1.536000,0.000536
1.537000,-0.000413
1.538000,-0.000413
1.539000,-0.000096
1.540000,-0.000413
1.541000,-0.000096
1.542000,-0.000096
1.543000,-0.000413
1.544000,-0.000413
1.545000,0.000220
1.546000,-0.000413
1.547000,-0.000096
1.548000,-0.000096
1.549000,-0.000096
1.550000,-0.000096
1.551000,-0.000413
1.552000,-0.000096
1.553000,-0.000413
1.554000,-0.000096
1.555000,-0.000096
1.556000,0.000220
1.557000,-0.000096
1.558000,-0.000413
1.559000,-0.000413
1.560000,0.000220
1.561000,-0.000413
1.562000,-0.000096
1.563000,-0.000096
1.564000,-0.000729
1.565000,-0.000413
1.566000,-0.000413
1.567000,0.000220
1.568000,-0.000096
1.569000,-0.000096
1.570000,-0.000096
1.571000,-0.000413
1.572000,-0.000413
1.573000,-0.000096
1.574000,0.000220
1.575000,-0.000096
1.576000,-0.000096
1.577000,0.000536
1.578000,-0.000096
1.579000,-0.000096
1.580000,-0.000096
1.581000,-0.000096
1.582000,-0.000096
1.583000,-0.000096
1.584000,-0.000729
1.585000,0.000220
1.586000,-0.000096
1.587000,-0.000096
1.588000,-0.000413
1.589000,-0.000096
1.590000,-0.000096
1.591000,-0.000096
1.592000,-0.000096
1.593000,-0.000096
1.594000,-0.000096
1.595000,-0.000096
1.596000,-0.000413
1.597000,-0.000413
1.598000,0.000220
1.599000,-0.000413
1.600000,-0.000096
1.601000,-0.000413
1.602000,-0.000413
1.603000,0.000220
1.604000,-0.000096
1.605000,-0.000096
1.606000,0.000220
1.607000,-0.000413
1.608000,-0.000096
1.609000,-0.000096
1.610000,0.000220
1.611000,-0.000096
1.612000,0.000220
1.613000,-0.000096
1.614000,-0.000096
1.615000,-0.000096
1.616000,0.000536
1.617000,-0.000096
1.618000,-0.000096
1.619000,-0.000096
1.620000,-0.000096
1.621000,-0.000096
1.622000,-0.000096
1.623000,0.000220
1.624000,-0.000096
1.625000,-0.000413
1.626000,-0.000096
1.627000,-0.000096
1.628000,-0.000413
1.629000,0.000220
1.630000,0.000220
1.631000,0.000220
1.632000,-0.000096
1.633000,-0.000096
1.634000,0.000536
1.635000,-0.000413
1.636000,-0.000096
1.637000,-0.000096
1.638000,-0.000096
1.639000,0.000220
1.640000,-0.000096
1.641000,-0.000096
1.642000,0.000220
1.643000,-0.000096
1.644000,-0.000413
1.645000,-0.000096
1.646000,-0.000096
1.647000,-0.000096
1.648000,-0.000096
1.649000,-0.000096
1.650000,-0.000096
1.651000,-0.000096
1.652000,-0.000413
1.653000,-0.000096
1.654000,-0.000413
1.655000,-0.000096
1.656000,-0.000096
1.657000,0.000220
1.658000,-0.000096
1.659000,-0.000096
1.660000,-0.000096
1.661000,-0.000096
1.662000,-0.000096
1.663000,-0.000096
1.664000,-0.000096
1.665000,-0.000413
1.666000,-0.000096
1.667000,-0.000096
1.668000,-0.000096
1.669000,-0.000096
1.670000,-0.000096
1.671000,-0.000096
1.672000,-0.000096
1.673000,-0.000096
1.674000,-0.000096
1.675000,-0.000413
1.676000,-0.000096
1.677000,-0.000096
1.678000,0.000220
1.679000,-0.000096
1.680000,-0.000096
1.681000,-0.000096
1.682000,0.000220
1.683000,-0.000413
1.684000,-0.000729
1.685000,-0.000096
1.686000,-0.000096
1.687000,-0.000096
1.688000,-0.000096
1.689000,0.000220
1.690000,-0.000096
1.691000,-0.000096
1.692000,-0.000096
1.693000,-0.000413
1.694000,-0.000096
1.695000,-0.000729
1.696000,-0.000096
1.697000,-0.000096
1.698000,-0.000096
1.699000,-0.000096
1.700000,-0.000096
1.701000,-0.000413
1.702000,-0.000096
1.703000,-0.000096
1.704000,-0.000096
1.705000,-0.000413
1.706000,-0.000413
1.707000,-0.000096
1.708000,0.000220
1.709000,-0.000096
1.710000,-0.000096
1.711000,-0.000096
1.712000,-0.000096
1.713000,-0.000096
1.714000,-0.000096
1.715000,-0.000096
1.716000,0.000220
1.717000,-0.000096
1.718000,-0.000413
1.719000,-0.000729
1.720000,-0.000413
1.721000,-0.000413
1.722000,-0.000096
1.723000,-0.000413
1.724000,-0.000096
1.725000,-0.000729
1.726000,-0.000096
1.727000,-0.000096
1.728000,-0.000096
1.729000,-0.000413
1.730000,-0.000096
1.731000,-0.000096
1.732000,-0.000096
1.733000,-0.000096
1.734000,0.000220
1.735000,-0.000413
1.736000,0.000220
1.737000,0.000220
1.738000,-0.000413
1.739000,0.000220
1.740000,-0.000096
1.741000,-0.000096
1.742000,-0.000096
1.743000,-0.000096
1.744000,-0.000096
1.745000,0.000220
1.746000,-0.000413
1.747000,-0.000729
1.748000,0.000220
1.749000,-0.000096
1.750000,-0.000096
1.751000,-0.000096
1.752000,-0.000096
1.753000,0.000220
1.754000,-0.000413
1.755000,-0.000096
1.756000,-0.000413
1.757000,-0.000096
1.758000,-0.000096
1.759000,-0.000413
1.760000,-0.000096
1.761000,-0.000413
1.762000,-0.000413
1.763000,-0.000413
1.764000,-0.000096
1.765000,-0.000096
1.766000,-0.000096
1.767000,-0.000096
1.768000,-0.000413
1.769000,-0.000413
1.770000,0.000220
1.771000,-0.000096
1.772000,-0.000096
1.773000,-0.000413
1.774000,0.000220
1.775000,-0.000096
1.776000,-0.000096
1.777000,-0.000096
1.778000,0.000220
1.779000,-0.000096
1.780000,-0.000096
1.781000,-0.000413
1.782000,-0.000413
1.783000,-0.000096
1.784000,-0.000096
1.785000,-0.000413
1.786000,0.000220
1.787000,-0.000096
1.788000,-0.000096
1.789000,-0.000413
1.790000,-0.000096
1.791000,-0.000096
1.792000,-0.000096
1.793000,-0.000096
1.794000,-0.000096
1.795000,-0.000096
1.796000,-0.000096
1.797000,-0.000096
1.798000,-0.000413
1.799000,-0.000096
1.800000,-0.000096
1.801000,-0.000096
1.802000,-0.000096
1.803000,-0.000413
1.804000,-0.000096
1.805000,-0.000096
1.806000,-0.000096
1.807000,-0.000096
1.808000,-0.000096
1.809000,-0.000096
1.810000,-0.000413
1.811000,-0.000096
1.812000,0.000220
1.813000,-0.000096
1.814000,-0.000096
1.815000,0.000220
1.816000,0.000220
1.817000,-0.000413
1.818000,0.000220
1.819000,-0.000096
1.820000,-0.000096
1.821000,0.000536
1.822000,-0.000096
1.823000,-0.000096
1.824000,-0.000096
1.825000,-0.000096
1.826000,-0.000096
1.827000,-0.000096
1.828000,-0.000096
1.829000,0.000220
1.830000,-0.000096
1.831000,-0.000096
1.832000,-0.000096
1.833000,-0.000096
1.834000,-0.000096
1.835000,-0.000096
1.836000,-0.000096
1.837000,-0.000413
1.838000,-0.000096
1.839000,-0.000413
1.840000,0.000220
1.841000,0.000220
1.842000,-0.000413
1.843000,-0.000096
1.844000,-0.000413
1.845000,-0.000096
1.846000,-0.000096
1.847000,-0.000096
1.848000,0.000220
1.849000,-0.000096
1.850000,-0.000413
1.851000,-0.000413
1.852000,-0.000096
1.853000,0.000220
1.854000,-0.000096
1.855000,-0.000096
1.856000,-0.000096
1.857000,-0.000096
1.858000,-0.000096
1.859000,-0.000096
1.860000,-0.000096
1.861000,-0.000096
1.862000,-0.000096
1.863000,-0.000096
1.864000,-0.000413
1.865000,-0.000096
1.866000,-0.000096
1.867000,-0.000096
1.868000,-0.000096
1.869000,-0.000096
1.870000,-0.000096
1.871000,-0.000096
1.872000,-0.000413
1.873000,-0.000096
1.874000,-0.000096
1.875000,-0.000096
1.876000,-0.000413
1.877000,-0.000096
1.878000,-0.000096
1.879000,-0.000413
1.880000,-0.000096
1.881000,-0.000413
1.882000,-0.000096
1.883000,-0.000096
1.884000,0.000220
1.885000,-0.000413
1.886000,-0.000096
1.887000,-0.000729
1.888000,-0.000096
1.889000,-0.000096
1.890000,-0.000413
1.891000,-0.000096
1.892000,-0.000096
1.893000,-0.000413
1.894000,-0.000096
1.895000,-0.000729
1.896000,0.000220
1.897000,-0.000096
1.898000,-0.000096
1.899000,-0.000413
1.900000,-0.000096
1.901000,-0.000413
1.902000,-0.000096
1.903000,-0.000096
1.904000,-0.000413
1.905000,-0.000413
1.906000,-0.000096
1.907000,-0.000096
1.908000,-0.000096
1.909000,-0.000413
1.910000,-0.000096
1.911000,-0.000096
1.912000,-0.000413
1.913000,-0.000096
1.914000,-0.000413
1.915000,-0.000096
1.916000,-0.000096
1.917000,-0.000096
1.918000,-0.000096
1.919000,-0.000096
1.920000,-0.000096
1.921000,-0.000096
1.922000,0.000220
1.923000,-0.000096
1.924000,-0.000413
1.925000,-0.000096
1.926000,-0.000413
1.927000,-0.000096
1.928000,-0.000096
1.929000,-0.000096
1.930000,-0.000413
1.931000,-0.000413
1.932000,-0.000096
1.933000,0.000220
1.934000,0.000220
1.935000,-0.000096
1.936000,-0.000096
1.937000,-0.000096
1.938000,-0.000413
1.939000,-0.000096
1.940000,-0.000096
1.941000,-0.000413
1.942000,-0.000096
1.943000,-0.000096
1.944000,-0.000096
1.945000,-0.000096
1.946000,-0.000096
1.947000,-0.000096
1.948000,-0.000096
1.949000,-0.000096
1.950000,-0.000096
1.951000,0.000220
1.952000,-0.000096
1.953000,0.000220
1.954000,-0.000096
1.955000,-0.000096
1.956000,-0.000413
1.957000,0.000220
1.958000,-0.000729
1.959000,-0.000096
1.960000,-0.000096
1.961000,0.000220
1.962000,-0.000413
1.963000,-0.000096
1.964000,0.000220
1.965000,0.000220
1.966000,-0.000096
1.967000,-0.000096
1.968000,-0.000413
1.969000,-0.000413
1.970000,-0.000413
1.971000,-0.000096
1.972000,-0.000413
1.973000,-0.000096
1.974000,-0.000729
1.975000,-0.000413
1.976000,-0.000096
1.977000,-0.000096
1.978000,-0.000096
1.979000,-0.000096
1.980000,-0.000413
1.981000,-0.000096
1.982000,-0.000096
1.983000,-0.000096
1.984000,-0.000096
1.985000,-0.000096
1.986000,-0.000096
1.987000,-0.000413
1.988000,-0.000729
1.989000,-0.000096
1.990000,-0.000413
1.991000,-0.000096
1.992000,0.000220
1.993000,-0.000096
1.994000,-0.000096
1.995000,0.000220
1.996000,-0.000413
1.997000,-0.000096
1.998000,-0.000413
1.999000,-0.000096
2.000000,0.000220
2.001000,-0.000096
2.002000,-0.000096
2.003000,-0.000413
2.004000,-0.000096
2.005000,-0.000096
2.006000,-0.000096
2.007000,-0.000096
2.008000,-0.000096
2.009000,-0.000096
2.010000,0.000220
2.011000,-0.000096
2.012000,-0.000413
2.013000,0.000220
2.014000,0.000220
2.015000,-0.000096
2.016000,-0.000096
2.017000,-0.000096
2.018000,-0.000413
2.019000,-0.000096
2.020000,-0.000096
2.021000,0.000536
2.022000,-0.000413
2.023000,-0.000096
2.024000,-0.000096
2.025000,-0.000413
2.026000,-0.000096
2.027000,-0.000096
2.028000,-0.000096
2.029000,-0.000096
2.030000,-0.000096
2.031000,-0.000096
2.032000,-0.000096
2.033000,-0.000096
2.034000,-0.000096
2.035000,-0.000096
2.036000,-0.000096
2.037000,-0.000096
2.038000,-0.000096
2.039000,-0.000096
2.040000,-0.000096
2.041000,-0.000096
2.042000,0.000220
2.043000,-0.000096
2.044000,-0.000096
2.045000,-0.000413
2.046000,-0.000096
2.047000,-0.000413
2.048000,-0.000096
2.049000,-0.000096
2.050000,-0.000096
2.051000,-0.000413
2.052000,-0.000096
2.053000,-0.000096
2.054000,-0.000413
2.055000,-0.000096
2.056000,-0.000413
2.057000,0.000220
2.058000,0.000536
2.059000,-0.000096
2.060000,-0.000096
2.061000,-0.000096
2.062000,-0.000096
2.063000,-0.000413
2.064000,0.000220
2.065000,-0.000096
2.066000,-0.000096
2.067000,0.000220
2.068000,-0.000096
2.069000,-0.000096
2.070000,-0.000413
2.071000,-0.000096
2.072000,-0.000096
2.073000,0.000220
2.074000,-0.000096
2.075000,0.000220
2.076000,-0.000096
2.077000,-0.000096
2.078000,-0.000096
2.079000,-0.000413
2.080000,-0.000729
2.081000,-0.000413
2.082000,-0.000096
2.083000,-0.000096
2.084000,-0.000096
2.085000,-0.000096
2.086000,-0.000096
2.087000,-0.000096
2.088000,-0.000729
2.089000,-0.000096
2.090000,-0.000096
2.091000,-0.000413
2.092000,-0.000096
2.093000,-0.000096
2.094000,-0.000096
2.095000,-0.000096
2.096000,-0.000096
2.097000,-0.000413
2.098000,-0.000096
2.099000,-0.000096
2.100000,-0.000096
2.101000,-0.000096
2.102000,-0.000096
2.103000,0.000220
2.104000,-0.000096
2.105000,0.000220
2.106000,-0.000413
2.107000,-0.000096
2.108000,-0.000096
2.109000,0.000220
2.110000,-0.000729
2.111000,-0.000096
2.112000,-0.000096
2.113000,-0.000096
2.114000,-0.000729
2.115000,-0.000096
2.116000,-0.000096
2.117000,-0.000096
2.118000,-0.000413
2.119000,-0.000413
2.120000,-0.000096
2.121000,-0.000096
2.122000,-0.000413
2.123000,-0.000096
2.124000,0.000536
2.125000,-0.000096
2.126000,-0.000096
2.127000,-0.000413
2.128000,-0.000096
2.129000,0.000220
2.130000,0.000536
2.131000,0.000220
2.132000,-0.000096
2.133000,0.000220
2.134000,-0.000096
2.135000,-0.000096
2.136000,-0.000413
2.137000,0.000220
2.138000,-0.000096
2.139000,-0.000096
2.140000,-0.000096
2.141000,-0.000096
2.142000,-0.000096
2.143000,-0.000096
2.144000,-0.000413
2.145000,-0.000096
2.146000,-0.000413
2.147000,-0.000096
2.148000,-0.000096
2.149000,-0.000096
2.150000,-0.000096
2.151000,-0.000096
2.152000,0.000220
2.153000,-0.000096
2.154000,-0.000096
2.155000,-0.000096
2.156000,-0.000413
2.157000,0.000536
2.158000,-0.000096
2.159000,-0.000096
2.160000,-0.000096
2.161000,-0.000096
2.162000,-0.000413
2.163000,-0.000096
2.164000,-0.000096
2.165000,-0.000096
2.166000,-0.000096
2.167000,-0.000096
2.168000,-0.000096
2.169000,-0.000413
2.170000,-0.000096
2.171000,-0.000096
2.172000,-0.000729
2.173000,0.000220
2.174000,-0.000096
2.175000,-0.000729
2.176000,-0.000096
2.177000,-0.000096
2.178000,-0.000096
2.179000,-0.000096
2.180000,-0.000096
2.181000,-0.000096
2.182000,-0.000096
2.183000,-0.000096
2.184000,-0.000096
2.185000,0.000220
2.186000,-0.000096
2.187000,-0.000413
2.188000,0.000220
2.189000,-0.000096
2.190000,-0.000413
2.191000,0.000536
2.192000,-0.000096
2.193000,0.000220
2.194000,-0.000413
2.195000,-0.000413
2.196000,-0.000096
2.197000,-0.000096
2.198000,-0.000096
2.199000,-0.000096
2.200000,-0.000096
2.201000,-0.000096
2.202000,0.000220
2.203000,-0.000413
2.204000,0.000536
2.205000,-0.000096
2.206000,-0.000096
2.207000,-0.000729
2.208000,-0.000096
2.209000,-0.000096
2.210000,-0.000096
2.211000,-0.000729
2.212000,-0.000096
2.213000,-0.000729
2.214000,-0.000096
2.215000,-0.000096
2.216000,-0.000413
2.217000,-0.000096
2.218000,-0.000096
2.219000,0.000220
2.220000,-0.000096
2.221000,-0.000096
2.222000,-0.000413
2.223000,0.000220
2.224000,-0.000096
2.225000,-0.000096
2.226000,-0.000413
2.227000,0.000220
2.228000,0.000220
2.229000,-0.000096
2.230000,0.000220
2.231000,0.000220
2.232000,0.000220
2.233000,-0.000096
2.234000,-0.000096
2.235000,-0.000096
2.236000,-0.000096
2.237000,-0.000096
2.238000,-0.000096
2.239000,-0.000096
2.240000,-0.000096
2.241000,0.000220
2.242000,-0.000096
2.243000,-0.000096
2.244000,-0.000729
2.245000,-0.000413
2.246000,-0.000413
2.247000,-0.000096
2.248000,0.000220
2.249000,-0.000096
2.250000,-0.000096
2.251000,0.000220
2.252000,-0.000096
2.253000,-0.000096
2.254000,-0.000413
2.255000,-0.000096
2.256000,-0.000096
2.257000,-0.000096
2.258000,-0.000096
2.259000,-0.000096
2.260000,0.000220
2.261000,-0.000413
2.262000,-0.000096
2.263000,-0.000729
2.264000,-0.000096
2.265000,-0.000413
2.266000,-0.000096
2.267000,-0.000096
2.268000,-0.000096
2.269000,-0.000096
2.270000,-0.000096
2.271000,-0.000096
2.272000,-0.000413
2.273000,-0.000096
2.274000,-0.000096
2.275000,-0.000096
2.276000,-0.000413
2.277000,-0.000096
2.278000,0.000536
2.279000,-0.000413
2.280000,-0.000096
2.281000,-0.000096
2.282000,-0.000413
2.283000,-0.000096
2.284000,-0.000096
2.285000,-0.000096
2.286000,-0.000096
2.287000,-0.000096
2.288000,-0.000096
2.289000,-0.000096
2.290000,-0.000413
2.291000,-0.000096
2.292000,-0.000096
2.293000,0.000220
2.294000,-0.000413
2.295000,-0.000096
2.296000,-0.000096
2.297000,-0.000096
2.298000,-0.000413
2.299000,-0.000096
2.300000,0.000220
2.301000,-0.000096
2.302000,-0.000096
2.303000,-0.000413
2.304000,-0.000413
2.305000,-0.000096
2.306000,-0.000096
2.307000,-0.000096
2.308000,-0.000413
2.309000,-0.000413
2.310000,-0.000096
2.311000,-0.000096
2.312000,-0.000096
2.313000,0.000220
2.314000,-0.000096
2.315000,-0.000096
2.316000,-0.000096
2.317000,-0.000096
2.318000,-0.000096
2.319000,-0.000413
2.320000,-0.000096
2.321000,-0.000096
2.322000,-0.000096
2.323000,0.000220
2.324000,0.000220
2.325000,-0.000096
2.326000,-0.000096
2.327000,0.000220
2.328000,-0.000096
2.329000,-0.000096
2.330000,-0.000096
2.331000,-0.000096
2.332000,-0.000096
2.333000,-0.000096
2.334000,-0.000096
2.335000,-0.000729
2.336000,-0.000096
2.337000,-0.000413
2.338000,-0.000413
2.339000,-0.000413
2.340000,-0.000096
2.341000,0.000220
2.342000,-0.000413
2.343000,-0.000096
2.344000,-0.000096
2.345000,-0.000096
2.346000,-0.000096
2.347000,-0.000096
2.348000,-0.000413
2.349000,-0.000096
2.350000,-0.000413
2.351000,-0.000096
2.352000,0.000220
2.353000,-0.000096
2.354000,-0.000096
2.355000,-0.000096
2.356000,-0.000096
2.357000,-0.000413
2.358000,-0.000096
2.359000,0.000220
2.360000,-0.000096
2.361000,-0.000096
2.362000,-0.000096
2.363000,-0.000096
2.364000,-0.000096
2.365000,-0.000096
2.366000,-0.000096
2.367000,-0.000096
2.368000,-0.000729
2.369000,-0.000096
2.370000,-0.000096
2.371000,-0.000413
2.372000,-0.000413
2.373000,-0.000096
2.374000,0.000220
2.375000,-0.000096
2.376000,-0.000096
2.377000,-0.000413
2.378000,-0.000413
2.379000,-0.000096
2.380000,-0.000096
2.381000,-0.000096
2.382000,-0.000096
2.383000,-0.000096
2.384000,-0.000096
2.385000,-0.000413
2.386000,-0.000096
2.387000,-0.000096
2.388000,-0.000096
2.389000,-0.000096
2.390000,-0.000096
2.391000,-0.000096
2.392000,-0.000096
2.393000,-0.000096
2.394000,-0.000096
2.395000,-0.000096
2.396000,-0.000413
2.397000,0.000220
2.398000,-0.000413
2.399000,-0.000729
2.400000,-0.000413
2.401000,-0.000413
2.402000,0.000220
2.403000,-0.000096
2.404000,-0.000096
2.405000,-0.000413
2.406000,-0.000413
2.407000,0.000220
2.408000,-0.000096
2.409000,-0.000413
2.410000,-0.000413
2.411000,-0.000096
2.412000,-0.000096
2.413000,-0.000096
2.414000,-0.000096
2.415000,-0.000096
2.416000,-0.000096
2.417000,0.000220
2.418000,-0.000096
2.419000,-0.000096
2.420000,-0.000096
2.421000,0.000220
2.422000,-0.000413
2.423000,0.000220
2.424000,0.000220
2.425000,-0.000413
2.426000,-0.000413
2.427000,-0.000413
2.428000,-0.000096
2.429000,-0.000413
2.430000,-0.000413
2.431000,-0.000096
2.432000,-0.000413
2.433000,-0.000413
2.434000,-0.000413
2.435000,-0.000096
2.436000,-0.000096
2.437000,-0.000096
2.438000,-0.000096
2.439000,-0.000413
2.440000,-0.000096
2.441000,-0.000413
2.442000,-0.000096
2.443000,-0.000096
2.444000,-0.000413
2.445000,0.000220
2.446000,-0.000096
2.447000,-0.000729
2.448000,-0.000096
2.449000,-0.000729
2.450000,-0.000096
2.451000,-0.000096
2.452000,-0.000729
2.453000,0.000536
2.454000,-0.000096
2.455000,-0.000096
2.456000,-0.000096
2.457000,-0.000096
2.458000,-0.000096
2.459000,-0.000096
2.460000,-0.000413
2.461000,0.000220
2.462000,-0.000096
2.463000,0.000536
2.464000,-0.000413
2.465000,0.000536
2.466000,-0.000096
2.467000,-0.000096
2.468000,-0.000096
2.469000,-0.000096
2.470000,0.000220
2.471000,-0.000096
2.472000,-0.000096
2.473000,-0.000413
2.474000,-0.000096
2.475000,0.000220
2.476000,0.000220
2.477000,-0.000413
2.478000,-0.000096
2.479000,-0.000096
2.480000,-0.000096
2.481000,0.000220
2.482000,-0.000729
2.483000,-0.000096
2.484000,-0.000096
2.485000,0.000220
2.486000,-0.000096
2.487000,-0.000729
2.488000,-0.000096
2.489000,-0.000096
2.490000,-0.000096
2.491000,-0.000096
2.492000,-0.000096
2.493000,-0.000096
2.494000,0.000220
2.495000,0.000220
2.496000,-0.000413
2.497000,-0.000096
2.498000,-0.000729
2.499000,-0.000096
2.500000,-0.000096
2.501000,-0.000413
2.502000,0.000220
2.503000,-0.000096
2.504000,0.000220
2.505000,-0.000096
2.506000,-0.000096
2.507000,-0.000096
2.508000,-0.000096
2.509000,0.000220
2.510000,-0.000096
2.511000,0.000220
2.512000,-0.000413
2.513000,-0.000413
2.514000,-0.000096
2.515000,-0.000413
2.516000,-0.000413
2.517000,0.000220
2.518000,-0.000096
2.519000,-0.000096
2.520000,-0.000096
2.521000,0.000220
2.522000,0.000220
2.523000,-0.000096
2.524000,-0.000096
2.525000,-0.000096
2.526000,-0.000096
2.527000,-0.000096
2.528000,0.000220
2.529000,0.000220
2.530000,-0.000096
2.531000,-0.000413
2.532000,-0.000413
2.533000,-0.000096
2.534000,-0.000096
2.535000,-0.000096
2.536000,-0.000096
2.537000,-0.000096
2.538000,-0.000096
2.539000,-0.000096
2.540000,-0.000096
2.541000,-0.000413
2.542000,-0.000096
2.543000,-0.000096
2.544000,-0.000413
2.545000,-0.000096
2.546000,-0.000096
2.547000,-0.000413
2.548000,-0.000413
2.549000,-0.000413
2.550000,-0.000096
2.551000,-0.000096
2.552000,-0.000413
2.553000,0.000220
2.554000,0.000220
2.555000,0.000220
2.556000,-0.000729
2.557000,-0.000096
2.558000,-0.000096
2.559000,0.000220
2.560000,-0.000413
2.561000,-0.000413
2.562000,0.000220
2.563000,0.000220
2.564000,-0.000413
2.565000,0.000536
2.566000,-0.000096
2.567000,-0.000096
2.568000,-0.000096
2.569000,-0.000413
2.570000,0.000220
2.571000,0.000220
2.572000,-0.000096
2.573000,-0.000096
2.574000,-0.000096
2.575000,-0.000729
2.576000,-0.000096
2.577000,-0.000096
2.578000,-0.000096
2.579000,-0.000096
2.580000,-0.000096
2.581000,-0.000413
2.582000,-0.000096
2.583000,-0.000096
2.584000,-0.000096
2.585000,-0.000729
2.586000,-0.000096
2.587000,-0.000413
2.588000,-0.000096
2.589000,-0.000096
2.590000,-0.000413
2.591000,-0.000096
2.592000,-0.000096
2.593000,-0.000096
2.594000,-0.000096
2.595000,-0.000729
2.596000,-0.000096
2.597000,0.000220
2.598000,-0.000096
2.599000,-0.000096
2.600000,0.000220
2.601000,0.000220
2.602000,-0.000096
2.603000,-0.000413
2.604000,-0.000096
2.605000,-0.000096
2.606000,0.000220
2.607000,-0.000413
2.608000,-0.000096
2.609000,-0.000096
2.610000,-0.000413
2.611000,-0.000096
2.612000,0.000220
2.613000,-0.000096
2.614000,-0.000096
2.615000,-0.000096
2.616000,-0.000413
2.617000,-0.000413
2.618000,-0.000096
2.619000,-0.000096
2.620000,-0.000096
2.621000,-0.000096
2.622000,-0.000096
2.623000,0.000220
2.624000,-0.000413
2.625000,0.000220
2.626000,-0.000096
2.627000,-0.000096
2.628000,0.000536
2.629000,0.000220
2.630000,-0.000096
2.631000,-0.000096
2.632000,-0.000096
2.633000,-0.000096
2.634000,-0.000096
2.635000,-0.000096
2.636000,0.000220
2.637000,-0.000096
2.638000,-0.000096
2.639000,-0.000096
2.640000,-0.000096
2.641000,-0.000096
2.642000,-0.000096
2.643000,-0.000096
2.644000,-0.000096
2.645000,-0.000096
2.646000,-0.000096
2.647000,-0.000096
2.648000,0.000220
2.649000,-0.000096
2.650000,-0.000413
2.651000,-0.000096
2.652000,-0.000096
2.653000,-0.000096
2.654000,-0.000413
2.655000,-0.000096
2.656000,-0.000413
2.657000,-0.000096
2.658000,0.000536
2.659000,-0.000096
2.660000,0.000220
2.661000,0.000220
2.662000,-0.000096
2.663000,-0.000096
2.664000,-0.000413
2.665000,-0.000096
2.666000,-0.000413
2.667000,-0.000413
2.668000,-0.000096
2.669000,-0.000413
2.670000,-0.000413
2.671000,-0.000096
2.672000,-0.000096
2.673000,-0.000413
2.674000,-0.000096
2.675000,-0.000096
2.676000,-0.000096
2.677000,-0.000096
2.678000,-0.000096
2.679000,-0.000096
2.680000,-0.000096
2.681000,-0.000096
2.682000,0.000220
2.683000,-0.000096
2.684000,-0.000096
2.685000,0.000220
2.686000,-0.000096
2.687000,-0.000096
2.688000,-0.000413
2.689000,-0.000096
2.690000,-0.000413
2.691000,-0.000096
2.692000,-0.000096
2.693000,0.000220
2.694000,0.000536
2.695000,-0.000096
2.696000,-0.000413
2.697000,-0.000096
2.698000,-0.000413
2.699000,-0.000413
2.700000,-0.000413
2.701000,0.000220
2.702000,-0.000096
2.703000,-0.000413
2.704000,-0.000096
2.705000,-0.000096
2.706000,-0.000413
2.707000,-0.000729
2.708000,0.000220
2.709000,-0.000413
2.710000,0.000220
2.711000,-0.000096
2.712000,-0.000096
2.713000,0.000220
2.714000,-0.000729
2.715000,-0.000096
2.716000,-0.000413
2.717000,-0.000096
2.718000,-0.000413
2.719000,0.000220
2.720000,-0.000096
2.721000,-0.000413
2.722000,0.000220
2.723000,-0.000096
2.724000,-0.000096
2.725000,-0.000413
2.726000,-0.000096
2.727000,-0.000096
2.728000,-0.000413
2.729000,0.000220
2.730000,-0.000096
2.731000,-0.000096
2.732000,-0.000413
2.733000,-0.000096
2.734000,-0.000096
2.735000,-0.000413
2.736000,-0.000096
2.737000,-0.000096
2.738000,-0.000413
2.739000,-0.000413
2.740000,0.000220
2.741000,-0.000096
2.742000,-0.000096
2.743000,0.000220
2.744000,-0.000096
2.745000,-0.000096
2.746000,-0.000096
2.747000,0.000220
2.748000,-0.000096
2.749000,-0.000096
2.750000,-0.000096
2.751000,-0.000096
2.752000,0.000220
2.753000,-0.000096
2.754000,-0.000096
2.755000,-0.000096
2.756000,0.000220
2.757000,-0.000096
2.758000,-0.000096
2.759000,-0.000096
2.760000,-0.000413
2.761000,-0.000096
2.762000,0.000220
2.763000,-0.000096
2.764000,-0.000096
2.765000,0.000220
2.766000,0.000220
2.767000,-0.000096
2.768000,-0.000096
2.769000,-0.000413
2.770000,0.000220
2.771000,-0.000413
2.772000,-0.000096
2.773000,-0.000096
2.774000,-0.000413
2.775000,-0.000096
2.776000,-0.000096
2.777000,-0.000413
2.778000,-0.000096
2.779000,-0.000413
2.780000,-0.000413
2.781000,-0.000096
2.782000,-0.000096
2.783000,-0.000096
2.784000,-0.000096
2.785000,-0.000096
2.786000,-0.000096
2.787000,-0.000096
2.788000,-0.000096
2.789000,-0.000096
2.790000,-0.000096
2.791000,-0.000096
2.792000,-0.000729
2.793000,-0.000096
2.794000,-0.000413
2.795000,-0.000096
2.796000,-0.000096
2.797000,-0.000096
2.798000,-0.000096
2.799000,0.000220
2.800000,-0.000096
2.801000,0.000536
2.802000,-0.000413
2.803000,-0.000096
2.804000,0.000220
2.805000,0.000220
2.806000,-0.000413
2.807000,0.000536
2.808000,-0.000729
2.809000,-0.000096
2.810000,-0.000096
2.811000,-0.000096
2.812000,-0.000096
2.813000,-0.000096
2.814000,-0.000096
2.815000,-0.000096
2.816000,-0.000413
2.817000,-0.000096
2.818000,-0.000096
2.819000,-0.000096
2.820000,-0.000096
2.821000,-0.000413
2.822000,0.000220
2.823000,0.000536
2.824000,-0.000096
2.825000,-0.000096
2.826000,-0.000413
2.827000,-0.000096
2.828000,-0.000413
2.829000,-0.000413
2.830000,-0.000096
2.831000,-0.000096
2.832000,-0.000096
2.833000,-0.000096
2.834000,-0.000096
2.835000,-0.000413
2.836000,-0.000096
2.837000,-0.000096
2.838000,-0.000096
2.839000,0.000220
2.840000,-0.000096
2.841000,-0.000096
2.842000,-0.000096
2.843000,-0.000096
2.844000,-0.000413
2.845000,-0.000096
2.846000,-0.000413
2.847000,-0.000413
2.848000,-0.000413
2.849000,-0.000096
2.850000,0.000220
2.851000,-0.000413
2.852000,-0.000096
2.853000,-0.000413
2.854000,-0.000096
2.855000,-0.000413
2.856000,-0.000096
2.857000,0.000220
2.858000,-0.000096
2.859000,0.000220
2.860000,0.000220
2.861000,-0.000413
2.862000,-0.000096
2.863000,-0.000096
2.864000,-0.000096
2.865000,-0.000413
2.866000,-0.000096
2.867000,-0.000413
2.868000,-0.000096
2.869000,-0.000096
2.870000,-0.000413
2.871000,-0.000413
2.872000,-0.000413
2.873000,-0.000413
2.874000,-0.000413
2.875000,-0.000729
2.876000,-0.000096
2.877000,-0.000413
2.878000,0.000220
2.879000,0.000220
2.880000,0.000220
2.881000,-0.000096
2.882000,-0.000413
2.883000,-0.000413
2.884000,0.000220
2.885000,-0.000096
2.886000,-0.000413
2.887000,-0.000096
2.888000,-0.000096
2.889000,-0.000413
2.890000,-0.000729
2.891000,-0.000096
2.892000,-0.000096
2.893000,-0.000413
2.894000,-0.000413
2.895000,-0.000413
2.896000,-0.000096
2.897000,0.000536
2.898000,-0.000096
2.899000,0.000536
2.900000,-0.000096
2.901000,-0.000413
2.902000,-0.000096
2.903000,-0.000413
2.904000,-0.000096
2.905000,-0.000413
2.906000,-0.000096
2.907000,0.000220
2.908000,-0.000096
2.909000,-0.000096
2.910000,-0.000096
2.911000,-0.000096
2.912000,-0.000096
2.913000,-0.000413
2.914000,0.000220
2.915000,-0.000096
2.916000,0.000536
2.917000,-0.000096
2.918000,-0.000096
2.919000,-0.000096
2.920000,0.000220
2.921000,-0.000413
2.922000,-0.000096
2.923000,-0.000096
2.924000,-0.000096
2.925000,-0.000096
2.926000,0.000220
2.927000,-0.000413
2.928000,-0.000096
2.929000,-0.000096
2.930000,-0.000096
2.931000,-0.000096
2.932000,-0.000413
2.933000,-0.000413
2.934000,-0.000413
2.935000,-0.000096
2.936000,0.000220
2.937000,-0.000096
2.938000,-0.000096
2.939000,-0.000413
2.940000,-0.000096
2.941000,-0.000413
2.942000,-0.000096
2.943000,-0.000413
2.944000,-0.000413
2.945000,-0.000729
2.946000,-0.000096
2.947000,-0.000096
2.948000,-0.000413
2.949000,-0.000096
2.950000,-0.000096
2.951000,-0.000413
2.952000,-0.000413
2.953000,-0.000096
2.954000,-0.000096
2.955000,-0.000096
2.956000,-0.000096
2.957000,0.000220
2.958000,0.000220
2.959000,-0.000096
2.960000,-0.000096
2.961000,-0.000096
2.962000,-0.000096
2.963000,-0.000096
2.964000,-0.000096
2.965000,-0.000413
2.966000,-0.000096
2.967000,-0.000413
2.968000,-0.000096
2.969000,-0.000413
2.970000,-0.000413
2.971000,-0.000096
2.972000,0.000220
2.973000,-0.000413
2.974000,-0.000413
2.975000,0.000220
2.976000,0.000220
2.977000,-0.000413
2.978000,-0.000096
2.979000,-0.000729
2.980000,-0.000096
2.981000,0.000220
2.982000,-0.000413
2.983000,-0.000096
2.984000,-0.000413
2.985000,-0.000096
2.986000,-0.000096
2.987000,-0.000096
2.988000,-0.000413
2.989000,-0.000096
2.990000,-0.000729
2.991000,-0.000096
2.992000,-0.000413
2.993000,-0.000096
2.994000,-0.000096
2.995000,-0.000413
2.996000,-0.000096
2.997000,-0.000413
2.998000,-0.000413
2.999000,-0.000096
3.000000,-0.000096
3.001000,-0.000096
3.002000,-0.000096
3.003000,-0.000096
3.004000,0.000220
3.005000,-0.000413
3.006000,-0.000413
3.007000,-0.000096
3.008000,-0.000096
3.009000,-0.000096
3.010000,-0.000096
3.011000,-0.000096
3.012000,0.000220
3.013000,-0.000096
3.014000,-0.000096
3.015000,-0.000413
3.016000,-0.000096
3.017000,-0.000096
3.018000,-0.000096
3.019000,-0.000096
3.020000,-0.000413
3.021000,-0.000096
3.022000,-0.000096
3.023000,-0.000096
3.024000,0.000536
3.025000,-0.000096
3.026000,-0.000413
3.027000,-0.000413
3.028000,0.000220
3.029000,-0.000413
3.030000,-0.000096
3.031000,0.000220
3.032000,-0.000413
3.033000,0.000220
3.034000,-0.000096
3.035000,-0.000096
3.036000,0.000220
3.037000,0.000220
3.038000,-0.000096
3.039000,-0.000096
3.040000,-0.000413
3.041000,-0.000096
3.042000,-0.000096
3.043000,-0.000096
3.044000,-0.000413
3.045000,-0.000096
3.046000,0.000220
3.047000,-0.000096
3.048000,-0.000729
3.049000,-0.000096
3.050000,-0.000096
3.051000,0.000220
3.052000,-0.000096
3.053000,0.000220
3.054000,0.000220
3.055000,-0.000096
3.056000,-0.000413
3.057000,-0.000096
3.058000,-0.000096
3.059000,-0.000729
3.060000,-0.000096
3.061000,-0.000096
3.062000,-0.000413
3.063000,-0.000096
3.064000,-0.000096
3.065000,0.000220
3.066000,-0.000096
3.067000,-0.000096
3.068000,-0.000096
3.069000,-0.000096
3.070000,-0.000096
3.071000,-0.000413
3.072000,-0.000096
3.073000,-0.000096
3.074000,-0.000096
3.075000,-0.000096
3.076000,-0.000413
3.077000,-0.000096
3.078000,-0.000729
3.079000,-0.000413
3.080000,-0.000096
3.081000,-0.000096
3.082000,0.000536
3.083000,-0.000096
3.084000,-0.000096
3.085000,-0.000096
3.086000,-0.000096
3.087000,-0.000096
3.088000,-0.000413
3.089000,-0.000096
3.090000,-0.000413
3.091000,0.000220
3.092000,-0.000413
3.093000,-0.000413
3.094000,-0.000096
3.095000,-0.000096
3.096000,-0.000413
3.097000,-0.000096
3.098000,-0.000096
3.099000,-0.001045
3.100000,0.000220
3.101000,-0.000413
3.102000,0.000536
3.103000,-0.000096
3.104000,-0.000413
3.105000,-0.000413
3.106000,0.000536
3.107000,0.000220
3.108000,-0.000096
3.109000,-0.000096
3.110000,-0.000413
3.111000,-0.000096
3.112000,-0.000413
3.113000,-0.000096
3.114000,0.000220
3.115000,-0.000096
3.116000,0.000220
3.117000,-0.000096
3.118000,-0.000413
3.119000,-0.000096
3.120000,0.000536
3.121000,-0.000096
3.122000,-0.000096
3.123000,-0.000096
3.124000,-0.000413
3.125000,-0.000096
3.126000,-0.000413
3.127000,-0.000096
3.128000,0.000220
3.129000,-0.000096
3.130000,0.000220
3.131000,-0.000096
3.132000,-0.000096
3.133000,-0.000096
3.134000,0.000220
3.135000,-0.000096
3.136000,-0.000096
3.137000,-0.000096
3.138000,-0.000413
3.139000,-0.000096
3.140000,-0.000413
3.141000,-0.000413
3.142000,0.000220
3.143000,-0.000096
3.144000,0.000536
3.145000,-0.000096
3.146000,-0.000729
3.147000,-0.000413
3.148000,0.000536
3.149000,-0.000096
3.150000,-0.000096
3.151000,-0.000096
3.152000,-0.000729
3.153000,-0.000096
3.154000,-0.000096
3.155000,-0.000096
3.156000,-0.000096
3.157000,-0.000096
3.158000,-0.000096
3.159000,-0.000413
3.160000,-0.000413
3.161000,-0.000096
3.162000,-0.000729
3.163000,-0.000096
3.164000,-0.000096
3.165000,-0.000096
3.166000,0.000220
3.167000,0.000220
3.168000,-0.000413
3.169000,-0.000096
3.170000,-0.000096
3.171000,0.000220
3.172000,-0.000413
3.173000,-0.000096
3.174000,-0.000096
3.175000,-0.000096
3.176000,-0.000096
3.177000,-0.000096
3.178000,-0.000096
3.179000,-0.000413
3.180000,-0.000096
3.181000,-0.000096
3.182000,-0.000729
3.183000,-0.000096
3.184000,0.000220
3.185000,0.000220
3.186000,-0.000096
3.187000,-0.000729
3.188000,-0.000096
3.189000,-0.000096
3.190000,-0.000096
3.191000,0.000220
3.192000,-0.000096
3.193000,-0.000096
3.194000,-0.000096
3.195000,-0.000096
3.196000,-0.000096
3.197000,-0.000413
3.198000,-0.000096
3.199000,-0.000096
3.200000,-0.000096
3.201000,-0.000413
3.202000,-0.000413
3.203000,-0.000096
3.204000,-0.000096
3.205000,-0.000096
3.206000,-0.000096
3.207000,-0.000096
3.208000,-0.000096
3.209000,-0.000413
3.210000,-0.000096
3.211000,-0.000413
3.212000,-0.000096
3.213000,-0.000413
3.214000,-0.000096
3.215000,-0.000413
3.216000,0.000220
3.217000,-0.000096
3.218000,0.000220
3.219000,-0.000096
3.220000,0.000220
3.221000,0.000220
3.222000,-0.000413
3.223000,-0.000096
3.224000,-0.000096
3.225000,-0.000096
3.226000,-0.000413
3.227000,-0.000413
3.228000,-0.000096
3.229000,-0.000096
3.230000,-0.000096
3.231000,-0.000096
3.232000,0.000536
3.233000,-0.000413
3.234000,-0.000096
3.235000,0.000220
3.236000,-0.000096
3.237000,-0.000096
3.238000,-0.000096
3.239000,-0.000096
3.240000,-0.000096
3.241000,-0.000096
3.242000,0.000536
3.243000,-0.000096
3.244000,-0.000096
3.245000,-0.000096
3.246000,0.000220
3.247000,-0.000096
3.248000,-0.000413
3.249000,0.000220
3.250000,0.000220
3.251000,0.000220
3.252000,-0.000096
3.253000,-0.000413
3.254000,-0.000096
3.255000,-0.000096
3.256000,-0.000413
3.257000,-0.000413
3.258000,-0.000096
3.259000,-0.000413
3.260000,-0.000096
3.261000,-0.000096
3.262000,-0.000413
3.263000,-0.000096
3.264000,0.000220
3.265000,-0.000096
3.266000,-0.000096
3.267000,-0.000096
3.268000,-0.000096
3.269000,-0.000413
3.270000,0.000220
3.271000,-0.000096
3.272000,-0.000096
3.273000,-0.000413
3.274000,-0.000096
3.275000,0.000220
3.276000,-0.000096
3.277000,-0.000413
3.278000,-0.000413
3.279000,0.000220
3.280000,-0.000096
3.281000,-0.000413
3.282000,0.000220
3.283000,-0.000096
3.284000,-0.000096
3.285000,-0.000413
3.286000,-0.000096
3.287000,-0.000096
3.288000,0.000220
3.289000,-0.000096
3.290000,-0.000096
3.291000,-0.000096
3.292000,-0.000096
3.293000,-0.000096
3.294000,-0.000096
3.295000,-0.000413
3.296000,-0.000413
3.297000,0.000220
3.298000,-0.000096
3.299000,0.000536
3.300000,-0.000096
3.301000,-0.000096
3.302000,0.000220
3.303000,-0.000096
3.304000,-0.000096
3.305000,-0.000413
3.306000,0.000220
3.307000,-0.000096
3.308000,-0.000096
3.309000,-0.000096
3.310000,-0.000096
3.311000,-0.000096
3.312000,0.000536
3.313000,-0.000096
3.314000,-0.000096
3.315000,-0.000413
3.316000,-0.000096
3.317000,-0.000413
3.318000,-0.000096
3.319000,-0.000096
3.320000,-0.000096
3.321000,-0.000096
3.322000,-0.000096
3.323000,-0.000729
3.324000,-0.000413
3.325000,-0.000096
3.326000,-0.000729
3.327000,-0.000096
3.328000,-0.000413
3.329000,-0.000096
3.330000,-0.000413
3.331000,-0.000096
3.332000,0.000536
3.333000,-0.000096
3.334000,-0.000413
3.335000,-0.000096
3.336000,-0.000096
3.337000,-0.000729
3.338000,-0.000096
3.339000,-0.000096
3.340000,-0.000096
3.341000,-0.000096
3.342000,-0.000096
3.343000,-0.000729
3.344000,-0.000413
3.345000,0.000220
3.346000,-0.000096
3.347000,-0.000096
3.348000,-0.000096
3.349000,-0.000096
3.350000,-0.000096
3.351000,-0.000413
3.352000,0.000220
3.353000,-0.000413
3.354000,0.000220
3.355000,-0.000096
3.356000,-0.000096
3.357000,-0.000096
3.358000,-0.000413
3.359000,-0.000096
3.360000,-0.000096
3.361000,-0.000096
3.362000,-0.000413
3.363000,-0.000096
3.364000,-0.000096
3.365000,-0.000413
3.366000,-0.000096
3.367000,-0.000096
3.368000,-0.000413
3.369000,-0.000096
3.370000,-0.000096
3.371000,0.000220
3.372000,-0.000096
3.373000,-0.000096
3.374000,-0.000096
3.375000,0.000220
3.376000,-0.000096
3.377000,-0.000413
3.378000,-0.000096
3.379000,0.000220
3.380000,0.000220
3.381000,-0.000096
3.382000,-0.000413
3.383000,-0.000096
3.384000,-0.000096
3.385000,-0.000096
3.386000,-0.000413
3.387000,-0.000096
3.388000,-0.000096
3.389000,-0.000413
3.390000,-0.000096
3.391000,0.000220
3.392000,0.000220
3.393000,-0.000096
3.394000,-0.000096
3.395000,-0.000096
3.396000,-0.000413
3.397000,-0.000096
3.398000,-0.000096
3.399000,-0.000096
3.400000,-0.000096
3.401000,-0.000096
3.402000,-0.000096
3.403000,-0.000413
3.404000,-0.000096
3.405000,-0.000096
3.406000,-0.000413
3.407000,-0.000096
3.408000,0.000220
3.409000,-0.000413
3.410000,-0.000096
3.411000,-0.000096
3.412000,-0.000096
3.413000,-0.000096
3.414000,-0.000096
3.415000,-0.000413
3.416000,-0.000096
3.417000,-0.000096
3.418000,-0.000096
3.419000,-0.000413
3.420000,-0.000096
3.421000,-0.000096
3.422000,0.000220
3.423000,-0.000096
3.424000,-0.000096
3.425000,-0.000096
3.426000,0.000220
3.427000,0.000220
3.428000,-0.000096
3.429000,-0.000096
3.430000,0.000220
3.431000,-0.000096
3.432000,-0.000413
3.433000,-0.000096
3.434000,-0.000413
3.435000,-0.000413
3.436000,-0.000096
3.437000,-0.000096
3.438000,-0.000413
3.439000,-0.000413
3.440000,-0.000413
3.441000,-0.000096
3.442000,-0.000096
3.443000,-0.000729
3.444000,-0.000096
3.445000,0.000536
3.446000,0.000220
3.447000,0.000220
3.448000,-0.000413
3.449000,-0.000096
3.450000,-0.000729
3.451000,-0.000413
3.452000,-0.000096
3.453000,-0.000096
3.454000,-0.000096
3.455000,-0.000096
3.456000,-0.000096
3.457000,0.000220
3.458000,-0.000096
3.459000,-0.000096
3.460000,-0.000096
3.461000,0.000220
3.462000,-0.000096
3.463000,-0.000413
3.464000,0.000220
3.465000,-0.000096
3.466000,0.000536
3.467000,-0.000413
3.468000,-0.000096
3.469000,-0.000096
3.470000,0.000220
3.471000,-0.000096
3.472000,-0.000096
3.473000,-0.000096
3.474000,-0.000096
3.475000,-0.000096
3.476000,-0.000096
3.477000,-0.000096
3.478000,-0.000096
3.479000,-0.000096
3.480000,0.000220
3.481000,-0.000096
3.482000,0.000220
3.483000,-0.000413
3.484000,-0.000096
3.485000,-0.000413
3.486000,0.000220
3.487000,-0.000096
3.488000,-0.000096
3.489000,-0.000096
3.490000,-0.000096
3.491000,-0.000096
3.492000,-0.000413
3.493000,-0.000413
3.494000,-0.000096
3.495000,0.000220
3.496000,-0.000096
3.497000,-0.000096
3.498000,-0.000413
3.499000,-0.000096
3.500000,-0.000096
3.501000,-0.000096
3.502000,-0.000096
3.503000,-0.000413
3.504000,-0.000096
3.505000,0.000536
3.506000,-0.000096
3.507000,-0.000096
3.508000,-0.000096
3.509000,-0.000096
3.510000,-0.000096
3.511000,-0.000413
3.512000,-0.000413
3.513000,-0.000729
3.514000,-0.000096
3.515000,-0.000096
3.516000,0.000220
3.517000,0.000220
3.518000,-0.000096
3.519000,-0.000096
3.520000,-0.000096
3.521000,-0.000413
3.522000,-0.000413
3.523000,-0.000413
3.524000,-0.000096
3.525000,0.000220
3.526000,0.000220
3.527000,-0.000096
3.528000,0.000536
3.529000,-0.000413
3.530000,0.000220
3.531000,-0.000096
3.532000,-0.000096
3.533000,-0.000096
3.534000,0.000220
3.535000,0.000220
3.536000,-0.000096
3.537000,-0.000096
3.538000,-0.000096
3.539000,0.000220
3.540000,-0.000096
3.541000,-0.000096
3.542000,-0.000096
3.543000,0.000220
3.544000,-0.000096
3.545000,-0.000096
3.546000,-0.000096
3.547000,-0.000096
3.548000,-0.000096
3.549000,-0.000413
3.550000,-0.000096
3.551000,-0.000096
3.552000,-0.000096
3.553000,0.000536
3.554000,-0.000096
3.555000,-0.000096
3.556000,-0.000096
3.557000,-0.000729
3.558000,-0.000096
3.559000,-0.000413
3.560000,-0.000096
3.561000,-0.000096
3.562000,-0.000413
3.563000,-0.000096
3.564000,-0.000413
3.565000,-0.000096
3.566000,-0.000096
3.567000,-0.000096
3.568000,-0.000096
3.569000,-0.000096
3.570000,-0.000096
3.571000,-0.000096
3.572000,-0.000413
3.573000,-0.000096
3.574000,-0.000413
3.575000,-0.000096
3.576000,-0.000413
3.577000,-0.000413
3.578000,0.000220
3.579000,-0.000413
3.580000,-0.000413
3.581000,0.000220
3.582000,-0.000096
3.583000,-0.000096
3.584000,-0.000096
3.585000,-0.000413
3.586000,-0.000096
3.587000,-0.000413
3.588000,-0.000096
3.589000,-0.000096
3.590000,-0.000096
3.591000,-0.000413
3.592000,0.000220
3.593000,-0.000413
3.594000,0.000220
3.595000,-0.000096
3.596000,-0.000413
3.597000,-0.000729
3.598000,-0.000096
3.599000,-0.000096
3.600000,-0.000096
3.601000,-0.000096
3.602000,-0.000096
3.603000,-0.000413
3.604000,-0.000096
3.605000,-0.000096
3.606000,-0.000096
3.607000,-0.000096
3.608000,-0.000096
3.609000,-0.000096
3.610000,0.000536
3.611000,-0.000096
3.612000,-0.000096
3.613000,0.000220
3.614000,-0.000096
3.615000,-0.000096
3.616000,-0.000413
3.617000,-0.000413
3.618000,-0.000096
3.619000,-0.000413
3.620000,-0.000413
3.621000,0.000220
3.622000,-0.000096
3.623000,-0.000413
3.624000,-0.000096
3.625000,-0.000729
3.626000,-0.000096
3.627000,-0.000096
3.628000,-0.000096
3.629000,-0.000096
3.630000,-0.000413
3.631000,0.000220
3.632000,-0.000096
3.633000,-0.000413
3.634000,-0.000729
3.635000,-0.000413
3.636000,0.000220
3.637000,0.000220
3.638000,-0.000096
3.639000,-0.000096
3.640000,-0.000096
3.641000,-0.000413
3.642000,-0.000096
3.643000,-0.000096
3.644000,-0.000413
3.645000,-0.000096
3.646000,-0.000096
3.647000,-0.000413
3.648000,0.000220
3.649000,-0.000413
3.650000,-0.000096
3.651000,-0.000096
3.652000,0.000220
3.653000,-0.000096
3.654000,-0.000096
3.655000,-0.000096
3.656000,0.000536
3.657000,-0.000096
3.658000,0.000220
3.659000,-0.000096
3.660000,0.000220
3.661000,-0.000413
3.662000,-0.000413
3.663000,-0.000413
3.664000,-0.000096
3.665000,-0.000096
3.666000,-0.000096
3.667000,-0.000096
3.668000,0.000220
3.669000,0.000536
3.670000,-0.000413
3.671000,-0.000096
3.672000,-0.000096
3.673000,0.000220
3.674000,-0.000413
3.675000,-0.000096
3.676000,-0.000096
3.677000,-0.000096
3.678000,-0.000096
3.679000,-0.000413
3.680000,0.000220
3.681000,-0.000096
3.682000,-0.000096
3.683000,-0.000096
3.684000,-0.000096
3.685000,0.000536
3.686000,0.000220
3.687000,-0.000096
3.688000,-0.000096
3.689000,0.000220
3.690000,0.000220
3.691000,-0.000096
3.692000,-0.000096
3.693000,-0.000096
3.694000,-0.000729
3.695000,-0.000413
3.696000,0.000220
3.697000,-0.000096
3.698000,-0.000413
3.699000,0.000220
3.700000,-0.000096
3.701000,-0.000096
3.702000,0.000220
3.703000,-0.000096
3.704000,-0.000096
3.705000,0.000220
3.706000,-0.000413
3.707000,-0.000413
3.708000,-0.000413
3.709000,-0.000096
3.710000,-0.000096
3.711000,-0.000096
3.712000,-0.000413
3.713000,-0.000096
3.714000,-0.000096
3.715000,-0.000096
3.716000,0.000220
3.717000,-0.000096
3.718000,-0.000096
3.719000,-0.000096
3.720000,-0.000096
3.721000,0.000220
3.722000,-0.000096
3.723000,-0.000096
3.724000,-0.000413
3.725000,-0.000096
3.726000,-0.000413
3.727000,-0.000096
3.728000,0.000220
3.729000,-0.000413
3.730000,-0.000096
3.731000,-0.000096
3.732000,-0.000413
3.733000,-0.000729
3.734000,-0.000096
3.735000,-0.000413
3.736000,-0.000096
3.737000,-0.000096
3.738000,-0.000096
3.739000,-0.000096
3.740000,0.000220
3.741000,0.000220
3.742000,-0.000413
3.743000,-0.000096
3.744000,-0.000096
3.745000,-0.000096
3.746000,-0.000096
3.747000,-0.000096
3.748000,0.000536
3.749000,-0.000096
3.750000,-0.000096
3.751000,-0.000096
3.752000,-0.000096
3.753000,-0.000096
3.754000,-0.000096
3.755000,0.000220
3.756000,-0.000096
3.757000,-0.000096
3.758000,-0.000413
3.759000,-0.000096
3.760000,-0.000729
3.761000,-0.000096
3.762000,-0.000096
3.763000,0.000220
3.764000,0.000220
3.765000,-0.000096
3.766000,-0.000413
3.767000,-0.000729
3.768000,-0.000729
3.769000,0.000220
3.770000,-0.000096
3.771000,-0.000413
3.772000,-0.000096
3.773000,-0.000413
3.774000,-0.000096
3.775000,-0.000096
3.776000,0.000220
3.777000,-0.000096
3.778000,0.000220
3.779000,-0.000096
3.780000,-0.000096
3.781000,-0.000096
3.782000,-0.000096
3.783000,-0.000096
3.784000,-0.000413
3.785000,-0.000096
3.786000,-0.000096
3.787000,-0.000413
3.788000,-0.000413
3.789000,-0.000413
3.790000,-0.000096
3.791000,-0.000096
3.792000,-0.000413
3.793000,-0.000096
3.794000,-0.000413
3.795000,0.000536
3.796000,-0.000096
3.797000,-0.000096
3.798000,0.000220
3.799000,-0.000729
3.800000,-0.000096
3.801000,-0.000413
3.802000,0.000220
3.803000,-0.000413
3.804000,-0.000096
3.805000,-0.000096
3.806000,-0.000096
3.807000,-0.000413
3.808000,-0.000413
3.809000,-0.000413
3.810000,-0.000096
3.811000,-0.000096
3.812000,0.000220
3.813000,-0.000096
3.814000,-0.000096
3.815000,-0.000096
3.816000,0.000220
3.817000,-0.000096
3.818000,-0.000096
3.819000,-0.000096
3.820000,-0.000096
3.821000,0.000220
3.822000,-0.000096
3.823000,-0.000096
3.824000,-0.000729
3.825000,-0.000413
3.826000,-0.000096
3.827000,0.000220
3.828000,-0.000729
3.829000,-0.000413
3.830000,-0.000096
3.831000,-0.000413
3.832000,-0.000096
3.833000,-0.000096
3.834000,-0.000096
3.835000,-0.000096
3.836000,-0.000413
3.837000,0.000220
3.838000,-0.000096
3.839000,-0.000413
3.840000,-0.000096
3.841000,-0.000096
3.842000,-0.000096
3.843000,0.000220
3.844000,-0.000096
3.845000,-0.000096
3.846000,-0.000096
3.847000,-0.000096
3.848000,-0.000096
3.849000,-0.000413
3.850000,-0.000096
3.851000,-0.000096
3.852000,-0.000413
3.853000,-0.000729
3.854000,-0.000096
3.855000,-0.000096
3.856000,-0.000096
3.857000,-0.000096
3.858000,-0.000413
3.859000,-0.000096
3.860000,-0.000413
3.861000,-0.000096
3.862000,-0.000096
3.863000,-0.000096
3.864000,-0.000096
3.865000,-0.000413
3.866000,-0.000096
3.867000,-0.000096
3.868000,-0.000096
3.869000,-0.000096
3.870000,-0.000096
3.871000,-0.000413
3.872000,-0.000413
3.873000,0.000220
3.874000,-0.000096
3.875000,-0.000096
3.876000,-0.000096
3.877000,-0.000096
3.878000,-0.000096
3.879000,0.000220
3.880000,-0.000096
3.881000,-0.000413
3.882000,0.000220
3.883000,-0.000096
3.884000,-0.000096
3.885000,-0.000096
3.886000,-0.000413
3.887000,-0.000413
3.888000,-0.000096
3.889000,-0.000096
3.890000,-0.000096
3.891000,-0.000096
3.892000,-0.000096
3.893000,-0.000413
3.894000,-0.000096
3.895000,-0.000096
3.896000,-0.000096
3.897000,-0.000729
3.898000,-0.000096
3.899000,-0.000096
3.900000,-0.000413
3.901000,-0.000413
3.902000,-0.000413
3.903000,-0.000096
3.904000,-0.000413
3.905000,-0.000096
3.906000,-0.000096
3.907000,-0.000096
3.908000,-0.000096
3.909000,-0.000413
3.910000,-0.000096
3.911000,-0.000096
3.912000,-0.000096
3.913000,-0.000096
3.914000,-0.000096
3.915000,-0.000413
3.916000,0.000220
3.917000,-0.000413
3.918000,0.000220
3.919000,-0.000096
3.920000,-0.000096
3.921000,-0.000096
3.922000,0.000220
3.923000,-0.000096
3.924000,0.000220
3.925000,-0.000096
3.926000,-0.000096
3.927000,0.000220
3.928000,-0.000096
3.929000,-0.000413
3.930000,-0.000096
3.931000,0.000220
3.932000,-0.000096
3.933000,-0.000096
3.934000,-0.000096
3.935000,-0.000413
3.936000,-0.000096
3.937000,-0.000096
3.938000,-0.000096
3.939000,-0.000096
3.940000,-0.000096
3.941000,-0.000096
3.942000,-0.000096
3.943000,-0.000096
3.944000,-0.000096
3.945000,-0.000096
3.946000,-0.000096
3.947000,-0.000729
3.948000,-0.000096
3.949000,-0.000096
3.950000,-0.000096
3.951000,-0.000413
3.952000,-0.000096
3.953000,-0.000096
3.954000,-0.000096
3.955000,-0.000413
3.956000,-0.000413
3.957000,-0.000096
3.958000,-0.000413
3.959000,0.000220
3.960000,-0.000729
3.961000,-0.000096
3.962000,-0.000096
3.963000,-0.000096
3.964000,-0.000413
3.965000,0.000220
3.966000,-0.000096
3.967000,-0.000096
3.968000,-0.000096
3.969000,-0.000096
3.970000,-0.000413
3.971000,-0.000096
3.972000,0.000220
3.973000,-0.000096
3.974000,-0.000096
3.975000,0.000220
3.976000,-0.000096
3.977000,-0.000096
3.978000,-0.000096
3.979000,-0.000096
3.980000,-0.000096
3.981000,-0.000413
3.982000,-0.000096
3.983000,0.000220
3.984000,-0.000096
3.985000,-0.000096
3.986000,-0.000096
3.987000,-0.000096
3.988000,-0.000096
3.989000,-0.000413
3.990000,-0.000096
3.991000,0.000220
3.992000,-0.000413
3.993000,-0.000413
3.994000,-0.000096
3.995000,-0.000096
3.996000,-0.000413
3.997000,-0.000096
3.998000,-0.000729
3.999000,0.000220
4.000000,-0.000729
4.001000,-0.000413
4.002000,-0.000096
4.003000,0.000220
4.004000,0.000220
4.005000,-0.000096
4.006000,-0.000096
4.007000,-0.000096
4.008000,-0.000096
4.009000,-0.000096
4.010000,-0.000096
4.011000,-0.000413
4.012000,-0.000096
4.013000,-0.000096
4.014000,-0.000413
4.015000,-0.000096
4.016000,-0.000096
4.017000,-0.000096
4.018000,-0.000413
4.019000,-0.000096
4.020000,-0.000413
4.021000,-0.000096
4.022000,-0.000413
4.023000,-0.000729
4.024000,-0.000096
4.025000,-0.000096
4.026000,-0.000096
4.027000,-0.000096
4.028000,-0.000096
4.029000,-0.000096
4.030000,-0.000096
4.031000,-0.000096
4.032000,-0.000096
4.033000,-0.000096
4.034000,-0.000096
4.035000,0.000220
4.036000,-0.000096
4.037000,0.000220
4.038000,-0.000096
4.039000,-0.000413
4.040000,0.000220
4.041000,-0.000096
4.042000,-0.000096
4.043000,0.000220
4.044000,-0.000096
4.045000,-0.000096
4.046000,-0.000096
4.047000,-0.000413
4.048000,-0.000096
4.049000,-0.000096
4.050000,-0.000096
4.051000,-0.000096
4.052000,0.000220
4.053000,0.000220
4.054000,-0.000096
4.055000,-0.000413
4.056000,-0.000413
4.057000,-0.000096
4.058000,-0.000096
4.059000,-0.000096
4.060000,-0.000413
4.061000,-0.000096
4.062000,-0.000096
4.063000,-0.000096
4.064000,-0.000096
4.065000,-0.000413
4.066000,-0.000413
4.067000,0.000220
4.068000,-0.000413
4.069000,-0.000096
4.070000,-0.000096
4.071000,-0.000096
4.072000,-0.000096
4.073000,-0.000096
4.074000,-0.000413
4.075000,-0.000096
4.076000,-0.000096
4.077000,-0.000096
4.078000,-0.000096
4.079000,-0.000413
4.080000,-0.000096
4.081000,-0.000413
4.082000,-0.000096
4.083000,-0.000413
4.084000,-0.000096
4.085000,-0.000413
4.086000,-0.000413
4.087000,-0.000096
4.088000,-0.000096
4.089000,-0.000096
4.090000,-0.000413
4.091000,-0.000096
4.092000,-0.000096
4.093000,-0.000096
4.094000,-0.000096
4.095000,-0.000096
4.096000,-0.000413
4.097000,-0.000413
4.098000,-0.000096
4.099000,-0.000096
4.100000,-0.000413
4.101000,-0.000096
4.102000,-0.000096
4.103000,-0.000096
4.104000,-0.000096
4.105000,-0.000729
4.106000,0.000220
4.107000,-0.000096
4.108000,-0.000096
4.109000,-0.000096
4.110000,-0.000413
4.111000,-0.000413
4.112000,-0.000413
4.113000,-0.000413
4.114000,-0.000096
4.115000,0.000220
4.116000,-0.000096
4.117000,-0.000413
4.118000,0.000220
4.119000,-0.000413
4.120000,-0.000096
4.121000,-0.000413
4.122000,-0.000096
4.123000,-0.000096
4.124000,-0.000096
4.125000,-0.000413
4.126000,-0.000413
4.127000,0.000220
4.128000,-0.000413
4.129000,0.000220
4.130000,-0.000096
4.131000,-0.000096
4.132000,-0.000096
4.133000,-0.000096
4.134000,-0.000413
4.135000,0.000220
4.136000,0.000220
4.137000,-0.000413
4.138000,-0.000096
4.139000,-0.000096
4.140000,0.000220
4.141000,-0.000096
4.142000,-0.000413
4.143000,-0.000413
4.144000,-0.000413
4.145000,0.000220
4.146000,-0.000096
4.147000,-0.000096
4.148000,0.000220
4.149000,0.000220
4.150000,0.000220
4.151000,-0.000096
4.152000,-0.000096
4.153000,-0.000096
4.154000,-0.000096
4.155000,-0.000413
4.156000,-0.000413
4.157000,-0.000096
4.158000,0.000220
4.159000,-0.000096
4.160000,-0.000096
4.161000,-0.000096
4.162000,-0.000729
4.163000,-0.000096
4.164000,-0.000096
4.165000,-0.000096
4.166000,-0.000096
4.167000,0.000220
4.168000,-0.000096
4.169000,-0.000096
4.170000,-0.000413
4.171000,0.000220
4.172000,-0.000413
4.173000,-0.000096
4.174000,0.000220
4.175000,-0.000096
4.176000,-0.000413
4.177000,-0.000096
4.178000,-0.000096
4.179000,-0.000096
4.180000,-0.000096
4.181000,-0.000096
4.182000,-0.000096
4.183000,-0.000413
4.184000,-0.000413
4.185000,-0.000096
4.186000,-0.000096
4.187000,0.000220
4.188000,0.000220
4.189000,-0.000096
4.190000,0.000220
4.191000,-0.000096
4.192000,-0.000413
4.193000,-0.000096
4.194000,-0.000096
4.195000,-0.000096
4.196000,-0.000096
4.197000,0.000220
4.198000,-0.000096
4.199000,-0.000096
4.200000,-0.000096
4.201000,-0.000096
4.202000,-0.000096
4.203000,-0.000413
4.204000,-0.000413
4.205000,-0.000096
4.206000,-0.000096
4.207000,-0.000096
4.208000,-0.000096
4.209000,0.000220
4.210000,-0.000413
4.211000,-0.000096
4.212000,-0.000096
4.213000,-0.000096
4.214000,-0.000729
4.215000,-0.000096
4.216000,-0.000096
4.217000,-0.000096
4.218000,0.000220
4.219000,-0.000096
4.220000,-0.000096
4.221000,-0.000096
4.222000,-0.000413
4.223000,-0.000096
4.224000,-0.000729
4.225000,-0.000096
4.226000,-0.000413
4.227000,-0.000096
4.228000,-0.000096
4.229000,-0.000096
4.230000,-0.000096
4.231000,-0.000096
4.232000,-0.000096
4.233000,0.000220
4.234000,-0.000413
4.235000,-0.000096
4.236000,0.000220
4.237000,-0.000413
4.238000,-0.000096
4.239000,-0.000096
4.240000,-0.000096
4.241000,-0.000413
4.242000,-0.000096
4.243000,-0.000096
4.244000,-0.000413
4.245000,-0.000096
4.246000,-0.000096
4.247000,-0.000096
4.248000,-0.000413
4.249000,-0.000096
4.250000,-0.000413
4.251000,-0.000096
4.252000,0.000220
4.253000,0.000220
4.254000,-0.000096
4.255000,-0.000096
4.256000,-0.000096
4.257000,-0.000413
4.258000,0.000220
4.259000,-0.000096
4.260000,0.000220
4.261000,-0.000096
4.262000,-0.000413
4.263000,-0.000096
4.264000,-0.000096
4.265000,-0.000096
4.266000,-0.000096
4.267000,0.000220
4.268000,0.000220
4.269000,0.000220
4.270000,-0.000413
4.271000,-0.000096
4.272000,-0.000096
4.273000,0.000220
4.274000,-0.000096
4.275000,-0.000096
4.276000,0.000536
4.277000,-0.000096
4.278000,-0.000413
4.279000,-0.000096
4.280000,0.000220
4.281000,-0.000096
4.282000,-0.000413
4.283000,-0.000096
4.284000,-0.000096
4.285000,-0.000096
4.286000,-0.000096
4.287000,-0.000096
4.288000,-0.000096
4.289000,-0.000096
4.290000,-0.000096
4.291000,0.000220
4.292000,0.000220
4.293000,0.000536
4.294000,-0.000096
4.295000,-0.000096
4.296000,-0.000096
4.297000,-0.000096
4.298000,-0.000096
4.299000,-0.000413
4.300000,-0.000096
4.301000,0.000220
4.302000,-0.000096
4.303000,0.000220
4.304000,0.000220
4.305000,-0.000413
4.306000,-0.000096
4.307000,-0.000096
4.308000,-0.000096
4.309000,0.000220
4.310000,-0.000096
4.311000,-0.000096
4.312000,-0.000096
4.313000,-0.000096
4.314000,-0.000096
4.315000,-0.000096
4.316000,-0.000096
4.317000,-0.000413
4.318000,-0.000096
4.319000,-0.000413
4.320000,0.000220
4.321000,-0.000096
4.322000,-0.000729
4.323000,-0.000096
4.324000,-0.000096
4.325000,-0.000096
4.326000,-0.000096
4.327000,-0.000096
4.328000,-0.000096
4.329000,-0.000413
4.330000,-0.000413
4.331000,-0.000096
4.332000,-0.000413
4.333000,-0.000096
4.334000,-0.000096
4.335000,-0.000096
4.336000,-0.000413
4.337000,-0.000413
4.338000,-0.000413
4.339000,-0.000413
4.340000,-0.000096
4.341000,-0.000096
4.342000,-0.000413
4.343000,-0.000413
4.344000,-0.000096
4.345000,-0.000413
4.346000,-0.000096
4.347000,0.000220
4.348000,0.000220
4.349000,-0.000413
4.350000,-0.000096
4.351000,-0.000096
4.352000,-0.000096
4.353000,-0.000413
4.354000,-0.000413
4.355000,-0.000096
4.356000,-0.000413
4.357000,0.000220
4.358000,-0.000096
4.359000,-0.000096
4.360000,-0.000413
4.361000,0.000220
4.362000,0.000220
4.363000,-0.000413
4.364000,-0.000096
4.365000,-0.000096
4.366000,-0.000096
4.367000,-0.000413
4.368000,-0.000096
4.369000,-0.000413
4.370000,-0.000096
4.371000,-0.000729
4.372000,0.000220
4.373000,-0.000096
4.374000,-0.000096
4.375000,-0.000096
4.376000,-0.000096
4.377000,0.000220
4.378000,-0.000096
4.379000,-0.000096
4.380000,-0.000729
4.381000,-0.000096
4.382000,-0.000413
4.383000,0.000220
4.384000,-0.000413
4.385000,-0.000096
4.386000,-0.000096
4.387000,-0.000413
4.388000,-0.000096
4.389000,-0.000096
4.390000,-0.000096
4.391000,-0.000096
4.392000,-0.000413
4.393000,-0.000096
4.394000,-0.000096
4.395000,-0.000096
4.396000,-0.000096
4.397000,-0.000096
4.398000,-0.000096
4.399000,-0.000096
4.400000,-0.000096
4.401000,-0.000413
4.402000,-0.000096
4.403000,0.000220
4.404000,-0.000096
4.405000,-0.000096
4.406000,-0.000096
4.407000,-0.000096
4.408000,-0.000413
4.409000,-0.000413
4.410000,-0.000413
4.411000,-0.000413
4.412000,0.000220
4.413000,-0.000096
4.414000,-0.000413
4.415000,-0.000096
4.416000,-0.000413
4.417000,-0.000096
4.418000,-0.000096
4.419000,-0.000096
4.420000,-0.000096
4.421000,0.000220
4.422000,-0.000413
4.423000,-0.000096
4.424000,-0.000096
4.425000,-0.000096
4.426000,-0.000096
4.427000,0.000220
4.428000,-0.000413
4.429000,-0.000096
4.430000,-0.000096
4.431000,0.000220
4.432000,-0.000096
4.433000,-0.000096
4.434000,-0.000096
4.435000,-0.000096
4.436000,-0.000413
4.437000,-0.000413
4.438000,-0.000096
4.439000,-0.000096
4.440000,0.000220
4.441000,-0.000413
4.442000,-0.000096
4.443000,-0.000096
4.444000,-0.000096
4.445000,-0.000096
4.446000,-0.000096
4.447000,0.000220
4.448000,-0.000096
4.449000,-0.000413
4.450000,-0.000096
4.451000,-0.000413
4.452000,-0.000096
4.453000,-0.000096
4.454000,-0.000096
4.455000,-0.000096
4.456000,0.000220
4.457000,-0.000096
4.458000,-0.000096
4.459000,-0.000413
4.460000,0.000220
4.461000,-0.000413
4.462000,0.000220
4.463000,0.000220
4.464000,-0.000096
4.465000,-0.000096
4.466000,-0.000096
4.467000,-0.000413
4.468000,-0.000096
4.469000,-0.000413
4.470000,-0.000413
4.471000,-0.000096
4.472000,-0.000096
4.473000,-0.000729
4.474000,0.000220
4.475000,-0.000096
4.476000,-0.000096
4.477000,-0.000096
4.478000,-0.000413
4.479000,-0.000096
4.480000,-0.000096
4.481000,0.000220
4.482000,-0.000096
4.483000,-0.000096
4.484000,-0.000413
4.485000,-0.000413
4.486000,-0.000096
4.487000,-0.000096
4.488000,-0.000096
4.489000,0.000536
4.490000,-0.000096
4.491000,-0.000413
4.492000,-0.000413
4.493000,-0.000096
4.494000,-0.000413
4.495000,-0.000096
4.496000,-0.000413
4.497000,0.000220
4.498000,-0.000096
4.499000,-0.000096
4.500000,-0.000096
4.501000,-0.000096
4.502000,-0.000413
4.503000,-0.000413
4.504000,0.000220
4.505000,-0.000413
4.506000,-0.000096
4.507000,-0.000096
4.508000,-0.000096
4.509000,-0.000413
4.510000,-0.000096
4.511000,-0.000096
4.512000,-0.000096
4.513000,-0.000096
4.514000,-0.000096
4.515000,-0.000729
4.516000,0.000220
4.517000,-0.000096
4.518000,-0.000729
4.519000,-0.000096
4.520000,-0.000096
4.521000,-0.000096
4.522000,-0.000096
4.523000,0.000220
4.524000,-0.000096
4.525000,0.000220
4.526000,-0.000096
4.527000,0.000220
4.528000,-0.000096
4.529000,-0.000096
4.530000,-0.000413
4.531000,-0.000096
4.532000,0.000220
4.533000,-0.000096
4.534000,-0.000413
4.535000,-0.000413
4.536000,0.000220
4.537000,-0.000729
4.538000,-0.000096
4.539000,-0.000096
4.540000,-0.000096
4.541000,-0.000413
4.542000,-0.000096
4.543000,-0.000413
4.544000,-0.000413
4.545000,0.000220
4.546000,-0.000413
4.547000,-0.000413
4.548000,-0.000413
4.549000,-0.000096
4.550000,-0.000096
4.551000,-0.000096
4.552000,-0.000413
4.553000,0.000220
4.554000,-0.000096
4.555000,0.000220
4.556000,-0.000096
4.557000,-0.000096
4.558000,-0.000413
4.559000,-0.000413
4.560000,-0.000096
4.561000,-0.000413
4.562000,0.000220
4.563000,-0.000413
4.564000,-0.000096
4.565000,-0.000413
4.566000,0.000220
4.567000,-0.000096
4.568000,-0.000096
4.569000,-0.000096
4.570000,-0.000096
4.571000,-0.000096
4.572000,-0.000413
4.573000,-0.000096
4.574000,-0.000413
4.575000,-0.000096
4.576000,0.000220
4.577000,-0.000096
4.578000,-0.000096
4.579000,-0.000096
4.580000,-0.000096
4.581000,-0.000413
4.582000,-0.000096
4.583000,-0.000096
4.584000,0.000220
4.585000,-0.000096
4.586000,-0.000096
4.587000,-0.000096
4.588000,-0.000096
4.589000,0.000220
4.590000,-0.000096
4.591000,-0.000096
4.592000,-0.000096
4.593000,-0.000096
4.594000,-0.000413
4.595000,-0.000096
4.596000,0.000220
4.597000,-0.000413
4.598000,-0.000096
4.599000,-0.000096
4.600000,-0.000096
4.601000,-0.000096
4.602000,-0.000096
4.603000,-0.000729
4.604000,-0.000096
4.605000,-0.000413
4.606000,-0.000096
4.607000,-0.000413
4.608000,-0.000096
4.609000,-0.000096
4.610000,0.000220
4.611000,-0.000096
4.612000,-0.000096
4.613000,-0.000096
4.614000,-0.000096
4.615000,-0.000096
4.616000,-0.000096
4.617000,-0.000413
4.618000,-0.000096
4.619000,-0.000096
4.620000,-0.000096
4.621000,0.000220
4.622000,-0.000413
4.623000,-0.000096
4.624000,-0.000096
4.625000,0.000220
4.626000,-0.000096
4.627000,-0.000096
4.628000,-0.000096
4.629000,-0.000096
4.630000,-0.000729
4.631000,-0.000096
4.632000,-0.000413
4.633000,-0.000096
4.634000,0.000220
4.635000,-0.000096
4.636000,-0.000413
4.637000,-0.000096
4.638000,-0.000413
4.639000,0.000220
4.640000,-0.000096
4.641000,-0.000413
4.642000,-0.000096
4.643000,-0.000096
4.644000,-0.000096
4.645000,-0.000413
4.646000,-0.000096
4.647000,-0.000413
4.648000,-0.000096
4.649000,-0.000096
4.650000,-0.000096
4.651000,-0.000096
4.652000,-0.000729
4.653000,-0.000413
4.654000,-0.000096
4.655000,-0.000096
4.656000,-0.000096
4.657000,-0.000096
4.658000,-0.000096
4.659000,0.000220
4.660000,-0.000096
4.661000,-0.000096
4.662000,0.000220
4.663000,-0.000096
4.664000,-0.000729
4.665000,0.000220
4.666000,-0.000096
4.667000,-0.000096
4.668000,-0.000096
4.669000,-0.000413
4.670000,0.000220
4.671000,-0.000413
4.672000,-0.000413
4.673000,0.000220
4.674000,-0.000096
4.675000,-0.000096
4.676000,-0.000413
4.677000,-0.000413
4.678000,-0.000096
4.679000,-0.000096
4.680000,-0.000413
4.681000,0.000536
4.682000,-0.000096
4.683000,-0.000096
4.684000,-0.000096
4.685000,-0.000096
4.686000,-0.000413
4.687000,-0.000096
4.688000,-0.000096
4.689000,0.000220
4.690000,-0.000413
4.691000,-0.000096
4.692000,-0.000096
4.693000,-0.000413
4.694000,-0.000096
4.695000,-0.000413
4.696000,0.000220
4.697000,-0.000096
4.698000,-0.000096
4.699000,-0.000413
4.700000,-0.000096
4.701000,-0.000096
4.702000,0.000220
4.703000,-0.000096
4.704000,-0.000096
4.705000,-0.000096
4.706000,0.000220
4.707000,-0.000096
4.708000,0.000220
4.709000,-0.000096
4.710000,-0.000096
4.711000,-0.000096
4.712000,-0.000096
4.713000,-0.000413
4.714000,0.000220
4.715000,-0.000096
4.716000,0.000220
4.717000,-0.000096
4.718000,-0.000096
4.719000,-0.000096
4.720000,-0.000096
4.721000,-0.000096
4.722000,-0.000096
4.723000,-0.000096
4.724000,-0.000096
4.725000,-0.000413
4.726000,-0.000096
4.727000,-0.000096
4.728000,-0.000096
4.729000,-0.000413
4.730000,0.000536
4.731000,-0.000413
4.732000,-0.000096
4.733000,0.000220
4.734000,-0.000096
4.735000,-0.000413
4.736000,-0.000413
4.737000,-0.000413
4.738000,-0.000096
4.739000,-0.000096
4.740000,-0.000096
4.741000,-0.000096
4.742000,0.000220
4.743000,-0.000096
4.744000,-0.000413
4.745000,-0.000096
4.746000,-0.000413
4.747000,-0.000096
4.748000,-0.000096
4.749000,-0.000096
4.750000,-0.000413
4.751000,-0.000096
4.752000,-0.000096
4.753000,-0.000096
4.754000,-0.000096
4.755000,-0.000413
4.756000,-0.000413
4.757000,-0.000729
4.758000,-0.000096
4.759000,-0.000096
4.760000,0.000220
4.761000,-0.000096
4.762000,0.000220
4.763000,-0.000729
4.764000,-0.000413
4.765000,-0.000096
4.766000,0.000220
4.767000,-0.000096
4.768000,-0.000729
4.769000,-0.000096
4.770000,-0.000096
4.771000,0.000220
4.772000,-0.000096
4.773000,0.000220
4.774000,-0.000413
4.775000,-0.000096
4.776000,-0.000413
4.777000,-0.000096
4.778000,-0.000096
4.779000,-0.000413
4.780000,0.000536
4.781000,-0.000096
4.782000,-0.000096
4.783000,0.000220
4.784000,-0.000096
4.785000,0.000220
4.786000,-0.000096
4.787000,-0.000413
4.788000,-0.000096
4.789000,-0.000096
4.790000,-0.000096
4.791000,0.000220
4.792000,-0.000413
4.793000,-0.000096
4.794000,-0.000413
4.795000,0.000536
4.796000,-0.000096
4.797000,-0.000096
4.798000,-0.000413
4.799000,-0.000096
4.800000,-0.000096
4.801000,-0.000096
4.802000,-0.000413
4.803000,-0.000096
4.804000,-0.000096
4.805000,0.000536
4.806000,-0.000096
4.807000,-0.000096
4.808000,-0.000413
4.809000,-0.000096
4.810000,-0.000413
4.811000,-0.000096
4.812000,0.000220
4.813000,-0.000096
4.814000,-0.000096
4.815000,-0.000096
4.816000,0.000220
4.817000,0.000220
4.818000,0.000220
4.819000,-0.000413
4.820000,-0.000096
4.821000,-0.000096
4.822000,-0.000096
4.823000,-0.000413
4.824000,-0.000413
4.825000,-0.000413
4.826000,-0.000413
4.827000,-0.000096
4.828000,-0.000096
4.829000,-0.000096
4.830000,-0.000096
4.831000,0.000220
4.832000,-0.000413
4.833000,-0.000096
4.834000,-0.000096
4.835000,-0.000413
4.836000,-0.000096
4.837000,-0.000413
4.838000,-0.000096
4.839000,0.000220
4.840000,0.000220
4.841000,-0.000096
4.842000,-0.000413
4.843000,-0.000096
4.844000,-0.000413
4.845000,0.000220
4.846000,0.000220
4.847000,-0.000413
4.848000,-0.000413
4.849000,-0.000096
4.850000,-0.000096
4.851000,-0.000096
4.852000,-0.000413
4.853000,-0.000096
4.854000,-0.000096
4.855000,-0.000096
4.856000,0.000536
4.857000,-0.000413
4.858000,-0.000096
4.859000,-0.000096
4.860000,-0.000096
4.861000,-0.000096
4.862000,0.000220
4.863000,-0.000096
4.864000,-0.000096
4.865000,-0.000096
4.866000,-0.000096
4.867000,-0.000413
4.868000,-0.000096
4.869000,-0.000096
4.870000,-0.000413
4.871000,-0.000096
4.872000,-0.000096
4.873000,-0.000096
4.874000,-0.000096
4.875000,-0.000096
4.876000,-0.000096
4.877000,0.000220
4.878000,-0.000413
4.879000,-0.000413
4.880000,-0.000096
4.881000,-0.000096
4.882000,-0.000096
4.883000,-0.000096
4.884000,-0.000413
4.885000,0.000220
4.886000,-0.000096
4.887000,-0.000096
4.888000,-0.000096
4.889000,0.000536
4.890000,-0.000096
4.891000,0.000220
4.892000,-0.000413
4.893000,-0.000096
4.894000,-0.000096
4.895000,-0.000096
4.896000,-0.000096
4.897000,-0.000096
4.898000,-0.000096
4.899000,-0.000096
4.900000,-0.000096
4.901000,-0.000729
4.902000,-0.000096
4.903000,-0.000096
4.904000,0.000220
4.905000,-0.000096
4.906000,-0.000729
4.907000,-0.000096
4.908000,-0.000096
4.909000,-0.000096
4.910000,-0.000413
4.911000,-0.000096
4.912000,-0.000096
4.913000,0.000220
4.914000,-0.000096
4.915000,-0.000096
4.916000,-0.000096
4.917000,-0.000096
4.918000,-0.000413
4.919000,0.000220
4.920000,-0.000096
4.921000,-0.000096
4.922000,0.000220
4.923000,-0.000096
4.924000,-0.000096
4.925000,-0.000096
4.926000,-0.000096
4.927000,-0.000096
4.928000,-0.000413
4.929000,-0.000096
4.930000,-0.000096
4.931000,-0.000096
4.932000,-0.000096
4.933000,-0.000096
4.934000,-0.000096
4.935000,0.000536
4.936000,-0.000096
4.937000,-0.000096
4.938000,-0.000413
4.939000,-0.000413
4.940000,0.000220
4.941000,-0.000096
4.942000,-0.000413
4.943000,0.000220
4.944000,-0.000096
4.945000,-0.000096
4.946000,-0.000413
4.947000,0.000220
4.948000,0.000220
4.949000,0.000220
4.950000,-0.000096
4.951000,0.000220
4.952000,-0.000413
4.953000,-0.000096
4.954000,-0.000096
4.955000,-0.000096
4.956000,0.000220
4.957000,-0.000413
4.958000,-0.000413
4.959000,-0.000096
4.960000,-0.000096
4.961000,-0.000096
4.962000,-0.000096
4.963000,-0.000413
4.964000,-0.000096
4.965000,-0.000096
4.966000,-0.000729
4.967000,-0.000096
4.968000,-0.000413
4.969000,-0.000413
4.970000,0.000220
4.971000,-0.000096
4.972000,-0.000096
4.973000,-0.000413
4.974000,-0.000096
4.975000,-0.000413
4.976000,-0.000729
4.977000,-0.000096
4.978000,-0.000096
4.979000,-0.000413
4.980000,-0.000096
4.981000,-0.000096
4.982000,-0.000096
4.983000,-0.000413
4.984000,-0.000413
4.985000,0.000220
4.986000,-0.000413
4.987000,-0.000096
4.988000,-0.000729
4.989000,-0.000413
4.990000,-0.000096
4.991000,-0.000096
4.992000,-0.000096
4.993000,-0.000096
4.994000,0.000220
4.995000,-0.000096
4.996000,0.000220
4.997000,-0.000413
4.998000,-0.000096
4.999000,-0.000096
5.000000,0.000220
5.001000,-0.000096
5.002000,0.000220
5.003000,-0.000096
5.004000,-0.000096
5.005000,-0.000096
5.006000,-0.000096
5.007000,-0.000096
5.008000,-0.000413
5.009000,-0.000096
5.010000,-0.000096
5.011000,-0.000413
5.012000,-0.000096
5.013000,0.000220
5.014000,-0.000096
5.015000,-0.000413
5.016000,-0.000413
5.017000,0.000220
5.018000,-0.000096
5.019000,-0.000096
5.020000,-0.000413
5.021000,-0.000096
5.022000,-0.000096
5.023000,0.000220
5.024000,-0.000729
5.025000,-0.000413
5.026000,-0.000096
5.027000,0.000220
5.028000,-0.000096
5.029000,0.000220
5.030000,-0.000096
5.031000,-0.000096
5.032000,-0.000096
5.033000,-0.000096
5.034000,-0.000096
5.035000,-0.000096
5.036000,-0.000413
5.037000,-0.000413
5.038000,-0.000096
5.039000,-0.000096
5.040000,-0.000096
5.041000,0.000220
5.042000,-0.000096
5.043000,-0.000096
5.044000,-0.000096
5.045000,0.000220
5.046000,-0.000096
5.047000,-0.000413
5.048000,-0.000729
5.049000,-0.000096
5.050000,-0.000096
5.051000,-0.000096
5.052000,-0.000096
5.053000,-0.000096
5.054000,-0.000096
5.055000,-0.000413
5.056000,-0.000096
5.057000,-0.000096
5.058000,-0.000729
5.059000,0.000220
5.060000,-0.000096
5.061000,0.000220
5.062000,0.000220
5.063000,-0.000096
5.064000,0.000220
5.065000,-0.000096
5.066000,-0.000729
5.067000,-0.000413
5.068000,-0.000413
5.069000,-0.000729
5.070000,-0.000729
5.071000,-0.000096
5.072000,-0.000096
5.073000,-0.000096
5.074000,-0.000096
5.075000,-0.000729
5.076000,0.000220
5.077000,0.000220
5.078000,-0.000096
5.079000,0.000220
5.080000,-0.000413
5.081000,-0.000096
5.082000,-0.000413
5.083000,-0.000096
5.084000,-0.000413
5.085000,-0.000413
5.086000,-0.000413
5.087000,-0.000096
5.088000,-0.000413
5.089000,-0.000096
5.090000,-0.000096
5.091000,-0.000096
5.092000,-0.000096
5.093000,-0.000413
5.094000,-0.000413
5.095000,-0.000096
5.096000,-0.000096
5.097000,-0.000413
5.098000,-0.000096
5.099000,0.000220
5.100000,-0.000413
5.101000,-0.000413
5.102000,-0.000096
5.103000,-0.000096
5.104000,-0.000096
5.105000,-0.000096
5.106000,0.000220
5.107000,-0.000096
5.108000,0.000536
5.109000,-0.000096
5.110000,-0.000413
5.111000,-0.000096
5.112000,-0.000096
5.113000,-0.000096
5.114000,0.000220
5.115000,-0.000096
5.116000,-0.000096
5.117000,0.000536
5.118000,-0.000096
5.119000,-0.000096
5.120000,-0.000096
5.121000,-0.000096
5.122000,-0.000096
5.123000,-0.000096
5.124000,-0.000096
5.125000,-0.000096
5.126000,-0.000096
5.127000,-0.000096
5.128000,-0.000096
5.129000,-0.000413
5.130000,-0.000413
5.131000,-0.000413
5.132000,0.000220
5.133000,0.000220
5.134000,-0.000096
5.135000,0.000220
5.136000,-0.000096
5.137000,0.000220
5.138000,-0.000413
5.139000,-0.000413
5.140000,-0.000413
5.141000,-0.000096
5.142000,0.000220
5.143000,-0.000096
5.144000,-0.000096
5.145000,0.000220
5.146000,-0.000096
5.147000,-0.000096
5.148000,-0.000096
5.149000,-0.000096
5.150000,-0.000096
5.151000,-0.000096
5.152000,-0.000729
5.153000,-0.000096
5.154000,-0.000096
5.155000,-0.000096
5.156000,0.000220
5.157000,-0.000729
5.158000,-0.000413
5.159000,-0.000413
5.160000,-0.000413
5.161000,-0.000096
5.162000,-0.000096
5.163000,-0.000096
5.164000,-0.000096
5.165000,-0.000413
5.166000,0.000220
5.167000,-0.000096
5.168000,-0.000729
5.169000,-0.000413
5.170000,-0.000413
5.171000,-0.000096
5.172000,-0.000413
5.173000,-0.000096
5.174000,-0.000096
5.175000,-0.000096
5.176000,-0.000413
5.177000,0.000220
5.178000,-0.000413
5.179000,-0.000413
5.180000,-0.000096
5.181000,-0.000096
5.182000,-0.000413
5.183000,-0.000413
5.184000,-0.000413
5.185000,-0.000413
5.186000,-0.000729
5.187000,-0.000096
5.188000,-0.000096
5.189000,-0.000096
5.190000,0.000220
5.191000,-0.000096
5.192000,0.000536
5.193000,-0.000096
5.194000,-0.000096
5.195000,-0.000096
5.196000,0.000220
5.197000,-0.000096
5.198000,-0.000413
5.199000,-0.000096
5.200000,-0.000096
5.201000,-0.000413
5.202000,-0.000096
5.203000,-0.000096
5.204000,-0.000096
5.205000,-0.000096
5.206000,-0.000096
5.207000,0.000220
5.208000,-0.000729
5.209000,-0.000096
5.210000,-0.000096
5.211000,0.000220
5.212000,-0.000413
5.213000,-0.000096
5.214000,-0.000413
5.215000,-0.000096
5.216000,-0.000413
5.217000,-0.000096
5.218000,-0.000413
5.219000,-0.000096
5.220000,-0.000413
5.221000,0.000536
5.222000,-0.000096
5.223000,-0.000096
5.224000,-0.000096
5.225000,0.000220
5.226000,-0.000096
5.227000,-0.000413
5.228000,-0.000413
5.229000,-0.000096
5.230000,-0.000096
5.231000,-0.000096
5.232000,-0.000096
5.233000,0.000220
5.234000,-0.000096
5.235000,-0.000413
5.236000,-0.000413
5.237000,-0.000413
5.238000,-0.000096
5.239000,-0.000096
5.240000,-0.000096
5.241000,0.000220
5.242000,-0.000096
5.243000,0.000220
5.244000,-0.000096
5.245000,-0.000096
5.246000,-0.000096
5.247000,-0.000096
5.248000,-0.000096
5.249000,-0.000096
5.250000,-0.000729
5.251000,0.000536
5.252000,-0.000096
5.253000,-0.000096
5.254000,-0.000413
5.255000,-0.000096
5.256000,-0.000096
5.257000,-0.000096
5.258000,-0.000096
5.259000,0.000220
5.260000,-0.000096
5.261000,-0.000096
5.262000,-0.000413
5.263000,-0.000413
5.264000,-0.000096
5.265000,-0.000413
5.266000,-0.000096
5.267000,0.000220
5.268000,-0.000096
5.269000,-0.000729
5.270000,-0.000413
5.271000,-0.000096
5.272000,0.000220
5.273000,-0.000096
5.274000,-0.000096
5.275000,0.000220
5.276000,-0.000096
5.277000,-0.000413
5.278000,-0.000096
5.279000,-0.000096
5.280000,-0.000413
5.281000,0.000220
5.282000,-0.000096
5.283000,-0.000096
5.284000,-0.000413
5.285000,-0.000413
5.286000,-0.000096
5.287000,-0.000096
5.288000,0.000220
5.289000,-0.000096
5.290000,-0.000096
5.291000,0.000220
5.292000,0.000536
5.293000,-0.000413
5.294000,-0.000413
5.295000,-0.000096
5.296000,-0.000096
5.297000,-0.000096
5.298000,-0.000096
5.299000,0.000220
5.300000,-0.000096
5.301000,-0.000413
5.302000,0.000220
5.303000,-0.000096
5.304000,-0.000096
5.305000,-0.000096
5.306000,-0.000413
5.307000,-0.000096
5.308000,-0.000096
5.309000,-0.000096
5.310000,-0.000096
5.311000,-0.000413
5.312000,-0.000096
5.313000,-0.000096
5.314000,-0.000096
5.315000,-0.000413
5.316000,-0.000096
5.317000,-0.000096
5.318000,-0.000096
5.319000,-0.000096
5.320000,0.000220
5.321000,-0.000413
5.322000,-0.000096
5.323000,-0.000729
5.324000,0.000220
5.325000,-0.000096
5.326000,-0.000096
5.327000,-0.000096
5.328000,0.000220
5.329000,-0.000096
5.330000,-0.000096
5.331000,-0.000096
5.332000,-0.000413
5.333000,-0.000413
5.334000,-0.000096
5.335000,-0.000096
5.336000,-0.000096
5.337000,-0.000096
5.338000,0.000536
5.339000,-0.000096
5.340000,-0.000096
5.341000,-0.000096
5.342000,-0.000096
5.343000,-0.000096
5.344000,-0.000413
5.345000,-0.000096
5.346000,-0.000096
5.347000,0.000536
5.348000,-0.000096
5.349000,-0.000413
5.350000,-0.000096
5.351000,-0.000096
5.352000,-0.000729
5.353000,-0.000096
5.354000,0.000220
5.355000,-0.000096
5.356000,-0.000096
5.357000,-0.000096
5.358000,0.000220
5.359000,-0.000096
5.360000,-0.000413
5.361000,-0.000096
5.362000,-0.000096
5.363000,-0.000096
5.364000,0.000220
5.365000,-0.000096
5.366000,-0.000096
5.367000,-0.000096
5.368000,-0.000413
5.369000,-0.000096
5.370000,-0.000096
5.371000,-0.000096
5.372000,-0.000096
5.373000,-0.000096
5.374000,0.000220
5.375000,-0.000096
5.376000,-0.000413
5.377000,-0.000413
5.378000,-0.000096
5.379000,-0.000096
5.380000,-0.000413
5.381000,-0.000096
5.382000,-0.000096
5.383000,-0.000096
5.384000,-0.000413
5.385000,-0.000096
5.386000,-0.000729
5.387000,0.000220
5.388000,0.000220
5.389000,0.000220
5.390000,-0.000729
5.391000,-0.000413
5.392000,0.000220
5.393000,-0.000096
5.394000,-0.000096
5.395000,0.000220
5.396000,-0.000413
5.397000,-0.000096
5.398000,0.000220
5.399000,0.000220
5.400000,-0.000096
5.401000,-0.000096
5.402000,-0.000096
5.403000,-0.000413
5.404000,-0.000096
5.405000,0.000220
5.406000,0.000220
5.407000,-0.000729
5.408000,-0.000413
5.409000,-0.000096
5.410000,-0.000096
5.411000,-0.000096
5.412000,-0.000096
5.413000,0.000220
5.414000,-0.000413
5.415000,-0.000413
5.416000,0.000220
5.417000,0.000220
5.418000,-0.000096
5.419000,-0.000729
5.420000,0.000536
5.421000,-0.000096
5.422000,-0.000096
5.423000,-0.000096
5.424000,-0.000096
5.425000,-0.000413
5.426000,-0.000096
5.427000,-0.000096
5.428000,-0.000096
5.429000,-0.000729
5.430000,-0.000096
5.431000,-0.000096
5.432000,-0.000096
5.433000,-0.000413
5.434000,-0.000413
5.435000,-0.000096
5.436000,0.000536
5.437000,-0.000096
5.438000,-0.000413
5.439000,-0.000096
5.440000,-0.000096
5.441000,-0.000096
5.442000,-0.000096
5.443000,-0.000096
5.444000,-0.000096
5.445000,-0.000096
5.446000,0.000220
5.447000,-0.000096
5.448000,-0.000413
5.449000,-0.000413
5.450000,-0.000096
5.451000,-0.000096
5.452000,-0.000413
5.453000,-0.000413
5.454000,-0.000096
5.455000,-0.000096
5.456000,-0.000413
5.457000,-0.000096
5.458000,-0.000096
5.459000,-0.000096
5.460000,-0.000096
5.461000,-0.000413
5.462000,-0.000096
5.463000,-0.000096
5.464000,-0.000096
5.465000,0.000220
5.466000,-0.000096
5.467000,-0.000096
5.468000,-0.000096
5.469000,-0.000096
5.470000,-0.000413
5.471000,-0.000413
5.472000,0.000220
5.473000,0.000220
5.474000,-0.000096
5.475000,-0.000096
5.476000,-0.000096
5.477000,-0.000096
5.478000,0.000220
5.479000,-0.000096
5.480000,-0.000413
5.481000,-0.000413
5.482000,0.000220
5.483000,-0.000413
5.484000,-0.000096
5.485000,-0.000096
5.486000,-0.000729
5.487000,-0.000096
5.488000,-0.000096
5.489000,0.000220
5.490000,-0.000413
5.491000,-0.000096
5.492000,-0.000096
5.493000,-0.000096
5.494000,-0.000096
5.495000,-0.000096
5.496000,-0.000096
5.497000,-0.000096
5.498000,-0.000096
5.499000,-0.000096
5.500000,-0.000413
5.501000,-0.000096
5.502000,-0.000413
5.503000,-0.000096
5.504000,-0.000096
5.505000,-0.000096
5.506000,-0.000096
5.507000,0.000220
5.508000,-0.000729
5.509000,-0.000096
5.510000,-0.000413
5.511000,-0.000096
5.512000,-0.000096
5.513000,-0.000096
5.514000,-0.000096
5.515000,0.000220
5.516000,-0.000096
5.517000,-0.000096
5.518000,-0.000096
5.519000,-0.000096
5.520000,-0.000096
5.521000,-0.000096
5.522000,-0.000096
5.523000,-0.000096
5.524000,-0.000096
5.525000,-0.000096
5.526000,-0.000413
5.527000,-0.000096
5.528000,0.000220
5.529000,-0.000096
5.530000,-0.000096
5.531000,-0.000096
5.532000,-0.000096
5.533000,0.000220
5.534000,-0.000096
5.535000,-0.000413
5.536000,0.000220
5.537000,-0.000413
5.538000,-0.000413
5.539000,-0.000413
5.540000,-0.000096
5.541000,-0.000413
5.542000,-0.000413
5.543000,0.000220
5.544000,-0.000096
5.545000,0.000220
5.546000,-0.000096
5.547000,0.000536
5.548000,-0.000413
5.549000,-0.000096
5.550000,-0.000096
5.551000,-0.000096
5.552000,-0.000729
5.553000,0.000220
5.554000,-0.000096
5.555000,0.000220
5.556000,-0.000413
5.557000,-0.000413
5.558000,0.000220
5.559000,-0.000413
5.560000,-0.000413
5.561000,0.000220
5.562000,0.000220
5.563000,0.000220
5.564000,-0.000096
5.565000,-0.000096
5.566000,-0.000413
5.567000,-0.000413
5.568000,-0.000096
5.569000,-0.000413
5.570000,-0.000413
5.571000,-0.000413
5.572000,-0.000096
5.573000,-0.000096
5.574000,-0.000096
5.575000,-0.000729
5.576000,0.000220
5.577000,-0.000096
5.578000,-0.000729
5.579000,0.000536
5.580000,-0.000096
5.581000,-0.000413
5.582000,-0.000096
5.583000,-0.000096
5.584000,-0.000096
5.585000,-0.000413
5.586000,0.000220
5.587000,-0.000096
5.588000,-0.000096
5.589000,-0.000413
5.590000,-0.000413
5.591000,-0.000096
5.592000,-0.000413
5.593000,0.000220
5.594000,-0.000096
5.595000,-0.000096
5.596000,-0.000413
5.597000,-0.000096
5.598000,-0.000096
5.599000,-0.000096
5.600000,-0.000096
5.601000,-0.000096
5.602000,-0.000096
5.603000,-0.000096
5.604000,-0.000096
5.605000,-0.000096
5.606000,-0.000096
5.607000,-0.000096
5.608000,-0.000096
5.609000,-0.000413
5.610000,-0.000096
5.611000,-0.000096
5.612000,-0.000096
5.613000,0.000220
5.614000,0.000220
5.615000,-0.000096
5.616000,-0.000096
5.617000,-0.000413
5.618000,0.000220
5.619000,0.000220
5.620000,-0.000096
5.621000,-0.000096
5.622000,-0.000096
5.623000,-0.000096
5.624000,-0.000096
5.625000,-0.000413
5.626000,-0.000729
5.627000,-0.000096
5.628000,-0.000096
5.629000,-0.000096
5.630000,-0.000096
5.631000,-0.000096
5.632000,-0.000413
5.633000,0.000220
5.634000,-0.000096
5.635000,-0.000096
5.636000,-0.000096
5.637000,-0.000096
5.638000,-0.000413
5.639000,-0.000096
5.640000,0.000220
5.641000,0.000220
5.642000,0.000220
5.643000,-0.000096
5.644000,-0.000096
5.645000,-0.000096
5.646000,-0.000096
5.647000,-0.000096
5.648000,-0.000096
5.649000,-0.000096
5.650000,-0.000413
5.651000,-0.000413
5.652000,-0.000096
5.653000,-0.000096
5.654000,-0.000729
5.655000,-0.000096
5.656000,-0.000413
5.657000,-0.000413
5.658000,-0.000096
5.659000,0.000220
5.660000,0.000220
5.661000,-0.000413
5.662000,-0.000096
5.663000,-0.000413
5.664000,-0.000096
5.665000,0.000220
5.666000,0.000220
5.667000,-0.000096
5.668000,-0.000096
5.669000,-0.000096
5.670000,-0.000096
5.671000,-0.000096
5.672000,-0.000096
5.673000,-0.000096
5.674000,0.000220
5.675000,0.000220
5.676000,-0.000096
5.677000,-0.000096
5.678000,-0.000096
5.679000,0.000220
5.680000,-0.000096
5.681000,-0.000096
5.682000,-0.000413
5.683000,-0.000096
5.684000,0.000220
5.685000,-0.000096
5.686000,-0.000096
5.687000,-0.000413
5.688000,-0.000096
5.689000,-0.000096
5.690000,0.000220
5.691000,-0.000413
5.692000,-0.000096
5.693000,-0.000413
5.694000,-0.000096
5.695000,-0.000413
5.696000,-0.000096
5.697000,-0.000096
5.698000,0.000220
5.699000,-0.000096
5.700000,-0.000413
5.701000,-0.000096
5.702000,-0.000096
5.703000,-0.000413
5.704000,-0.000413
5.705000,-0.000413
5.706000,-0.000729
5.707000,-0.000096
5.708000,-0.000413
5.709000,-0.000096
5.710000,-0.000096
5.711000,0.000220
5.712000,-0.000413
5.713000,0.000220
5.714000,-0.000096
5.715000,-0.000096
5.716000,-0.000413
5.717000,-0.000096
5.718000,-0.000096
5.719000,-0.000096
5.720000,0.000220
5.721000,-0.000413
5.722000,-0.000096
5.723000,-0.000413
5.724000,-0.000096
5.725000,0.000220
5.726000,0.000220
5.727000,-0.000096
5.728000,0.000220
5.729000,-0.000096
5.730000,-0.000096
5.731000,-0.000096
5.732000,-0.000096
5.733000,-0.000096
5.734000,-0.000413
5.735000,-0.000413
5.736000,0.000220
5.737000,-0.000096
5.738000,-0.000096
5.739000,-0.000096
5.740000,-0.000096
5.741000,-0.000413
5.742000,-0.000096
5.743000,-0.000413
5.744000,-0.000413
5.745000,-0.000413
5.746000,-0.000096
5.747000,-0.000096
5.748000,-0.000096
5.749000,-0.000096
5.750000,-0.000096
5.751000,0.000220
5.752000,-0.000096
5.753000,-0.000096
5.754000,-0.000096
5.755000,-0.000413
5.756000,-0.000413
5.757000,-0.000096
5.758000,-0.000096
5.759000,-0.000096
5.760000,0.000220
5.761000,-0.000096
5.762000,-0.000096
5.763000,-0.000729
5.764000,-0.000413
5.765000,-0.000096
5.766000,-0.000096
5.767000,0.000220
5.768000,-0.000096
5.769000,-0.000096
5.770000,-0.000096
5.771000,0.000220
5.772000,-0.000096
5.773000,-0.000413
5.774000,-0.000096
5.775000,0.000220
5.776000,-0.000096
5.777000,0.000220
5.778000,-0.000096
5.779000,-0.000413
5.780000,-0.000096
5.781000,-0.000096
5.782000,-0.000096
5.783000,-0.000413
5.784000,-0.000413
5.785000,-0.000413
5.786000,-0.000413
5.787000,-0.000096
5.788000,0.000220
5.789000,-0.000096
5.790000,-0.000096
5.791000,-0.000729
5.792000,-0.000096
5.793000,-0.000413
5.794000,-0.000413
5.795000,-0.000413
5.796000,-0.000413
5.797000,-0.000096
5.798000,-0.000096
5.799000,-0.000413
5.800000,0.000220
5.801000,0.000220
5.802000,-0.000096
5.803000,0.000220
5.804000,-0.000096
5.805000,-0.000413
5.806000,-0.000096
5.807000,-0.000096
5.808000,-0.000096
5.809000,-0.000096
5.810000,0.000220
5.811000,-0.000096
5.812000,-0.000096
5.813000,-0.000096
5.814000,-0.000096
5.815000,-0.000096
5.816000,-0.000096
5.817000,0.000536
5.818000,-0.000096
5.819000,-0.000096
5.820000,-0.000096
5.821000,-0.000413
5.822000,-0.000096
5.823000,-0.000096
5.824000,-0.000096
5.825000,-0.000096
5.826000,0.000536
5.827000,-0.000096
5.828000,-0.000096
5.829000,-0.000096
5.830000,-0.000096
5.831000,0.000220
5.832000,-0.000413
5.833000,-0.000096
5.834000,-0.000096
5.835000,-0.000729
5.836000,-0.000096
5.837000,0.000220
5.838000,-0.000096
5.839000,-0.000096
5.840000,0.000536
5.841000,-0.000096
5.842000,0.000220
5.843000,-0.000729
5.844000,-0.000096
5.845000,-0.000413
5.846000,-0.000096
5.847000,-0.000096
5.848000,-0.000096
5.849000,-0.000096
5.850000,-0.000096
5.851000,0.000220
5.852000,-0.000413
5.853000,-0.000096
5.854000,-0.000096
5.855000,-0.000096
5.856000,-0.000413
5.857000,-0.000096
5.858000,0.000220
5.859000,-0.000096
5.860000,-0.000096
5.861000,-0.000096
5.862000,-0.000096
5.863000,-0.000096
5.864000,-0.000096
5.865000,-0.000096
5.866000,-0.000096
5.867000,-0.000096
5.868000,-0.000096
5.869000,-0.000413
5.870000,-0.000413
5.871000,-0.000096
5.872000,-0.000096
5.873000,-0.000729
5.874000,-0.000096
5.875000,-0.000729
5.876000,-0.000096
5.877000,0.000220
5.878000,-0.000096
5.879000,-0.000096
5.880000,-0.000096
5.881000,-0.000096
5.882000,-0.000413
5.883000,-0.000096
5.884000,-0.000096
5.885000,-0.000096
5.886000,-0.000096
5.887000,-0.000413
5.888000,-0.000096
5.889000,-0.000096
5.890000,-0.000096
5.891000,-0.000096
5.892000,0.000220
5.893000,-0.000096
5.894000,-0.000096
5.895000,-0.000096
5.896000,0.000220
5.897000,-0.000413
5.898000,-0.000096
5.899000,-0.000413
5.900000,0.000220
5.901000,-0.000413
5.902000,-0.000096
5.903000,-0.000096
5.904000,-0.000096
5.905000,-0.000413
5.906000,-0.000096
5.907000,-0.000096
5.908000,-0.000096
5.909000,-0.000096
5.910000,-0.000096
5.911000,-0.000096
5.912000,-0.000096
5.913000,-0.000729
5.914000,-0.000096
5.915000,-0.000096
5.916000,-0.000096
5.917000,0.000220
5.918000,-0.000096
5.919000,0.000220
5.920000,-0.000096
5.921000,-0.000096
5.922000,-0.000096
5.923000,-0.000413
5.924000,-0.000096
5.925000,-0.000096
5.926000,-0.000096
5.927000,0.000220
5.928000,-0.000096
5.929000,-0.000413
5.930000,-0.000096
5.931000,-0.000096
5.932000,0.000220
5.933000,0.000220
5.934000,-0.000413
5.935000,-0.000096
5.936000,-0.000096
5.937000,-0.000096
5.938000,-0.000096
5.939000,-0.000413
5.940000,-0.000413
5.941000,-0.000096
5.942000,0.000220
5.943000,-0.000096
5.944000,-0.000096
5.945000,0.000220
5.946000,-0.000096
5.947000,-0.000729
5.948000,0.000536
5.949000,-0.000096
5.950000,-0.000096
5.951000,-0.000096
5.952000,-0.000096
5.953000,-0.000413
5.954000,-0.000096
5.955000,-0.000096
5.956000,-0.000729
5.957000,-0.000096
5.958000,0.000220
5.959000,-0.000096
5.960000,-0.000413
5.961000,-0.000413
5.962000,-0.000096
5.963000,-0.000096
5.964000,0.000220
5.965000,0.000220
5.966000,-0.000096
5.967000,-0.000413
5.968000,-0.000096
5.969000,-0.000096
5.970000,-0.000413
5.971000,-0.000413
5.972000,-0.000413
5.973000,0.000220
5.974000,-0.000096
5.975000,-0.000413
5.976000,-0.000096
5.977000,-0.000096
5.978000,-0.000096
5.979000,-0.000413
5.980000,-0.000729
5.981000,-0.000096
5.982000,0.000220
5.983000,-0.000096
5.984000,-0.000096
5.985000,-0.000096
5.986000,0.000220
5.987000,-0.000413
5.988000,-0.000413
5.989000,-0.000413
5.990000,-0.000413
5.991000,-0.000096
5.992000,-0.000096
5.993000,-0.000096
5.994000,-0.000096
5.995000,-0.000096
5.996000,-0.000413
5.997000,-0.000413
5.998000,-0.000413
5.999000,-0.000096
6.000000,-0.000096
6.001000,-0.000413
6.002000,0.000220
6.003000,-0.000096
6.004000,-0.000413
6.005000,-0.000096
6.006000,-0.000096
6.007000,-0.000096
6.008000,-0.000096
6.009000,-0.000096
6.010000,-0.000096
6.011000,-0.000096
6.012000,-0.000413
6.013000,-0.000413
6.014000,-0.000096
6.015000,-0.000413
6.016000,-0.000096
6.017000,0.000220
6.018000,-0.000413
6.019000,-0.000413
6.020000,-0.000729
6.021000,-0.000096
6.022000,-0.000096
6.023000,0.000220
6.024000,-0.000096
6.025000,-0.000096
6.026000,-0.000096
6.027000,-0.000096
6.028000,0.000220
6.029000,-0.000096
6.030000,-0.000096
6.031000,0.000220
6.032000,-0.000096
6.033000,-0.000096
6.034000,-0.000413
6.035000,-0.000413
6.036000,-0.000096
6.037000,-0.000096
6.038000,-0.000729
6.039000,-0.000096
6.040000,-0.000096
6.041000,0.000220
6.042000,-0.000096
6.043000,-0.000096
6.044000,-0.000096
6.045000,-0.000413
6.046000,0.000220
6.047000,-0.000413
6.048000,-0.000096
6.049000,-0.000096
6.050000,0.000220
6.051000,-0.000096
6.052000,-0.000096
6.053000,0.000220
6.054000,-0.000413
6.055000,-0.000413
6.056000,-0.000096
6.057000,-0.000096
6.058000,0.000220
6.059000,-0.000096
6.060000,-0.000096
6.061000,0.000220
6.062000,0.000220
6.063000,-0.000096
6.064000,-0.000096
6.065000,-0.000096
6.066000,-0.000729
6.067000,-0.000096
6.068000,-0.000413
6.069000,-0.000096
6.070000,-0.000096
6.071000,-0.000096
6.072000,0.000220
6.073000,-0.000096
6.074000,-0.000096
6.075000,-0.000096
6.076000,-0.000096
6.077000,-0.000413
6.078000,-0.000096
6.079000,-0.000096
6.080000,-0.000096
6.081000,-0.000413
6.082000,-0.000413
6.083000,-0.000096
6.084000,-0.000096
6.085000,-0.000096
6.086000,-0.000096
6.087000,-0.000096
6.088000,-0.000096
6.089000,0.000536
6.090000,-0.000096
6.091000,-0.000096
6.092000,-0.000096
6.093000,-0.000096
6.094000,-0.000096
6.095000,-0.000096
6.096000,-0.000096
6.097000,-0.000096
6.098000,-0.000413
6.099000,-0.000096
6.100000,-0.000413
6.101000,0.000220
6.102000,-0.000413
6.103000,-0.000096
6.104000,-0.000096
6.105000,-0.000096
6.106000,-0.000413
6.107000,-0.000096
6.108000,-0.000096
6.109000,-0.000096
6.110000,-0.000096
6.111000,0.000220
6.112000,-0.000096
6.113000,-0.000096
6.114000,-0.000096
6.115000,-0.000413
6.116000,-0.000096
6.117000,-0.000096
6.118000,-0.000096
6.119000,-0.000096
6.120000,0.000220
6.121000,-0.000096
6.122000,-0.000096
6.123000,-0.000096
6.124000,-0.000096
6.125000,-0.000096
6.126000,-0.000096
6.127000,-0.000413
6.128000,0.000220
6.129000,0.000220
6.130000,0.000220
6.131000,-0.000413
6.132000,0.000536
6.133000,-0.000413
6.134000,0.000220
6.135000,-0.000096
6.136000,-0.000096
6.137000,-0.000413
6.138000,-0.000096
6.139000,-0.000096
6.140000,-0.000096
6.141000,-0.000096
6.142000,-0.000413
6.143000,-0.000096
6.144000,-0.000096
6.145000,-0.000096
6.146000,-0.000096
6.147000,-0.000096
6.148000,0.000220
6.149000,-0.000096
6.150000,-0.000096
6.151000,0.000220
6.152000,-0.000096
6.153000,-0.000096
6.154000,-0.000096
6.155000,-0.000096
6.156000,-0.000729
6.157000,0.000220
6.158000,-0.000096
6.159000,-0.000096
6.160000,-0.000096
6.161000,-0.000096
6.162000,-0.000096
6.163000,-0.000096
6.164000,-0.000096
6.165000,-0.000096
6.166000,0.000220
6.167000,-0.000413
6.168000,-0.000096
6.169000,-0.000413
6.170000,-0.000413
6.171000,-0.000096
6.172000,-0.000413
6.173000,-0.000096
6.174000,-0.000096
6.175000,0.000220
6.176000,0.000220
6.177000,-0.000096
6.178000,-0.000096
6.179000,-0.000096
6.180000,-0.000096
6.181000,-0.000096
6.182000,-0.000096
6.183000,-0.000413
6.184000,-0.000096
6.185000,0.000220
6.186000,-0.000096
6.187000,0.000220
6.188000,-0.000096
6.189000,-0.000096
6.190000,-0.000096
6.191000,-0.000096
6.192000,-0.000096
6.193000,-0.000413
6.194000,-0.000096
6.195000,-0.000096
6.196000,0.000220
6.197000,-0.000413
6.198000,-0.000096
6.199000,-0.000096
6.200000,-0.000096
6.201000,-0.000413
6.202000,-0.000096
6.203000,-0.000096
6.204000,0.000220
6.205000,-0.000096
6.206000,-0.000096
6.207000,-0.000413
6.208000,-0.000096
6.209000,-0.000096
6.210000,-0.000096
6.211000,-0.000096
6.212000,-0.000096
6.213000,-0.000096
6.214000,0.000536
6.215000,-0.000096
6.216000,0.000536
6.217000,-0.000096
6.218000,-0.000096
6.219000,-0.000096
6.220000,-0.000096
6.221000,-0.000096
6.222000,-0.000096
6.223000,-0.000096
6.224000,-0.000096
6.225000,-0.000096
6.226000,-0.000096
6.227000,-0.000096
6.228000,-0.000096
6.229000,-0.000413
6.230000,-0.000096
6.231000,0.000220
6.232000,-0.000096
6.233000,0.000220
6.234000,-0.000096
6.235000,0.000220
6.236000,-0.000096
6.237000,-0.000096
6.238000,-0.000096
6.239000,-0.000096
6.240000,-0.000096
6.241000,-0.000096
6.242000,-0.000096
6.243000,-0.000096
6.244000,0.000220
6.245000,-0.000096
6.246000,-0.000096
6.247000,-0.000096
6.248000,-0.000096
6.249000,-0.000413
6.250000,0.000220
6.251000,-0.000096
6.252000,-0.000096
6.253000,0.000220
6.254000,-0.000096
6.255000,-0.000096
6.256000,-0.000096
6.257000,0.000220
6.258000,-0.000096
6.259000,-0.000096
6.260000,0.000220
6.261000,-0.000096
6.262000,-0.000413
6.263000,-0.000413
6.264000,-0.000096
6.265000,-0.000413
6.266000,-0.000096
6.267000,-0.000096
6.268000,0.000220
6.269000,0.000220
6.270000,-0.000096
6.271000,-0.000413
6.272000,-0.000096
6.273000,-0.000096
6.274000,-0.000096
6.275000,-0.000413
6.276000,-0.000413
6.277000,-0.000096
6.278000,-0.000096
6.279000,-0.000096
6.280000,-0.000096
6.281000,-0.000096
6.282000,-0.000413
6.283000,-0.000096
6.284000,-0.000729
6.285000,-0.000096
6.286000,-0.000096
6.287000,-0.000096
6.288000,-0.000096
6.289000,-0.000729
6.290000,-0.000413
6.291000,-0.000096
6.292000,-0.000413
6.293000,-0.000096
6.294000,-0.000096
6.295000,-0.000096
6.296000,-0.000729
6.297000,0.000220
6.298000,-0.000096
6.299000,-0.000096
6.300000,-0.000413
6.301000,-0.000096
6.302000,0.000220
6.303000,-0.000096
6.304000,-0.000413
6.305000,-0.000096
6.306000,-0.000096
6.307000,-0.000096
6.308000,-0.000413
6.309000,-0.000096
6.310000,-0.000413
6.311000,-0.000413
6.312000,-0.000096
6.313000,-0.000096
6.314000,-0.000729
6.315000,-0.000096
6.316000,-0.000096
6.317000,-0.000096
6.318000,-0.000096
6.319000,-0.000096
6.320000,-0.000096
6.321000,-0.000413
6.322000,-0.000096
6.323000,-0.000413
6.324000,-0.000096
6.325000,0.000220
6.326000,-0.000096
6.327000,-0.000096
6.328000,-0.000096
6.329000,-0.000096
6.330000,-0.000096
6.331000,-0.000096
6.332000,-0.000096
6.333000,-0.000096
6.334000,-0.000096
6.335000,-0.000096
6.336000,-0.000096
6.337000,-0.000413
6.338000,-0.000413
6.339000,-0.000096
6.340000,-0.000729
6.341000,-0.000413
6.342000,-0.000096
6.343000,0.000220
6.344000,-0.000413
6.345000,-0.000096
6.346000,-0.000096
6.347000,-0.000413
6.348000,-0.000096
6.349000,0.000220
6.350000,-0.000096
6.351000,0.000220
6.352000,-0.000096
6.353000,-0.000413
6.354000,-0.000413
6.355000,-0.000096
6.356000,-0.000096
6.357000,-0.000096
6.358000,-0.000096
6.359000,-0.000096
6.360000,-0.000413
6.361000,-0.000413
6.362000,0.000220
6.363000,-0.000413
6.364000,-0.000096
6.365000,-0.000096
6.366000,-0.000096
6.367000,-0.000096
6.368000,-0.000096
6.369000,-0.000096
6.370000,-0.000096
6.371000,-0.000413
6.372000,-0.000413
6.373000,-0.000413
6.374000,-0.000096
6.375000,-0.000413
6.376000,-0.000413
6.377000,-0.000413
6.378000,-0.000413
6.379000,-0.000413
6.380000,-0.000096
6.381000,-0.000413
6.382000,-0.000096
6.383000,-0.000413
6.384000,0.000220
6.385000,-0.000096
6.386000,-0.000096
6.387000,-0.000413
6.388000,-0.000413
6.389000,-0.000413
6.390000,-0.000413
6.391000,0.000220
6.392000,-0.000413
6.393000,-0.000096
6.394000,-0.000096
6.395000,-0.000096
6.396000,-0.000096
6.397000,-0.000096
6.398000,-0.000413
6.399000,-0.000096
6.400000,-0.000413
6.401000,-0.000096
6.402000,-0.000096
6.403000,-0.000096
6.404000,-0.000413
6.405000,-0.000413
6.406000,-0.000096
6.407000,-0.000096
6.408000,-0.000096
6.409000,-0.000413
6.410000,-0.000096
6.411000,0.000220
6.412000,-0.000096
6.413000,-0.000096
6.414000,-0.000413
6.415000,-0.000096
6.416000,-0.000096
6.417000,-0.000096
6.418000,0.000220
6.419000,-0.000413
6.420000,-0.000096
6.421000,-0.000413
6.422000,-0.000413
6.423000,0.000220
6.424000,-0.000413
6.425000,-0.000413
6.426000,-0.000096
6.427000,-0.000096
6.428000,-0.000096
6.429000,-0.000413
6.430000,-0.000096
6.431000,-0.000096
6.432000,-0.000096
6.433000,-0.000096
6.434000,-0.000096
6.435000,-0.000096
6.436000,-0.000096
6.437000,-0.000096
6.438000,-0.000413
6.439000,-0.000096
6.440000,-0.000096
6.441000,0.000220
6.442000,-0.000413
6.443000,0.000220
6.444000,-0.000729
6.445000,0.000220
6.446000,-0.000413
6.447000,-0.000096
6.448000,-0.000096
6.449000,-0.000096
6.450000,-0.000096
6.451000,-0.000096
6.452000,-0.000413
6.453000,-0.000096
6.454000,-0.000413
6.455000,-0.000096
6.456000,-0.000096
6.457000,-0.000413
6.458000,-0.000096
6.459000,-0.000096
6.460000,0.000220
6.461000,-0.000096
6.462000,-0.000413
6.463000,-0.000096
6.464000,-0.000413
6.465000,-0.000096
6.466000,-0.000096
6.467000,-0.000729
6.468000,-0.000413
6.469000,-0.000096
6.470000,-0.000096
6.471000,-0.000096
6.472000,-0.000096
6.473000,-0.000096
6.474000,-0.000096
6.475000,-0.000096
6.476000,-0.000096
6.477000,-0.000729
6.478000,-0.000729
6.479000,-0.000096
6.480000,-0.000413
6.481000,-0.000096
6.482000,0.000220
6.483000,-0.000096
6.484000,-0.000096
6.485000,-0.000096
6.486000,-0.000729
6.487000,0.000536
6.488000,-0.000096
6.489000,-0.000096
6.490000,-0.000096
6.491000,0.000220
6.492000,-0.000096
6.493000,-0.000096
6.494000,-0.000096
6.495000,-0.000096
6.496000,0.000220
6.497000,-0.000096
6.498000,0.000220
6.499000,-0.000096
6.500000,-0.000096
6.501000,-0.000413
6.502000,-0.000413
6.503000,-0.000413
6.504000,-0.000096
6.505000,0.000220
6.506000,-0.000413
6.507000,-0.000096
6.508000,-0.000096
6.509000,-0.000096
6.510000,0.000220
6.511000,-0.000096
6.512000,-0.000096
6.513000,-0.000096
6.514000,-0.000096
6.515000,0.000220
6.516000,-0.000096
6.517000,0.000220
6.518000,0.000220
6.519000,-0.000096
6.520000,-0.000096
6.521000,-0.000096
6.522000,-0.000096
6.523000,-0.000729
6.524000,0.000536
6.525000,-0.000096
6.526000,-0.000096
6.527000,-0.000096
6.528000,-0.000096
6.529000,-0.000096
6.530000,0.000220
6.531000,-0.000413
6.532000,-0.000729
6.533000,-0.000096
6.534000,-0.000413
6.535000,-0.000096
6.536000,-0.000096
6.537000,-0.000096
6.538000,-0.000096
6.539000,-0.000096
6.540000,-0.000096
6.541000,0.000220
6.542000,-0.000413
6.543000,0.000220
6.544000,-0.000096
6.545000,-0.000413
6.546000,-0.000096
6.547000,-0.000413
6.548000,0.000220
6.549000,-0.000096
6.550000,-0.000096
6.551000,-0.000413
6.552000,-0.000096
6.553000,0.000220
6.554000,-0.000413
6.555000,-0.000096
6.556000,-0.000096
6.557000,-0.000413
6.558000,0.000220
6.559000,-0.000096
6.560000,0.000220
6.561000,-0.000096
6.562000,0.000220
6.563000,-0.000096
6.564000,-0.000096
6.565000,0.000220
6.566000,-0.000413
6.567000,-0.000096
6.568000,-0.000096
6.569000,-0.000729
6.570000,-0.000413
6.571000,-0.000413
6.572000,-0.000413
6.573000,-0.000413
6.574000,-0.000096
6.575000,-0.000413
6.576000,-0.000096
6.577000,0.000220
6.578000,-0.000729
6.579000,-0.000413
6.580000,-0.000096
6.581000,-0.000096
6.582000,-0.000413
6.583000,-0.000096
6.584000,-0.000096
6.585000,-0.000096
6.586000,-0.000413
6.587000,-0.000096
6.588000,-0.000096
6.589000,-0.000413
6.590000,-0.000413
6.591000,-0.000413
6.592000,-0.000729
6.593000,-0.000729
6.594000,-0.000096
6.595000,-0.000096
6.596000,-0.000096
6.597000,-0.000729
6.598000,-0.000096
6.599000,-0.000096
6.600000,-0.000413
6.601000,-0.000096
6.602000,-0.000096
6.603000,0.000220
6.604000,0.000220
6.605000,-0.000096
6.606000,-0.000096
6.607000,-0.000096
6.608000,-0.000413
6.609000,-0.000096
6.610000,-0.000413
6.611000,-0.000413
6.612000,-0.000096
6.613000,0.000220
6.614000,-0.000413
6.615000,-0.000096
6.616000,-0.000729
6.617000,0.000536
6.618000,-0.000096
6.619000,-0.000413
6.620000,-0.000096
6.621000,-0.000096
6.622000,-0.000096
6.623000,-0.000413
6.624000,-0.000096
6.625000,0.000220
6.626000,-0.000413
6.627000,-0.000096
6.628000,-0.000096
6.629000,-0.000729
6.630000,-0.000096
6.631000,-0.000096
6.632000,-0.000096
6.633000,-0.000096
6.634000,0.000220
6.635000,-0.000096
6.636000,-0.000096
6.637000,-0.000096
6.638000,-0.000096
6.639000,-0.000413
6.640000,-0.000096
6.641000,-0.000413
6.642000,-0.000096
6.643000,-0.000096
6.644000,0.000220
6.645000,-0.000096
6.646000,-0.000096
6.647000,-0.000096
6.648000,-0.000096
6.649000,-0.000413
6.650000,-0.000096
6.651000,-0.000413
6.652000,-0.000096
6.653000,0.000220
6.654000,-0.000413
6.655000,-0.000413
6.656000,-0.000096
6.657000,-0.000096
6.658000,0.000536
6.659000,-0.000096
6.660000,-0.000096
6.661000,0.000536
6.662000,-0.000096
6.663000,0.000220
6.664000,-0.000413
6.665000,-0.000096
6.666000,-0.000096
6.667000,-0.000096
6.668000,-0.000096
6.669000,-0.000096
6.670000,-0.000096
6.671000,0.000536
6.672000,-0.000096
6.673000,-0.000096
6.674000,-0.000096
6.675000,-0.000096
6.676000,-0.000413
6.677000,-0.000096
6.678000,-0.000096
6.679000,-0.000096
6.680000,-0.000096
6.681000,-0.000413
6.682000,-0.000096
6.683000,-0.000413
6.684000,-0.000096
6.685000,-0.000729
6.686000,-0.000096
6.687000,0.000220
6.688000,-0.000413
6.689000,0.000536
6.690000,-0.000729
6.691000,-0.000096
6.692000,-0.000096
6.693000,-0.000413
6.694000,0.000220
6.695000,-0.000096
6.696000,-0.000096
6.697000,-0.000096
6.698000,-0.000096
6.699000,-0.000096
6.700000,0.000220
6.701000,0.000220
6.702000,-0.000413
6.703000,-0.000096
6.704000,0.000220
6.705000,-0.000729
6.706000,-0.000096
6.707000,-0.000096
6.708000,-0.000413
6.709000,-0.000096
6.710000,-0.000096
6.711000,-0.000096
6.712000,-0.000096
6.713000,0.000220
6.714000,-0.000413
6.715000,-0.000096
6.716000,-0.000413
6.717000,-0.000413
6.718000,-0.000413
6.719000,-0.000729
6.720000,-0.000413
6.721000,-0.000096
6.722000,-0.000096
6.723000,-0.000096
6.724000,-0.000096
6.725000,-0.000096
6.726000,-0.000413
6.727000,-0.000096
6.728000,-0.000096
6.729000,-0.000096
6.730000,-0.000413
6.731000,-0.000096
6.732000,-0.000096
6.733000,-0.000096
6.734000,0.000220
6.735000,-0.000096
6.736000,0.000220
6.737000,-0.000096
6.738000,-0.000096
6.739000,0.000220
6.740000,-0.000096
6.741000,-0.000096
6.742000,-0.000413
6.743000,-0.000413
6.744000,-0.000096
6.745000,0.000220
6.746000,-0.000096
6.747000,-0.000413
6.748000,-0.000413
6.749000,-0.000096
6.750000,-0.000413
6.751000,-0.000096
6.752000,-0.000729
6.753000,-0.000096
6.754000,-0.000096
6.755000,-0.000413
6.756000,-0.000413
6.757000,0.000536
6.758000,0.000536
6.759000,-0.000729
6.760000,-0.000413
6.761000,-0.000413
6.762000,0.000536
6.763000,-0.000413
6.764000,-0.000729
6.765000,0.000220
6.766000,-0.000096
6.767000,-0.000413
6.768000,-0.000096
6.769000,0.000220
6.770000,-0.000413
6.771000,-0.000096
6.772000,-0.000413
6.773000,-0.000413
6.774000,0.000220
6.775000,-0.000096
6.776000,-0.000413
6.777000,-0.000096
6.778000,0.000536
6.779000,-0.000413
6.780000,-0.000413
6.781000,-0.000413
6.782000,-0.000413
6.783000,-0.000096
6.784000,0.000220
6.785000,-0.000096
6.786000,-0.000096
6.787000,-0.000096
6.788000,0.000220
6.789000,-0.000096
6.790000,0.000220
6.791000,-0.000096
6.792000,0.000536
6.793000,-0.000413
6.794000,-0.000096
6.795000,-0.000096
6.796000,0.000220
6.797000,-0.000096
6.798000,-0.000096
6.799000,-0.000413
6.800000,-0.000096
6.801000,-0.000096
6.802000,-0.000413
6.803000,-0.000096
6.804000,-0.000096
6.805000,-0.000096
6.806000,-0.000096
6.807000,-0.000413
6.808000,-0.000096
6.809000,-0.000413
6.810000,-0.000096
6.811000,-0.000096
6.812000,-0.000096
6.813000,-0.000096
6.814000,0.000536
6.815000,-0.000096
6.816000,-0.000096
6.817000,0.000220
6.818000,-0.000096
6.819000,0.000220
6.820000,-0.000413
6.821000,-0.000096
6.822000,-0.000096
6.823000,-0.000096
6.824000,-0.000096
6.825000,0.000220
6.826000,0.000220
6.827000,-0.000096
6.828000,0.000220
6.829000,-0.000413
6.830000,-0.000096
6.831000,-0.000413
6.832000,0.000220
6.833000,0.000220
6.834000,-0.000096
6.835000,-0.000096
6.836000,-0.000096
6.837000,-0.000096
6.838000,-0.000096
6.839000,-0.000096
6.840000,-0.000413
6.841000,-0.000729
6.842000,-0.000413
6.843000,0.000220
6.844000,-0.000096
6.845000,-0.000096
6.846000,-0.000096
6.847000,-0.000413
6.848000,-0.000096
6.849000,-0.000096
6.850000,-0.000096
6.851000,-0.000096
6.852000,-0.000096
6.853000,-0.000096
6.854000,-0.000096
6.855000,-0.000096
6.856000,-0.000096
6.857000,-0.000096
6.858000,-0.000413
6.859000,-0.000096
6.860000,-0.000096
6.861000,-0.000413
6.862000,0.000220
6.863000,-0.000096
6.864000,0.000220
6.865000,0.000220
6.866000,-0.000096
6.867000,-0.000413
6.868000,-0.000729
6.869000,-0.000096
6.870000,-0.000096
6.871000,0.000220
6.872000,-0.000096
6.873000,-0.000096
6.874000,-0.000413
6.875000,0.000220
6.876000,-0.000096
6.877000,-0.000096
6.878000,-0.000096
6.879000,-0.000096
6.880000,-0.000096
6.881000,-0.000096
6.882000,0.000220
6.883000,-0.000729
6.884000,-0.000413
6.885000,-0.000096
6.886000,-0.000096
6.887000,0.000536
6.888000,-0.000413
6.889000,-0.000096
6.890000,-0.000096
6.891000,-0.000096
6.892000,-0.000096
6.893000,-0.000096
6.894000,-0.000096
6.895000,-0.000096
6.896000,0.000220
6.897000,-0.000413
6.898000,-0.000413
6.899000,-0.000413
6.900000,-0.000096
6.901000,-0.000096
6.902000,0.000220
6.903000,-0.000096
6.904000,-0.000413
6.905000,-0.000096
6.906000,-0.000096
6.907000,0.000220
6.908000,-0.000413
6.909000,-0.000413
6.910000,-0.000096
6.911000,-0.000096
6.912000,0.000220
6.913000,-0.000096
6.914000,-0.000413
6.915000,-0.000096
6.916000,-0.000096
6.917000,-0.000729
6.918000,0.000220
6.919000,-0.000413
6.920000,-0.000413
6.921000,-0.000096
6.922000,-0.000413
6.923000,-0.000096
6.924000,-0.000413
6.925000,-0.000096
6.926000,-0.000096
6.927000,-0.000096
6.928000,-0.000096
6.929000,-0.000096
6.930000,-0.000413
6.931000,-0.000096
6.932000,-0.000096
6.933000,-0.000096
6.934000,-0.000729
6.935000,-0.000096
6.936000,-0.000096
6.937000,-0.000096
6.938000,-0.000096
6.939000,-0.000413
6.940000,-0.000096
6.941000,0.000220
6.942000,-0.000096
6.943000,0.000220
6.944000,-0.000096
6.945000,-0.000096
6.946000,-0.000096
6.947000,-0.000096
6.948000,-0.000096
6.949000,-0.000096
6.950000,-0.000096
6.951000,-0.000096
6.952000,-0.000096
6.953000,-0.000413
6.954000,-0.000413
6.955000,0.000220
6.956000,0.000220
6.957000,-0.000096
6.958000,-0.000096
6.959000,-0.000096
6.960000,0.000220
6.961000,0.000220
6.962000,-0.000413
6.963000,0.000220
6.964000,-0.000096
6.965000,0.000220
6.966000,-0.000729
6.967000,-0.000096
6.968000,-0.000096
6.969000,-0.000096
6.970000,-0.000096
6.971000,0.000220
6.972000,-0.000096
6.973000,-0.000096
6.974000,-0.000729
6.975000,0.000220
6.976000,-0.000096
6.977000,-0.000096
6.978000,-0.000096
6.979000,-0.000413
6.980000,-0.000096
6.981000,-0.000096
6.982000,-0.000096
6.983000,-0.000413
6.984000,-0.000096
6.985000,-0.000096
6.986000,-0.000096
6.987000,-0.000096
6.988000,-0.000096
6.989000,-0.000096
6.990000,0.000220
6.991000,-0.000413
6.992000,-0.000413
6.993000,-0.000096
6.994000,0.000220
6.995000,-0.000096
6.996000,-0.000729
6.997000,-0.000413
6.998000,-0.000096
6.999000,0.000220
7.000000,0.000220
7.001000,-0.000096
7.002000,0.000220
7.003000,-0.000413
7.004000,-0.000096
7.005000,-0.000096
7.006000,-0.000096
7.007000,-0.000096
7.008000,0.000536
7.009000,-0.000413
7.010000,0.000220
7.011000,-0.000096
7.012000,-0.000096
7.013000,-0.000096
7.014000,0.000536
7.015000,-0.000096
7.016000,-0.000096
7.017000,-0.000413
7.018000,-0.000096
7.019000,-0.000096
7.020000,-0.000096
7.021000,-0.000413
7.022000,0.000220
7.023000,0.000220
7.024000,-0.000413
7.025000,-0.000096
7.026000,-0.000096
7.027000,-0.000096
7.028000,-0.000096
7.029000,0.000536
7.030000,0.000220
7.031000,-0.000096
7.032000,-0.000413
7.033000,-0.000096
7.034000,-0.000096
7.035000,-0.000096
7.036000,0.000536
7.037000,-0.000413
7.038000,-0.000096
7.039000,-0.000729
7.040000,-0.000729
7.041000,-0.000096
7.042000,-0.000096
7.043000,-0.000096
7.044000,0.000220
7.045000,-0.000096
7.046000,-0.000096
7.047000,-0.000096
7.048000,-0.000413
7.049000,-0.000096
7.050000,-0.000096
7.051000,-0.000413
7.052000,0.000220
7.053000,-0.000096
7.054000,-0.000096
7.055000,0.000220
7.056000,-0.000096
7.057000,-0.000413
7.058000,-0.000096
7.059000,-0.000096
7.060000,-0.000413
7.061000,0.000220
7.062000,-0.000096
7.063000,-0.000096
7.064000,-0.000096
7.065000,-0.000413
7.066000,-0.000413
7.067000,0.000220
7.068000,-0.000096
7.069000,-0.000096
7.070000,-0.000096
7.071000,0.000220
7.072000,-0.000729
7.073000,-0.000413
7.074000,-0.000096
7.075000,-0.000096
7.076000,0.000220
7.077000,-0.000413
7.078000,-0.000413
7.079000,-0.000413
7.080000,-0.000096
7.081000,0.000220
7.082000,-0.000096
7.083000,-0.000096
7.084000,-0.000096
7.085000,-0.000096
7.086000,-0.000096
7.087000,-0.000096
7.088000,0.000220
7.089000,-0.000413
7.090000,-0.000096
7.091000,-0.000096
7.092000,-0.000096
7.093000,0.000220
7.094000,-0.000096
7.095000,-0.000413
7.096000,-0.000096
7.097000,-0.000413
7.098000,-0.000096
7.099000,-0.000096
7.100000,-0.000096
7.101000,-0.000096
7.102000,0.000220
7.103000,-0.000096
7.104000,-0.000413
7.105000,0.000220
7.106000,-0.000096
7.107000,0.000220
7.108000,-0.000413
7.109000,-0.000096
7.110000,-0.000413
7.111000,-0.000096
7.112000,-0.000096
7.113000,-0.000413
7.114000,-0.000096
7.115000,-0.000096
7.116000,-0.000096
7.117000,-0.000413
7.118000,-0.000096
7.119000,-0.000413
7.120000,-0.000413
7.121000,-0.000096
7.122000,-0.000096
7.123000,-0.000096
7.124000,-0.000413
7.125000,0.000220
7.126000,0.000220
7.127000,-0.000096
7.128000,-0.000096
7.129000,-0.000096
7.130000,-0.000096
7.131000,-0.000096
7.132000,-0.000096
7.133000,-0.000413
7.134000,-0.000413
7.135000,-0.000413
7.136000,0.000220
7.137000,-0.000096
7.138000,-0.000096
7.139000,0.000220
7.140000,-0.000096
7.141000,0.000220
7.142000,-0.000096
7.143000,-0.000096
7.144000,0.000220
7.145000,-0.000096
7.146000,-0.000096
7.147000,-0.000413
7.148000,0.000220
7.149000,-0.000096
7.150000,0.000536
7.151000,-0.000096
7.152000,-0.000096
7.153000,-0.000413
7.154000,-0.000096
7.155000,0.000220
7.156000,0.000220
7.157000,-0.000096
7.158000,-0.000096
7.159000,-0.000729
7.160000,-0.000096
7.161000,-0.000096
7.162000,-0.000096
7.163000,-0.000096
7.164000,-0.000096
7.165000,-0.000096
7.166000,-0.000096
7.167000,-0.000413
7.168000,-0.000096
7.169000,-0.000096
7.170000,-0.000413
7.171000,-0.000413
7.172000,-0.000096
7.173000,-0.000096
7.174000,-0.000413
7.175000,-0.000096
7.176000,-0.000096
7.177000,-0.000413
7.178000,-0.000096
7.179000,-0.000096
7.180000,-0.000096
7.181000,-0.000096
7.182000,-0.000413
7.183000,-0.000096
7.184000,-0.000096
7.185000,-0.000096
7.186000,0.000220
7.187000,-0.000096
7.188000,-0.000096
7.189000,-0.000096
7.190000,-0.000096
7.191000,-0.000413
7.192000,-0.000413
7.193000,0.000220
7.194000,-0.000096
7.195000,-0.000096
7.196000,-0.000413
7.197000,-0.000096
7.198000,-0.000096
7.199000,-0.000096
7.200000,-0.000413
7.201000,-0.000413
7.202000,-0.000096
7.203000,-0.000413
7.204000,0.000220
7.205000,-0.000413
7.206000,-0.000096
7.207000,-0.000729
7.208000,-0.000096
7.209000,-0.000096
7.210000,-0.000096
7.211000,-0.000096
7.212000,0.000220
7.213000,-0.000096
7.214000,-0.000096
7.215000,-0.000096
7.216000,-0.000413
7.217000,0.000220
7.218000,-0.000096
7.219000,0.000220
7.220000,-0.000413
7.221000,0.000220
7.222000,-0.000413
7.223000,-0.000096
7.224000,-0.000096
7.225000,0.000220
7.226000,-0.000096
7.227000,-0.000096
7.228000,-0.000096
7.229000,-0.000096
7.230000,-0.000413
7.231000,-0.000096
7.232000,0.000220
7.233000,-0.000413
7.234000,-0.000096
7.235000,-0.000096
7.236000,-0.000096
7.237000,0.000220
7.238000,-0.000096
7.239000,-0.000413
7.240000,0.000220
7.241000,0.000220
7.242000,-0.000096
7.243000,0.000220
7.244000,0.000220
7.245000,0.000536
7.246000,-0.000096
7.247000,-0.000096
7.248000,-0.000096
7.249000,-0.000413
7.250000,-0.000096
7.251000,0.000220
7.252000,-0.000413
7.253000,-0.000096
7.254000,-0.000096
7.255000,0.000220
7.256000,-0.000096
7.257000,-0.000096
7.258000,-0.000096
7.259000,-0.000096
7.260000,-0.000096
7.261000,-0.000413
7.262000,0.000220
7.263000,0.000220
7.264000,-0.000096
7.265000,0.000220
7.266000,-0.000413
7.267000,-0.000096
7.268000,-0.000413
7.269000,-0.000096
7.270000,-0.000096
7.271000,-0.000096
7.272000,0.000536
7.273000,-0.000096
7.274000,-0.000096
7.275000,-0.000413
7.276000,-0.000096
7.277000,0.000220
7.278000,-0.000413
7.279000,-0.000096
7.280000,-0.000413
7.281000,-0.000096
7.282000,-0.000096
7.283000,-0.000413
7.284000,-0.000096
7.285000,-0.000096
7.286000,0.000220
7.287000,0.000220
7.288000,0.000220
7.289000,-0.000096
7.290000,-0.000096
7.291000,-0.000413
7.292000,-0.000413
7.293000,-0.000729
7.294000,-0.000096
7.295000,-0.000096
7.296000,0.000220
7.297000,-0.000096
7.298000,-0.000413
7.299000,-0.000096
7.300000,-0.000096
7.301000,-0.000413
7.302000,-0.000096
7.303000,-0.000413
7.304000,-0.000096
7.305000,-0.000413
7.306000,-0.000413
7.307000,-0.000413
7.308000,-0.000413
7.309000,-0.000096
7.310000,-0.000096
7.311000,-0.000096
7.312000,-0.000096
7.313000,-0.000096
7.314000,-0.000096
7.315000,-0.000096
7.316000,-0.000096
7.317000,-0.000729
7.318000,-0.000096
7.319000,-0.000413
7.320000,-0.000096
7.321000,-0.000096
7.322000,-0.000096
7.323000,-0.000096
7.324000,-0.000096
7.325000,-0.000096
7.326000,-0.000096
7.327000,0.000220
7.328000,-0.001045
7.329000,-0.000096
7.330000,-0.000096
7.331000,0.000220
7.332000,-0.000413
7.333000,-0.000096
7.334000,-0.000096
7.335000,0.000220
7.336000,-0.000096
7.337000,-0.000096
7.338000,-0.000096
7.339000,-0.000096
7.340000,-0.000096
7.341000,-0.000413
7.342000,-0.000096
7.343000,0.000220
7.344000,-0.000729
7.345000,0.000220
7.346000,-0.000096
7.347000,-0.000096
7.348000,0.000220
7.349000,-0.000096
7.350000,0.000220
7.351000,-0.000096
7.352000,0.000220
7.353000,-0.000096
7.354000,-0.000096
7.355000,-0.000413
7.356000,-0.000096
7.357000,-0.000413
7.358000,-0.000096
7.359000,-0.000413
7.360000,-0.000413
7.361000,-0.000096
7.362000,-0.000413
7.363000,-0.000096
7.364000,-0.000096
7.365000,0.000220
7.366000,-0.000096
7.367000,-0.000096
7.368000,-0.000096
7.369000,-0.000096
7.370000,0.000220
7.371000,-0.000096
7.372000,0.000220
7.373000,-0.000096
7.374000,-0.000096
7.375000,-0.000096
7.376000,-0.000096
7.377000,-0.000413
7.378000,-0.000096
7.379000,-0.000096
7.380000,-0.000096
7.381000,-0.000096
7.382000,-0.000729
7.383000,-0.000096
7.384000,0.000220
7.385000,-0.000096
7.386000,-0.000096
7.387000,-0.000096
7.388000,-0.000096
7.389000,-0.000096
7.390000,-0.000096
7.391000,-0.000413
7.392000,-0.000413
7.393000,-0.000096
7.394000,-0.000096
7.395000,-0.000096
7.396000,0.000220
7.397000,-0.000413
7.398000,-0.000413
7.399000,-0.000096
7.400000,-0.000413
7.401000,0.000220
7.402000,0.000220
7.403000,-0.000096
7.404000,-0.000096
7.405000,-0.000413
7.406000,-0.000096
7.407000,-0.000096
7.408000,-0.000413
7.409000,-0.000729
7.410000,-0.000096
7.411000,-0.000096
7.412000,-0.000413
7.413000,-0.000096
7.414000,-0.000413
7.415000,-0.000413
7.416000,-0.000096
7.417000,-0.000096
7.418000,-0.000096
7.419000,-0.000096
7.420000,-0.000413
7.421000,-0.000096
7.422000,-0.000096
7.423000,-0.000096
7.424000,-0.000413
7.425000,0.000220
7.426000,-0.000413
7.427000,-0.000096
7.428000,0.000220
7.429000,-0.000096
7.430000,-0.000413
7.431000,-0.000096
7.432000,-0.000413
7.433000,-0.000096
7.434000,-0.000096
7.435000,-0.000413
7.436000,-0.000096
7.437000,-0.000096
7.438000,-0.000096
7.439000,-0.000096
7.440000,-0.000729
7.441000,-0.000096
7.442000,-0.000096
7.443000,-0.000729
7.444000,-0.000413
7.445000,-0.000096
7.446000,-0.000096
7.447000,-0.000096
7.448000,-0.000413
7.449000,-0.000096
7.450000,-0.000096
7.451000,-0.000413
7.452000,-0.000096
7.453000,0.000220
7.454000,-0.000096
7.455000,-0.000096
7.456000,0.000220
7.457000,0.000220
7.458000,-0.000096
7.459000,-0.000096
7.460000,-0.000413
7.461000,-0.000096
7.462000,-0.000096
7.463000,-0.000413
7.464000,-0.000096
7.465000,-0.000096
7.466000,-0.000096
7.467000,-0.000096
7.468000,-0.000096
7.469000,-0.000096
7.470000,-0.000096
7.471000,-0.000096
7.472000,-0.000096
7.473000,-0.000096
7.474000,-0.000096
7.475000,-0.000096
7.476000,-0.000096
7.477000,-0.000096
7.478000,-0.000096
7.479000,0.000220
7.480000,-0.000413
7.481000,-0.000096
7.482000,0.000220
7.483000,-0.000096
7.484000,-0.000096
7.485000,-0.000096
7.486000,-0.000096
7.487000,-0.000096
7.488000,-0.000096
7.489000,-0.000096
7.490000,-0.000096
7.491000,0.000220
7.492000,-0.000096
7.493000,-0.000096
7.494000,-0.000096
7.495000,0.000536
7.496000,-0.000096
7.497000,0.000220
7.498000,-0.000096
7.499000,-0.000096
7.500000,-0.000096
7.501000,-0.000096
7.502000,-0.000096
7.503000,-0.000096
7.504000,-0.000096
7.505000,-0.000096
7.506000,-0.000096
7.507000,-0.000413
7.508000,-0.000413
7.509000,-0.000413
7.510000,-0.000096
7.511000,-0.000096
7.512000,-0.000096
7.513000,-0.000413
7.514000,-0.000413
7.515000,0.000220
7.516000,-0.000096
7.517000,-0.000096
7.518000,-0.000413
7.519000,-0.000096
7.520000,0.000220
7.521000,-0.000413
7.522000,0.000220
7.523000,-0.000413
7.524000,-0.000096
7.525000,0.000220
7.526000,-0.000413
7.527000,-0.000413
7.528000,-0.000096
7.529000,-0.000413
7.530000,-0.000096
7.531000,-0.000096
7.532000,-0.000096
7.533000,-0.000413
7.534000,-0.000096
7.535000,-0.000096
7.536000,-0.000096
7.537000,-0.000096
7.538000,-0.000096
7.539000,-0.000413
7.540000,-0.000413
7.541000,-0.000413
7.542000,-0.000096
7.543000,-0.000096
7.544000,-0.000096
7.545000,-0.000096
7.546000,-0.000096
7.547000,-0.000413
7.548000,-0.000096
7.549000,0.000220
7.550000,-0.000096
7.551000,-0.000096
7.552000,0.000220
7.553000,-0.000096
7.554000,-0.000096
7.555000,-0.000096
7.556000,-0.000413
7.557000,-0.000096
7.558000,-0.000096
7.559000,-0.000096
7.560000,0.000220
7.561000,-0.000729
7.562000,-0.000096
7.563000,-0.000413
7.564000,-0.000096
7.565000,-0.000096
7.566000,-0.000096
7.567000,-0.000413
7.568000,-0.000413
7.569000,-0.000413
7.570000,0.000220
7.571000,-0.000413
7.572000,-0.000096
7.573000,-0.000096
7.574000,-0.000096
7.575000,-0.000096
7.576000,-0.000413
7.577000,-0.000096
7.578000,-0.000413
7.579000,-0.000096
7.580000,-0.000096
7.581000,-0.000096
7.582000,-0.000096
7.583000,-0.000413
7.584000,-0.000096
7.585000,-0.000096
7.586000,-0.000729
7.587000,-0.000413
7.588000,-0.000096
7.589000,-0.000096
7.590000,-0.000096
7.591000,-0.000413
7.592000,-0.000413
7.593000,0.000220
7.594000,0.000536
7.595000,-0.000413
7.596000,-0.000729
7.597000,-0.000096
7.598000,-0.000413
7.599000,-0.000096
7.600000,-0.000096
7.601000,-0.000096
7.602000,0.000220
7.603000,0.000220
7.604000,-0.000413
7.605000,-0.000096
7.606000,-0.000413
7.607000,-0.000096
7.608000,0.000220
7.609000,-0.000096
7.610000,-0.000096
7.611000,-0.000413
7.612000,-0.000096
7.613000,-0.000413
7.614000,-0.000413
7.615000,-0.000096
7.616000,-0.000096
7.617000,0.000536
7.618000,0.000220
7.619000,-0.000096
7.620000,0.000220
7.621000,-0.000096
7.622000,0.000220
7.623000,-0.000096
7.624000,-0.000096
7.625000,-0.000096
7.626000,-0.000096
7.627000,-0.000413
7.628000,-0.000096
7.629000,0.000220
7.630000,-0.000096
7.631000,-0.000413
7.632000,-0.000096
7.633000,0.000220
7.634000,-0.000413
7.635000,0.000220
7.636000,0.000220
7.637000,-0.000096
7.638000,-0.000096
7.639000,-0.000096
7.640000,-0.000096
7.641000,-0.000729
7.642000,-0.000413
7.643000,-0.000729
7.644000,-0.000096
7.645000,-0.000413
7.646000,-0.000096
7.647000,-0.000096
7.648000,-0.000096
7.649000,-0.000413
7.650000,0.000220
7.651000,-0.000096
7.652000,-0.000413
7.653000,0.000220
7.654000,-0.000096
7.655000,-0.000096
7.656000,-0.000096
7.657000,-0.000413
7.658000,0.000220
7.659000,-0.000096
7.660000,-0.000096
7.661000,-0.000096
7.662000,-0.000096
7.663000,-0.000096
7.664000,-0.000096
7.665000,-0.000096
7.666000,-0.000096
7.667000,-0.000096
7.668000,-0.000413
7.669000,0.000220
7.670000,-0.000096
7.671000,-0.000096
7.672000,-0.000096
7.673000,-0.000096
7.674000,-0.000729
7.675000,-0.000413
7.676000,-0.000413
7.677000,-0.000096
7.678000,-0.000413
7.679000,-0.000413
7.680000,-0.000729
7.681000,-0.000096
7.682000,-0.000096
7.683000,-0.000096
7.684000,-0.000729
7.685000,-0.000413
7.686000,0.000220
7.687000,-0.000096
7.688000,-0.000096
7.689000,-0.000413
7.690000,0.000220
7.691000,-0.000096
7.692000,-0.000096
7.693000,-0.000096
7.694000,-0.000096
7.695000,0.000220
7.696000,-0.000096
7.697000,0.000220
7.698000,0.000220
7.699000,0.000220
7.700000,-0.000413
7.701000,-0.000729
7.702000,-0.000096
7.703000,0.000220
7.704000,-0.000096
7.705000,0.000220
7.706000,0.000536
7.707000,-0.000413
7.708000,0.000220
7.709000,-0.000096
7.710000,-0.000413
7.711000,-0.000729
7.712000,-0.000096
7.713000,-0.000096
7.714000,-0.000096
7.715000,-0.000413
7.716000,-0.000096
7.717000,-0.000096
7.718000,0.000536
7.719000,0.000536
7.720000,-0.000729
7.721000,-0.000729
7.722000,-0.000096
7.723000,-0.000096
7.724000,-0.000096
7.725000,0.000220
7.726000,0.000220
7.727000,-0.000413
7.728000,-0.000096
7.729000,-0.000096
7.730000,-0.000096
7.731000,-0.000096
7.732000,-0.000096
7.733000,-0.000096
7.734000,-0.000096
7.735000,-0.000096
7.736000,-0.000096
7.737000,-0.000096
7.738000,-0.000096
7.739000,0.000220
7.740000,-0.000413
7.741000,-0.000413
7.742000,-0.000096
7.743000,0.000220
7.744000,-0.000729
7.745000,-0.000096
7.746000,-0.000096
7.747000,-0.000413
7.748000,-0.000413
7.749000,-0.000096
7.750000,0.000220
7.751000,0.000220
7.752000,-0.000413
7.753000,-0.000413
7.754000,0.000536
7.755000,-0.000413
7.756000,-0.000096
7.757000,-0.000096
7.758000,-0.000096
7.759000,0.000220
7.760000,-0.000096
7.761000,0.000536
7.762000,-0.000096
7.763000,0.000220
7.764000,-0.000096
7.765000,-0.000096
7.766000,0.000220
7.767000,-0.000413
7.768000,-0.000413
7.769000,-0.000413
7.770000,-0.000096
7.771000,-0.000096
7.772000,-0.000096
7.773000,0.000220
7.774000,-0.000413
7.775000,-0.000096
7.776000,-0.000096
7.777000,-0.000096
7.778000,-0.000096
7.779000,-0.000096
7.780000,-0.000413
7.781000,-0.000096
7.782000,-0.000413
7.783000,0.000220
7.784000,-0.000096
7.785000,-0.000096
7.786000,-0.000096
7.787000,-0.000096
7.788000,0.000220
7.789000,-0.000096
7.790000,0.000220
7.791000,-0.000413
7.792000,-0.000096
7.793000,-0.000096
7.794000,0.000220
7.795000,-0.000096
7.796000,-0.000729
7.797000,-0.000096
7.798000,-0.000096
7.799000,-0.000096
7.800000,-0.000413
7.801000,-0.000413
7.802000,-0.000096
7.803000,-0.000096
7.804000,-0.000096
7.805000,-0.000096
7.806000,-0.000096
7.807000,-0.000096
7.808000,-0.000096
7.809000,-0.000096
7.810000,0.000220
7.811000,-0.000413
7.812000,-0.000096
7.813000,-0.000096
7.814000,-0.000413
7.815000,-0.000096
7.816000,-0.000413
7.817000,-0.000096
7.818000,-0.000096
7.819000,-0.000413
7.820000,-0.000096
7.821000,0.000220
7.822000,-0.000096
7.823000,-0.000096
7.824000,-0.000413
7.825000,-0.000096
7.826000,-0.000096
7.827000,-0.000096
7.828000,-0.000413
7.829000,-0.000096
7.830000,-0.000096
7.831000,-0.000096
7.832000,-0.000096
7.833000,-0.000096
7.834000,0.000220
7.835000,-0.000096
7.836000,-0.000096
7.837000,0.000220
7.838000,-0.000413
7.839000,-0.000729
7.840000,0.000220
7.841000,0.000220
7.842000,-0.000096
7.843000,-0.000096
7.844000,-0.000096
7.845000,0.000220
7.846000,-0.000096
7.847000,0.000220
7.848000,-0.000096
7.849000,-0.000096
7.850000,-0.000096
7.851000,-0.000096
7.852000,-0.000413
7.853000,-0.000413
7.854000,-0.000096
7.855000,-0.000096
7.856000,-0.000096
7.857000,-0.000096
7.858000,-0.000413
7.859000,-0.000096
7.860000,-0.000096
7.861000,0.000220
7.862000,-0.000729
7.863000,-0.000413
7.864000,-0.000413
7.865000,-0.000413
7.866000,-0.000096
7.867000,0.000220
7.868000,-0.000413
7.869000,-0.000413
7.870000,-0.000096
7.871000,-0.000096
7.872000,-0.000096
7.873000,-0.000096
7.874000,-0.000413
7.875000,-0.000096
7.876000,-0.000096
7.877000,0.000220
7.878000,-0.000413
7.879000,-0.000413
7.880000,-0.000413
7.881000,-0.000413
7.882000,-0.000413
7.883000,-0.000096
7.884000,0.000536
7.885000,0.000220
7.886000,-0.000413
7.887000,-0.000096
7.888000,-0.000096
7.889000,-0.000096
7.890000,0.000220
7.891000,-0.000096
7.892000,0.000220
7.893000,-0.000096
7.894000,-0.000413
7.895000,-0.000096
7.896000,-0.000096
7.897000,-0.000413
7.898000,-0.000413
7.899000,-0.000096
7.900000,-0.000096
7.901000,-0.000413
7.902000,-0.000729
7.903000,0.000220
7.904000,0.000220
7.905000,-0.000729
7.906000,-0.000413
7.907000,-0.000413
7.908000,-0.000096
7.909000,-0.000096
7.910000,-0.000096
7.911000,-0.000096
7.912000,0.000220
7.913000,-0.000096
7.914000,-0.000096
7.915000,-0.000096
7.916000,-0.000096
7.917000,-0.000096
7.918000,-0.000413
7.919000,-0.000096
7.920000,-0.000413
7.921000,-0.000413
7.922000,0.000536
7.923000,0.000220
7.924000,-0.000413
7.925000,-0.000096
7.926000,-0.000413
7.927000,-0.000413
7.928000,-0.000096
7.929000,-0.000413
7.930000,-0.000096
7.931000,-0.000096
7.932000,-0.000096
7.933000,-0.000096
7.934000,-0.000413
7.935000,-0.000096
7.936000,-0.000096
7.937000,-0.000096
7.938000,-0.000413
7.939000,-0.000096
7.940000,-0.000096
7.941000,-0.000413
7.942000,-0.000413
7.943000,-0.000729
7.944000,-0.000096
7.945000,-0.000096
7.946000,0.000220
7.947000,-0.000413
7.948000,-0.000096
7.949000,-0.000096
7.950000,-0.000096
7.951000,-0.000096
7.952000,-0.000096
7.953000,-0.000096
7.954000,-0.000096
7.955000,0.000536
7.956000,0.000220
7.957000,-0.000096
7.958000,-0.000096
7.959000,-0.000096
7.960000,-0.000413
7.961000,-0.000096
7.962000,-0.000096
7.963000,-0.000096
7.964000,-0.000096
7.965000,-0.000413
7.966000,0.000220
7.967000,-0.000096
7.968000,-0.000096
7.969000,-0.000096
7.970000,0.000220
7.971000,-0.000096
7.972000,-0.000096
7.973000,-0.000096
7.974000,-0.000096
7.975000,-0.000413
7.976000,-0.000096
7.977000,-0.000413
7.978000,-0.000096
7.979000,-0.000413
7.980000,-0.000096
7.981000,-0.000413
7.982000,-0.000729
7.983000,-0.000096
7.984000,-0.000096
7.985000,-0.000096
7.986000,-0.000096
7.987000,-0.000096
7.988000,-0.000096
7.989000,-0.000413
7.990000,-0.000096
7.991000,-0.000413
7.992000,-0.000096
7.993000,0.000220
7.994000,-0.000096
7.995000,-0.000096
7.996000,-0.000413
7.997000,-0.000729
7.998000,-0.000096
7.999000,-0.000096
8.000000,-0.000413
8.001000,-0.000413
8.002000,-0.000096
8.003000,-0.000729
8.004000,-0.000096
8.005000,-0.000096
8.006000,-0.000729
8.007000,-0.000096
8.008000,-0.000096
8.009000,-0.000096
8.010000,-0.000413
8.011000,-0.000729
8.012000,0.000220
8.013000,-0.000096
8.014000,-0.000096
8.015000,-0.000096
8.016000,-0.000096
8.017000,-0.000413
8.018000,-0.000729
8.019000,0.000220
8.020000,-0.000096
8.021000,-0.000096
8.022000,-0.000096
8.023000,-0.000096
8.024000,-0.000413
8.025000,-0.000096
8.026000,-0.000096
8.027000,-0.000096
8.028000,-0.000413
8.029000,-0.000096
8.030000,-0.000096
8.031000,-0.000096
8.032000,-0.000096
8.033000,-0.000096
8.034000,-0.000096
8.035000,-0.000096
8.036000,-0.000096
8.037000,-0.000096
8.038000,-0.000413
8.039000,-0.000413
8.040000,-0.000096
8.041000,-0.000096
8.042000,0.000220
8.043000,-0.000413
8.044000,-0.000413
8.045000,-0.000413
8.046000,-0.000729
8.047000,-0.000096
8.048000,0.000220
8.049000,-0.000413
8.050000,0.000220
8.051000,-0.000096
8.052000,-0.000096
8.053000,0.000220
8.054000,0.000220
8.055000,-0.000413
8.056000,-0.000096
8.057000,-0.000096
8.058000,-0.000096
8.059000,0.000536
8.060000,-0.000096
8.061000,0.000220
8.062000,-0.000096
8.063000,-0.000096
8.064000,-0.000413
8.065000,-0.000413
8.066000,-0.000096
8.067000,0.000220
8.068000,-0.000096
8.069000,-0.000413
8.070000,-0.000413
8.071000,-0.000096
8.072000,-0.000096
8.073000,-0.000096
8.074000,-0.000413
8.075000,-0.000096
8.076000,-0.000413
8.077000,-0.000096
8.078000,-0.000413
8.079000,-0.000096
8.080000,-0.000096
8.081000,-0.000413
8.082000,-0.000096
8.083000,-0.000096
8.084000,-0.000413
8.085000,-0.000096
8.086000,-0.000413
8.087000,-0.000096
8.088000,-0.000413
8.089000,-0.000096
8.090000,0.000220
8.091000,-0.000413
8.092000,-0.000096
8.093000,-0.000729
8.094000,-0.000413
8.095000,-0.000096
8.096000,-0.000413
8.097000,0.000536
8.098000,-0.000096
8.099000,-0.000096
8.100000,-0.000096
8.101000,-0.000096
8.102000,-0.000413
8.103000,-0.000096
8.104000,-0.000096
8.105000,0.000220
8.106000,0.000220
8.107000,0.000536
8.108000,-0.000096
8.109000,-0.000096
8.110000,0.000536
8.111000,-0.000096
8.112000,-0.000096
8.113000,-0.000096
8.114000,-0.000096
8.115000,-0.000096
8.116000,-0.000096
8.117000,-0.000413
8.118000,-0.000096
8.119000,-0.000096
8.120000,-0.000096
8.121000,-0.000096
8.122000,0.000220
8.123000,-0.000096
8.124000,-0.000096
8.125000,-0.000096
8.126000,-0.000096
8.127000,-0.000096
8.128000,-0.000413
8.129000,-0.000413
8.130000,-0.000096
8.131000,-0.000096
8.132000,-0.000413
8.133000,-0.000413
8.134000,-0.000096
8.135000,0.000220
8.136000,-0.000096
8.137000,-0.000096
8.138000,-0.000096
8.139000,-0.000096
8.140000,-0.000096
8.141000,-0.000413
8.142000,-0.000413
8.143000,-0.000096
8.144000,0.000220
8.145000,-0.000096
8.146000,0.000220
8.147000,-0.000096
8.148000,-0.000096
8.149000,0.000220
8.150000,-0.000096
8.151000,-0.000413
8.152000,-0.000096
8.153000,-0.000096
8.154000,-0.000096
8.155000,-0.000729
8.156000,-0.000096
8.157000,-0.000096
8.158000,-0.000096
8.159000,-0.000413
8.160000,-0.000096
8.161000,-0.000096
8.162000,-0.000096
8.163000,-0.000096
8.164000,0.000220
8.165000,0.000220
8.166000,-0.000096
8.167000,0.000220
8.168000,-0.000096
8.169000,0.000220
8.170000,-0.000096
8.171000,0.000536
8.172000,-0.000729
8.173000,0.000220
8.174000,-0.000413
8.175000,-0.000096
8.176000,-0.000413
8.177000,-0.000096
8.178000,-0.000413
8.179000,-0.000413
8.180000,-0.000096
8.181000,-0.000096
8.182000,-0.000413
8.183000,-0.000729
8.184000,-0.000413
8.185000,-0.000413
8.186000,-0.000413
8.187000,-0.000413
8.188000,-0.000096
8.189000,-0.000413
8.190000,-0.000096
8.191000,-0.000096
8.192000,-0.000096
8.193000,-0.000413
8.194000,-0.000096
8.195000,-0.000096
8.196000,-0.000413
8.197000,-0.000413
8.198000,-0.000096
8.199000,-0.000413
8.200000,-0.000096
8.201000,0.000220
8.202000,0.000220
8.203000,-0.000413
8.204000,-0.000096
8.205000,0.000220
8.206000,0.000220
8.207000,-0.000096
8.208000,-0.000096
8.209000,-0.000096
8.210000,-0.000096
8.211000,-0.000413
8.212000,-0.000096
8.213000,-0.000413
8.214000,0.000220
8.215000,0.000220
8.216000,-0.000413
8.217000,0.000220
8.218000,-0.000413
8.219000,-0.000413
8.220000,-0.000096
8.221000,0.000220
8.222000,-0.000413
8.223000,0.000220
8.224000,-0.000096
8.225000,-0.000096
8.226000,-0.000413
8.227000,-0.000413
8.228000,-0.000096
8.229000,-0.000096
8.230000,-0.000096
8.231000,-0.000096
8.232000,0.000536
8.233000,-0.000413
8.234000,-0.000096
8.235000,0.000220
8.236000,-0.000096
8.237000,-0.000413
8.238000,-0.000096
8.239000,-0.000729
8.240000,-0.000096
8.241000,-0.000096
8.242000,-0.000096
8.243000,-0.000096
8.244000,-0.000096
8.245000,-0.000096
8.246000,-0.000096
8.247000,-0.000096
8.248000,-0.000096
8.249000,-0.000413
8.250000,-0.000096
8.251000,-0.000413
8.252000,-0.000413
8.253000,-0.000096
8.254000,-0.000096
8.255000,-0.000096
8.256000,-0.000096
8.257000,-0.000413
8.258000,-0.000096
8.259000,-0.000413
8.260000,-0.000413
8.261000,-0.000096
8.262000,-0.000413
8.263000,-0.000096
8.264000,-0.000096
8.265000,-0.000729
8.266000,-0.000096
8.267000,-0.000413
8.268000,-0.000729
8.269000,-0.000096
8.270000,-0.000096
8.271000,-0.000096
8.272000,-0.000096
8.273000,-0.000096
8.274000,-0.000096
8.275000,-0.000413
8.276000,-0.000096
8.277000,-0.000096
8.278000,-0.000096
8.279000,0.000220
8.280000,-0.000413
8.281000,-0.000096
8.282000,-0.000096
8.283000,-0.000096
8.284000,-0.000096
8.285000,-0.000096
8.286000,-0.000096
8.287000,-0.000096
8.288000,-0.000413
8.289000,-0.000096
8.290000,-0.000096
8.291000,-0.000096
8.292000,-0.000413
8.293000,-0.000096
8.294000,-0.000096
8.295000,-0.000413
8.296000,-0.000413
8.297000,-0.000096
8.298000,-0.000729
8.299000,0.000536
8.300000,0.000536
8.301000,-0.000096
8.302000,-0.000096
8.303000,-0.000096
8.304000,-0.000413
8.305000,-0.000096
8.306000,-0.000096
8.307000,-0.000413
8.308000,-0.000413
8.309000,-0.000413
8.310000,-0.000413
8.311000,-0.000096
8.312000,-0.000096
8.313000,-0.000096
8.314000,-0.000096
8.315000,-0.000096
8.316000,-0.000096
8.317000,-0.000096
8.318000,-0.000096
8.319000,0.000220
8.320000,-0.000096
8.321000,0.000220
8.322000,0.000220
8.323000,-0.000096
8.324000,-0.000096
8.325000,-0.000096
8.326000,-0.000096
8.327000,0.000536
8.328000,0.000220
8.329000,0.000220
8.330000,-0.000096
8.331000,0.000536
8.332000,-0.000413
8.333000,-0.000413
8.334000,-0.000413
8.335000,-0.000096
8.336000,0.000220
8.337000,-0.000096
8.338000,-0.000413
8.339000,0.000220
8.340000,-0.000096
8.341000,0.000536
8.342000,0.000220
8.343000,-0.000096
8.344000,-0.000096
8.345000,-0.000413
8.346000,-0.000096
8.347000,-0.000729
8.348000,-0.000413
8.349000,-0.000096
8.350000,-0.000096
8.351000,-0.000096
8.352000,-0.000096
8.353000,-0.000096
8.354000,-0.000413
8.355000,-0.000096
8.356000,-0.000096
8.357000,-0.000096
8.358000,-0.000096
8.359000,-0.000096
8.360000,-0.000096
8.361000,-0.000096
8.362000,-0.000413
8.363000,-0.000413
8.364000,-0.000413
8.365000,-0.000096
8.366000,-0.000413
8.367000,-0.000729
8.368000,-0.000096
8.369000,-0.000096
8.370000,0.000220
8.371000,0.000220
8.372000,0.000220
8.373000,-0.000096
8.374000,-0.000096
8.375000,-0.000096
8.376000,-0.000096
8.377000,-0.000413
8.378000,-0.000096
8.379000,-0.000413
8.380000,-0.000096
8.381000,-0.000729
8.382000,-0.000413
8.383000,-0.000413
8.384000,-0.000096
8.385000,-0.000096
8.386000,0.000220
8.387000,-0.000729
8.388000,-0.000413
8.389000,-0.000096
8.390000,0.000220
8.391000,-0.000096
8.392000,-0.000096
8.393000,-0.000096
8.394000,-0.000096
8.395000,0.000220
8.396000,-0.000413
8.397000,-0.000729
8.398000,-0.000096
8.399000,0.000220
8.400000,-0.000096
8.401000,-0.000413
8.402000,-0.000096
8.403000,-0.000096
8.404000,-0.000096
8.405000,-0.000096
8.406000,-0.000096
8.407000,-0.000096
8.408000,-0.000096
8.409000,-0.000413
8.410000,-0.000096
8.411000,-0.000096
8.412000,0.000220
8.413000,-0.000096
8.414000,-0.000096
8.415000,-0.000096
8.416000,-0.000096
8.417000,-0.000096
8.418000,-0.000096
8.419000,-0.000096
8.420000,-0.000096
8.421000,-0.000096
8.422000,-0.000413
8.423000,-0.000096
8.424000,-0.000096
8.425000,0.000536
8.426000,-0.000096
8.427000,0.000220
8.428000,0.000220
8.429000,-0.000096
8.430000,0.000220
8.431000,-0.000413
8.432000,-0.000096
8.433000,0.000220
8.434000,-0.000096
8.435000,-0.000096
8.436000,0.000220
8.437000,-0.000413
8.438000,-0.000096
8.439000,-0.000413
8.440000,-0.000413
8.441000,-0.000413
8.442000,-0.000096
8.443000,-0.001045
8.444000,-0.000096
8.445000,-0.000096
8.446000,-0.000096
8.447000,0.000220
8.448000,-0.000096
8.449000,-0.000096
8.450000,-0.000096
8.451000,0.000220
8.452000,-0.000096
8.453000,0.000220
8.454000,-0.000096
8.455000,0.000220
8.456000,-0.000096
8.457000,0.000220
8.458000,-0.000096
8.459000,-0.000413
8.460000,-0.000096
8.461000,0.000220
8.462000,-0.000096
8.463000,-0.000729
8.464000,-0.000096
8.465000,0.000220
8.466000,-0.000413
8.467000,-0.000096
8.468000,-0.000096
8.469000,-0.000096
8.470000,-0.000096
8.471000,-0.000096
8.472000,-0.000096
8.473000,-0.000096
8.474000,-0.000096
8.475000,0.000220
8.476000,-0.000096
8.477000,-0.000096
8.478000,-0.000096
8.479000,-0.000096
8.480000,-0.000413
8.481000,-0.000096
8.482000,-0.000413
8.483000,-0.000096
8.484000,-0.000729
8.485000,-0.000096
8.486000,-0.000096
8.487000,-0.000096
8.488000,-0.000096
8.489000,-0.000096
8.490000,-0.000413
8.491000,-0.000096
8.492000,-0.000413
8.493000,-0.000096
8.494000,-0.000413
8.495000,0.000220
8.496000,-0.000096
8.497000,-0.000413
8.498000,-0.000096
8.499000,-0.000096
8.500000,-0.000096
8.501000,-0.000729
8.502000,-0.000096
8.503000,-0.000096
8.504000,-0.000096
8.505000,-0.000096
8.506000,-0.000413
8.507000,-0.000096
8.508000,-0.000096
8.509000,-0.000413
8.510000,-0.000413
8.511000,-0.000096
8.512000,-0.000096
8.513000,0.000220
8.514000,-0.000096
8.515000,0.000220
8.516000,-0.000729
8.517000,-0.000413
8.518000,-0.000096
8.519000,-0.000413
8.520000,-0.000729
8.521000,-0.000096
8.522000,-0.000096
8.523000,-0.000096
8.524000,0.000220
8.525000,-0.000096
8.526000,0.000220
8.527000,-0.000096
8.528000,-0.000096
8.529000,-0.000096
8.530000,-0.000413
8.531000,-0.000413
8.532000,-0.000413
8.533000,-0.000096
8.534000,-0.000096
8.535000,0.000220
8.536000,-0.000096
8.537000,0.000220
8.538000,0.000220
8.539000,0.000220
8.540000,-0.000096
8.541000,-0.000729
8.542000,-0.000413
8.543000,-0.000096
8.544000,0.000220
8.545000,0.000220
8.546000,-0.000096
8.547000,-0.000096
8.548000,-0.000096
8.549000,-0.000096
8.550000,-0.000096
8.551000,0.000220
8.552000,-0.000096
8.553000,-0.000096
8.554000,-0.000096
8.555000,-0.000096
8.556000,-0.000096
8.557000,-0.000096
8.558000,-0.000413
8.559000,-0.000096
8.560000,-0.000413
8.561000,-0.000096
8.562000,-0.000413
8.563000,-0.000096
8.564000,-0.000413
8.565000,-0.000096
8.566000,-0.000096
8.567000,-0.000096
8.568000,-0.000096
8.569000,0.000536
8.570000,-0.000096
8.571000,-0.000096
8.572000,0.000220
8.573000,-0.000096
8.574000,-0.000096
8.575000,-0.000729
8.576000,-0.000413
8.577000,0.000220
8.578000,-0.000413
8.579000,-0.000413
8.580000,-0.000096
8.581000,-0.000413
8.582000,-0.000413
8.583000,-0.000096
8.584000,-0.000413
8.585000,-0.000413
8.586000,-0.000096
8.587000,-0.000096
8.588000,-0.000413
8.589000,-0.000096
8.590000,-0.000413
8.591000,-0.000096
8.592000,-0.000096
8.593000,-0.000096
8.594000,-0.000413
8.595000,-0.000096
8.596000,-0.000096
8.597000,-0.000096
8.598000,-0.000413
8.599000,0.000220
8.600000,-0.000413
8.601000,-0.000096
8.602000,-0.000413
8.603000,-0.000096
8.604000,-0.000729
8.605000,-0.000096
8.606000,-0.000413
8.607000,-0.000096
8.608000,-0.000096
8.609000,-0.000729
8.610000,-0.000413
8.611000,-0.000096
8.612000,-0.000096
8.613000,-0.000096
8.614000,-0.000096
8.615000,0.000220
8.616000,-0.000413
8.617000,0.000220
8.618000,-0.000096
8.619000,-0.000413
8.620000,-0.000413
8.621000,-0.000729
8.622000,-0.000413
8.623000,-0.000413
8.624000,-0.000413
8.625000,-0.000413
8.626000,-0.000413
8.627000,-0.000413
8.628000,-0.000729
8.629000,-0.000729
8.630000,-0.000413
8.631000,-0.000413
8.632000,-0.000729
8.633000,-0.000413
8.634000,-0.000413
8.635000,-0.000096
8.636000,-0.000096
8.637000,-0.000096
8.638000,-0.000096
8.639000,-0.000729
8.640000,-0.000096
8.641000,-0.000729
8.642000,-0.000413
8.643000,-0.000729
8.644000,-0.000413
8.645000,-0.000096
8.646000,-0.000096
8.647000,-0.000413
8.648000,-0.000413
8.649000,-0.000413
8.650000,-0.000413
8.651000,-0.000413
8.652000,-0.000413
8.653000,-0.000413
8.654000,-0.000729
8.655000,-0.000413
8.656000,-0.000413
8.657000,-0.000096
8.658000,-0.000729
8.659000,-0.000413
8.660000,-0.000096
8.661000,-0.000096
8.662000,-0.000096
8.663000,-0.000729
8.664000,-0.000413
8.665000,-0.000413
8.666000,-0.000096
8.667000,-0.000413
8.668000,-0.000096
8.669000,-0.000413
8.670000,-0.000096
8.671000,-0.000096
8.672000,-0.000413
8.673000,-0.000096
8.674000,-0.000096
8.675000,-0.000096
8.676000,-0.000413
8.677000,0.000220
8.678000,-0.000729
8.679000,-0.000096
8.680000,-0.000096
8.681000,-0.000096
8.682000,-0.000096
8.683000,-0.000096
8.684000,-0.000413
8.685000,-0.000096
8.686000,-0.000413
8.687000,-0.000413
8.688000,-0.000413
8.689000,0.000220
8.690000,-0.000413
8.691000,-0.000096
8.692000,-0.000413
8.693000,-0.000096
8.694000,-0.000096
8.695000,-0.000413
8.696000,-0.000096
8.697000,-0.000096
8.698000,-0.000413
8.699000,-0.000096
8.700000,-0.000413
8.701000,-0.000096
8.702000,-0.000413
8.703000,-0.000413
8.704000,-0.000096
8.705000,-0.000096
8.706000,-0.000413
8.707000,-0.000096
8.708000,-0.000729
8.709000,-0.000096
8.710000,-0.000413
8.711000,-0.000413
8.712000,-0.000413
8.713000,-0.000096
8.714000,-0.000413
8.715000,-0.000413
8.716000,-0.000413
8.717000,-0.000729
8.718000,-0.000096
8.719000,0.000220
8.720000,-0.000413
8.721000,-0.000096
8.722000,-0.000096
8.723000,-0.000413
8.724000,-0.000096
8.725000,-0.000729
8.726000,-0.000096
8.727000,-0.000096
8.728000,-0.000096
8.729000,-0.000096
8.730000,-0.000096
8.731000,-0.000096
8.732000,-0.000413
8.733000,-0.000729
8.734000,-0.000729
8.735000,-0.000729
8.736000,-0.000096
8.737000,-0.000729
8.738000,-0.000096
8.739000,-0.000096
8.740000,-0.000413
8.741000,-0.000096
8.742000,-0.000096
8.743000,-0.000413
8.744000,-0.000413
8.745000,-0.000096
8.746000,-0.000096
8.747000,-0.000729
8.748000,-0.000096
8.749000,-0.000096
8.750000,-0.000729
8.751000,-0.000096
8.752000,-0.000729
8.753000,-0.000413
8.754000,-0.000413
8.755000,-0.000413
8.756000,-0.000096
8.757000,-0.000413
8.758000,0.000220
8.759000,-0.000096
8.760000,-0.000096
8.761000,-0.000413
8.762000,-0.000096
8.763000,-0.000096
8.764000,-0.000413
8.765000,-0.000413
8.766000,-0.000096
8.767000,0.000220
8.768000,-0.000413
8.769000,-0.000413
8.770000,-0.000096
8.771000,-0.000096
8.772000,-0.000096
8.773000,-0.000413
8.774000,-0.000413
8.775000,-0.000729
8.776000,0.000220
8.777000,-0.000413
8.778000,-0.000413
8.779000,-0.000413
8.780000,-0.000729
8.781000,-0.000096
8.782000,0.000220
8.783000,-0.000729
8.784000,-0.000413
8.785000,-0.000096
8.786000,-0.000096
8.787000,-0.000729
8.788000,-0.000413
8.789000,-0.000729
8.790000,-0.000096
8.791000,-0.000729
8.792000,-0.000413
8.793000,-0.000413
8.794000,0.000220
8.795000,-0.000096
8.796000,-0.000096
8.797000,-0.000729
8.798000,0.000220
8.799000,-0.000413
8.800000,-0.000729
8.801000,-0.000413
8.802000,-0.000096
8.803000,-0.000096
8.804000,-0.000729
8.805000,-0.000413
8.806000,-0.000096
8.807000,-0.000413
8.808000,-0.000096
8.809000,-0.000096
8.810000,-0.000413
8.811000,-0.000729
8.812000,-0.000413
8.813000,-0.000729
8.814000,-0.000413
8.815000,-0.000413
8.816000,-0.000096
8.817000,-0.000096
8.818000,-0.000096
8.819000,-0.000729
8.820000,-0.000413
8.821000,-0.000729
8.822000,-0.000413
8.823000,-0.000096
8.824000,-0.000413
8.825000,-0.000413
8.826000,-0.000413
8.827000,-0.000096
8.828000,-0.000413
8.829000,-0.000413
8.830000,-0.000729
8.831000,-0.000096
8.832000,-0.000413
8.833000,-0.000413
8.834000,0.000220
8.835000,-0.000729
8.836000,-0.000413
8.837000,-0.000413
8.838000,-0.000096
8.839000,-0.000413
8.840000,-0.000729
8.841000,-0.000413
8.842000,-0.000729
8.843000,-0.000096
8.844000,-0.000413
8.845000,-0.000413
8.846000,-0.000729
8.847000,-0.000729
8.848000,-0.000096
8.849000,-0.000729
8.850000,-0.000413
8.851000,-0.000413
8.852000,-0.000096
8.853000,-0.000729
8.854000,-0.000413
8.855000,-0.000096
8.856000,-0.000096
8.857000,-0.000413
8.858000,0.000220
8.859000,-0.000729
8.860000,-0.000729
8.861000,-0.000096
8.862000,-0.000413
8.863000,-0.000096
8.864000,-0.000413
8.865000,-0.000729
8.866000,-0.000729
8.867000,0.000220
8.868000,-0.000413
8.869000,-0.000413
8.870000,-0.000096
8.871000,-0.000413
8.872000,-0.000413
8.873000,-0.000096
8.874000,-0.000413
8.875000,-0.000096
8.876000,-0.000096
8.877000,-0.000413
8.878000,-0.000729
8.879000,-0.000729
8.880000,-0.000729
8.881000,-0.000413
8.882000,-0.000729
8.883000,-0.000096
8.884000,-0.000096
8.885000,-0.000096
8.886000,-0.000729
8.887000,-0.000096
8.888000,-0.000413
8.889000,-0.000096
8.890000,-0.000096
8.891000,-0.000096
8.892000,-0.000096
8.893000,-0.000096
8.894000,-0.000413
8.895000,-0.000413
8.896000,-0.000413
8.897000,-0.000413
8.898000,-0.000096
8.899000,-0.000413
8.900000,-0.000413
8.901000,-0.000413
8.902000,-0.000096
8.903000,-0.000413
8.904000,-0.000729
8.905000,-0.000413
8.906000,-0.000413
8.907000,-0.000413
8.908000,-0.000096
8.909000,-0.000413
8.910000,-0.000096
8.911000,-0.000413
8.912000,-0.000413
8.913000,-0.000729
8.914000,-0.000413
8.915000,-0.000729
8.916000,-0.000729
8.917000,-0.000413
8.918000,-0.000413
8.919000,-0.000729
8.920000,-0.000413
8.921000,-0.000096
8.922000,-0.000096
8.923000,-0.000413
8.924000,-0.000413
8.925000,-0.000096
8.926000,-0.000729
8.927000,-0.000096
8.928000,-0.000413
8.929000,-0.000729
8.930000,-0.000413
8.931000,-0.000413
8.932000,-0.000413
8.933000,-0.000413
8.934000,-0.000729
8.935000,-0.000729
8.936000,-0.000729
8.937000,-0.000413
8.938000,-0.000413
8.939000,-0.000413
8.940000,-0.000096
8.941000,-0.000096
8.942000,-0.000729
8.943000,-0.000729
8.944000,-0.000729
8.945000,-0.000413
8.946000,-0.000413
8.947000,-0.000729
8.948000,-0.000096
8.949000,-0.000096
8.950000,-0.000096
8.951000,-0.000413
8.952000,-0.000096
8.953000,-0.000096
8.954000,-0.000729
8.955000,-0.000096
8.956000,-0.000096
8.957000,-0.000096
8.958000,-0.000729
8.959000,-0.000413
8.960000,-0.000413
8.961000,-0.000096
8.962000,-0.000729
8.963000,-0.000096
8.964000,-0.000413
8.965000,-0.000413
8.966000,-0.000096
8.967000,-0.000413
8.968000,-0.000413
8.969000,-0.000729
8.970000,-0.000413
8.971000,-0.000096
8.972000,-0.000413
8.973000,-0.000729
8.974000,-0.000413
8.975000,-0.000096
8.976000,-0.000413
8.977000,-0.000413
8.978000,-0.000096
8.979000,-0.000729
8.980000,-0.000096
8.981000,-0.000096
8.982000,-0.000729
8.983000,-0.000096
8.984000,-0.000413
8.985000,-0.000413
8.986000,-0.000413
8.987000,-0.000729
8.988000,-0.000413
8.989000,-0.000413
8.990000,-0.000096
8.991000,-0.000413
8.992000,-0.000729
8.993000,-0.001045
8.994000,-0.000413
8.995000,-0.000413
8.996000,-0.000729
8.997000,-0.000413
8.998000,-0.000729
8.999000,-0.000413
9.000000,-0.000413
9.001000,-0.000096
9.002000,0.000220
9.003000,-0.000413
9.004000,-0.000729
9.005000,-0.000729
9.006000,0.000220
9.007000,-0.000096
9.008000,-0.000413
9.009000,-0.000729
9.010000,-0.000096
9.011000,-0.000096
9.012000,-0.000413
9.013000,-0.000729
9.014000,-0.000413
9.015000,-0.000413
9.016000,-0.000729
9.017000,-0.000413
9.018000,-0.000729
9.019000,-0.000096
9.020000,-0.000413
9.021000,-0.000413
9.022000,-0.000729
9.023000,-0.000413
9.024000,-0.000096
9.025000,-0.000413
9.026000,-0.000729
9.027000,-0.000413
9.028000,-0.000413
9.029000,-0.000413
9.030000,-0.000096
9.031000,-0.000413
9.032000,-0.000413
9.033000,-0.000413
9.034000,-0.000413
9.035000,-0.000096
9.036000,-0.000729
9.037000,-0.000413
9.038000,-0.000413
9.039000,-0.000413
9.040000,-0.001045
9.041000,-0.000413
9.042000,-0.000096
9.043000,-0.000096
9.044000,-0.000729
9.045000,-0.000413
9.046000,-0.000096
9.047000,-0.000729
9.048000,-0.000096
9.049000,-0.000413
9.050000,-0.000729
9.051000,-0.000413
9.052000,-0.000729
9.053000,-0.001045
9.054000,-0.000413
9.055000,-0.000729
9.056000,-0.000413
9.057000,-0.000729
9.058000,-0.000729
9.059000,-0.000413
9.060000,-0.000096
9.061000,-0.000413
9.062000,-0.000729
9.063000,-0.000096
9.064000,-0.000413
9.065000,-0.000413
9.066000,-0.000413
9.067000,-0.000729
9.068000,-0.000729
9.069000,-0.000729
9.070000,-0.000413
9.071000,-0.000729
9.072000,-0.000413
9.073000,-0.000729
9.074000,-0.000096
9.075000,-0.000413
9.076000,-0.000413
9.077000,-0.000413
9.078000,-0.000413
9.079000,-0.000729
9.080000,-0.000729
9.081000,-0.000413
9.082000,-0.000413
9.083000,-0.000413
9.084000,-0.000096
9.085000,-0.000413
9.086000,-0.000413
9.087000,-0.000413
9.088000,-0.000413
9.089000,-0.000413
9.090000,-0.000413
9.091000,-0.001362
9.092000,-0.000729
9.093000,-0.000729
9.094000,-0.000096
9.095000,-0.000413
9.096000,-0.000096
9.097000,-0.000729
9.098000,-0.000729
9.099000,-0.000729
9.100000,-0.000729
9.101000,-0.000729
9.102000,-0.000413
9.103000,-0.000729
9.104000,-0.000729
9.105000,-0.000729
9.106000,-0.000729
9.107000,-0.000729
9.108000,-0.000413
9.109000,-0.000729
9.110000,-0.000729
9.111000,-0.000729
9.112000,-0.000729
9.113000,-0.001045
9.114000,-0.001045
9.115000,-0.000729
9.116000,-0.000729
9.117000,-0.000413
9.118000,-0.000096
9.119000,-0.000413
9.120000,-0.000729
9.121000,-0.000413
9.122000,-0.001045
9.123000,-0.000729
9.124000,-0.000729
9.125000,-0.000096
9.126000,-0.000729
9.127000,-0.000096
9.128000,-0.000729
9.129000,-0.000096
9.130000,-0.000729
9.131000,-0.000729
9.132000,-0.000729
9.133000,-0.000413
9.134000,-0.000413
9.135000,-0.000096
9.136000,-0.000413
9.137000,-0.000096
9.138000,-0.000413
9.139000,-0.000729
9.140000,-0.000413
9.141000,-0.000413
9.142000,-0.000096
9.143000,-0.000413
9.144000,-0.000413
9.145000,-0.000413
9.146000,-0.000729
9.147000,-0.000413
9.148000,-0.000413
9.149000,-0.000729
9.150000,-0.000729
9.151000,-0.000096
9.152000,-0.000413
9.153000,-0.000096
9.154000,-0.000413
9.155000,-0.000413
9.156000,-0.000729
9.157000,-0.001045
9.158000,-0.000413
9.159000,-0.000729
9.160000,-0.000729
9.161000,-0.000413
9.162000,-0.000096
9.163000,-0.000729
9.164000,-0.000096
9.165000,-0.000096
9.166000,-0.000413
9.167000,-0.000729
9.168000,-0.000413
9.169000,-0.000413
9.170000,-0.000729
9.171000,-0.000729
9.172000,-0.001045
9.173000,-0.000729
9.174000,-0.000729
9.175000,-0.000413
9.176000,-0.000729
9.177000,-0.000413
9.178000,-0.000413
9.179000,-0.000413
9.180000,-0.000413
9.181000,-0.000413
9.182000,-0.000729
9.183000,-0.000413
9.184000,-0.000413
9.185000,-0.001045
9.186000,-0.000413
9.187000,-0.000729
9.188000,-0.000413
9.189000,-0.000729
9.190000,-0.000729
9.191000,-0.000413
9.192000,-0.000729
9.193000,-0.000413
9.194000,-0.000729
9.195000,-0.000413
9.196000,-0.000729
9.197000,-0.000729
9.198000,-0.000729
9.199000,-0.001045
9.200000,-0.000413
9.201000,-0.000729
9.202000,-0.000096
9.203000,-0.000413
9.204000,-0.000729
9.205000,-0.000729
9.206000,-0.000413
9.207000,-0.000413
9.208000,-0.000729
9.209000,-0.000413
9.210000,-0.000729
9.211000,-0.000729
9.212000,-0.000729
9.213000,-0.000413
9.214000,-0.000729
9.215000,-0.000413
9.216000,-0.000729
9.217000,-0.001045
9.218000,-0.000729
9.219000,-0.000729
9.220000,-0.000729
9.221000,-0.000729
9.222000,-0.000729
9.223000,-0.000729
9.224000,-0.001045
9.225000,-0.001045
9.226000,-0.000729
9.227000,-0.000729
9.228000,-0.000729
9.229000,-0.000413
9.230000,-0.000729
9.231000,-0.000729
9.232000,-0.000413
9.233000,-0.000729
9.234000,-0.000729
9.235000,-0.000729
9.236000,-0.001045
9.237000,-0.000729
9.238000,-0.000413
9.239000,-0.000729
9.240000,-0.001045
9.241000,-0.000729
9.242000,-0.000729
9.243000,-0.001045
9.244000,-0.001045
9.245000,-0.000729
9.246000,-0.000729
9.247000,-0.000413
9.248000,-0.000729
9.249000,-0.000413
9.250000,-0.001045
9.251000,-0.000729
9.252000,-0.001045
9.253000,-0.000729
9.254000,-0.000729
9.255000,-0.000729
9.256000,-0.001045
9.257000,-0.000729
9.258000,-0.001045
9.259000,-0.001045
9.260000,-0.001045
9.261000,-0.000729
9.262000,-0.001045
9.263000,-0.000729
9.264000,-0.001045
9.265000,-0.000096
9.266000,-0.000729
9.267000,-0.000729
9.268000,-0.000729
9.269000,-0.000729
9.270000,-0.000729
9.271000,-0.000729
9.272000,-0.001045
9.273000,-0.000729
9.274000,-0.000729
9.275000,-0.000413
9.276000,-0.000413
9.277000,-0.001045
9.278000,-0.001045
9.279000,-0.001045
9.280000,-0.000729
9.281000,-0.000413
9.282000,-0.000729
9.283000,-0.000729
9.284000,-0.001045
9.285000,-0.001045
9.286000,-0.000729
9.287000,-0.001045
9.288000,-0.000729
9.289000,-0.000729
9.290000,-0.000729
9.291000,-0.000729
9.292000,-0.001045
9.293000,-0.000729
9.294000,-0.000729
9.295000,-0.000413
9.296000,-0.000729
9.297000,-0.000413
9.298000,-0.001045
9.299000,-0.001362
9.300000,-0.001045
9.301000,-0.001045
9.302000,-0.001045
9.303000,-0.000729
9.304000,-0.001362
9.305000,-0.000413
9.306000,-0.001045
9.307000,-0.001362
9.308000,-0.001045
9.309000,-0.000729
9.310000,-0.000729
9.311000,-0.000413
9.312000,-0.000729
9.313000,-0.000729
9.314000,-0.000413
9.315000,-0.000729
9.316000,-0.000729
9.317000,-0.000729
9.318000,-0.001045
9.319000,-0.000729
9.320000,-0.001362
9.321000,-0.001045
9.322000,-0.000729
9.323000,-0.000729
9.324000,-0.001045
9.325000,-0.001045
9.326000,-0.000729
9.327000,-0.001045
9.328000,-0.001045
9.329000,-0.001045
9.330000,-0.001045
9.331000,-0.001045
9.332000,-0.001362
9.333000,-0.000729
9.334000,-0.001045
9.335000,-0.000729
9.336000,-0.001045
9.337000,-0.001045
9.338000,-0.001045
9.339000,-0.000729
9.340000,-0.001362
9.341000,-0.000729
9.342000,-0.001362
9.343000,-0.001045
9.344000,-0.000729
9.345000,-0.000729
9.346000,-0.000729
9.347000,-0.001045
9.348000,-0.000729
9.349000,-0.001045
9.350000,-0.001045
9.351000,-0.000729
9.352000,-0.000729
9.353000,-0.000729
9.354000,-0.000729
9.355000,-0.001362
9.356000,-0.000729
9.357000,-0.001045
9.358000,-0.000729
9.359000,-0.000729
9.360000,-0.001045
9.361000,-0.000729
9.362000,-0.001045
9.363000,-0.000729
9.364000,-0.001045
9.365000,-0.001362
9.366000,-0.001362
9.367000,-0.000729
9.368000,-0.001045
9.369000,-0.001362
9.370000,-0.001045
9.371000,-0.001045
9.372000,-0.000729
9.373000,-0.001045
9.374000,-0.001362
9.375000,-0.001045
9.376000,-0.001045
9.377000,-0.001362
9.378000,-0.001362
9.379000,-0.001362
9.380000,-0.001362
9.381000,-0.001045
9.382000,-0.001045
9.383000,-0.001045
9.384000,-0.001045
9.385000,-0.001362
9.386000,-0.001045
9.387000,-0.000729
9.388000,-0.001362
9.389000,-0.001362
9.390000,-0.001362
9.391000,-0.001045
9.392000,-0.001045
9.393000,-0.001362
9.394000,-0.000729
9.395000,-0.001362
9.396000,-0.001362
9.397000,-0.001045
9.398000,-0.001362
9.399000,-0.001362
9.400000,-0.000729
9.401000,-0.000729
9.402000,-0.001045
9.403000,-0.001362
9.404000,-0.001362
9.405000,-0.000729
9.406000,-0.001678
9.407000,-0.001045
9.408000,-0.001362
9.409000,-0.001362
9.410000,-0.001362
9.411000,-0.001045
9.412000,-0.001362
9.413000,-0.001045
9.414000,-0.000729
9.415000,-0.001678
9.416000,-0.001362
9.417000,-0.001362
9.418000,-0.001362
9.419000,-0.001045
9.420000,-0.001362
9.421000,-0.001045
9.422000,-0.001045
9.423000,-0.001362
9.424000,-0.001045
9.425000,-0.001362
9.426000,-0.001045
9.427000,-0.001362
9.428000,-0.001362
9.429000,-0.001362
9.430000,-0.001045
9.431000,-0.001362
9.432000,-0.001995
9.433000,-0.001678
9.434000,-0.001362
9.435000,-0.001678
9.436000,-0.001362
9.437000,-0.001362
9.438000,-0.001678
9.439000,-0.000729
9.440000,-0.001045
9.441000,-0.001362
9.442000,-0.001362
9.443000,-0.001362
9.444000,-0.001362
9.445000,-0.001362
9.446000,-0.001678
9.447000,-0.001362
9.448000,-0.001362
9.449000,-0.001362
9.450000,-0.001045
9.451000,-0.001678
9.452000,-0.001362
9.453000,-0.001362
9.454000,-0.001362
9.455000,-0.001045
9.456000,-0.001362
9.457000,-0.001362
9.458000,-0.001362
9.459000,-0.001362
9.460000,-0.001362
9.461000,-0.001678
9.462000,-0.001362
9.463000,-0.001362
9.464000,-0.001362
9.465000,-0.001362
9.466000,-0.001678
9.467000,-0.001362
9.468000,-0.001362
9.469000,-0.001678
9.470000,-0.001362
9.471000,-0.001995
9.472000,-0.001678
9.473000,-0.001045
9.474000,-0.001362
9.475000,-0.001678
9.476000,-0.001678
9.477000,-0.001362
9.478000,-0.001362
9.479000,-0.001995
9.480000,-0.001995
9.481000,-0.001678
9.482000,-0.001678
9.483000,-0.001995
9.484000,-0.001362
9.485000,-0.001362
9.486000,-0.001045
9.487000,-0.000729
9.488000,-0.001362
9.489000,-0.001678
9.490000,-0.001678
9.491000,-0.001678
9.492000,-0.001362
9.493000,-0.001678
9.494000,-0.001678
9.495000,-0.001995
9.496000,-0.001995
9.497000,-0.001362
9.498000,-0.001678
9.499000,-0.001362
9.500000,-0.001045
9.501000,-0.001362
9.502000,-0.001995
9.503000,-0.001678
9.504000,-0.001678
9.505000,-0.001362
9.506000,-0.001362
9.507000,-0.001678
9.508000,-0.001362
9.509000,-0.001678
9.510000,-0.001678
9.511000,-0.001995
9.512000,-0.001995
9.513000,-0.001678
9.514000,-0.001678
9.515000,-0.001678
9.516000,-0.001678
9.517000,-0.001362
9.518000,-0.001678
9.519000,-0.001995
9.520000,-0.001995
9.521000,-0.001362
9.522000,-0.001678
9.523000,-0.001995
9.524000,-0.001995
9.525000,-0.001995
9.526000,-0.001995
9.527000,-0.001678
9.528000,-0.001678
9.529000,-0.001362
9.530000,-0.001362
9.531000,-0.001362
9.532000,-0.001995
9.533000,-0.001995
9.534000,-0.001678
9.535000,-0.001678
9.536000,-0.001362
9.537000,-0.001362
9.538000,-0.001995
9.539000,-0.001678
9.540000,-0.001995
9.541000,-0.001678
9.542000,-0.001995
9.543000,-0.001678
9.544000,-0.001678
9.545000,-0.001678
9.546000,-0.001678
9.547000,-0.001678
9.548000,-0.001678
9.549000,-0.001362
9.550000,-0.001995
9.551000,-0.001995
9.552000,-0.002311
9.553000,-0.001678
9.554000,-0.001995
9.555000,-0.001995
9.556000,-0.001995
9.557000,-0.001362
9.558000,-0.001362
9.559000,-0.001678
9.560000,-0.001995
9.561000,-0.001995
9.562000,-0.001995
9.563000,-0.001995
9.564000,-0.001995
9.565000,-0.001362
9.566000,-0.001995
9.567000,-0.001995
9.568000,-0.001995
9.569000,-0.001678
9.570000,-0.001995
9.571000,-0.001678
9.572000,-0.001995
9.573000,-0.001678
9.574000,-0.001995
9.575000,-0.001995
9.576000,-0.001995
9.577000,-0.001678
9.578000,-0.001995
9.579000,-0.001995
9.580000,-0.001995
9.581000,-0.001362
9.582000,-0.001995
9.583000,-0.001995
9.584000,-0.001995
9.585000,-0.001995
9.586000,-0.001678
9.587000,-0.001995
9.588000,-0.001995
9.589000,-0.002311
9.590000,-0.001995
9.591000,-0.001995
9.592000,-0.001995
9.593000,-0.001678
9.594000,-0.001995
9.595000,-0.001678
9.596000,-0.001678
9.597000,-0.002311
9.598000,-0.001678
9.599000,-0.001678
9.600000,-0.001678
9.601000,-0.001995
9.602000,-0.001995
9.603000,-0.001995
9.604000,-0.001995
9.605000,-0.001995
9.606000,-0.002311
9.607000,-0.001995
9.608000,-0.002627
9.609000,-0.002311
9.610000,-0.001678
9.611000,-0.001995
9.612000,-0.001995
9.613000,-0.001995
9.614000,-0.002311
9.615000,-0.001362
9.616000,-0.002311
9.617000,-0.001678
9.618000,-0.001678
9.619000,-0.001678
9.620000,-0.001995
9.621000,-0.001995
9.622000,-0.001995
9.623000,-0.001678
9.624000,-0.001678
9.625000,-0.001995
9.626000,-0.001678
9.627000,-0.001995
9.628000,-0.001678
9.629000,-0.001678
9.630000,-0.001678
9.631000,-0.002311
9.632000,-0.001995
9.633000,-0.001995
9.634000,-0.001678
9.635000,-0.001995
9.636000,-0.001362
9.637000,-0.002311
9.638000,-0.001995
9.639000,-0.001678
9.640000,-0.001995
9.641000,-0.001678
9.642000,-0.002311
9.643000,-0.001995
9.644000,-0.001995
9.645000,-0.002311
9.646000,-0.001995
9.647000,-0.001678
9.648000,-0.001995
9.649000,-0.001995
9.650000,-0.001995
9.651000,-0.002311
9.652000,-0.001678
9.653000,-0.001995
9.654000,-0.002627
9.655000,-0.001678
9.656000,-0.002311
9.657000,-0.001995
9.658000,-0.001995
9.659000,-0.001678
9.660000,-0.001678
9.661000,-0.001678
9.662000,-0.001995
9.663000,-0.001995
9.664000,-0.002311
9.665000,-0.002311
9.666000,-0.001995
9.667000,-0.001995
9.668000,-0.001995
9.669000,-0.001995
9.670000,-0.002311
9.671000,-0.001995
9.672000,-0.002311
9.673000,-0.001995
9.674000,-0.002311
9.675000,-0.001995
9.676000,-0.002311
9.677000,-0.002311
9.678000,-0.001678
9.679000,-0.001678
9.680000,-0.001995
9.681000,-0.002311
9.682000,-0.001995
9.683000,-0.001995
9.684000,-0.001995
9.685000,-0.001995
9.686000,-0.001995
9.687000,-0.001678
9.688000,-0.001995
9.689000,-0.002311
9.690000,-0.002311
9.691000,-0.002311
9.692000,-0.001995
9.693000,-0.001995
9.694000,-0.001995
9.695000,-0.001995
9.696000,-0.001678
9.697000,-0.001678
9.698000,-0.002627
9.699000,-0.001995
9.700000,-0.002311
9.701000,-0.002311
9.702000,-0.001995
9.703000,-0.001995
9.704000,-0.001995
9.705000,-0.001995
9.706000,-0.001678
9.707000,-0.001995
9.708000,-0.001995
9.709000,-0.001995
9.710000,-0.002311
9.711000,-0.001995
9.712000,-0.001678
9.713000,-0.001678
9.714000,-0.001678
9.715000,-0.002311
9.716000,-0.002311
9.717000,-0.001995
9.718000,-0.001995
9.719000,-0.001995
9.720000,-0.001995
9.721000,-0.001995
9.722000,-0.002311
9.723000,-0.001995
9.724000,-0.001995
9.725000,-0.002311
9.726000,-0.001995
9.727000,-0.001995
9.728000,-0.002311
9.729000,-0.001678
9.730000,-0.001995
9.731000,-0.002311
9.732000,-0.001678
9.733000,-0.001995
9.734000,-0.001995
9.735000,-0.002627
9.736000,-0.001995
9.737000,-0.002311
9.738000,-0.001678
9.739000,-0.001995
9.740000,-0.001678
9.741000,-0.002311
9.742000,-0.001995
9.743000,-0.002627
9.744000,-0.002311
9.745000,-0.001995
9.746000,-0.001362
9.747000,-0.001995
9.748000,-0.002311
9.749000,-0.001995
9.750000,-0.001995
9.751000,-0.002627
9.752000,-0.001995
9.753000,-0.001995
9.754000,-0.001995
9.755000,-0.001995
9.756000,-0.002311
9.757000,-0.002627
9.758000,-0.002311
9.759000,-0.002627
9.760000,-0.001995
9.761000,-0.001995
9.762000,-0.002627
9.763000,-0.001995
9.764000,-0.001362
9.765000,-0.001678
9.766000,-0.002311
9.767000,-0.001995
9.768000,-0.001995
9.769000,-0.002627
9.770000,-0.001995
9.771000,-0.001995
9.772000,-0.001995
9.773000,-0.002311
9.774000,-0.002311
9.775000,-0.001995
9.776000,-0.001995
9.777000,-0.002627
9.778000,-0.001678
9.779000,-0.001995
9.780000,-0.001995
9.781000,-0.001995
9.782000,-0.001995
9.783000,-0.002311
9.784000,-0.002311
9.785000,-0.002311
9.786000,-0.001995
9.787000,-0.001995
9.788000,-0.001995
9.789000,-0.002311
9.790000,-0.001995
9.791000,-0.001995
9.792000,-0.002311
9.793000,-0.002311
9.794000,-0.002311
9.795000,-0.001995
9.796000,-0.002311
9.797000,-0.002311
9.798000,-0.001995
9.799000,-0.001995
9.800000,-0.002627
9.801000,-0.001995
9.802000,-0.002311
9.803000,-0.001995
9.804000,-0.001995
9.805000,-0.001995
9.806000,-0.002311
9.807000,-0.002311
9.808000,-0.002627
9.809000,-0.001995
9.810000,-0.002627
9.811000,-0.001995
9.812000,-0.002311
9.813000,-0.002311
9.814000,-0.001995
9.815000,-0.002311
9.816000,-0.002311
9.817000,-0.001678
9.818000,-0.001995
9.819000,-0.002627
9.820000,-0.002627
9.821000,-0.002311
9.822000,-0.002311
9.823000,-0.002311
9.824000,-0.002627
9.825000,-0.001678
9.826000,-0.001362
9.827000,-0.002311
9.828000,-0.001995
9.829000,-0.002311
9.830000,-0.002311
9.831000,-0.002311
9.832000,-0.002311
9.833000,-0.002627
9.834000,-0.001995
9.835000,-0.002627
9.836000,-0.002311
9.837000,-0.001995
9.838000,-0.002311
9.839000,-0.001995
9.840000,-0.002627
9.841000,-0.002311
9.842000,-0.002311
9.843000,-0.002627
9.844000,-0.002311
9.845000,-0.001995
9.846000,-0.001995
9.847000,-0.002627
9.848000,-0.002311
9.849000,-0.002311
9.850000,-0.001995
9.851000,-0.002627
9.852000,-0.002311
9.853000,-0.002311
9.854000,-0.002311
9.855000,-0.002311
9.856000,-0.002311
9.857000,-0.001995
9.858000,-0.002311
9.859000,-0.001995
9.860000,-0.001995
9.861000,-0.002627
9.862000,-0.002627
9.863000,-0.001995
9.864000,-0.002311
9.865000,-0.002627
9.866000,-0.002627
9.867000,-0.002311
9.868000,-0.002627
9.869000,-0.002311
9.870000,-0.002627
9.871000,-0.002311
9.872000,-0.002311
9.873000,-0.002311
9.874000,-0.002311
9.875000,-0.002627
9.876000,-0.002311
9.877000,-0.001995
9.878000,-0.002627
9.879000,-0.002944
9.880000,-0.002627
9.881000,-0.002627
9.882000,-0.002627
9.883000,-0.002627
9.884000,-0.002627
9.885000,-0.002311
9.886000,-0.002311
9.887000,-0.002311
9.888000,-0.002311
9.889000,-0.002311
9.890000,-0.002627
9.891000,-0.002627
9.892000,-0.002311
9.893000,-0.002627
9.894000,-0.002627
9.895000,-0.001995
9.896000,-0.002311
9.897000,-0.002311
9.898000,-0.002627
9.899000,-0.002627
9.900000,-0.002311
9.901000,-0.002627
9.902000,-0.002311
9.903000,-0.002944
9.904000,-0.002311
9.905000,-0.002627
9.906000,-0.002627
9.907000,-0.002627
9.908000,-0.002627
9.909000,-0.002627
9.910000,-0.002627
9.911000,-0.002311
9.912000,-0.002627
9.913000,-0.001995
9.914000,-0.002627
9.915000,-0.002311
9.916000,-0.002627
9.917000,-0.002311
9.918000,-0.001995
9.919000,-0.002627
9.920000,-0.002944
9.921000,-0.002311
9.922000,-0.002311
9.923000,-0.002627
9.924000,-0.002627
9.925000,-0.002311
9.926000,-0.002627
9.927000,-0.002311
9.928000,-0.002627
9.929000,-0.002311
9.930000,-0.002311
9.931000,-0.002311
9.932000,-0.002627
9.933000,-0.002311
9.934000,-0.002311
9.935000,-0.001995
9.936000,-0.002311
9.937000,-0.002311
9.938000,-0.002627
9.939000,-0.002627
9.940000,-0.002311
9.941000,-0.002311
9.942000,-0.002311
9.943000,-0.002311
9.944000,-0.002627
9.945000,-0.002627
9.946000,-0.002627
9.947000,-0.002944
9.948000,-0.002627
9.949000,-0.002627
9.950000,-0.002627
9.951000,-0.002627
9.952000,-0.002311
9.953000,-0.002627
9.954000,-0.002311
9.955000,-0.002311
9.956000,-0.002627
9.957000,-0.002311
9.958000,-0.002311
9.959000,-0.002627
9.960000,-0.002627
9.961000,-0.002627
9.962000,-0.002627
9.963000,-0.002311
9.964000,-0.002311
9.965000,-0.002627
9.966000,-0.002944
9.967000,-0.001995
9.968000,-0.001995
9.969000,-0.002627
9.970000,-0.002311
9.971000,-0.001995
9.972000,-0.002311
9.973000,-0.002311
9.974000,-0.002627
9.975000,-0.002627
9.976000,-0.002311
9.977000,-0.002311
9.978000,-0.002311
9.979000,-0.002311
9.980000,-0.002627
9.981000,-0.002627
9.982000,-0.001995
9.983000,-0.002627
9.984000,-0.002627
9.985000,-0.001995
9.986000,-0.002311
9.987000,-0.002627
9.988000,-0.002627
9.989000,-0.001995
9.990000,-0.001995
9.991000,-0.002944
9.992000,-0.002311
9.993000,-0.002627
9.994000,-0.002627
9.995000,-0.002627
9.996000,-0.002627
9.997000,-0.002627
9.998000,-0.002627
9.999000,-0.002627
10.000000,-0.002627
10.001000,-0.002627
10.002000,-0.002627
10.003000,-0.001995
10.004000,-0.002311
10.005000,-0.002311
10.006000,-0.002627
10.007000,-0.002627
10.008000,-0.001995
10.009000,-0.002627
10.010000,-0.001995
10.011000,-0.002627
10.012000,-0.002311
10.013000,-0.002311
10.014000,-0.001995
10.015000,-0.002311
10.016000,-0.002627
10.017000,-0.001995
10.018000,-0.002627
10.019000,-0.002311
10.020000,-0.002627
10.021000,-0.002627
10.022000,-0.002944
10.023000,-0.002311
10.024000,-0.002627
10.025000,-0.002311
10.026000,-0.002944
10.027000,-0.001995
10.028000,-0.002627
10.029000,-0.002627
10.030000,-0.002311
10.031000,-0.002311
10.032000,-0.002627
10.033000,-0.002627
10.034000,-0.002627
10.035000,-0.001995
10.036000,-0.002627
10.037000,-0.002944
10.038000,-0.002627
10.039000,-0.002627
10.040000,-0.002311
10.041000,-0.002627
10.042000,-0.001995
10.043000,-0.002627
10.044000,-0.001678
10.045000,-0.002311
10.046000,-0.002311
10.047000,-0.001995
10.048000,-0.002311
10.049000,-0.002627
10.050000,-0.001995
10.051000,-0.002311
10.052000,-0.001995
10.053000,-0.002627
10.054000,-0.002311
10.055000,-0.002627
10.056000,-0.002944
10.057000,-0.002627
10.058000,-0.002627
10.059000,-0.002627
10.060000,-0.002627
10.061000,-0.002627
10.062000,-0.002627
10.063000,-0.001995
10.064000,-0.002627
10.065000,-0.002627
10.066000,-0.002311
10.067000,-0.001995
10.068000,-0.002311
10.069000,-0.002311
10.070000,-0.002627
10.071000,-0.002311
10.072000,-0.002627
10.073000,-0.002627
10.074000,-0.002627
10.075000,-0.002311
10.076000,-0.002627
10.077000,-0.002627
10.078000,-0.002627
10.079000,-0.002627
10.080000,-0.002627
10.081000,-0.001995
10.082000,-0.002311
10.083000,-0.002627
10.084000,-0.002311
10.085000,-0.002311
10.086000,-0.002311
10.087000,-0.002627
10.088000,-0.002311
10.089000,-0.002944
10.090000,-0.002944
10.091000,-0.002311
10.092000,-0.002627
10.093000,-0.002311
10.094000,-0.002944
10.095000,-0.002627
10.096000,-0.002627
10.097000,-0.002627
10.098000,-0.002627
10.099000,-0.002311
10.100000,-0.002944
10.101000,-0.001995
10.102000,-0.002311
10.103000,-0.002311
10.104000,-0.002627
10.105000,-0.002311
10.106000,-0.002627
10.107000,-0.002311
10.108000,-0.002627
10.109000,-0.002627
10.110000,-0.002311
10.111000,-0.001995
10.112000,-0.002311
10.113000,-0.001995
10.114000,-0.002627
10.115000,-0.002311
10.116000,-0.002627
10.117000,-0.002311
10.118000,-0.001995
10.119000,-0.002311
10.120000,-0.002627
10.121000,-0.002311
10.122000,-0.002627
10.123000,-0.002311
10.124000,-0.002627
10.125000,-0.002627
10.126000,-0.002627
10.127000,-0.002311
10.128000,-0.001995
10.129000,-0.002311
10.130000,-0.002311
10.131000,-0.002311
10.132000,-0.002627
10.133000,-0.002627
10.134000,-0.002627
10.135000,-0.002627
10.136000,-0.001995
10.137000,-0.002311
10.138000,-0.001995
10.139000,-0.001995
10.140000,-0.001995
10.141000,-0.002627
10.142000,-0.002627
10.143000,-0.002311
10.144000,-0.001995
10.145000,-0.001995
10.146000,-0.002311
10.147000,-0.002311
10.148000,-0.002627
10.149000,-0.002311
10.150000,-0.002311
10.151000,-0.002627
10.152000,-0.001995
10.153000,-0.002627
10.154000,-0.001995
10.155000,-0.002627
10.156000,-0.002311
10.157000,-0.002627
10.158000,-0.002627
10.159000,-0.002311
10.160000,-0.002627
10.161000,-0.002627
10.162000,-0.002627
10.163000,-0.002627
10.164000,-0.002627
10.165000,-0.002311
10.166000,-0.002627
10.167000,-0.002311
10.168000,-0.001995
10.169000,-0.002311
10.170000,-0.001995
10.171000,-0.002627
10.172000,-0.001995
10.173000,-0.002627
10.174000,-0.001995
10.175000,-0.002311
10.176000,-0.002311
10.177000,-0.001995
10.178000,-0.002311
10.179000,-0.001995
10.180000,-0.001995
10.181000,-0.002311
10.182000,-0.002311
10.183000,-0.002311
10.184000,-0.002627
10.185000,-0.002311
10.186000,-0.002311
10.187000,-0.002311
10.188000,-0.002627
10.189000,-0.002627
10.190000,-0.002627
10.191000,-0.002311
10.192000,-0.002311
10.193000,-0.001995
10.194000,-0.002311
10.195000,-0.002627
10.196000,-0.002311
10.197000,-0.001995
10.198000,-0.001995
10.199000,-0.002627
10.200000,-0.002627
10.201000,-0.002627
10.202000,-0.001995
10.203000,-0.001995
10.204000,-0.002311
10.205000,-0.002311
10.206000,-0.002944
10.207000,-0.002311
10.208000,-0.002311
10.209000,-0.001995
10.210000,-0.002627
10.211000,-0.001678
10.212000,-0.001995
10.213000,-0.002311
10.214000,-0.002627
10.215000,-0.002311
10.216000,-0.001995
10.217000,-0.002944
10.218000,-0.002311
10.219000,-0.001995
10.220000,-0.001678
10.221000,-0.001995
10.222000,-0.001995
10.223000,-0.002627
10.224000,-0.002311
10.225000,-0.002627
10.226000,-0.001995
10.227000,-0.002627
10.228000,-0.001995
10.229000,-0.002311
10.230000,-0.002311
10.231000,-0.002311
10.232000,-0.002311
10.233000,-0.002311
10.234000,-0.002311
10.235000,-0.002311
10.236000,-0.002311
10.237000,-0.001995
10.238000,-0.001995
10.239000,-0.002311
10.240000,-0.002311
10.241000,-0.001678
10.242000,-0.001995
10.243000,-0.002627
10.244000,-0.002311
10.245000,-0.001995
10.246000,-0.001995
10.247000,-0.002627
10.248000,-0.001995
10.249000,-0.002627
10.250000,-0.002311
10.251000,-0.002311
10.252000,-0.001995
10.253000,-0.002311
10.254000,-0.002311
10.255000,-0.002627
10.256000,-0.002311
10.257000,-0.001678
10.258000,-0.001995
10.259000,-0.002311
10.260000,-0.001995
10.261000,-0.001995
10.262000,-0.002627
10.263000,-0.001995
10.264000,-0.002311
10.265000,-0.002311
10.266000,-0.001995
10.267000,-0.001995
10.268000,-0.002627
10.269000,-0.001995
10.270000,-0.002311
10.271000,-0.001995
10.272000,-0.002627
10.273000,-0.002627
10.274000,-0.002311
10.275000,-0.002311
10.276000,-0.002311
10.277000,-0.002627
10.278000,-0.002311
10.279000,-0.001995
10.280000,-0.002311
10.281000,-0.002311
10.282000,-0.001995
10.283000,-0.001995
10.284000,-0.001678
10.285000,-0.001995
10.286000,-0.002311
10.287000,-0.002627
10.288000,-0.002311
10.289000,-0.002311
10.290000,-0.002311
10.291000,-0.002627
10.292000,-0.002311
10.293000,-0.002311
10.294000,-0.002311
10.295000,-0.002627
10.296000,-0.002311
10.297000,-0.001995
10.298000,-0.002311
10.299000,-0.002311
10.300000,-0.001995
10.301000,-0.001995
10.302000,-0.002627
10.303000,-0.001995
10.304000,-0.001995
10.305000,-0.001995
10.306000,-0.002311
10.307000,-0.001995
10.308000,-0.001995
10.309000,-0.002311
10.310000,-0.002627
10.311000,-0.002311
10.312000,-0.001995
10.313000,-0.002311
10.314000,-0.002311
10.315000,-0.001995
10.316000,-0.002311
10.317000,-0.001995
10.318000,-0.001995
10.319000,-0.001995
10.320000,-0.001995
10.321000,-0.002311
10.322000,-0.001995
10.323000,-0.001995
10.324000,-0.001995
10.325000,-0.002311
10.326000,-0.001678
10.327000,-0.002311
10.328000,-0.001995
10.329000,-0.002311
10.330000,-0.001995
10.331000,-0.002311
10.332000,-0.001995
10.333000,-0.001995
10.334000,-0.001995
10.335000,-0.001995
10.336000,-0.002311
10.337000,-0.002311
10.338000,-0.001995
10.339000,-0.002311
10.340000,-0.002627
10.341000,-0.001678
10.342000,-0.001995
10.343000,-0.001995
10.344000,-0.002311
10.345000,-0.002311
10.346000,-0.001995
10.347000,-0.001995
10.348000,-0.002627
10.349000,-0.002311
10.350000,-0.001995
10.351000,-0.002311
10.352000,-0.001995
10.353000,-0.002311
10.354000,-0.001995
10.355000,-0.001995
10.356000,-0.001995
10.357000,-0.001995
10.358000,-0.001995
10.359000,-0.002311
10.360000,-0.002311
10.361000,-0.001995
10.362000,-0.001995
10.363000,-0.001678
10.364000,-0.001995
10.365000,-0.002311
10.366000,-0.002311
10.367000,-0.002311
10.368000,-0.001995
10.369000,-0.001995
10.370000,-0.001995
10.371000,-0.002627
10.372000,-0.002311
10.373000,-0.001995
10.374000,-0.001995
10.375000,-0.001995
10.376000,-0.001995
10.377000,-0.001678
10.378000,-0.001995
10.379000,-0.002311
10.380000,-0.001995
10.381000,-0.001995
10.382000,-0.001678
10.383000,-0.001678
10.384000,-0.001995
10.385000,-0.001995
10.386000,-0.001995
10.387000,-0.001995
10.388000,-0.001995
10.389000,-0.001995
10.390000,-0.002311
10.391000,-0.002311
10.392000,-0.001995
10.393000,-0.001995
10.394000,-0.001678
10.395000,-0.002311
10.396000,-0.001995
10.397000,-0.001678
10.398000,-0.001995
10.399000,-0.002311
10.400000,-0.001995
10.401000,-0.001995
10.402000,-0.001678
10.403000,-0.001995
10.404000,-0.001995
10.405000,-0.001995
10.406000,-0.001995
10.407000,-0.001995
10.408000,-0.001995
10.409000,-0.001995
10.410000,-0.001995
10.411000,-0.001995
10.412000,-0.001995
10.413000,-0.001678
10.414000,-0.001995
10.415000,-0.001678
10.416000,-0.001995
10.417000,-0.001678
10.418000,-0.001995
10.419000,-0.001995
10.420000,-0.002311
10.421000,-0.001362
10.422000,-0.001995
10.423000,-0.001995
10.424000,-0.001995
10.425000,-0.001362
10.426000,-0.001995
10.427000,-0.001995
10.428000,-0.001995
10.429000,-0.001995
10.430000,-0.001995
10.431000,-0.001995
10.432000,-0.001995
10.433000,-0.001995
10.434000,-0.002311
10.435000,-0.002311
10.436000,-0.001995
10.437000,-0.001995
10.438000,-0.001995
10.439000,-0.001995
10.440000,-0.001678
10.441000,-0.001995
10.442000,-0.001995
10.443000,-0.001995
10.444000,-0.002311
10.445000,-0.001995
10.446000,-0.002311
10.447000,-0.001678
10.448000,-0.001995
10.449000,-0.001995
10.450000,-0.002311
10.451000,-0.001995
10.452000,-0.001995
10.453000,-0.001678
10.454000,-0.002311
10.455000,-0.001995
10.456000,-0.001995
10.457000,-0.001995
10.458000,-0.001995
10.459000,-0.001995
10.460000,-0.001995
10.461000,-0.001678
10.462000,-0.001678
10.463000,-0.001678
10.464000,-0.001362
10.465000,-0.001995
10.466000,-0.001995
10.467000,-0.001995
10.468000,-0.001362
10.469000,-0.001995
10.470000,-0.001995
10.471000,-0.001995
10.472000,-0.002311
10.473000,-0.001995
10.474000,-0.002311
10.475000,-0.001995
10.476000,-0.001995
10.477000,-0.001995
10.478000,-0.001995
10.479000,-0.001995
10.480000,-0.001678
10.481000,-0.001678
10.482000,-0.001678
10.483000,-0.001678
10.484000,-0.001995
10.485000,-0.001995
10.486000,-0.001995
10.487000,-0.001995
10.488000,-0.001678
10.489000,-0.001995
10.490000,-0.001995
10.491000,-0.001678
10.492000,-0.002311
10.493000,-0.001995
10.494000,-0.001995
10.495000,-0.001995
10.496000,-0.001995
10.497000,-0.001995
10.498000,-0.001995
10.499000,-0.001995
10.500000,-0.002311
10.501000,-0.001995
10.502000,-0.001678
10.503000,-0.001995
10.504000,-0.001995
10.505000,-0.001995
10.506000,-0.001678
10.507000,-0.001995
10.508000,-0.001995
10.509000,-0.002311
10.510000,-0.001995
10.511000,-0.001678
10.512000,-0.001678
10.513000,-0.001678
10.514000,-0.001678
10.515000,-0.001995
10.516000,-0.001995
10.517000,-0.001995
10.518000,-0.001678
10.519000,-0.002311
10.520000,-0.001362
10.521000,-0.001995
10.522000,-0.001362
10.523000,-0.001678
10.524000,-0.001678
10.525000,-0.001678
10.526000,-0.001995
10.527000,-0.001678
10.528000,-0.001678
10.529000,-0.001045
10.530000,-0.001362
10.531000,-0.001995
10.532000,-0.001995
10.533000,-0.001995
10.534000,-0.001995
10.535000,-0.001362
10.536000,-0.001678
10.537000,-0.001678
10.538000,-0.001678
10.539000,-0.001678
10.540000,-0.001362
10.541000,-0.001678
10.542000,-0.001995
10.543000,-0.001678
10.544000,-0.001678
10.545000,-0.001678
10.546000,-0.001678
10.547000,-0.001995
10.548000,-0.001995
10.549000,-0.001678
10.550000,-0.001995
10.551000,-0.001678
10.552000,-0.001678
10.553000,-0.001362
10.554000,-0.001362
10.555000,-0.001362
10.556000,-0.001678
10.557000,-0.001678
10.558000,-0.001678
10.559000,-0.001995
10.560000,-0.001362
10.561000,-0.001678
10.562000,-0.001995
10.563000,-0.001362
10.564000,-0.001362
10.565000,-0.001678
10.566000,-0.001995
10.567000,-0.001362
10.568000,-0.001995
10.569000,-0.001995
10.570000,-0.001678
10.571000,-0.001995
10.572000,-0.001362
10.573000,-0.001362
10.574000,-0.001678
10.575000,-0.001995
10.576000,-0.002311
10.577000,-0.001678
10.578000,-0.001362
10.579000,-0.001362
10.580000,-0.001362
10.581000,-0.001678
10.582000,-0.001995
10.583000,-0.001995
10.584000,-0.001678
10.585000,-0.001995
10.586000,-0.001995
10.587000,-0.001995
10.588000,-0.001995
10.589000,-0.001995
10.590000,-0.001678
10.591000,-0.001678
10.592000,-0.001678
10.593000,-0.001995
10.594000,-0.001678
10.595000,-0.001995
10.596000,-0.001362
10.597000,-0.001678
10.598000,-0.001678
10.599000,-0.001678
10.600000,-0.001678
10.601000,-0.001678
10.602000,-0.001678
10.603000,-0.001362
10.604000,-0.001678
10.605000,-0.001995
10.606000,-0.001678
10.607000,-0.001362
10.608000,-0.001678
10.609000,-0.001678
10.610000,-0.001678
10.611000,-0.001995
10.612000,-0.001362
10.613000,-0.001362
10.614000,-0.001995
10.615000,-0.001995
10.616000,-0.001678
10.617000,-0.001678
10.618000,-0.001995
10.619000,-0.001678
10.620000,-0.001362
10.621000,-0.001995
10.622000,-0.001995
10.623000,-0.001362
10.624000,-0.001678
10.625000,-0.001362
10.626000,-0.001678
10.627000,-0.001678
10.628000,-0.001995
10.629000,-0.001362
10.630000,-0.001362
10.631000,-0.001362
10.632000,-0.001362
10.633000,-0.001362
10.634000,-0.001678
10.635000,-0.001362
10.636000,-0.001678
10.637000,-0.001995
10.638000,-0.001678
10.639000,-0.001678
10.640000,-0.001678
10.641000,-0.001362
10.642000,-0.001362
10.643000,-0.001678
10.644000,-0.001995
10.645000,-0.001362
10.646000,-0.001678
10.647000,-0.001678
10.648000,-0.001362
10.649000,-0.001995
10.650000,-0.001362
10.651000,-0.001995
10.652000,-0.001362
10.653000,-0.001362
10.654000,-0.001678
10.655000,-0.001362
10.656000,-0.001678
10.657000,-0.001362
10.658000,-0.001678
10.659000,-0.001995
10.660000,-0.001678
10.661000,-0.001995
10.662000,-0.001678
10.663000,-0.001995
10.664000,-0.001678
10.665000,-0.001678
10.666000,-0.001678
10.667000,-0.001995
10.668000,-0.001678
10.669000,-0.001995
10.670000,-0.001678
10.671000,-0.001678
10.672000,-0.001678
10.673000,-0.001995
10.674000,-0.001995
10.675000,-0.001362
10.676000,-0.001995
10.677000,-0.001995
10.678000,-0.001995
10.679000,-0.001678
10.680000,-0.001678
10.681000,-0.001678
10.682000,-0.001362
10.683000,-0.001678
10.684000,-0.001362
10.685000,-0.001678
10.686000,-0.001678
10.687000,-0.001362
10.688000,-0.001678
10.689000,-0.001678
10.690000,-0.001995
10.691000,-0.001678
10.692000,-0.001678
10.693000,-0.001995
10.694000,-0.001678
10.695000,-0.001362
10.696000,-0.001995
10.697000,-0.001678
10.698000,-0.001362
10.699000,-0.001045
10.700000,-0.001678
10.701000,-0.001362
10.702000,-0.001362
10.703000,-0.001678
10.704000,-0.001995
10.705000,-0.001995
10.706000,-0.001995
10.707000,-0.001678
10.708000,-0.001362
10.709000,-0.001362
10.710000,-0.001995
10.711000,-0.001678
10.712000,-0.001678
10.713000,-0.001678
10.714000,-0.001678
10.715000,-0.001362
10.716000,-0.001362
10.717000,-0.001678
10.718000,-0.001995
10.719000,-0.001678
10.720000,-0.001678
10.721000,-0.001995
10.722000,-0.001678
10.723000,-0.001678
10.724000,-0.001362
10.725000,-0.001995
10.726000,-0.001678
10.727000,-0.001362
10.728000,-0.001678
10.729000,-0.001678
10.730000,-0.001362
10.731000,-0.001678
10.732000,-0.001678
10.733000,-0.001362
10.734000,-0.001995
10.735000,-0.001678
10.736000,-0.001362
10.737000,-0.001362
10.738000,-0.001678
10.739000,-0.001995
10.740000,-0.001362
10.741000,-0.001362
10.742000,-0.001362
10.743000,-0.001995
10.744000,-0.001362
10.745000,-0.001678
10.746000,-0.001362
10.747000,-0.001362
10.748000,-0.001362
10.749000,-0.001995
10.750000,-0.001678
10.751000,-0.001362
10.752000,-0.001678
10.753000,-0.001045
10.754000,-0.001678
10.755000,-0.001678
10.756000,-0.001995
10.757000,-0.001678
10.758000,-0.001362
10.759000,-0.001362
10.760000,-0.001678
10.761000,-0.001995
10.762000,-0.001678
10.763000,-0.001678
10.764000,-0.001362
10.765000,-0.001362
10.766000,-0.001362
10.767000,-0.001995
10.768000,-0.001678
10.769000,-0.001678
10.770000,-0.001678
10.771000,-0.001362
10.772000,-0.001678
10.773000,-0.001995
10.774000,-0.001995
10.775000,-0.001678
10.776000,-0.001362
10.777000,-0.001362
10.778000,-0.001995
10.779000,-0.001362
10.780000,-0.001678
10.781000,-0.001678
10.782000,-0.001678
10.783000,-0.001362
10.784000,-0.001678
10.785000,-0.001995
10.786000,-0.001362
10.787000,-0.001362
10.788000,-0.001678
10.789000,-0.001678
10.790000,-0.001995
10.791000,-0.001678
10.792000,-0.001678
10.793000,-0.001362
10.794000,-0.001678
10.795000,-0.001995
10.796000,-0.001995
10.797000,-0.001678
10.798000,-0.001678
10.799000,-0.001362
10.800000,-0.001995
10.801000,-0.001362
10.802000,-0.001995
10.803000,-0.001678
10.804000,-0.001995
10.805000,-0.001995
10.806000,-0.001995
10.807000,-0.001995
10.808000,-0.001678
10.809000,-0.001995
10.810000,-0.001678
10.811000,-0.001362
10.812000,-0.001995
10.813000,-0.001995
10.814000,-0.001678
10.815000,-0.001678
10.816000,-0.001678
10.817000,-0.001362
10.818000,-0.001678
10.819000,-0.001995
10.820000,-0.001678
10.821000,-0.001362
10.822000,-0.001362
10.823000,-0.001995
10.824000,-0.001995
10.825000,-0.001995
10.826000,-0.001995
10.827000,-0.001995
10.828000,-0.001995
10.829000,-0.001995
10.830000,-0.001995
10.831000,-0.001678
10.832000,-0.001362
10.833000,-0.001362
10.834000,-0.001678
10.835000,-0.001678
10.836000,-0.001995
10.837000,-0.001995
10.838000,-0.001678
10.839000,-0.001362
10.840000,-0.001678
10.841000,-0.001995
10.842000,-0.001678
10.843000,-0.001995
10.844000,-0.001995
10.845000,-0.002311
10.846000,-0.001995
10.847000,-0.001678
10.848000,-0.001995
10.849000,-0.001995
10.850000,-0.001678
10.851000,-0.001678
10.852000,-0.001678
10.853000,-0.001995
10.854000,-0.001678
10.855000,-0.001678
10.856000,-0.001362
10.857000,-0.001362
10.858000,-0.001995
10.859000,-0.001995
10.860000,-0.001995
10.861000,-0.001678
10.862000,-0.001995
10.863000,-0.001678
10.864000,-0.001995
10.865000,-0.001995
10.866000,-0.002311
10.867000,-0.001678
10.868000,-0.001678
10.869000,-0.001995
10.870000,-0.002311
10.871000,-0.001995
10.872000,-0.001995
10.873000,-0.002311
10.874000,-0.001995
10.875000,-0.002311
10.876000,-0.001678
10.877000,-0.001995
10.878000,-0.001995
10.879000,-0.001678
10.880000,-0.001678
10.881000,-0.001995
10.882000,-0.001995
10.883000,-0.001995
10.884000,-0.001995
10.885000,-0.001678
10.886000,-0.002311
10.887000,-0.001995
10.888000,-0.001995
10.889000,-0.001678
10.890000,-0.001678
10.891000,-0.001678
10.892000,-0.002311
10.893000,-0.001995
10.894000,-0.001678
10.895000,-0.001995
10.896000,-0.001995
10.897000,-0.001678
10.898000,-0.001995
10.899000,-0.001995
10.900000,-0.001995
10.901000,-0.001995
10.902000,-0.001995
10.903000,-0.002627
10.904000,-0.001995
10.905000,-0.001995
10.906000,-0.001678
10.907000,-0.001678
10.908000,-0.001995
10.909000,-0.001678
10.910000,-0.001995
10.911000,-0.001995
10.912000,-0.001995
10.913000,-0.001678
10.914000,-0.001995
10.915000,-0.001678
10.916000,-0.002311
10.917000,-0.002311
10.918000,-0.001995
10.919000,-0.001995
10.920000,-0.001995
10.921000,-0.001678
10.922000,-0.001995
10.923000,-0.002311
10.924000,-0.002311
10.925000,-0.002311
10.926000,-0.002627
10.927000,-0.001995
10.928000,-0.002311
10.929000,-0.001995
10.930000,-0.002311
10.931000,-0.001678
10.932000,-0.001995
10.933000,-0.001995
10.934000,-0.001678
10.935000,-0.002627
10.936000,-0.001995
10.937000,-0.001678
10.938000,-0.001995
10.939000,-0.001995
10.940000,-0.001995
10.941000,-0.002311
10.942000,-0.002311
10.943000,-0.002311
10.944000,-0.001678
10.945000,-0.001995
10.946000,-0.001995
10.947000,-0.002311
10.948000,-0.002311
10.949000,-0.002311
10.950000,-0.001995
10.951000,-0.002627
10.952000,-0.001995
10.953000,-0.002311
10.954000,-0.001995
10.955000,-0.002311
10.956000,-0.002311
10.957000,-0.002311
10.958000,-0.001995
10.959000,-0.002627
10.960000,-0.001678
10.961000,-0.002311
10.962000,-0.002311
10.963000,-0.002311
10.964000,-0.002311
10.965000,-0.001995
10.966000,-0.001995
10.967000,-0.001995
10.968000,-0.001995
10.969000,-0.002311
10.970000,-0.001995
10.971000,-0.002627
10.972000,-0.002311
10.973000,-0.002627
10.974000,-0.002311
10.975000,-0.002627
10.976000,-0.001995
10.977000,-0.002627
10.978000,-0.001995
10.979000,-0.002627
10.980000,-0.001995
10.981000,-0.001995
10.982000,-0.002311
10.983000,-0.001995
10.984000,-0.002311
10.985000,-0.002311
10.986000,-0.002311
10.987000,-0.002311
10.988000,-0.002311
10.989000,-0.002311
10.990000,-0.002311
10.991000,-0.002627
10.992000,-0.001995
10.993000,-0.002311
10.994000,-0.002311
10.995000,-0.001995
10.996000,-0.002627
10.997000,-0.002311
10.998000,-0.002311
10.999000,-0.002311
11.000000,-0.001995
11.001000,-0.001995
11.002000,-0.002311
11.003000,-0.002311
11.004000,-0.002627
11.005000,-0.002311
11.006000,-0.002311
11.007000,-0.001995
11.008000,-0.002311
11.009000,-0.001678
11.010000,-0.002627
11.011000,-0.002311
11.012000,-0.001995
11.013000,-0.002311
11.014000,-0.002627
11.015000,-0.002311
11.016000,-0.001995
11.017000,-0.002311
11.018000,-0.002627
11.019000,-0.001995
11.020000,-0.002311
11.021000,-0.002311
11.022000,-0.002627
11.023000,-0.001995
11.024000,-0.002311
11.025000,-0.002311
11.026000,-0.002627
11.027000,-0.002627
11.028000,-0.001995
11.029000,-0.002311
11.030000,-0.002627
11.031000,-0.002627
11.032000,-0.002311
11.033000,-0.002311
11.034000,-0.002311
11.035000,-0.002311
11.036000,-0.001995
11.037000,-0.001995
11.038000,-0.002311
11.039000,-0.002311
11.040000,-0.002311
11.041000,-0.001995
11.042000,-0.002311
11.043000,-0.002627
11.044000,-0.002627
11.045000,-0.002311
11.046000,-0.002311
11.047000,-0.002627
11.048000,-0.001995
11.049000,-0.002627
11.050000,-0.002311
11.051000,-0.002311
11.052000,-0.001995
11.053000,-0.002311
11.054000,-0.002627
11.055000,-0.002627
11.056000,-0.002311
11.057000,-0.002311
11.058000,-0.002627
11.059000,-0.002944
11.060000,-0.002627
11.061000,-0.002627
11.062000,-0.002627
11.063000,-0.002311
11.064000,-0.002627
11.065000,-0.002311
11.066000,-0.002311
11.067000,-0.002627
11.068000,-0.002311
11.069000,-0.002311
11.070000,-0.002311
11.071000,-0.002627
11.072000,-0.002311
11.073000,-0.002311
11.074000,-0.002627
11.075000,-0.002311
11.076000,-0.002627
11.077000,-0.002311
11.078000,-0.002311
11.079000,-0.002311
11.080000,-0.001995
11.081000,-0.002311
11.082000,-0.002627
11.083000,-0.002627
11.084000,-0.002311
11.085000,-0.002311
11.086000,-0.002311
11.087000,-0.001995
11.088000,-0.001995
11.089000,-0.002627
11.090000,-0.001995
11.091000,-0.002627
11.092000,-0.001995
11.093000,-0.001995
11.094000,-0.002311
11.095000,-0.002627
11.096000,-0.001995
11.097000,-0.002627
11.098000,-0.002627
11.099000,-0.001995
11.100000,-0.002311
11.101000,-0.002311
11.102000,-0.002311
11.103000,-0.001995
11.104000,-0.002627
11.105000,-0.002311
11.106000,-0.002311
11.107000,-0.002311
11.108000,-0.002627
11.109000,-0.002627
11.110000,-0.001995
11.111000,-0.002311
11.112000,-0.002311
11.113000,-0.002311
11.114000,-0.002311
11.115000,-0.002311
11.116000,-0.002627
11.117000,-0.002311
11.118000,-0.002311
11.119000,-0.002311
11.120000,-0.002627
11.121000,-0.001995
11.122000,-0.002627
11.123000,-0.002627
11.124000,-0.002627
11.125000,-0.002311
11.126000,-0.002627
11.127000,-0.002627
11.128000,-0.002311
11.129000,-0.001995
11.130000,-0.002311
11.131000,-0.001995
11.132000,-0.002627
11.133000,-0.001995
11.134000,-0.002627
11.135000,-0.001995
11.136000,-0.002311
11.137000,-0.001995
11.138000,-0.002944
11.139000,-0.001995
11.140000,-0.002627
11.141000,-0.002627
11.142000,-0.001995
11.143000,-0.002311
11.144000,-0.001995
11.145000,-0.001995
11.146000,-0.002627
11.147000,-0.002311
11.148000,-0.002311
11.149000,-0.002627
11.150000,-0.002311
11.151000,-0.001995
11.152000,-0.002627
11.153000,-0.002311
11.154000,-0.002311
11.155000,-0.002311
11.156000,-0.002311
11.157000,-0.001995
11.158000,-0.002627
11.159000,-0.002311
11.160000,-0.002627
11.161000,-0.001995
11.162000,-0.001995
11.163000,-0.002311
11.164000,-0.002311
11.165000,-0.001995
11.166000,-0.002311
11.167000,-0.002627
11.168000,-0.002311
11.169000,-0.002944
11.170000,-0.002311
11.171000,-0.002627
11.172000,-0.001995
11.173000,-0.002627
11.174000,-0.002311
11.175000,-0.002311
11.176000,-0.002627
11.177000,-0.002627
11.178000,-0.002311
11.179000,-0.001995
11.180000,-0.002311
11.181000,-0.002627
11.182000,-0.002627
11.183000,-0.001995
11.184000,-0.002627
11.185000,-0.002627
11.186000,-0.002311
11.187000,-0.002311
11.188000,-0.002627
11.189000,-0.001995
11.190000,-0.001995
11.191000,-0.002311
11.192000,-0.002311
11.193000,-0.001678
11.194000,-0.002311
11.195000,-0.001995
11.196000,-0.002627
11.197000,-0.002627
11.198000,-0.002311
11.199000,-0.002627
11.200000,-0.002627
11.201000,-0.002627
11.202000,-0.002311
11.203000,-0.002627
11.204000,-0.001995
11.205000,-0.002311
11.206000,-0.002627
11.207000,-0.002311
11.208000,-0.002627
11.209000,-0.001995
11.210000,-0.002627
11.211000,-0.002627
11.212000,-0.002627
11.213000,-0.002311
11.214000,-0.002627
11.215000,-0.002311
11.216000,-0.002627
11.217000,-0.002311
11.218000,-0.002627
11.219000,-0.002627
11.220000,-0.002627
11.221000,-0.002627
11.222000,-0.002627
11.223000,-0.002311
11.224000,-0.002627
11.225000,-0.002311
11.226000,-0.001995
11.227000,-0.002311
11.228000,-0.002627
11.229000,-0.002627
11.230000,-0.001995
11.231000,-0.002627
11.232000,-0.002627
11.233000,-0.002627
11.234000,-0.002627
11.235000,-0.002311
11.236000,-0.001995
11.237000,-0.002627
11.238000,-0.002311
11.239000,-0.002627
11.240000,-0.002627
11.241000,-0.002311
11.242000,-0.002627
11.243000,-0.001995
11.244000,-0.001995
11.245000,-0.002627
11.246000,-0.002627
11.247000,-0.002627
11.248000,-0.002627
11.249000,-0.002627
11.250000,-0.001995
11.251000,-0.001995
11.252000,-0.002311
11.253000,-0.001995
11.254000,-0.001995
11.255000,-0.002627
11.256000,-0.002627
11.257000,-0.002311
11.258000,-0.002627
11.259000,-0.001995
11.260000,-0.002627
11.261000,-0.002627
11.262000,-0.002627
11.263000,-0.002311
11.264000,-0.002627
11.265000,-0.002627
11.266000,-0.002311
11.267000,-0.002627
11.268000,-0.002311
11.269000,-0.002311
11.270000,-0.002311
11.271000,-0.002944
11.272000,-0.002311
11.273000,-0.002311
11.274000,-0.002311
11.275000,-0.002311
11.276000,-0.002627
11.277000,-0.001995
11.278000,-0.002627
11.279000,-0.002627
11.280000,-0.002311
11.281000,-0.001995
11.282000,-0.002311
11.283000,-0.002627
11.284000,-0.002627
11.285000,-0.002627
11.286000,-0.002627
11.287000,-0.002311
11.288000,-0.002627
11.289000,-0.002627
11.290000,-0.002311
11.291000,-0.002311
11.292000,-0.002627
11.293000,-0.002627
11.294000,-0.002311
11.295000,-0.002627
11.296000,-0.002627
11.297000,-0.002311
11.298000,-0.002627
11.299000,-0.002311
11.300000,-0.002311
11.301000,-0.002311
11.302000,-0.002627
11.303000,-0.002311
11.304000,-0.002627
11.305000,-0.002311
11.306000,-0.001995
11.307000,-0.002627
11.308000,-0.002311
11.309000,-0.002311
11.310000,-0.002311
11.311000,-0.002627
11.312000,-0.002311
11.313000,-0.002627
11.314000,-0.002311
11.315000,-0.001995
11.316000,-0.002311
11.317000,-0.002627
11.318000,-0.001995
11.319000,-0.002627
11.320000,-0.002627
11.321000,-0.002627
11.322000,-0.002311
11.323000,-0.002627
11.324000,-0.002311
11.325000,-0.001995
11.326000,-0.002311
11.327000,-0.002627
11.328000,-0.002311
11.329000,-0.002311
11.330000,-0.002627
11.331000,-0.002311
11.332000,-0.001995
11.333000,-0.001995
11.334000,-0.002311
11.335000,-0.002627
11.336000,-0.002627
11.337000,-0.001995
11.338000,-0.001995
11.339000,-0.002627
11.340000,-0.001995
11.341000,-0.001995
11.342000,-0.002627
11.343000,-0.002311
11.344000,-0.002311
11.345000,-0.002627
11.346000,-0.002627
11.347000,-0.002311
11.348000,-0.002311
11.349000,-0.002311
11.350000,-0.001678
11.351000,-0.002311
11.352000,-0.002311
11.353000,-0.001995
11.354000,-0.002311
11.355000,-0.002627
11.356000,-0.002311
11.357000,-0.001995
11.358000,-0.002311
11.359000,-0.002311
11.360000,-0.002311
11.361000,-0.002311
11.362000,-0.001995
11.363000,-0.002311
11.364000,-0.001995
11.365000,-0.002627
11.366000,-0.002311
11.367000,-0.002627
11.368000,-0.002311
11.369000,-0.002944
11.370000,-0.002311
11.371000,-0.002311
11.372000,-0.002311
11.373000,-0.002627
11.374000,-0.002627
11.375000,-0.001995
11.376000,-0.001995
11.377000,-0.002627
11.378000,-0.002627
11.379000,-0.001995
11.380000,-0.002627
11.381000,-0.002311
11.382000,-0.002627
11.383000,-0.002311
11.384000,-0.002627
11.385000,-0.002311
11.386000,-0.002627
11.387000,-0.002627
11.388000,-0.002627
11.389000,-0.002311
11.390000,-0.002627
11.391000,-0.002311
11.392000,-0.002944
11.393000,-0.002627
11.394000,-0.002311
11.395000,-0.002627
11.396000,-0.002311
11.397000,-0.002944
11.398000,-0.002627
11.399000,-0.002311
11.400000,-0.002944
11.401000,-0.002627
11.402000,-0.002627
11.403000,-0.002311
11.404000,-0.002627
11.405000,-0.002311
11.406000,-0.002627
11.407000,-0.002627
11.408000,-0.002944
11.409000,-0.002311
11.410000,-0.002311
11.411000,-0.002311
11.412000,-0.002627
11.413000,-0.002311
11.414000,-0.002627
11.415000,-0.002627
11.416000,-0.002311
11.417000,-0.002627
11.418000,-0.002627
11.419000,-0.002627
11.420000,-0.002627
11.421000,-0.002311
11.422000,-0.002311
11.423000,-0.002627
11.424000,-0.002311
11.425000,-0.002311
11.426000,-0.002311
11.427000,-0.002627
11.428000,-0.002311
11.429000,-0.002944
11.430000,-0.002311
11.431000,-0.002311
11.432000,-0.002627
11.433000,-0.002627
11.434000,-0.002944
11.435000,-0.002311
11.436000,-0.002311
11.437000,-0.002627
11.438000,-0.002311
11.439000,-0.001995
11.440000,-0.002311
11.441000,-0.002627
11.442000,-0.002627
11.443000,-0.002627
11.444000,-0.001995
11.445000,-0.002944
11.446000,-0.002944
11.447000,-0.002627
11.448000,-0.002311
11.449000,-0.002311
11.450000,-0.002311
11.451000,-0.001678
11.452000,-0.002627
11.453000,-0.002311
11.454000,-0.002627
11.455000,-0.002311
11.456000,-0.002627
11.457000,-0.002627
11.458000,-0.002944
11.459000,-0.002311
11.460000,-0.002627
11.461000,-0.002627
11.462000,-0.002627
11.463000,-0.002627
11.464000,-0.002311
11.465000,-0.002627
11.466000,-0.002627
11.467000,-0.002627
11.468000,-0.002627
11.469000,-0.002944
11.470000,-0.002627
11.471000,-0.002627
11.472000,-0.002627
11.473000,-0.002627
11.474000,-0.002627
11.475000,-0.002627
11.476000,-0.002627
11.477000,-0.002627
11.478000,-0.002311
11.479000,-0.002311
11.480000,-0.002627
11.481000,-0.001995
11.482000,-0.002627
11.483000,-0.002627
11.484000,-0.002311
11.485000,-0.002311
11.486000,-0.002311
11.487000,-0.002627
11.488000,-0.002311
11.489000,-0.002627
11.490000,-0.002311
11.491000,-0.002311
11.492000,-0.001995
11.493000,-0.002627
11.494000,-0.002311
11.495000,-0.001995
11.496000,-0.002627
11.497000,-0.002627
11.498000,-0.002627
11.499000,-0.001995
11.500000,-0.002311
11.501000,-0.001995
11.502000,-0.002311
11.503000,-0.002627
11.504000,-0.001995
11.505000,-0.002627
11.506000,-0.002627
11.507000,-0.002627
11.508000,-0.002311
11.509000,-0.002311
11.510000,-0.002311
11.511000,-0.002311
11.512000,-0.001995
11.513000,-0.001995
11.514000,-0.002311
11.515000,-0.001995
11.516000,-0.001995
11.517000,-0.002627
11.518000,-0.001995
11.519000,-0.002627
11.520000,-0.002311
11.521000,-0.002311
11.522000,-0.002311
11.523000,-0.001995
11.524000,-0.002627
11.525000,-0.002627
11.526000,-0.002311
11.527000,-0.002311
11.528000,-0.002627
11.529000,-0.002627
11.530000,-0.002311
11.531000,-0.002627
11.532000,-0.002311
11.533000,-0.002311
11.534000,-0.002311
11.535000,-0.002627
11.536000,-0.001995
11.537000,-0.002627
11.538000,-0.002311
11.539000,-0.002311
11.540000,-0.002311
11.541000,-0.002311
11.542000,-0.002627
11.543000,-0.002311
11.544000,-0.002944
11.545000,-0.002311
11.546000,-0.002311
11.547000,-0.002311
11.548000,-0.002627
11.549000,-0.002311
11.550000,-0.002311
11.551000,-0.001995
11.552000,-0.002311
11.553000,-0.002627
11.554000,-0.002627
11.555000,-0.002627
11.556000,-0.002627
11.557000,-0.002627
11.558000,-0.002627
11.559000,-0.002627
11.560000,-0.002311
11.561000,-0.001995
11.562000,-0.002311
11.563000,-0.002311
11.564000,-0.002627
11.565000,-0.002627
11.566000,-0.002627
11.567000,-0.002627
11.568000,-0.002627
11.569000,-0.002627
11.570000,-0.002311
11.571000,-0.002311
11.572000,-0.001995
11.573000,-0.002627
11.574000,-0.002627
11.575000,-0.002311
11.576000,-0.002627
11.577000,-0.002311
11.578000,-0.002627
11.579000,-0.002311
11.580000,-0.002627
11.581000,-0.002627
11.582000,-0.002627
11.583000,-0.002627
11.584000,-0.002627
11.585000,-0.002627
11.586000,-0.002627
11.587000,-0.002627
11.588000,-0.001995
11.589000,-0.002311
11.590000,-0.001995
11.591000,-0.001995
11.592000,-0.002627
11.593000,-0.002311
11.594000,-0.002627
11.595000,-0.002627
11.596000,-0.002311
11.597000,-0.002627
11.598000,-0.001995
11.599000,-0.002311
11.600000,-0.002311
11.601000,-0.002627
11.602000,-0.001995
11.603000,-0.002311
11.604000,-0.002627
11.605000,-0.001995
11.606000,-0.002627
11.607000,-0.002311
11.608000,-0.002627
11.609000,-0.002627
11.610000,-0.002627
11.611000,-0.002311
11.612000,-0.002627
11.613000,-0.002311
11.614000,-0.002627
11.615000,-0.002627
11.616000,-0.002311
11.617000,-0.002311
11.618000,-0.002311
11.619000,-0.002311
11.620000,-0.002627
11.621000,-0.002311
11.622000,-0.002627
11.623000,-0.002627
11.624000,-0.001995
11.625000,-0.002627
11.626000,-0.002944
11.627000,-0.002311
11.628000,-0.002627
11.629000,-0.002311
11.630000,-0.002627
11.631000,-0.002627
11.632000,-0.002627
11.633000,-0.002311
11.634000,-0.002311
11.635000,-0.002311
11.636000,-0.002944
11.637000,-0.002311
11.638000,-0.002627
11.639000,-0.002311
11.640000,-0.002311
11.641000,-0.002627
11.642000,-0.002311
11.643000,-0.002627
11.644000,-0.002311
11.645000,-0.001995
11.646000,-0.002627
11.647000,-0.002627
11.648000,-0.002627
11.649000,-0.002311
11.650000,-0.002627
11.651000,-0.002311
11.652000,-0.002627
11.653000,-0.002627
11.654000,-0.002311
11.655000,-0.002627
11.656000,-0.002627
11.657000,-0.002627
11.658000,-0.002311
11.659000,-0.002627
11.660000,-0.002627
11.661000,-0.001995
11.662000,-0.002627
11.663000,-0.002627
11.664000,-0.002627
11.665000,-0.002627
11.666000,-0.002627
11.667000,-0.002627
11.668000,-0.002627
11.669000,-0.002627
11.670000,-0.002627
11.671000,-0.002311
11.672000,-0.002627
11.673000,-0.002627
11.674000,-0.002627
11.675000,-0.002627
11.676000,-0.002627
11.677000,-0.002311
11.678000,-0.002627
11.679000,-0.002627
11.680000,-0.002627
11.681000,-0.002627
11.682000,-0.002627
11.683000,-0.002627
11.684000,-0.002311
11.685000,-0.002627
11.686000,-0.002944
11.687000,-0.002627
11.688000,-0.002944
11.689000,-0.002627
11.690000,-0.002627
11.691000,-0.002311
11.692000,-0.002627
11.693000,-0.002627
11.694000,-0.002627
11.695000,-0.002311
11.696000,-0.002944
11.697000,-0.002627
11.698000,-0.002627
11.699000,-0.002627
11.700000,-0.002627
11.701000,-0.002627
11.702000,-0.002627
11.703000,-0.002627
11.704000,-0.003260
11.705000,-0.002627
11.706000,-0.002627
11.707000,-0.002311
11.708000,-0.002627
11.709000,-0.002627
11.710000,-0.002944
11.711000,-0.002944
11.712000,-0.002627
11.713000,-0.002627
11.714000,-0.002311
11.715000,-0.002627
11.716000,-0.002311
11.717000,-0.002627
11.718000,-0.003260
11.719000,-0.002311
11.720000,-0.002311
11.721000,-0.002311
11.722000,-0.002627
11.723000,-0.002627
11.724000,-0.002311
11.725000,-0.002627
11.726000,-0.003260
11.727000,-0.002627
11.728000,-0.002627
11.729000,-0.002627
11.730000,-0.002627
11.731000,-0.002311
11.732000,-0.002944
11.733000,-0.002944
11.734000,-0.002627
11.735000,-0.002627
11.736000,-0.002944
11.737000,-0.002311
11.738000,-0.002627
11.739000,-0.002311
11.740000,-0.002627
11.741000,-0.002627
11.742000,-0.002627
11.743000,-0.002944
11.744000,-0.002627
11.745000,-0.002627
11.746000,-0.002311
11.747000,-0.002627
11.748000,-0.002944
11.749000,-0.002627
11.750000,-0.002627
11.751000,-0.002944
11.752000,-0.002627
11.753000,-0.002944
11.754000,-0.002627
11.755000,-0.002627
11.756000,-0.002627
11.757000,-0.002627
11.758000,-0.002627
11.759000,-0.002627
11.760000,-0.002944
11.761000,-0.003260
11.762000,-0.002944
11.763000,-0.002627
11.764000,-0.002944
11.765000,-0.002627
11.766000,-0.002944
11.767000,-0.003260
11.768000,-0.002627
11.769000,-0.002627
11.770000,-0.002944
11.771000,-0.002944
11.772000,-0.002311
11.773000,-0.002944
11.774000,-0.002944
11.775000,-0.002627
11.776000,-0.002944
11.777000,-0.002944
11.778000,-0.003260
11.779000,-0.002627
11.780000,-0.002944
11.781000,-0.002944
11.782000,-0.002944
11.783000,-0.002944
11.784000,-0.002627
11.785000,-0.002627
11.786000,-0.002311
11.787000,-0.002944
11.788000,-0.002627
11.789000,-0.002311
11.790000,-0.002944
11.791000,-0.003260
11.792000,-0.002627
11.793000,-0.002627
11.794000,-0.002311
11.795000,-0.002627
11.796000,-0.003260
11.797000,-0.003260
11.798000,-0.003260
11.799000,-0.002944
11.800000,-0.002311
11.801000,-0.002627
11.802000,-0.002944
11.803000,-0.002944
11.804000,-0.002627
11.805000,-0.002627
11.806000,-0.002627
11.807000,-0.002627
11.808000,-0.002944
11.809000,-0.002627
11.810000,-0.002944
11.811000,-0.003260
11.812000,-0.002944
11.813000,-0.003260
11.814000,-0.002627
11.815000,-0.002944
11.816000,-0.002627
11.817000,-0.003260
11.818000,-0.002627
11.819000,-0.002627
11.820000,-0.002944
11.821000,-0.002944
11.822000,-0.002944
11.823000,-0.002627
11.824000,-0.002944
11.825000,-0.002627
11.826000,-0.002944
11.827000,-0.002311
11.828000,-0.002627
11.829000,-0.002944
11.830000,-0.002944
11.831000,-0.002627
11.832000,-0.002627
11.833000,-0.002627
11.834000,-0.002627
11.835000,-0.002944
11.836000,-0.002944
11.837000,-0.002944
11.838000,-0.002627
11.839000,-0.002627
11.840000,-0.002627
11.841000,-0.002944
11.842000,-0.002627
11.843000,-0.002944
11.844000,-0.002627
11.845000,-0.002627
11.846000,-0.002627
11.847000,-0.002627
11.848000,-0.002627
11.849000,-0.002944
11.850000,-0.002627
11.851000,-0.002627
11.852000,-0.002627
11.853000,-0.002627
11.854000,-0.002627
11.855000,-0.002944
11.856000,-0.002944
11.857000,-0.002944
11.858000,-0.002627
11.859000,-0.002944
11.860000,-0.003260
11.861000,-0.002627
11.862000,-0.003260
11.863000,-0.002944
11.864000,-0.002944
11.865000,-0.002944
11.866000,-0.003260
11.867000,-0.002627
11.868000,-0.002944
11.869000,-0.002944
11.870000,-0.002944
11.871000,-0.002944
11.872000,-0.002944
11.873000,-0.002944
11.874000,-0.002944
11.875000,-0.002627
11.876000,-0.002627
11.877000,-0.003260
11.878000,-0.002944
11.879000,-0.003260
11.880000,-0.002944
11.881000,-0.002627
11.882000,-0.003260
11.883000,-0.002944
11.884000,-0.002311
11.885000,-0.002944
11.886000,-0.002627
11.887000,-0.002944
11.888000,-0.002311
11.889000,-0.002627
11.890000,-0.002944
11.891000,-0.002627
11.892000,-0.002627
11.893000,-0.002627
11.894000,-0.002627
11.895000,-0.002944
11.896000,-0.003260
11.897000,-0.002627
11.898000,-0.002627
11.899000,-0.002944
11.900000,-0.002627
11.901000,-0.002311
11.902000,-0.002944
11.903000,-0.002627
11.904000,-0.002944
11.905000,-0.002944
11.906000,-0.002627
11.907000,-0.002627
11.908000,-0.002944
11.909000,-0.002944
11.910000,-0.002627
11.911000,-0.002944
11.912000,-0.003260
11.913000,-0.003260
11.914000,-0.002944
11.915000,-0.002944
11.916000,-0.002944
11.917000,-0.003260
11.918000,-0.002944
11.919000,-0.003260
11.920000,-0.002944
11.921000,-0.002944
11.922000,-0.003260
11.923000,-0.002944
11.924000,-0.003260
11.925000,-0.002944
11.926000,-0.002627
11.927000,-0.002627
11.928000,-0.003260
11.929000,-0.002944
11.930000,-0.003260
11.931000,-0.002944
11.932000,-0.002627
11.933000,-0.002627
11.934000,-0.002627
11.935000,-0.002944
11.936000,-0.002627
11.937000,-0.003260
11.938000,-0.002944
11.939000,-0.002944
11.940000,-0.002627
11.941000,-0.002944
11.942000,-0.002944
11.943000,-0.002944
11.944000,-0.002627
11.945000,-0.002627
11.946000,-0.002627
11.947000,-0.002627
11.948000,-0.002627
11.949000,-0.002311
11.950000,-0.002627
11.951000,-0.002627
11.952000,-0.002627
11.953000,-0.002944
11.954000,-0.003260
11.955000,-0.002627
11.956000,-0.002627
11.957000,-0.002944
11.958000,-0.002627
11.959000,-0.002311
11.960000,-0.003260
11.961000,-0.002627
11.962000,-0.002627
11.963000,-0.003260
11.964000,-0.003260
11.965000,-0.002944
11.966000,-0.003260
11.967000,-0.003260
11.968000,-0.002627
11.969000,-0.002627
11.970000,-0.002944
11.971000,-0.002944
11.972000,-0.002627
11.973000,-0.002944
11.974000,-0.002944
11.975000,-0.002627
11.976000,-0.003260
11.977000,-0.002627
11.978000,-0.002944
11.979000,-0.003260
11.980000,-0.002944
11.981000,-0.002944
11.982000,-0.002944
11.983000,-0.002627
11.984000,-0.002944
11.985000,-0.002627
11.986000,-0.002944
11.987000,-0.002944
11.988000,-0.003260
11.989000,-0.002627
11.990000,-0.002944
11.991000,-0.002627
11.992000,-0.002944
11.993000,-0.003260
11.994000,-0.002627
11.995000,-0.002627
11.996000,-0.002944
11.997000,-0.002627
11.998000,-0.003260
11.999000,-0.002944
12.000000,-0.002627
12.001000,-0.002627
12.002000,-0.003260
12.003000,-0.002627
12.004000,-0.002627
12.005000,-0.002944
12.006000,-0.002944
12.007000,-0.002627
12.008000,-0.002627
12.009000,-0.002627
12.010000,-0.002944
12.011000,-0.002627
12.012000,-0.002627
12.013000,-0.002627
12.014000,-0.002627
12.015000,-0.002944
12.016000,-0.002627
12.017000,-0.002627
12.018000,-0.002944
12.019000,-0.002627
12.020000,-0.002627
12.021000,-0.002627
12.022000,-0.002627
12.023000,-0.002944
12.024000,-0.002627
12.025000,-0.003260
12.026000,-0.002627
12.027000,-0.002627
12.028000,-0.002627
12.029000,-0.002627
12.030000,-0.003260
12.031000,-0.002944
12.032000,-0.002944
12.033000,-0.002311
12.034000,-0.002627
12.035000,-0.002944
12.036000,-0.002627
12.037000,-0.002627
12.038000,-0.002944
12.039000,-0.002627
12.040000,-0.002944
12.041000,-0.002944
12.042000,-0.002627
12.043000,-0.002627
12.044000,-0.002944
12.045000,-0.002627
12.046000,-0.002627
12.047000,-0.002311
12.048000,-0.002944
12.049000,-0.002627
12.050000,-0.002627
12.051000,-0.003260
12.052000,-0.002627
12.053000,-0.002944
12.054000,-0.002944
12.055000,-0.002944
12.056000,-0.002944
12.057000,-0.002627
12.058000,-0.002627
12.059000,-0.002944
12.060000,-0.002627
12.061000,-0.002627
12.062000,-0.002627
12.063000,-0.002627
12.064000,-0.002627
12.065000,-0.002627
12.066000,-0.002627
12.067000,-0.003260
12.068000,-0.002944
12.069000,-0.003260
12.070000,-0.002944
12.071000,-0.002944
12.072000,-0.002627
12.073000,-0.002627
12.074000,-0.002627
12.075000,-0.002944
12.076000,-0.002627
12.077000,-0.002944
12.078000,-0.002627
12.079000,-0.002944
12.080000,-0.002944
12.081000,-0.003260
12.082000,-0.002627
12.083000,-0.003260
12.084000,-0.002627
12.085000,-0.002944
12.086000,-0.002944
12.087000,-0.003260
12.088000,-0.002627
12.089000,-0.002944
12.090000,-0.002944
12.091000,-0.002944
12.092000,-0.002311
12.093000,-0.002627
12.094000,-0.002627
12.095000,-0.002627
12.096000,-0.002627
12.097000,-0.002627
12.098000,-0.002944
12.099000,-0.002944
12.100000,-0.002944
12.101000,-0.002944
12.102000,-0.002627
12.103000,-0.002627
12.104000,-0.002627
12.105000,-0.002627
12.106000,-0.002944
12.107000,-0.002627
12.108000,-0.002944
12.109000,-0.002944
12.110000,-0.002627
12.111000,-0.002627
12.112000,-0.002627
12.113000,-0.002627
12.114000,-0.002311
12.115000,-0.002627
12.116000,-0.002627
12.117000,-0.002944
12.118000,-0.002944
12.119000,-0.002311
12.120000,-0.002627
12.121000,-0.002944
12.122000,-0.002627
12.123000,-0.002944
12.124000,-0.002627
12.125000,-0.002944
12.126000,-0.002627
12.127000,-0.002944
12.128000,-0.002944
12.129000,-0.002627
12.130000,-0.002627
12.131000,-0.002944
12.132000,-0.003260
12.133000,-0.002627
12.134000,-0.002627
12.135000,-0.002627
12.136000,-0.002627
12.137000,-0.002627
12.138000,-0.002944
12.139000,-0.002944
12.140000,-0.002311
12.141000,-0.002311
12.142000,-0.002944
12.143000,-0.002627
12.144000,-0.002944
12.145000,-0.002627
12.146000,-0.002627
12.147000,-0.003260
12.148000,-0.002627
12.149000,-0.002944
12.150000,-0.002627
12.151000,-0.002627
12.152000,-0.002944
12.153000,-0.002944
12.154000,-0.002944
12.155000,-0.002944
12.156000,-0.002944
12.157000,-0.002944
12.158000,-0.002944
12.159000,-0.002944
12.160000,-0.002627
12.161000,-0.002627
12.162000,-0.002944
12.163000,-0.002944
12.164000,-0.002944
12.165000,-0.002311
12.166000,-0.002627
12.167000,-0.002944
12.168000,-0.002944
12.169000,-0.002627
12.170000,-0.002627
12.171000,-0.002627
12.172000,-0.002944
12.173000,-0.002627
12.174000,-0.002944
12.175000,-0.002627
12.176000,-0.002944
12.177000,-0.002627
12.178000,-0.002627
12.179000,-0.003260
12.180000,-0.002944
12.181000,-0.002627
12.182000,-0.002627
12.183000,-0.002627
12.184000,-0.002627
12.185000,-0.002627
12.186000,-0.002627
12.187000,-0.002627
12.188000,-0.002627
12.189000,-0.002944
12.190000,-0.002627
12.191000,-0.003260
12.192000,-0.002627
12.193000,-0.002627
12.194000,-0.002627
12.195000,-0.002944
12.196000,-0.002944
12.197000,-0.003260
12.198000,-0.002944
12.199000,-0.002311
12.200000,-0.002944
12.201000,-0.002944
12.202000,-0.002627
12.203000,-0.002311
12.204000,-0.002944
12.205000,-0.002627
12.206000,-0.002627
12.207000,-0.002627
12.208000,-0.002627
12.209000,-0.002944
12.210000,-0.002944
12.211000,-0.002627
12.212000,-0.002944
12.213000,-0.002627
12.214000,-0.003260
12.215000,-0.002944
12.216000,-0.002944
12.217000,-0.002627
12.218000,-0.002627
12.219000,-0.002627
12.220000,-0.002627
12.221000,-0.002944
12.222000,-0.002627
12.223000,-0.002311
12.224000,-0.002627
12.225000,-0.002944
12.226000,-0.002311
12.227000,-0.002311
12.228000,-0.002627
12.229000,-0.002944
12.230000,-0.002944
12.231000,-0.002627
12.232000,-0.002944
12.233000,-0.002627
12.234000,-0.002311
12.235000,-0.002944
12.236000,-0.002627
12.237000,-0.002944
12.238000,-0.002944
12.239000,-0.002627
12.240000,-0.002944
12.241000,-0.002944
12.242000,-0.002627
12.243000,-0.003260
12.244000,-0.003260
12.245000,-0.002944
12.246000,-0.002311
12.247000,-0.002627
12.248000,-0.003260
12.249000,-0.002627
12.250000,-0.002944
12.251000,-0.002627
12.252000,-0.002944
12.253000,-0.003260
12.254000,-0.002627
12.255000,-0.002944
12.256000,-0.002627
12.257000,-0.002627
12.258000,-0.002627
12.259000,-0.002944
12.260000,-0.002944
12.261000,-0.003260
12.262000,-0.002627
12.263000,-0.003260
12.264000,-0.002944
12.265000,-0.002944
12.266000,-0.002627
12.267000,-0.002944
12.268000,-0.001995
12.269000,-0.002627
12.270000,-0.002627
12.271000,-0.003260
12.272000,-0.002627
12.273000,-0.003260
12.274000,-0.002944
12.275000,-0.002944
12.276000,-0.002627
12.277000,-0.002944
12.278000,-0.002627
12.279000,-0.002627
12.280000,-0.002944
12.281000,-0.002944
12.282000,-0.002627
12.283000,-0.002627
12.284000,-0.002627
12.285000,-0.002944
12.286000,-0.003260
12.287000,-0.002944
12.288000,-0.002944
12.289000,-0.002944
12.290000,-0.002944
12.291000,-0.002944
12.292000,-0.002627
12.293000,-0.002944
12.294000,-0.002627
12.295000,-0.002944
12.296000,-0.002944
12.297000,-0.002627
12.298000,-0.002944
12.299000,-0.002944
12.300000,-0.002627
12.301000,-0.002944
12.302000,-0.002627
12.303000,-0.002944
12.304000,-0.003260
12.305000,-0.002944
12.306000,-0.002944
12.307000,-0.002627
12.308000,-0.002944
12.309000,-0.002627
12.310000,-0.003260
12.311000,-0.003260
12.312000,-0.002944
12.313000,-0.003260
12.314000,-0.002627
12.315000,-0.002944
12.316000,-0.002944
12.317000,-0.002944
12.318000,-0.002944
12.319000,-0.002627
12.320000,-0.002944
12.321000,-0.002944
12.322000,-0.002944
12.323000,-0.002944
12.324000,-0.002627
12.325000,-0.003260
12.326000,-0.002944
12.327000,-0.002944
12.328000,-0.002627
12.329000,-0.002627
12.330000,-0.002627
12.331000,-0.002627
12.332000,-0.002944
12.333000,-0.002627
12.334000,-0.002944
12.335000,-0.002944
12.336000,-0.002627
12.337000,-0.003260
12.338000,-0.002627
12.339000,-0.002627
12.340000,-0.002627
12.341000,-0.002944
12.342000,-0.002944
12.343000,-0.002627
12.344000,-0.002627
12.345000,-0.002627
12.346000,-0.002627
12.347000,-0.002627
12.348000,-0.002944
12.349000,-0.002627
12.350000,-0.002627
12.351000,-0.003260
12.352000,-0.002944
12.353000,-0.002944
12.354000,-0.002944
12.355000,-0.002944
12.356000,-0.002627
12.357000,-0.002627
12.358000,-0.002627
12.359000,-0.003260
12.360000,-0.002627
12.361000,-0.002944
12.362000,-0.002944
12.363000,-0.002944
12.364000,-0.002627
12.365000,-0.003260
12.366000,-0.003260
12.367000,-0.002627
12.368000,-0.002627
12.369000,-0.002627
12.370000,-0.003260
12.371000,-0.002944
12.372000,-0.002944
12.373000,-0.002627
12.374000,-0.002944
12.375000,-0.002944
12.376000,-0.002627
12.377000,-0.002944
12.378000,-0.002627
12.379000,-0.002944
12.380000,-0.002627
12.381000,-0.002944
12.382000,-0.002627
12.383000,-0.002944
12.384000,-0.002627
12.385000,-0.002944
12.386000,-0.003260
12.387000,-0.002627
12.388000,-0.002944
12.389000,-0.002627
12.390000,-0.002944
12.391000,-0.002627
12.392000,-0.002944
12.393000,-0.002627
12.394000,-0.002944
12.395000,-0.002944
12.396000,-0.002627
12.397000,-0.002944
12.398000,-0.002944
12.399000,-0.002944
12.400000,-0.002944
12.401000,-0.002944
12.402000,-0.002627
12.403000,-0.002627
12.404000,-0.002944
12.405000,-0.002944
12.406000,-0.003260
12.407000,-0.002627
12.408000,-0.002944
12.409000,-0.002944
12.410000,-0.002627
12.411000,-0.002944
12.412000,-0.002627
12.413000,-0.002627
12.414000,-0.002944
12.415000,-0.002627
12.416000,-0.002944
12.417000,-0.002944
12.418000,-0.002627
12.419000,-0.002627
12.420000,-0.002627
12.421000,-0.002944
12.422000,-0.002627
12.423000,-0.002944
12.424000,-0.002944
12.425000,-0.003576
12.426000,-0.002627
12.427000,-0.002944
12.428000,-0.003576
12.429000,-0.002311
12.430000,-0.002944
12.431000,-0.002944
12.432000,-0.002944
12.433000,-0.002944
12.434000,-0.002627
12.435000,-0.002311
12.436000,-0.002944
12.437000,-0.002627
12.438000,-0.002627
12.439000,-0.002627
12.440000,-0.002944
12.441000,-0.002944
12.442000,-0.002944
12.443000,-0.002944
12.444000,-0.002944
12.445000,-0.002944
12.446000,-0.002944
12.447000,-0.002944
12.448000,-0.002627
12.449000,-0.002627
12.450000,-0.003260
12.451000,-0.002944
12.452000,-0.002944
12.453000,-0.002627
12.454000,-0.002944
12.455000,-0.002627
12.456000,-0.002627
12.457000,-0.002944
12.458000,-0.003260
12.459000,-0.002311
12.460000,-0.002627
12.461000,-0.002944
12.462000,-0.002944
12.463000,-0.002311
12.464000,-0.002627
12.465000,-0.002627
12.466000,-0.002627
12.467000,-0.002944
12.468000,-0.002627
12.469000,-0.003260
12.470000,-0.003260
12.471000,-0.002627
12.472000,-0.002944
12.473000,-0.002627
12.474000,-0.002944
12.475000,-0.002944
12.476000,-0.002627
12.477000,-0.002627
12.478000,-0.002627
12.479000,-0.002627
12.480000,-0.003260
12.481000,-0.002311
12.482000,-0.002944
12.483000,-0.002627
12.484000,-0.002627
12.485000,-0.003260
12.486000,-0.002627
12.487000,-0.002944
12.488000,-0.002944
12.489000,-0.002627
12.490000,-0.002627
12.491000,-0.002627
12.492000,-0.002627
12.493000,-0.002627
12.494000,-0.002627
12.495000,-0.002944
12.496000,-0.002944
12.497000,-0.002627
12.498000,-0.002944
12.499000,-0.002627
12.500000,-0.002627
12.501000,-0.003260
12.502000,-0.002944
12.503000,-0.002944
12.504000,-0.002627
12.505000,-0.002627
12.506000,-0.002944
12.507000,-0.002627
12.508000,-0.002627
12.509000,-0.002944
12.510000,-0.002944
12.511000,-0.002944
12.512000,-0.002627
12.513000,-0.002944
12.514000,-0.002627
12.515000,-0.002944
12.516000,-0.002944
12.517000,-0.002627
12.518000,-0.002311
12.519000,-0.002944
12.520000,-0.002627
12.521000,-0.002627
12.522000,-0.002627
12.523000,-0.002627
12.524000,-0.002944
12.525000,-0.003260
12.526000,-0.003260
12.527000,-0.002944
12.528000,-0.002944
12.529000,-0.002944
12.530000,-0.002944
12.531000,-0.002627
12.532000,-0.002627
12.533000,-0.002944
12.534000,-0.003260
12.535000,-0.002944
12.536000,-0.002627
12.537000,-0.002944
12.538000,-0.002627
12.539000,-0.002627
12.540000,-0.002311
12.541000,-0.002627
12.542000,-0.002627
12.543000,-0.002944
12.544000,-0.002944
12.545000,-0.002627
12.546000,-0.002627
12.547000,-0.003260
12.548000,-0.002627
12.549000,-0.002627
12.550000,-0.002944
12.551000,-0.002944
12.552000,-0.003260
12.553000,-0.002627
12.554000,-0.002944
12.555000,-0.002627
12.556000,-0.002627
12.557000,-0.002944
12.558000,-0.002627
12.559000,-0.003260
12.560000,-0.002944
12.561000,-0.002627
12.562000,-0.002944
12.563000,-0.002944
12.564000,-0.003260
12.565000,-0.002627
12.566000,-0.002944
12.567000,-0.002944
12.568000,-0.003260
12.569000,-0.002944
12.570000,-0.002944
12.571000,-0.002627
12.572000,-0.002944
12.573000,-0.002627
12.574000,-0.002627
12.575000,-0.002944
12.576000,-0.002627
12.577000,-0.002627
12.578000,-0.002627
12.579000,-0.002944
12.580000,-0.002944
12.581000,-0.002627
12.582000,-0.002944
12.583000,-0.002627
12.584000,-0.002944
12.585000,-0.002627
12.586000,-0.002627
12.587000,-0.002627
12.588000,-0.002944
12.589000,-0.002627
12.590000,-0.002944
12.591000,-0.002627
12.592000,-0.002944
12.593000,-0.002627
12.594000,-0.002627
12.595000,-0.002627
12.596000,-0.002311
12.597000,-0.002627
12.598000,-0.002311
12.599000,-0.002944
12.600000,-0.002944
12.601000,-0.002627
12.602000,-0.002627
12.603000,-0.002944
12.604000,-0.002944
12.605000,-0.002627
12.606000,-0.002627
12.607000,-0.002944
12.608000,-0.002627
12.609000,-0.002627
12.610000,-0.002627
12.611000,-0.002944
12.612000,-0.002627
12.613000,-0.002944
12.614000,-0.002627
12.615000,-0.002627
12.616000,-0.002944
12.617000,-0.002944
12.618000,-0.003260
12.619000,-0.002944
12.620000,-0.002944
12.621000,-0.002944
12.622000,-0.002944
12.623000,-0.002944
12.624000,-0.002627
12.625000,-0.002944
12.626000,-0.002627
12.627000,-0.002944
12.628000,-0.002627
12.629000,-0.002627
12.630000,-0.002944
12.631000,-0.002944
12.632000,-0.002627
12.633000,-0.002627
12.634000,-0.002627
12.635000,-0.002627
12.636000,-0.003260
12.637000,-0.002627
12.638000,-0.002944
12.639000,-0.002944
12.640000,-0.002627
12.641000,-0.002627
12.642000,-0.002627
12.643000,-0.002944
12.644000,-0.002944
12.645000,-0.002944
12.646000,-0.002944
12.647000,-0.002627
12.648000,-0.002627
12.649000,-0.002627
12.650000,-0.002627
12.651000,-0.002627
12.652000,-0.002944
12.653000,-0.002627
12.654000,-0.002944
12.655000,-0.002627
12.656000,-0.002944
12.657000,-0.002627
12.658000,-0.002627
12.659000,-0.002944
12.660000,-0.002944
12.661000,-0.002944
12.662000,-0.002944
12.663000,-0.002627
12.664000,-0.002944
12.665000,-0.003260
12.666000,-0.002627
12.667000,-0.002627
12.668000,-0.002944
12.669000,-0.003260
12.670000,-0.002944
12.671000,-0.002311
12.672000,-0.002944
12.673000,-0.002627
12.674000,-0.002627
12.675000,-0.002944
12.676000,-0.003260
12.677000,-0.002944
12.678000,-0.002944
12.679000,-0.002944
12.680000,-0.003260
12.681000,-0.002944
12.682000,-0.002627
12.683000,-0.002944
12.684000,-0.003260
12.685000,-0.002944
12.686000,-0.002944
12.687000,-0.002944
12.688000,-0.002944
12.689000,-0.003260
12.690000,-0.002944
12.691000,-0.002944
12.692000,-0.002944
12.693000,-0.003260
12.694000,-0.002944
12.695000,-0.002627
12.696000,-0.002944
12.697000,-0.002627
12.698000,-0.002627
12.699000,-0.002944
12.700000,-0.002944
12.701000,-0.002627
12.702000,-0.002944
12.703000,-0.002944
12.704000,-0.002944
12.705000,-0.002627
12.706000,-0.003260
12.707000,-0.002627
12.708000,-0.002627
12.709000,-0.002944
12.710000,-0.002944
12.711000,-0.002627
12.712000,-0.002627
12.713000,-0.002944
12.714000,-0.002627
12.715000,-0.002627
12.716000,-0.002944
12.717000,-0.002311
12.718000,-0.002627
12.719000,-0.002944
12.720000,-0.002944
12.721000,-0.002627
12.722000,-0.002944
12.723000,-0.002627
12.724000,-0.002627
12.725000,-0.002627
12.726000,-0.002627
12.727000,-0.002627
12.728000,-0.002944
12.729000,-0.002944
12.730000,-0.002944
12.731000,-0.002944
12.732000,-0.002627
12.733000,-0.002944
12.734000,-0.002627
12.735000,-0.002944
12.736000,-0.002944
12.737000,-0.002627
12.738000,-0.002627
12.739000,-0.002627
12.740000,-0.002627
12.741000,-0.002627
12.742000,-0.002627
12.743000,-0.002944
12.744000,-0.002944
12.745000,-0.002627
12.746000,-0.002944
12.747000,-0.002944
12.748000,-0.002627
12.749000,-0.002627
12.750000,-0.002944
12.751000,-0.002627
12.752000,-0.002311
12.753000,-0.002627
12.754000,-0.002944
12.755000,-0.002944
12.756000,-0.002944
12.757000,-0.002627
12.758000,-0.002944
12.759000,-0.002311
12.760000,-0.003260
12.761000,-0.002944
12.762000,-0.002944
12.763000,-0.002627
12.764000,-0.003260
12.765000,-0.002627
12.766000,-0.002627
12.767000,-0.002944
12.768000,-0.003260
12.769000,-0.002627
12.770000,-0.002627
12.771000,-0.002627
12.772000,-0.002627
12.773000,-0.002627
12.774000,-0.002627
12.775000,-0.002944
12.776000,-0.002627
12.777000,-0.002944
12.778000,-0.002311
12.779000,-0.003260
12.780000,-0.002944
12.781000,-0.002944
12.782000,-0.002944
12.783000,-0.002627
12.784000,-0.002944
12.785000,-0.002944
12.786000,-0.002944
12.787000,-0.002627
12.788000,-0.002627
12.789000,-0.002627
12.790000,-0.003260
12.791000,-0.002944
12.792000,-0.002627
12.793000,-0.002944
12.794000,-0.002944
12.795000,-0.003260
12.796000,-0.002627
12.797000,-0.002944
12.798000,-0.002944
12.799000,-0.002944
12.800000,-0.002627
12.801000,-0.003260
12.802000,-0.002944
12.803000,-0.002944
12.804000,-0.002944
12.805000,-0.003260
12.806000,-0.002627
12.807000,-0.002627
12.808000,-0.003260
12.809000,-0.003260
12.810000,-0.002627
12.811000,-0.002944
12.812000,-0.002627
12.813000,-0.002944
12.814000,-0.002944
12.815000,-0.003260
12.816000,-0.002944
12.817000,-0.002944
12.818000,-0.003260
12.819000,-0.002944
12.820000,-0.003260
12.821000,-0.003260
12.822000,-0.002627
12.823000,-0.002627
12.824000,-0.002944
12.825000,-0.002627
12.826000,-0.002627
12.827000,-0.002627
12.828000,-0.003260
12.829000,-0.002944
12.830000,-0.002627
12.831000,-0.002944
12.832000,-0.002627
12.833000,-0.002627
12.834000,-0.002627
12.835000,-0.002627
12.836000,-0.002627
12.837000,-0.003260
12.838000,-0.002944
12.839000,-0.002944
12.840000,-0.002627
12.841000,-0.002627
12.842000,-0.002944
12.843000,-0.003260
12.844000,-0.002944
12.845000,-0.002311
12.846000,-0.002627
12.847000,-0.002627
12.848000,-0.002627
12.849000,-0.002627
12.850000,-0.002627
12.851000,-0.002627
12.852000,-0.002944
12.853000,-0.002944
12.854000,-0.003260
12.855000,-0.002627
12.856000,-0.002944
12.857000,-0.002944
12.858000,-0.002627
12.859000,-0.003260
12.860000,-0.002627
12.861000,-0.002627
12.862000,-0.002944
12.863000,-0.002944
12.864000,-0.002627
12.865000,-0.002944
12.866000,-0.002944
12.867000,-0.002944
12.868000,-0.002627
12.869000,-0.002944
12.870000,-0.003260
12.871000,-0.002627
12.872000,-0.002944
12.873000,-0.002944
12.874000,-0.002627
12.875000,-0.002311
12.876000,-0.002627
12.877000,-0.002627
12.878000,-0.002944
12.879000,-0.002944
12.880000,-0.002311
12.881000,-0.002627
12.882000,-0.003260
12.883000,-0.002627
12.884000,-0.002311
12.885000,-0.002627
12.886000,-0.002944
12.887000,-0.002627
12.888000,-0.002627
12.889000,-0.002627
12.890000,-0.002944
12.891000,-0.002944
12.892000,-0.002627
12.893000,-0.002944
12.894000,-0.002627
12.895000,-0.002627
12.896000,-0.002944
12.897000,-0.002944
12.898000,-0.003260
12.899000,-0.002627
12.900000,-0.002627
12.901000,-0.002627
12.902000,-0.002627
12.903000,-0.002944
12.904000,-0.003260
12.905000,-0.002627
12.906000,-0.002944
12.907000,-0.002627
12.908000,-0.002627
12.909000,-0.002944
12.910000,-0.003260
12.911000,-0.002627
12.912000,-0.002627
12.913000,-0.003260
12.914000,-0.002627
12.915000,-0.002627
12.916000,-0.002627
12.917000,-0.003260
12.918000,-0.002944
12.919000,-0.003260
12.920000,-0.002627
12.921000,-0.002627
12.922000,-0.002944
12.923000,-0.002944
12.924000,-0.002944
12.925000,-0.002944
12.926000,-0.002627
12.927000,-0.002311
12.928000,-0.002627
12.929000,-0.002627
12.930000,-0.002627
12.931000,-0.002944
12.932000,-0.002944
12.933000,-0.002944
12.934000,-0.002627
12.935000,-0.002627
12.936000,-0.002944
12.937000,-0.003260
12.938000,-0.002944
12.939000,-0.002311
12.940000,-0.002627
12.941000,-0.002627
12.942000,-0.002627
12.943000,-0.002627
12.944000,-0.002944
12.945000,-0.002627
12.946000,-0.002627
12.947000,-0.002627
12.948000,-0.002944
12.949000,-0.003260
12.950000,-0.002627
12.951000,-0.002944
12.952000,-0.002944
12.953000,-0.002944
12.954000,-0.002627
12.955000,-0.002944
12.956000,-0.002944
12.957000,-0.003260
12.958000,-0.002944
12.959000,-0.002627
12.960000,-0.002944
12.961000,-0.002944
12.962000,-0.002944
12.963000,-0.003260
12.964000,-0.002944
12.965000,-0.002944
12.966000,-0.002311
12.967000,-0.003260
12.968000,-0.002311
12.969000,-0.002944
12.970000,-0.003260
12.971000,-0.002627
12.972000,-0.002944
12.973000,-0.002944
12.974000,-0.002944
12.975000,-0.002944
12.976000,-0.002627
12.977000,-0.002944
12.978000,-0.002944
12.979000,-0.002944
12.980000,-0.002944
12.981000,-0.002944
12.982000,-0.002627
12.983000,-0.002627
12.984000,-0.002627
12.985000,-0.003260
12.986000,-0.002944
12.987000,-0.002627
12.988000,-0.002944
12.989000,-0.002944
12.990000,-0.002627
12.991000,-0.003260
12.992000,-0.002627
12.993000,-0.002944
12.994000,-0.002944
12.995000,-0.002944
12.996000,-0.002627
12.997000,-0.002944
12.998000,-0.002944
12.999000,-0.002627
13.000000,-0.003260
13.001000,-0.002944
13.002000,-0.002944
13.003000,-0.002627
13.004000,-0.002627
13.005000,-0.002944
13.006000,-0.002627
13.007000,-0.002944
13.008000,-0.002627
13.009000,-0.002944
13.010000,-0.003260
13.011000,-0.002627
13.012000,-0.002944
13.013000,-0.002627
13.014000,-0.003260
13.015000,-0.002627
13.016000,-0.003260
13.017000,-0.002627
13.018000,-0.002944
13.019000,-0.002944
13.020000,-0.002627
13.021000,-0.002944
13.022000,-0.002944
13.023000,-0.003260
13.024000,-0.002627
13.025000,-0.002627
13.026000,-0.002627
13.027000,-0.002627
13.028000,-0.003260
13.029000,-0.002627
13.030000,-0.002627
13.031000,-0.002627
13.032000,-0.002944
13.033000,-0.002627
13.034000,-0.002627
13.035000,-0.002627
13.036000,-0.002627
13.037000,-0.002944
13.038000,-0.002627
13.039000,-0.002311
13.040000,-0.003260
13.041000,-0.002944
13.042000,-0.002627
13.043000,-0.002944
13.044000,-0.002944
13.045000,-0.002627
13.046000,-0.002627
13.047000,-0.002944
13.048000,-0.002627
13.049000,-0.002627
13.050000,-0.002627
13.051000,-0.003260
13.052000,-0.002944
13.053000,-0.002944
13.054000,-0.002627
13.055000,-0.003260
13.056000,-0.002627
13.057000,-0.002627
13.058000,-0.002627
13.059000,-0.002944
13.060000,-0.002627
13.061000,-0.002944
13.062000,-0.002627
13.063000,-0.002944
13.064000,-0.002627
13.065000,-0.002627
13.066000,-0.002627
13.067000,-0.002944
13.068000,-0.002944
13.069000,-0.002627
13.070000,-0.003260
13.071000,-0.002311
13.072000,-0.002944
13.073000,-0.002627
13.074000,-0.002627
13.075000,-0.002627
13.076000,-0.002627
13.077000,-0.002627
13.078000,-0.002944
13.079000,-0.002627
13.080000,-0.003260
13.081000,-0.002627
13.082000,-0.002944
13.083000,-0.002311
13.084000,-0.002311
13.085000,-0.002627
13.086000,-0.002944
13.087000,-0.002627
13.088000,-0.002944
13.089000,-0.002944
13.090000,-0.002627
13.091000,-0.002311
13.092000,-0.002627
13.093000,-0.002944
13.094000,-0.002311
13.095000,-0.002944
13.096000,-0.002627
13.097000,-0.002627
13.098000,-0.002627
13.099000,-0.002944
13.100000,-0.002627
13.101000,-0.002311
13.102000,-0.002627
13.103000,-0.002627
13.104000,-0.002627
13.105000,-0.002627
13.106000,-0.002944
13.107000,-0.002627
13.108000,-0.002627
13.109000,-0.002627
13.110000,-0.002944
13.111000,-0.002627
13.112000,-0.002627
13.113000,-0.002627
13.114000,-0.002944
13.115000,-0.002627
13.116000,-0.002627
13.117000,-0.003260
13.118000,-0.002627
13.119000,-0.002627
13.120000,-0.002944
13.121000,-0.002627
13.122000,-0.003260
13.123000,-0.002311
13.124000,-0.002627
13.125000,-0.002627
13.126000,-0.002627
13.127000,-0.002627
13.128000,-0.002627
13.129000,-0.002944
13.130000,-0.002944
13.131000,-0.002944
13.132000,-0.002627
13.133000,-0.002627
13.134000,-0.002944
13.135000,-0.002627
13.136000,-0.003260
13.137000,-0.002627
13.138000,-0.002627
13.139000,-0.002627
13.140000,-0.002627
13.141000,-0.003260
13.142000,-0.002944
13.143000,-0.002627
13.144000,-0.002944
13.145000,-0.002627
13.146000,-0.002627
13.147000,-0.002627
13.148000,-0.002627
13.149000,-0.002627
13.150000,-0.002627
13.151000,-0.002944
13.152000,-0.002627
13.153000,-0.002627
13.154000,-0.002944
13.155000,-0.002627
13.156000,-0.002627
13.157000,-0.002944
13.158000,-0.002627
13.159000,-0.002944
13.160000,-0.002944
13.161000,-0.002627
13.162000,-0.002944
13.163000,-0.002944
13.164000,-0.002627
13.165000,-0.002627
13.166000,-0.002944
13.167000,-0.002944
13.168000,-0.002627
13.169000,-0.002944
13.170000,-0.003260
13.171000,-0.003576
13.172000,-0.002944
13.173000,-0.002944
13.174000,-0.002627
13.175000,-0.002944
13.176000,-0.002627
13.177000,-0.002627
13.178000,-0.002627
13.179000,-0.002944
13.180000,-0.002627
13.181000,-0.002627
13.182000,-0.003260
13.183000,-0.002944
13.184000,-0.002944
13.185000,-0.002944
13.186000,-0.002944
13.187000,-0.002627
13.188000,-0.002627
13.189000,-0.002311
13.190000,-0.002944
13.191000,-0.003260
13.192000,-0.002627
13.193000,-0.002944
13.194000,-0.002944
13.195000,-0.002627
13.196000,-0.002627
13.197000,-0.002627
13.198000,-0.002944
13.199000,-0.002627
13.200000,-0.002944
13.201000,-0.002627
13.202000,-0.002944
13.203000,-0.003260
13.204000,-0.002944
13.205000,-0.002627
13.206000,-0.002627
13.207000,-0.002627
13.208000,-0.002627
13.209000,-0.002944
13.210000,-0.002627
13.211000,-0.002944
13.212000,-0.002944
13.213000,-0.002944
13.214000,-0.002944
13.215000,-0.002627
13.216000,-0.002627
13.217000,-0.002627
13.218000,-0.002944
13.219000,-0.002627
13.220000,-0.002944
13.221000,-0.003260
13.222000,-0.002944
13.223000,-0.002944
13.224000,-0.002627
13.225000,-0.002944
13.226000,-0.002944
13.227000,-0.002944
13.228000,-0.003260
13.229000,-0.003260
13.230000,-0.002944
13.231000,-0.002627
13.232000,-0.003260
13.233000,-0.002944
13.234000,-0.002944
13.235000,-0.002944
13.236000,-0.002627
13.237000,-0.002627
13.238000,-0.002627
13.239000,-0.002627
13.240000,-0.002944
13.241000,-0.002311
13.242000,-0.002944
13.243000,-0.002627
13.244000,-0.002944
13.245000,-0.002944
13.246000,-0.002944
13.247000,-0.002627
13.248000,-0.002627
13.249000,-0.002627
13.250000,-0.002944
13.251000,-0.002944
13.252000,-0.002944
13.253000,-0.002944
13.254000,-0.003260
13.255000,-0.003260
13.256000,-0.002944
13.257000,-0.002944
13.258000,-0.002627
13.259000,-0.002627
13.260000,-0.002627
13.261000,-0.002627
13.262000,-0.002944
13.263000,-0.002627
13.264000,-0.002944
13.265000,-0.002944
13.266000,-0.002627
13.267000,-0.002627
13.268000,-0.002311
13.269000,-0.002627
13.270000,-0.002944
13.271000,-0.002627
13.272000,-0.003260
13.273000,-0.002944
13.274000,-0.002944
13.275000,-0.003260
13.276000,-0.002944
13.277000,-0.002627
13.278000,-0.002627
13.279000,-0.002627
13.280000,-0.002944
13.281000,-0.002627
13.282000,-0.002627
13.283000,-0.003260
13.284000,-0.002944
13.285000,-0.002944
13.286000,-0.002627
13.287000,-0.003260
13.288000,-0.002311
13.289000,-0.002944
13.290000,-0.002944
13.291000,-0.002944
13.292000,-0.002944
13.293000,-0.003260
13.294000,-0.002627
13.295000,-0.002627
13.296000,-0.002627
13.297000,-0.002944
13.298000,-0.002627
13.299000,-0.002944
13.300000,-0.002944
13.301000,-0.002627
13.302000,-0.002627
13.303000,-0.002627
13.304000,-0.002944
13.305000,-0.002944
13.306000,-0.002627
13.307000,-0.002944
13.308000,-0.002627
13.309000,-0.002944
13.310000,-0.002944
13.311000,-0.002944
13.312000,-0.002627
13.313000,-0.002944
13.314000,-0.002944
13.315000,-0.002627
13.316000,-0.002627
13.317000,-0.003260
13.318000,-0.002944
13.319000,-0.002627
13.320000,-0.002944
13.321000,-0.002627
13.322000,-0.002944
13.323000,-0.002627
13.324000,-0.002627
13.325000,-0.002944
13.326000,-0.002627
13.327000,-0.002627
13.328000,-0.002627
13.329000,-0.002944
13.330000,-0.002627
13.331000,-0.002627
13.332000,-0.002627
13.333000,-0.002627
13.334000,-0.002627
13.335000,-0.002627
13.336000,-0.002627
13.337000,-0.002627
13.338000,-0.002311
13.339000,-0.002944
13.340000,-0.003260
13.341000,-0.002944
13.342000,-0.002627
13.343000,-0.002944
13.344000,-0.003260
13.345000,-0.002627
13.346000,-0.002627
13.347000,-0.002627
13.348000,-0.002944
13.349000,-0.002944
13.350000,-0.002627
13.351000,-0.002627
13.352000,-0.002944
13.353000,-0.002627
13.354000,-0.002627
13.355000,-0.002944
13.356000,-0.002944
13.357000,-0.002944
13.358000,-0.002627
13.359000,-0.002944
13.360000,-0.002627
13.361000,-0.002944
13.362000,-0.002627
13.363000,-0.002944
13.364000,-0.002944
13.365000,-0.002944
13.366000,-0.002627
13.367000,-0.002944
13.368000,-0.002944
13.369000,-0.002627
13.370000,-0.002627
13.371000,-0.002627
13.372000,-0.003260
13.373000,-0.002627
13.374000,-0.002944
13.375000,-0.002627
13.376000,-0.002627
13.377000,-0.002627
13.378000,-0.003260
13.379000,-0.002627
13.380000,-0.002627
13.381000,-0.002627
13.382000,-0.002627
13.383000,-0.002627
13.384000,-0.002944
13.385000,-0.002627
13.386000,-0.002944
13.387000,-0.002944
13.388000,-0.002944
13.389000,-0.002627
13.390000,-0.002627
13.391000,-0.002944
13.392000,-0.002627
13.393000,-0.002627
13.394000,-0.002627
13.395000,-0.002944
13.396000,-0.002944
13.397000,-0.002627
13.398000,-0.002311
13.399000,-0.003260
13.400000,-0.002944
13.401000,-0.002627
13.402000,-0.002627
13.403000,-0.002311
13.404000,-0.002944
13.405000,-0.002627
13.406000,-0.002311
13.407000,-0.002627
13.408000,-0.002944
13.409000,-0.002944
13.410000,-0.002944
13.411000,-0.002627
13.412000,-0.002627
13.413000,-0.002311
13.414000,-0.002627
13.415000,-0.002627
13.416000,-0.002627
13.417000,-0.002944
13.418000,-0.002627
13.419000,-0.002627
13.420000,-0.002944
13.421000,-0.002627
13.422000,-0.002627
13.423000,-0.002311
13.424000,-0.002944
13.425000,-0.002944
13.426000,-0.002311
13.427000,-0.002944
13.428000,-0.002944
13.429000,-0.002944
13.430000,-0.002944
13.431000,-0.002627
13.432000,-0.002311
13.433000,-0.002627
13.434000,-0.002627
13.435000,-0.002944
13.436000,-0.002944
13.437000,-0.002627
13.438000,-0.002944
13.439000,-0.002627
13.440000,-0.002627
13.441000,-0.002627
13.442000,-0.002627
13.443000,-0.003576
13.444000,-0.003260
13.445000,-0.002944
13.446000,-0.002944
13.447000,-0.002627
13.448000,-0.002627
13.449000,-0.002944
13.450000,-0.002627
13.451000,-0.002627
13.452000,-0.002627
13.453000,-0.002944
13.454000,-0.003260
13.455000,-0.002944
13.456000,-0.002627
13.457000,-0.002944
13.458000,-0.002627
13.459000,-0.002627
13.460000,-0.002944
13.461000,-0.002627
13.462000,-0.002944
13.463000,-0.003260
13.464000,-0.002944
13.465000,-0.002627
13.466000,-0.003260
13.467000,-0.003260
13.468000,-0.002944
13.469000,-0.002311
13.470000,-0.002627
13.471000,-0.003260
13.472000,-0.002944
13.473000,-0.003260
13.474000,-0.002627
13.475000,-0.002627
13.476000,-0.002627
13.477000,-0.003260
13.478000,-0.003260
13.479000,-0.002311
13.480000,-0.002627
13.481000,-0.002944
13.482000,-0.002627
13.483000,-0.002944
13.484000,-0.002944
13.485000,-0.002627
13.486000,-0.002944
13.487000,-0.002627
13.488000,-0.002627
13.489000,-0.002627
13.490000,-0.002944
13.491000,-0.002944
13.492000,-0.002944
13.493000,-0.002627
13.494000,-0.002944
13.495000,-0.002944
13.496000,-0.002944
13.497000,-0.002944
13.498000,-0.002627
13.499000,-0.002944
13.500000,-0.002311
13.501000,-0.002627
13.502000,-0.003260
13.503000,-0.002627
13.504000,-0.002944
13.505000,-0.002944
13.506000,-0.002944
13.507000,-0.003260
13.508000,-0.002311
13.509000,-0.003260
13.510000,-0.002944
13.511000,-0.002944
13.512000,-0.003260
13.513000,-0.002944
13.514000,-0.002944
13.515000,-0.002944
13.516000,-0.002627
13.517000,-0.002944
13.518000,-0.002627
13.519000,-0.002944
13.520000,-0.002944
13.521000,-0.002944
13.522000,-0.002627
13.523000,-0.002944
13.524000,-0.002944
13.525000,-0.002627
13.526000,-0.002627
13.527000,-0.002627
13.528000,-0.002627
13.529000,-0.002627
13.530000,-0.002627
13.531000,-0.002627
13.532000,-0.002311
13.533000,-0.002944
13.534000,-0.002311
13.535000,-0.002627
13.536000,-0.002627
13.537000,-0.002627
13.538000,-0.002627
13.539000,-0.002944
13.540000,-0.002311
13.541000,-0.002627
13.542000,-0.002627
13.543000,-0.003260
13.544000,-0.002944
13.545000,-0.002944
13.546000,-0.002627
13.547000,-0.002944
13.548000,-0.002944
13.549000,-0.002627
13.550000,-0.002944
13.551000,-0.002944
13.552000,-0.002944
13.553000,-0.002311
13.554000,-0.002944
13.555000,-0.003260
13.556000,-0.003260
13.557000,-0.003260
13.558000,-0.003260
13.559000,-0.002627
13.560000,-0.002944
13.561000,-0.002944
13.562000,-0.002627
13.563000,-0.002944
13.564000,-0.002627
13.565000,-0.002944
13.566000,-0.002627
13.567000,-0.002311
13.568000,-0.002627
13.569000,-0.002944
13.570000,-0.002627
13.571000,-0.002627
13.572000,-0.002627
13.573000,-0.002944
13.574000,-0.002627
13.575000,-0.002627
13.576000,-0.002944
13.577000,-0.002944
13.578000,-0.002944
13.579000,-0.002944
13.580000,-0.002944
13.581000,-0.002627
13.582000,-0.002944
13.583000,-0.002944
13.584000,-0.002627
13.585000,-0.002944
13.586000,-0.002627
13.587000,-0.002944
13.588000,-0.002627
13.589000,-0.002627
13.590000,-0.003260
13.591000,-0.002627
13.592000,-0.002627
13.593000,-0.002627
13.594000,-0.002627
13.595000,-0.003576
13.596000,-0.003260
13.597000,-0.002627
13.598000,-0.002627
13.599000,-0.002627
13.600000,-0.002627
13.601000,-0.003260
13.602000,-0.002627
13.603000,-0.003260
13.604000,-0.003260
13.605000,-0.002944
13.606000,-0.002944
13.607000,-0.002944
13.608000,-0.003260
13.609000,-0.003260
13.610000,-0.002627
13.611000,-0.002627
13.612000,-0.002627
13.613000,-0.002944
13.614000,-0.002627
13.615000,-0.003260
13.616000,-0.002627
13.617000,-0.002627
13.618000,-0.002627
13.619000,-0.002944
13.620000,-0.002311
13.621000,-0.003260
13.622000,-0.002627
13.623000,-0.003260
13.624000,-0.002627
13.625000,-0.002627
13.626000,-0.002627
13.627000,-0.002944
13.628000,-0.002627
13.629000,-0.002627
13.630000,-0.002311
13.631000,-0.002627
13.632000,-0.002944
13.633000,-0.002311
13.634000,-0.002944
13.635000,-0.002627
13.636000,-0.002627
13.637000,-0.002627
13.638000,-0.002944
13.639000,-0.002627
13.640000,-0.002944
13.641000,-0.003260
13.642000,-0.002627
13.643000,-0.002311
13.644000,-0.002944
13.645000,-0.002944
13.646000,-0.002944
13.647000,-0.002627
13.648000,-0.002627
13.649000,-0.002311
13.650000,-0.002627
13.651000,-0.002627
13.652000,-0.002944
13.653000,-0.002627
13.654000,-0.002944
13.655000,-0.002944
13.656000,-0.002944
13.657000,-0.002627
13.658000,-0.003260
13.659000,-0.003260
13.660000,-0.002627
13.661000,-0.002944
13.662000,-0.002944
13.663000,-0.002627
13.664000,-0.002627
13.665000,-0.002627
13.666000,-0.002627
13.667000,-0.002627
13.668000,-0.002944
13.669000,-0.003260
13.670000,-0.002627
13.671000,-0.002627
13.672000,-0.002944
13.673000,-0.002627
13.674000,-0.002627
13.675000,-0.002627
13.676000,-0.002627
13.677000,-0.002944
13.678000,-0.002627
13.679000,-0.002627
13.680000,-0.003260
13.681000,-0.002627
13.682000,-0.002627
13.683000,-0.002627
13.684000,-0.002944
13.685000,-0.002627
13.686000,-0.002627
13.687000,-0.002627
13.688000,-0.002627
13.689000,-0.002627
13.690000,-0.002627
13.691000,-0.003260
13.692000,-0.002944
13.693000,-0.002627
13.694000,-0.002627
13.695000,-0.002944
13.696000,-0.002944
13.697000,-0.002944
13.698000,-0.002627
13.699000,-0.002627
13.700000,-0.002627
13.701000,-0.003260
13.702000,-0.002627
13.703000,-0.003260
13.704000,-0.003260
13.705000,-0.002627
13.706000,-0.002627
13.707000,-0.002627
13.708000,-0.002627
13.709000,-0.002944
13.710000,-0.002944
13.711000,-0.002627
13.712000,-0.002627
13.713000,-0.002627
13.714000,-0.002627
13.715000,-0.002944
13.716000,-0.002627
13.717000,-0.003260
13.718000,-0.002627
13.719000,-0.003260
13.720000,-0.002944
13.721000,-0.003260
13.722000,-0.002627
13.723000,-0.002627
13.724000,-0.002627
13.725000,-0.002944
13.726000,-0.002627
13.727000,-0.002627
13.728000,-0.002944
13.729000,-0.002944
13.730000,-0.002627
13.731000,-0.002311
13.732000,-0.002627
13.733000,-0.002944
13.734000,-0.002627
13.735000,-0.002944
13.736000,-0.003260
13.737000,-0.002627
13.738000,-0.002944
13.739000,-0.002944
13.740000,-0.002944
13.741000,-0.002944
13.742000,-0.002944
13.743000,-0.002944
13.744000,-0.003260
13.745000,-0.002311
13.746000,-0.002944
13.747000,-0.002944
13.748000,-0.002627
13.749000,-0.002944
13.750000,-0.002944
13.751000,-0.002627
13.752000,-0.002944
13.753000,-0.002944
13.754000,-0.002944
13.755000,-0.002944
13.756000,-0.002944
13.757000,-0.002627
13.758000,-0.002627
13.759000,-0.002944
13.760000,-0.002311
13.761000,-0.002627
13.762000,-0.002944
13.763000,-0.002627
13.764000,-0.002944
13.765000,-0.002944
13.766000,-0.002627
13.767000,-0.002627
13.768000,-0.002627
13.769000,-0.002627
13.770000,-0.002627
13.771000,-0.002627
13.772000,-0.002627
13.773000,-0.002944
13.774000,-0.002944
13.775000,-0.002627
13.776000,-0.002627
13.777000,-0.002944
13.778000,-0.002944
13.779000,-0.002944
13.780000,-0.002627
13.781000,-0.002944
13.782000,-0.002944
13.783000,-0.002944
13.784000,-0.003260
13.785000,-0.002627
13.786000,-0.002627
13.787000,-0.002627
13.788000,-0.002627
13.789000,-0.002944
13.790000,-0.002627
13.791000,-0.002627
13.792000,-0.002627
13.793000,-0.002944
13.794000,-0.002627
13.795000,-0.003260
13.796000,-0.002627
13.797000,-0.002627
13.798000,-0.002627
13.799000,-0.002627
13.800000,-0.003260
13.801000,-0.002311
13.802000,-0.002627
13.803000,-0.002627
13.804000,-0.002627
13.805000,-0.002627
13.806000,-0.002627
13.807000,-0.002627
13.808000,-0.002944
13.809000,-0.002944
13.810000,-0.002944
13.811000,-0.002944
13.812000,-0.002627
13.813000,-0.002627
13.814000,-0.002627
13.815000,-0.002944
13.816000,-0.002627
13.817000,-0.002627
13.818000,-0.002944
13.819000,-0.002627
13.820000,-0.002944
13.821000,-0.003260
13.822000,-0.002627
13.823000,-0.002944
13.824000,-0.002627
13.825000,-0.002944
13.826000,-0.002627
13.827000,-0.002944
13.828000,-0.002944
13.829000,-0.002944
13.830000,-0.002944
13.831000,-0.002944
13.832000,-0.002944
13.833000,-0.002944
13.834000,-0.002944
13.835000,-0.002311
13.836000,-0.002627
13.837000,-0.002944
13.838000,-0.002944
13.839000,-0.002944
13.840000,-0.002627
13.841000,-0.002627
13.842000,-0.002944
13.843000,-0.002944
13.844000,-0.003260
13.845000,-0.002627
13.846000,-0.002627
13.847000,-0.002944
13.848000,-0.002627
13.849000,-0.002627
13.850000,-0.002944
13.851000,-0.002627
13.852000,-0.003576
13.853000,-0.002944
13.854000,-0.002627
13.855000,-0.002627
13.856000,-0.002627
13.857000,-0.003260
13.858000,-0.002944
13.859000,-0.002944
13.860000,-0.002627
13.861000,-0.002944
13.862000,-0.002627
13.863000,-0.002627
13.864000,-0.002944
13.865000,-0.002627
13.866000,-0.002944
13.867000,-0.002627
13.868000,-0.002627
13.869000,-0.002944
13.870000,-0.003260
13.871000,-0.002627
13.872000,-0.002944
13.873000,-0.002944
13.874000,-0.002944
13.875000,-0.002311
13.876000,-0.002944
13.877000,-0.003260
13.878000,-0.002627
13.879000,-0.002627
13.880000,-0.002627
13.881000,-0.003260
13.882000,-0.003260
13.883000,-0.002944
13.884000,-0.002627
13.885000,-0.003260
13.886000,-0.003260
13.887000,-0.002944
13.888000,-0.002944
13.889000,-0.002627
13.890000,-0.002311
13.891000,-0.002627
13.892000,-0.002627
13.893000,-0.002944
13.894000,-0.002627
13.895000,-0.002944
13.896000,-0.002627
13.897000,-0.002627
13.898000,-0.002627
13.899000,-0.002627
13.900000,-0.002944
13.901000,-0.002627
13.902000,-0.002944
13.903000,-0.003260
13.904000,-0.002627
13.905000,-0.002944
13.906000,-0.002627
13.907000,-0.002944
13.908000,-0.002944
13.909000,-0.002944
13.910000,-0.002627
13.911000,-0.002944
13.912000,-0.002627
13.913000,-0.002944
13.914000,-0.002311
13.915000,-0.003260
13.916000,-0.002944
13.917000,-0.002627
13.918000,-0.002627
13.919000,-0.002627
13.920000,-0.002627
13.921000,-0.002627
13.922000,-0.002944
13.923000,-0.002944
13.924000,-0.002627
13.925000,-0.002627
13.926000,-0.003260
13.927000,-0.002944
13.928000,-0.002627
13.929000,-0.003260
13.930000,-0.002944
13.931000,-0.002944
13.932000,-0.002627
13.933000,-0.003260
13.934000,-0.003260
13.935000,-0.002627
13.936000,-0.002944
13.937000,-0.002627
13.938000,-0.002944
13.939000,-0.002627
13.940000,-0.002944
13.941000,-0.003260
13.942000,-0.003260
13.943000,-0.002944
13.944000,-0.002944
13.945000,-0.002627
13.946000,-0.002944
13.947000,-0.002627
13.948000,-0.002627
13.949000,-0.002311
13.950000,-0.002627
13.951000,-0.002944
13.952000,-0.002944
13.953000,-0.002627
13.954000,-0.002627
13.955000,-0.002627
13.956000,-0.002944
13.957000,-0.002944
13.958000,-0.002944
13.959000,-0.002944
13.960000,-0.003260
13.961000,-0.002944
13.962000,-0.002627
13.963000,-0.002627
13.964000,-0.002627
13.965000,-0.002944
13.966000,-0.001995
13.967000,-0.002944
13.968000,-0.002944
13.969000,-0.002627
13.970000,-0.002627
13.971000,-0.002627
13.972000,-0.002944
13.973000,-0.002627
13.974000,-0.002627
13.975000,-0.002944
13.976000,-0.002627
13.977000,-0.002627
13.978000,-0.002627
13.979000,-0.002944
13.980000,-0.002944
13.981000,-0.002944
13.982000,-0.002944
13.983000,-0.002944
13.984000,-0.002944
13.985000,-0.002627
13.986000,-0.002627
13.987000,-0.002627
13.988000,-0.003260
13.989000,-0.002627
13.990000,-0.002627
13.991000,-0.002627
13.992000,-0.003260
13.993000,-0.002627
13.994000,-0.002944
13.995000,-0.002944
13.996000,-0.002944
13.997000,-0.003260
13.998000,-0.003260
13.999000,-0.002627
14.000000,-0.002627
14.001000,-0.003260
14.002000,-0.002944
14.003000,-0.002944
14.004000,-0.002627
14.005000,-0.002944
14.006000,-0.002311
14.007000,-0.002944
14.008000,-0.002944
14.009000,-0.002944
14.010000,-0.002627
14.011000,-0.002944
14.012000,-0.002944
14.013000,-0.002944
14.014000,-0.003260
14.015000,-0.002944
14.016000,-0.003576
14.017000,-0.002627
14.018000,-0.002944
14.019000,-0.002944
14.020000,-0.002944
14.021000,-0.002627
14.022000,-0.002944
14.023000,-0.002627
14.024000,-0.002627
14.025000,-0.002627
14.026000,-0.002627
14.027000,-0.002627
14.028000,-0.002627
14.029000,-0.002944
14.030000,-0.002627
14.031000,-0.002944
14.032000,-0.002944
14.033000,-0.002627
14.034000,-0.002627
14.035000,-0.002627
14.036000,-0.002627
14.037000,-0.002944
14.038000,-0.002627
14.039000,-0.002627
14.040000,-0.003260
14.041000,-0.002944
14.042000,-0.002627
14.043000,-0.002944
14.044000,-0.002627
14.045000,-0.003260
14.046000,-0.002627
14.047000,-0.002627
14.048000,-0.003260
14.049000,-0.002627
14.050000,-0.002944
14.051000,-0.002944
14.052000,-0.002944
14.053000,-0.002627
14.054000,-0.002627
14.055000,-0.002627
14.056000,-0.002627
14.057000,-0.002627
14.058000,-0.002944
14.059000,-0.002627
14.060000,-0.002944
14.061000,-0.002944
14.062000,-0.003260
14.063000,-0.002944
14.064000,-0.002311
14.065000,-0.002627
14.066000,-0.002627
14.067000,-0.002627
14.068000,-0.002944
14.069000,-0.002944
14.070000,-0.002944
14.071000,-0.002627
14.072000,-0.002627
14.073000,-0.002944
14.074000,-0.002944
14.075000,-0.002944
14.076000,-0.002627
14.077000,-0.002944
14.078000,-0.002627
14.079000,-0.002627
14.080000,-0.003260
14.081000,-0.002944
14.082000,-0.002944
14.083000,-0.002627
14.084000,-0.002944
14.085000,-0.002627
14.086000,-0.002627
14.087000,-0.002944
14.088000,-0.002944
14.089000,-0.002627
14.090000,-0.003260
14.091000,-0.002944
14.092000,-0.002627
14.093000,-0.003260
14.094000,-0.002627
14.095000,-0.002627
14.096000,-0.002944
14.097000,-0.002627
14.098000,-0.002627
14.099000,-0.002627
14.100000,-0.002627
14.101000,-0.002944
14.102000,-0.002944
14.103000,-0.002944
14.104000,-0.002627
14.105000,-0.002627
14.106000,-0.002944
14.107000,-0.003260
14.108000,-0.002627
14.109000,-0.002944
14.110000,-0.002944
14.111000,-0.002944
14.112000,-0.002944
14.113000,-0.002627
14.114000,-0.002944
14.115000,-0.002944
14.116000,-0.002627
14.117000,-0.002627
14.118000,-0.002627
14.119000,-0.002944
14.120000,-0.002627
14.121000,-0.002944
14.122000,-0.002944
14.123000,-0.002311
14.124000,-0.002944
14.125000,-0.002944
14.126000,-0.002627
14.127000,-0.002627
14.128000,-0.003260
14.129000,-0.002944
14.130000,-0.002627
14.131000,-0.002627
14.132000,-0.002944
14.133000,-0.002627
14.134000,-0.002944
14.135000,-0.002627
14.136000,-0.002627
14.137000,-0.002627
14.138000,-0.002944
14.139000,-0.002627
14.140000,-0.002944
14.141000,-0.002627
14.142000,-0.002944
14.143000,-0.002627
14.144000,-0.002627
14.145000,-0.002627
14.146000,-0.002944
14.147000,-0.002944
14.148000,-0.002627
14.149000,-0.002944
14.150000,-0.002627
14.151000,-0.002627
14.152000,-0.002944
14.153000,-0.003260
14.154000,-0.002627
14.155000,-0.002944
14.156000,-0.003260
14.157000,-0.002944
14.158000,-0.002627
14.159000,-0.002627
14.160000,-0.002944
14.161000,-0.002944
14.162000,-0.002627
14.163000,-0.002944
14.164000,-0.002944
14.165000,-0.002627
14.166000,-0.002944
14.167000,-0.002944
14.168000,-0.002627
14.169000,-0.002627
14.170000,-0.002627
14.171000,-0.003260
14.172000,-0.002944
14.173000,-0.002627
14.174000,-0.002627
14.175000,-0.002944
14.176000,-0.003260
14.177000,-0.002944
14.178000,-0.002944
14.179000,-0.003260
14.180000,-0.002944
14.181000,-0.003260
14.182000,-0.002944
14.183000,-0.002944
14.184000,-0.002944
14.185000,-0.002627
14.186000,-0.002944
14.187000,-0.003260
14.188000,-0.002627
14.189000,-0.003576
14.190000,-0.002311
14.191000,-0.002944
14.192000,-0.003260
14.193000,-0.002944
14.194000,-0.002627
14.195000,-0.002944
14.196000,-0.002627
14.197000,-0.002627
14.198000,-0.002944
14.199000,-0.002944
14.200000,-0.002627
14.201000,-0.002944
14.202000,-0.002944
14.203000,-0.002944
14.204000,-0.002944
14.205000,-0.003260
14.206000,-0.002627
14.207000,-0.002627
14.208000,-0.002944
14.209000,-0.002627
14.210000,-0.003260
14.211000,-0.002944
14.212000,-0.002627
14.213000,-0.002944
14.214000,-0.002944
14.215000,-0.002627
14.216000,-0.003260
14.217000,-0.002944
14.218000,-0.002627
14.219000,-0.002627
14.220000,-0.002944
14.221000,-0.001995
14.222000,-0.002944
14.223000,-0.002627
14.224000,-0.002944
14.225000,-0.002944
14.226000,-0.002944
14.227000,-0.002627
14.228000,-0.002944
14.229000,-0.002627
14.230000,-0.002944
14.231000,-0.002627
14.232000,-0.003260
14.233000,-0.002944
14.234000,-0.002944
14.235000,-0.002627
14.236000,-0.002944
14.237000,-0.002944
14.238000,-0.002627
14.239000,-0.002944
14.240000,-0.003260
14.241000,-0.002627
14.242000,-0.002627
14.243000,-0.002627
14.244000,-0.002944
14.245000,-0.002627
14.246000,-0.002944
14.247000,-0.002944
14.248000,-0.002627
14.249000,-0.002944
14.250000,-0.002311
14.251000,-0.002627
14.252000,-0.002627
14.253000,-0.002944
14.254000,-0.002627
14.255000,-0.002311
14.256000,-0.002627
14.257000,-0.002627
14.258000,-0.002944
14.259000,-0.002627
14.260000,-0.002944
14.261000,-0.002944
14.262000,-0.002944
14.263000,-0.002311
14.264000,-0.003260
14.265000,-0.003260
14.266000,-0.002944
14.267000,-0.002944
14.268000,-0.002944
14.269000,-0.002627
14.270000,-0.002944
14.271000,-0.002627
14.272000,-0.003260
14.273000,-0.002944
14.274000,-0.002627
14.275000,-0.002944
14.276000,-0.002627
14.277000,-0.002944
14.278000,-0.002944
14.279000,-0.002627
14.280000,-0.002944
14.281000,-0.002627
14.282000,-0.002627
14.283000,-0.002627
14.284000,-0.002944
14.285000,-0.002944
14.286000,-0.002944
14.287000,-0.002944
14.288000,-0.002627
14.289000,-0.002627
14.290000,-0.002627
14.291000,-0.002627
14.292000,-0.002944
14.293000,-0.002944
14.294000,-0.002944
14.295000,-0.002944
14.296000,-0.002627
14.297000,-0.002311
14.298000,-0.002944
14.299000,-0.002944
14.300000,-0.002627
14.301000,-0.002627
14.302000,-0.002627
14.303000,-0.002311
14.304000,-0.003260
14.305000,-0.002944
14.306000,-0.002627
14.307000,-0.002627
14.308000,-0.003260
14.309000,-0.002944
14.310000,-0.003260
14.311000,-0.002944
14.312000,-0.003260
14.313000,-0.003576
14.314000,-0.002627
14.315000,-0.002944
14.316000,-0.002311
14.317000,-0.002627
14.318000,-0.002627
14.319000,-0.002627
14.320000,-0.002944
14.321000,-0.002627
14.322000,-0.002944
14.323000,-0.003260
14.324000,-0.002944
14.325000,-0.002944
14.326000,-0.002311
14.327000,-0.002944
14.328000,-0.002944
14.329000,-0.002944
14.330000,-0.002627
14.331000,-0.003260
14.332000,-0.002944
14.333000,-0.002627
14.334000,-0.002627
14.335000,-0.002627
14.336000,-0.002944
14.337000,-0.002944
14.338000,-0.002944
14.339000,-0.002944
14.340000,-0.002944
14.341000,-0.002627
14.342000,-0.002944
14.343000,-0.002944
14.344000,-0.002944
14.345000,-0.002627
14.346000,-0.002944
14.347000,-0.002627
14.348000,-0.002944
14.349000,-0.002627
14.350000,-0.002944
14.351000,-0.002311
14.352000,-0.002944
14.353000,-0.002944
14.354000,-0.002944
14.355000,-0.002627
14.356000,-0.002627
14.357000,-0.002627
14.358000,-0.002627
14.359000,-0.002627
14.360000,-0.002944
14.361000,-0.002627
14.362000,-0.002944
14.363000,-0.002627
14.364000,-0.002627
14.365000,-0.002627
14.366000,-0.002627
14.367000,-0.002627
14.368000,-0.002944
14.369000,-0.002944
14.370000,-0.002627
14.371000,-0.002627
14.372000,-0.002944
14.373000,-0.002944
14.374000,-0.002627
14.375000,-0.002944
14.376000,-0.002944
14.377000,-0.002944
14.378000,-0.002627
14.379000,-0.002944
14.380000,-0.002627
14.381000,-0.002627
14.382000,-0.002944
14.383000,-0.002944
14.384000,-0.002944
14.385000,-0.002944
14.386000,-0.002627
14.387000,-0.002944
14.388000,-0.002944
14.389000,-0.002627
14.390000,-0.002944
14.391000,-0.003260
14.392000,-0.002944
14.393000,-0.002311
14.394000,-0.002627
14.395000,-0.002944
14.396000,-0.002627
14.397000,-0.002311
14.398000,-0.002627
14.399000,-0.002944
14.400000,-0.002944
14.401000,-0.002627
14.402000,-0.002627
14.403000,-0.002627
14.404000,-0.002627
14.405000,-0.002627
14.406000,-0.002944
14.407000,-0.002627
14.408000,-0.002944
14.409000,-0.002627
14.410000,-0.002944
14.411000,-0.002944
14.412000,-0.002944
14.413000,-0.002944
14.414000,-0.002944
14.415000,-0.002627
14.416000,-0.002944
14.417000,-0.002944
14.418000,-0.002627
14.419000,-0.002627
14.420000,-0.003260
14.421000,-0.002627
14.422000,-0.002311
14.423000,-0.002627
14.424000,-0.002944
14.425000,-0.002627
14.426000,-0.002944
14.427000,-0.002627
14.428000,-0.003260
14.429000,-0.002627
14.430000,-0.002627
14.431000,-0.002944
14.432000,-0.002627
14.433000,-0.002944
14.434000,-0.002627
14.435000,-0.002311
14.436000,-0.002627
14.437000,-0.003260
14.438000,-0.002944
14.439000,-0.002944
14.440000,-0.002944
14.441000,-0.002627
14.442000,-0.002627
14.443000,-0.002627
14.444000,-0.002627
14.445000,-0.002627
14.446000,-0.002627
14.447000,-0.002311
14.448000,-0.002944
14.449000,-0.002627
14.450000,-0.002944
14.451000,-0.002627
14.452000,-0.002627
14.453000,-0.002627
14.454000,-0.002311
14.455000,-0.002627
14.456000,-0.002627
14.457000,-0.002627
14.458000,-0.002944
14.459000,-0.002311
14.460000,-0.002944
14.461000,-0.002627
14.462000,-0.002627
14.463000,-0.002944
14.464000,-0.002627
14.465000,-0.002627
14.466000,-0.002627
14.467000,-0.002627
14.468000,-0.002944
14.469000,-0.002627
14.470000,-0.002627
14.471000,-0.002944
14.472000,-0.003260
14.473000,-0.002627
14.474000,-0.002627
14.475000,-0.002627
14.476000,-0.002627
14.477000,-0.002627
14.478000,-0.003260
14.479000,-0.002627
14.480000,-0.002944
14.481000,-0.002944
14.482000,-0.002627
14.483000,-0.002944
14.484000,-0.002627
14.485000,-0.002944
14.486000,-0.002944
14.487000,-0.002944
14.488000,-0.002944
14.489000,-0.002627
14.490000,-0.002944
14.491000,-0.002627
14.492000,-0.002944
14.493000,-0.002944
14.494000,-0.002627
14.495000,-0.003260
14.496000,-0.002944
14.497000,-0.002944
14.498000,-0.002627
14.499000,-0.002627
14.500000,-0.002944
14.501000,-0.002627
14.502000,-0.002944
14.503000,-0.002627
14.504000,-0.002311
14.505000,-0.002311
14.506000,-0.002944
14.507000,-0.002627
14.508000,-0.002944
14.509000,-0.002627
14.510000,-0.002944
14.511000,-0.002944
14.512000,-0.002944
14.513000,-0.002944
14.514000,-0.002627
14.515000,-0.002627
14.516000,-0.002627
14.517000,-0.002944
14.518000,-0.002944
14.519000,-0.002944
14.520000,-0.002627
14.521000,-0.003260
14.522000,-0.002944
14.523000,-0.002944
14.524000,-0.002944
14.525000,-0.002944
14.526000,-0.002944
14.527000,-0.002944
14.528000,-0.003260
14.529000,-0.002627
14.530000,-0.002627
14.531000,-0.002944
14.532000,-0.002944
14.533000,-0.002627
14.534000,-0.002627
14.535000,-0.002627
14.536000,-0.002944
14.537000,-0.002944
14.538000,-0.002627
14.539000,-0.002627
14.540000,-0.002944
14.541000,-0.002627
14.542000,-0.002627
14.543000,-0.002627
14.544000,-0.002311
14.545000,-0.002627
14.546000,-0.002627
14.547000,-0.002944
14.548000,-0.002944
14.549000,-0.002627
14.550000,-0.002627
14.551000,-0.002627
14.552000,-0.003260
14.553000,-0.002627
14.554000,-0.002944
14.555000,-0.002627
14.556000,-0.003260
14.557000,-0.002944
14.558000,-0.002944
14.559000,-0.002627
14.560000,-0.002627
14.561000,-0.002627
14.562000,-0.002627
14.563000,-0.003260
14.564000,-0.002944
14.565000,-0.002627
14.566000,-0.002944
14.567000,-0.002627
14.568000,-0.002944
14.569000,-0.002944
14.570000,-0.002627
14.571000,-0.002627
14.572000,-0.002627
14.573000,-0.002944
14.574000,-0.002944
14.575000,-0.002627
14.576000,-0.002311
14.577000,-0.002944
14.578000,-0.002944
14.579000,-0.002627
14.580000,-0.002627
14.581000,-0.002944
14.582000,-0.002311
14.583000,-0.002944
14.584000,-0.002627
14.585000,-0.002944
14.586000,-0.002627
14.587000,-0.003260
14.588000,-0.002944
14.589000,-0.002627
14.590000,-0.002627
14.591000,-0.002944
14.592000,-0.002627
14.593000,-0.002944
14.594000,-0.002627
14.595000,-0.002944
14.596000,-0.002944
14.597000,-0.003260
14.598000,-0.002627
14.599000,-0.002627
14.600000,-0.002627
14.601000,-0.002627
14.602000,-0.002627
14.603000,-0.002944
14.604000,-0.002944
14.605000,-0.002627
14.606000,-0.002311
14.607000,-0.002627
14.608000,-0.002944
14.609000,-0.003260
14.610000,-0.002944
14.611000,-0.002944
14.612000,-0.002627
14.613000,-0.002944
14.614000,-0.002627
14.615000,-0.002311
14.616000,-0.002944
14.617000,-0.002944
14.618000,-0.002944
14.619000,-0.002944
14.620000,-0.002944
14.621000,-0.002627
14.622000,-0.002627
14.623000,-0.002944
14.624000,-0.002627
14.625000,-0.002627
14.626000,-0.003260
14.627000,-0.003260
14.628000,-0.002944
14.629000,-0.002627
14.630000,-0.002311
14.631000,-0.002627
14.632000,-0.002944
14.633000,-0.002627
14.634000,-0.002311
14.635000,-0.003260
14.636000,-0.002627
14.637000,-0.002944
14.638000,-0.002627
14.639000,-0.002944
14.640000,-0.002944
14.641000,-0.002944
14.642000,-0.002944
14.643000,-0.002627
14.644000,-0.002627
14.645000,-0.002627
14.646000,-0.003260
14.647000,-0.002627
14.648000,-0.003260
14.649000,-0.002627
14.650000,-0.002311
14.651000,-0.002944
14.652000,-0.002627
14.653000,-0.003260
14.654000,-0.002944
14.655000,-0.002627
14.656000,-0.002627
14.657000,-0.002627
14.658000,-0.002627
14.659000,-0.002944
14.660000,-0.002311
14.661000,-0.002944
14.662000,-0.002627
14.663000,-0.002944
14.664000,-0.002627
14.665000,-0.002944
14.666000,-0.003260
14.667000,-0.002627
14.668000,-0.003260
14.669000,-0.002627
14.670000,-0.002944
14.671000,-0.002311
14.672000,-0.002627
14.673000,-0.002627
14.674000,-0.003260
14.675000,-0.002627
14.676000,-0.002944
14.677000,-0.002627
14.678000,-0.003260
14.679000,-0.002311
14.680000,-0.002944
14.681000,-0.002944
14.682000,-0.002627
14.683000,-0.002944
14.684000,-0.002627
14.685000,-0.002944
14.686000,-0.002944
14.687000,-0.003260
14.688000,-0.002944
14.689000,-0.002944
14.690000,-0.002627
14.691000,-0.002311
14.692000,-0.002944
14.693000,-0.002944
14.694000,-0.002311
14.695000,-0.002627
14.696000,-0.002311
14.697000,-0.002944
14.698000,-0.002944
14.699000,-0.002944
14.700000,-0.002627
14.701000,-0.002944
14.702000,-0.002944
14.703000,-0.002627
14.704000,-0.002627
14.705000,-0.002627
14.706000,-0.002944
14.707000,-0.002944
14.708000,-0.003260
14.709000,-0.002627
14.710000,-0.002627
14.711000,-0.002627
14.712000,-0.002627
14.713000,-0.002627
14.714000,-0.002944
14.715000,-0.002627
14.716000,-0.002944
14.717000,-0.002627
14.718000,-0.002627
14.719000,-0.001995
14.720000,-0.002627
14.721000,-0.002311
14.722000,-0.002627
14.723000,-0.002627
14.724000,-0.002627
14.725000,-0.002627
14.726000,-0.002311
14.727000,-0.002627
14.728000,-0.002627
14.729000,-0.002944
14.730000,-0.002944
14.731000,-0.003260
14.732000,-0.002627
14.733000,-0.002627
14.734000,-0.002627
14.735000,-0.002944
14.736000,-0.002944
14.737000,-0.002627
14.738000,-0.002311
14.739000,-0.002311
14.740000,-0.002627
14.741000,-0.002627
14.742000,-0.002627
14.743000,-0.002944
14.744000,-0.002627
14.745000,-0.002311
14.746000,-0.002627
14.747000,-0.002627
14.748000,-0.002311
14.749000,-0.002311
14.750000,-0.002627
14.751000,-0.002627
14.752000,-0.002944
14.753000,-0.002627
14.754000,-0.002627
14.755000,-0.002627
14.756000,-0.002944
14.757000,-0.002311
14.758000,-0.002627
14.759000,-0.002311
14.760000,-0.002311
14.761000,-0.002627
14.762000,-0.002627
14.763000,-0.002627
14.764000,-0.002944
14.765000,-0.002627
14.766000,-0.002627
14.767000,-0.002311
14.768000,-0.002627
14.769000,-0.002311
14.770000,-0.002944
14.771000,-0.002627
14.772000,-0.002944
14.773000,-0.002627
14.774000,-0.002627
14.775000,-0.002627
14.776000,-0.002944
14.777000,-0.002627
14.778000,-0.002944
14.779000,-0.002627
14.780000,-0.002944
14.781000,-0.002311
14.782000,-0.002944
14.783000,-0.002627
14.784000,-0.002627
14.785000,-0.002944
14.786000,-0.002627
14.787000,-0.002627
14.788000,-0.002627
14.789000,-0.002627
14.790000,-0.002627
14.791000,-0.002944
14.792000,-0.002627
14.793000,-0.002627
14.794000,-0.002627
14.795000,-0.002627
14.796000,-0.002627
14.797000,-0.002627
14.798000,-0.002627
14.799000,-0.002627
14.800000,-0.003260
14.801000,-0.002627
14.802000,-0.002627
14.803000,-0.001995
14.804000,-0.002627
14.805000,-0.002627
14.806000,-0.002944
14.807000,-0.003260
14.808000,-0.002944
14.809000,-0.002627
14.810000,-0.002627
14.811000,-0.002627
14.812000,-0.001995
14.813000,-0.002944
14.814000,-0.002944
14.815000,-0.002627
14.816000,-0.002627
14.817000,-0.002627
14.818000,-0.002627
14.819000,-0.002627
14.820000,-0.002627
14.821000,-0.002944
14.822000,-0.002627
14.823000,-0.002944
14.824000,-0.002627
14.825000,-0.002627
14.826000,-0.002627
14.827000,-0.002627
14.828000,-0.002627
14.829000,-0.002627
14.830000,-0.002311
14.831000,-0.002944
14.832000,-0.002627
14.833000,-0.002627
14.834000,-0.002627
14.835000,-0.002944
14.836000,-0.001995
14.837000,-0.002627
14.838000,-0.002627
14.839000,-0.002944
14.840000,-0.002944
14.841000,-0.002311
14.842000,-0.002627
14.843000,-0.002944
14.844000,-0.002627
14.845000,-0.002627
14.846000,-0.002627
14.847000,-0.002627
14.848000,-0.002944
14.849000,-0.002627
14.850000,-0.002627
14.851000,-0.002627
14.852000,-0.002627
14.853000,-0.002627
14.854000,-0.002627
14.855000,-0.002944
14.856000,-0.002627
14.857000,-0.002944
14.858000,-0.002627
14.859000,-0.002311
14.860000,-0.002944
14.861000,-0.002627
14.862000,-0.002627
14.863000,-0.002627
14.864000,-0.002311
14.865000,-0.002627
14.866000,-0.002311
14.867000,-0.002627
14.868000,-0.002627
14.869000,-0.002311
14.870000,-0.002627
14.871000,-0.002627
14.872000,-0.002627
14.873000,-0.002627
14.874000,-0.001995
14.875000,-0.002627
14.876000,-0.002311
14.877000,-0.002311
14.878000,-0.002311
14.879000,-0.002627
14.880000,-0.001995
14.881000,-0.002627
14.882000,-0.002311
14.883000,-0.002311
14.884000,-0.002311
14.885000,-0.002311
14.886000,-0.002311
14.887000,-0.002627
14.888000,-0.002311
14.889000,-0.002627
14.890000,-0.002311
14.891000,-0.002311
14.892000,-0.002627
14.893000,-0.002627
14.894000,-0.002627
14.895000,-0.002311
14.896000,-0.002627
14.897000,-0.002311
14.898000,-0.002311
14.899000,-0.002627
14.900000,-0.001995
14.901000,-0.002627
14.902000,-0.002311
14.903000,-0.002627
14.904000,-0.002627
14.905000,-0.002311
14.906000,-0.002944
14.907000,-0.002311
14.908000,-0.002627
14.909000,-0.002627
14.910000,-0.002627
14.911000,-0.002627
14.912000,-0.002627
14.913000,-0.001995
14.914000,-0.002311
14.915000,-0.002311
14.916000,-0.002311
14.917000,-0.002311
14.918000,-0.002311
14.919000,-0.002311
14.920000,-0.002627
14.921000,-0.002627
14.922000,-0.002627
14.923000,-0.002627
14.924000,-0.002627
14.925000,-0.002311
14.926000,-0.002627
14.927000,-0.002627
14.928000,-0.002627
14.929000,-0.002627
14.930000,-0.002627
14.931000,-0.001995
14.932000,-0.002627
14.933000,-0.002627
14.934000,-0.002311
14.935000,-0.002627
14.936000,-0.002627
14.937000,-0.002944
14.938000,-0.002311
14.939000,-0.001995
14.940000,-0.002627
14.941000,-0.001995
14.942000,-0.002627
14.943000,-0.002311
14.944000,-0.002944
14.945000,-0.002627
14.946000,-0.002311
14.947000,-0.002627
14.948000,-0.002627
14.949000,-0.002627
14.950000,-0.002627
14.951000,-0.002627
14.952000,-0.002627
14.953000,-0.002311
14.954000,-0.001995
14.955000,-0.002311
14.956000,-0.002311
14.957000,-0.002627
14.958000,-0.002311
14.959000,-0.002627
14.960000,-0.002627
14.961000,-0.002627
14.962000,-0.002627
14.963000,-0.002627
14.964000,-0.002311
14.965000,-0.002627
14.966000,-0.002311
14.967000,-0.002627
14.968000,-0.001995
14.969000,-0.002311
14.970000,-0.002627
14.971000,-0.002311
14.972000,-0.002627
14.973000,-0.002311
14.974000,-0.002311
14.975000,-0.002627
14.976000,-0.002311
14.977000,-0.002627
14.978000,-0.002311
14.979000,-0.002311
14.980000,-0.002311
14.981000,-0.002311
14.982000,-0.002627
14.983000,-0.002311
14.984000,-0.002311
14.985000,-0.002627
14.986000,-0.002311
14.987000,-0.002311
14.988000,-0.002627
14.989000,-0.002944
14.990000,-0.002627
14.991000,-0.002311
14.992000,-0.002311
14.993000,-0.002627
14.994000,-0.002627
14.995000,-0.002311
14.996000,-0.002944
14.997000,-0.002311
14.998000,-0.002311
14.999000,-0.002627
15.000000,-0.002311
15.001000,-0.002627
15.002000,-0.002627
15.003000,-0.002627
15.004000,-0.002311
15.005000,-0.002627
15.006000,-0.002627
15.007000,-0.002627
15.008000,-0.001995
15.009000,-0.002627
15.010000,-0.002311
15.011000,-0.002627
15.012000,-0.002627
15.013000,-0.002311
15.014000,-0.002311
15.015000,-0.002311
15.016000,-0.001995
15.017000,-0.002627
15.018000,-0.002311
15.019000,-0.002627
15.020000,-0.002627
15.021000,-0.002311
15.022000,-0.002311
15.023000,-0.002627
15.024000,-0.002311
15.025000,-0.002311
15.026000,-0.002627
15.027000,-0.002627
15.028000,-0.002627
15.029000,-0.002311
15.030000,-0.002627
15.031000,-0.001995
15.032000,-0.002311
15.033000,-0.001995
15.034000,-0.001995
15.035000,-0.002311
15.036000,-0.002627
15.037000,-0.002311
15.038000,-0.002311
15.039000,-0.001995
15.040000,-0.001995
15.041000,-0.002311
15.042000,-0.001995
15.043000,-0.002311
15.044000,-0.001995
15.045000,-0.001995
15.046000,-0.001678
15.047000,-0.002627
15.048000,-0.001995
15.049000,-0.001995
15.050000,-0.001995
15.051000,-0.001678
15.052000,-0.002311
15.053000,-0.002311
15.054000,-0.001995
15.055000,-0.002311
15.056000,-0.001995
15.057000,-0.002311
15.058000,-0.001678
15.059000,-0.002311
15.060000,-0.001995
15.061000,-0.001045
15.062000,-0.001678
15.063000,-0.001678
15.064000,-0.001995
15.065000,-0.001995
15.066000,-0.001995
15.067000,-0.001995
15.068000,-0.001995
15.069000,-0.001995
15.070000,-0.001995
15.071000,-0.001678
15.072000,-0.001995
15.073000,-0.002311
15.074000,-0.001995
15.075000,-0.001995
15.076000,-0.002311
15.077000,-0.001995
15.078000,-0.001678
15.079000,-0.001362
15.080000,-0.002311
15.081000,-0.001362
15.082000,-0.001995
15.083000,-0.001678
15.084000,-0.001995
15.085000,-0.002311
15.086000,-0.001678
15.087000,-0.001678
15.088000,-0.001678
15.089000,-0.001678
15.090000,-0.001995
15.091000,-0.001362
15.092000,-0.001678
15.093000,-0.001995
15.094000,-0.001678
15.095000,-0.001362
15.096000,-0.001678
15.097000,-0.001362
15.098000,-0.001995
15.099000,-0.001362
15.100000,-0.001362
15.101000,-0.001362
15.102000,-0.001678
15.103000,-0.001362
15.104000,-0.001678
15.105000,-0.001045
15.106000,-0.001362
15.107000,-0.001045
15.108000,-0.001362
15.109000,-0.001678
15.110000,-0.001362
15.111000,-0.001362
15.112000,-0.001678
15.113000,-0.000729
15.114000,-0.001045
15.115000,-0.001362
15.116000,-0.001362
15.117000,-0.000729
15.118000,-0.000729
15.119000,-0.001362
15.120000,-0.001678
15.121000,-0.001362
15.122000,-0.001362
15.123000,-0.001045
15.124000,-0.001362
15.125000,-0.001362
15.126000,-0.001362
15.127000,-0.001362
15.128000,-0.001045
15.129000,-0.001362
15.130000,-0.001045
15.131000,-0.001362
15.132000,-0.000729
15.133000,-0.001045
15.134000,-0.001045
15.135000,-0.001362
15.136000,-0.000413
15.137000,-0.001045
15.138000,-0.000729
15.139000,-0.001362
15.140000,-0.001045
15.141000,-0.001045
15.142000,-0.000729
15.143000,-0.001045
15.144000,-0.001045
15.145000,-0.000729
15.146000,-0.000729
15.147000,-0.001045
15.148000,-0.001045
15.149000,-0.001362
15.150000,-0.001045
15.151000,-0.000729
15.152000,-0.000729
15.153000,-0.000729
15.154000,-0.000729
15.155000,-0.000729
15.156000,-0.000729
15.157000,-0.001045
15.158000,-0.000729
15.159000,-0.000729
15.160000,-0.000729
15.161000,-0.000413
15.162000,-0.000729
15.163000,-0.000729
15.164000,-0.001045
15.165000,-0.001362
15.166000,-0.000729
15.167000,-0.000729
15.168000,-0.000729
15.169000,-0.000413
15.170000,-0.000729
15.171000,-0.000729
15.172000,-0.000729
15.173000,-0.000729
15.174000,-0.000729
15.175000,-0.000729
15.176000,-0.000729
15.177000,-0.000413
15.178000,-0.000729
15.179000,-0.001045
15.180000,-0.000729
15.181000,-0.000413
15.182000,-0.000413
15.183000,-0.000729
15.184000,-0.001045
15.185000,-0.000413
15.186000,-0.000729
15.187000,-0.000413
15.188000,-0.000413
15.189000,-0.001045
15.190000,-0.000729
15.191000,-0.000413
15.192000,-0.000413
15.193000,-0.000729
15.194000,-0.000413
15.195000,-0.000729
15.196000,-0.000413
15.197000,-0.000729
15.198000,-0.000096
15.199000,-0.000729
15.200000,-0.000729
15.201000,-0.000413
15.202000,-0.000413
15.203000,-0.000096
15.204000,-0.000413
15.205000,-0.000413
15.206000,-0.001045
15.207000,-0.000413
15.208000,-0.000413
15.209000,-0.001362
15.210000,-0.000413
15.211000,-0.000729
15.212000,-0.000729
15.213000,-0.000729
15.214000,-0.000413
15.215000,-0.000729
15.216000,-0.000729
15.217000,-0.000729
15.218000,-0.000413
15.219000,-0.000413
15.220000,-0.000413
15.221000,-0.000413
15.222000,-0.000413
15.223000,-0.000729
15.224000,-0.000413
15.225000,-0.000413
15.226000,-0.000729
15.227000,-0.000096
15.228000,-0.000729
15.229000,-0.000413
15.230000,-0.000413
15.231000,-0.000096
15.232000,-0.000413
15.233000,-0.000413
15.234000,-0.000096
15.235000,-0.000413
15.236000,-0.000413
15.237000,-0.000413
15.238000,-0.000729
15.239000,-0.000413
15.240000,-0.000413
15.241000,-0.000096
15.242000,-0.000096
15.243000,-0.000413
15.244000,-0.000729
15.245000,-0.000096
15.246000,-0.000096
15.247000,-0.000413
15.248000,-0.000096
15.249000,-0.000096
15.250000,-0.000413
15.251000,-0.000413
15.252000,-0.000729
15.253000,-0.000096
15.254000,-0.000096
15.255000,-0.000413
15.256000,-0.000729
15.257000,-0.000413
15.258000,-0.000413
15.259000,-0.000413
15.260000,-0.000096
15.261000,-0.000413
15.262000,-0.000729
15.263000,-0.000096
15.264000,-0.000096
15.265000,-0.000413
15.266000,-0.000729
15.267000,-0.000413
15.268000,-0.000096
15.269000,-0.000096
15.270000,-0.000096
15.271000,-0.000413
15.272000,-0.000413
15.273000,-0.000096
15.274000,-0.000096
15.275000,-0.000729
15.276000,-0.000413
15.277000,0.000220
15.278000,-0.000729
15.279000,-0.000413
15.280000,-0.000729
15.281000,0.000220
15.282000,-0.000413
15.283000,-0.000413
15.284000,-0.000096
15.285000,-0.000413
15.286000,-0.000413
15.287000,-0.000413
15.288000,-0.000729
15.289000,-0.000413
15.290000,0.000220
15.291000,-0.000096
15.292000,-0.000413
15.293000,0.000220
15.294000,-0.000413
15.295000,-0.000096
15.296000,-0.000413
15.297000,-0.000096
15.298000,-0.000096
15.299000,-0.000413
15.300000,-0.000096
15.301000,-0.000096
15.302000,-0.000729
15.303000,-0.000096
15.304000,-0.000096
15.305000,-0.000096
15.306000,-0.000413
15.307000,-0.000413
15.308000,-0.000729
15.309000,-0.000096
15.310000,-0.000096
15.311000,-0.000096
15.312000,-0.000096
15.313000,-0.000096
15.314000,-0.000413
15.315000,-0.000096
15.316000,-0.000413
15.317000,-0.000096
15.318000,-0.000413
15.319000,-0.000729
15.320000,-0.000729
15.321000,-0.000413
15.322000,-0.000096
15.323000,-0.000096
15.324000,0.000220
15.325000,-0.000729
15.326000,-0.000096
15.327000,-0.000729
15.328000,-0.000413
15.329000,-0.000413
15.330000,-0.000096
15.331000,-0.000413
15.332000,-0.000096
15.333000,-0.000096
15.334000,-0.000096
15.335000,-0.000413
15.336000,0.000220
15.337000,-0.000096
15.338000,-0.000096
15.339000,-0.000096
15.340000,-0.000096
15.341000,-0.000096
15.342000,-0.000096
15.343000,-0.000413
15.344000,-0.000096
15.345000,-0.000096
15.346000,-0.000413
15.347000,-0.000096
15.348000,-0.000413
15.349000,-0.000729
15.350000,-0.000096
15.351000,-0.000413
15.352000,-0.000096
15.353000,-0.000096
15.354000,-0.000413
15.355000,-0.000413
15.356000,-0.000413
15.357000,0.000220
15.358000,-0.000096
15.359000,-0.000096
15.360000,-0.000096
15.361000,-0.000096
15.362000,-0.000096
15.363000,-0.000096
15.364000,-0.000096
15.365000,0.000536
15.366000,-0.000413
15.367000,-0.000096
15.368000,-0.000096
15.369000,0.000536
15.370000,-0.000096
15.371000,-0.000096
15.372000,-0.000096
15.373000,-0.000096
15.374000,-0.000096
15.375000,-0.000413
15.376000,-0.000096
15.377000,-0.000413
15.378000,-0.000096
15.379000,-0.000096
15.380000,-0.000729
15.381000,-0.000413
15.382000,-0.000413
15.383000,-0.000096
15.384000,-0.000413
15.385000,-0.000413
15.386000,-0.000413
15.387000,-0.000096
15.388000,-0.000096
15.389000,-0.000096
15.390000,-0.000096
15.391000,-0.000096
15.392000,0.000220
15.393000,-0.000413
15.394000,-0.000096
15.395000,-0.000096
15.396000,-0.000096
15.397000,-0.000413
15.398000,-0.000096
15.399000,-0.000096
15.400000,-0.000096
15.401000,-0.000096
15.402000,-0.000413
15.403000,-0.000096
15.404000,-0.000413
15.405000,0.000220
15.406000,-0.000413
15.407000,-0.000413
15.408000,-0.000096
15.409000,-0.000096
15.410000,-0.000096
15.411000,0.000220
15.412000,-0.000729
15.413000,-0.000096
15.414000,0.000220
15.415000,-0.000096
15.416000,-0.000096
15.417000,-0.000096
15.418000,-0.000096
15.419000,-0.000096
15.420000,-0.000096
15.421000,-0.000096
15.422000,-0.000096
15.423000,-0.000413
15.424000,0.000220
15.425000,-0.000096
15.426000,-0.000096
15.427000,-0.000096
15.428000,-0.000413
15.429000,-0.000413
15.430000,-0.000096
15.431000,-0.000413
15.432000,-0.000096
15.433000,-0.000729
15.434000,-0.000096
15.435000,-0.000413
15.436000,0.000220
15.437000,-0.000096
15.438000,-0.000096
15.439000,-0.000096
15.440000,0.000220
15.441000,-0.000096
15.442000,0.000220
15.443000,-0.000096
15.444000,-0.000096
15.445000,0.000536
15.446000,-0.000096
15.447000,0.000220
15.448000,-0.000413
15.449000,-0.000096
15.450000,-0.000413
15.451000,0.000220
15.452000,-0.000413
15.453000,-0.000096
15.454000,-0.000413
15.455000,0.000220
15.456000,-0.000096
15.457000,0.000220
15.458000,-0.000096
15.459000,-0.000096
15.460000,-0.000096
15.461000,-0.000096
15.462000,-0.000096
15.463000,-0.000096
15.464000,-0.000096
15.465000,-0.000096
15.466000,-0.000096
15.467000,-0.000096
15.468000,-0.000729
15.469000,-0.000413
15.470000,-0.000413
15.471000,-0.000096
15.472000,-0.000096
15.473000,0.000536
15.474000,-0.000096
15.475000,-0.000096
15.476000,-0.000096
15.477000,-0.000096
15.478000,-0.000096
15.479000,-0.000096
15.480000,-0.000096
15.481000,-0.000413
15.482000,-0.000096
15.483000,-0.000096
15.484000,-0.000096
15.485000,-0.000096
15.486000,-0.000096
15.487000,-0.000729
15.488000,-0.000413
15.489000,-0.000096
15.490000,-0.000096
15.491000,-0.000096
15.492000,-0.000096
15.493000,0.000220
15.494000,-0.000096
15.495000,-0.000096
15.496000,-0.000413
15.497000,-0.000096
15.498000,-0.000096
15.499000,-0.000729
15.500000,-0.000413
15.501000,-0.000413
15.502000,-0.000096
15.503000,-0.000413
15.504000,-0.000096
15.505000,-0.000096
15.506000,-0.000096
15.507000,-0.000096
15.508000,-0.000096
15.509000,-0.000096
15.510000,-0.000413
15.511000,-0.000096
15.512000,0.000220
15.513000,0.000536
15.514000,-0.000096
15.515000,-0.000096
15.516000,-0.000096
15.517000,-0.000096
15.518000,-0.000096
15.519000,-0.000096
15.520000,-0.000096
15.521000,-0.000413
15.522000,-0.000096
15.523000,-0.000096
15.524000,-0.000096
15.525000,0.000220
15.526000,-0.000413
15.527000,-0.000096
15.528000,0.000220
15.529000,-0.000096
15.530000,-0.000413
15.531000,-0.000096
15.532000,-0.000096
15.533000,-0.000413
15.534000,-0.000096
15.535000,-0.000096
15.536000,-0.000096
15.537000,-0.000096
15.538000,-0.000096
15.539000,-0.000413
15.540000,-0.000096
15.541000,-0.000413
15.542000,-0.000096
15.543000,-0.000413
15.544000,-0.000096
15.545000,-0.000096
15.546000,-0.000096
15.547000,0.000220
15.548000,-0.000413
15.549000,-0.000096
15.550000,-0.000413
15.551000,-0.000096
15.552000,-0.000096
15.553000,-0.000096
15.554000,-0.000413
15.555000,-0.000096
15.556000,-0.000413
15.557000,-0.000096
15.558000,-0.000729
15.559000,-0.000096
15.560000,-0.000413
15.561000,-0.000096
15.562000,0.000220
15.563000,-0.000096
15.564000,0.000220
15.565000,-0.000413
15.566000,0.000220
15.567000,-0.000096
15.568000,-0.000413
15.569000,-0.000729
15.570000,0.000220
15.571000,-0.000413
15.572000,-0.000413
15.573000,-0.000096
15.574000,-0.000413
15.575000,-0.000096
15.576000,-0.000096
15.577000,-0.000096
15.578000,-0.000096
15.579000,-0.000096
15.580000,-0.000413
15.581000,-0.000096
15.582000,0.000220
15.583000,-0.000096
15.584000,-0.000096
15.585000,-0.000413
15.586000,-0.000413
15.587000,-0.000413
15.588000,-0.000096
15.589000,-0.000096
15.590000,-0.000729
15.591000,-0.000096
15.592000,-0.000096
15.593000,-0.000096
15.594000,-0.000096
15.595000,-0.000413
15.596000,-0.000096
15.597000,-0.000096
15.598000,0.000220
15.599000,-0.000096
15.600000,-0.000413
15.601000,-0.000413
15.602000,0.000536
15.603000,-0.000096
15.604000,-0.000096
15.605000,0.000220
15.606000,-0.000096
15.607000,0.000220
15.608000,-0.000096
15.609000,-0.000096
15.610000,-0.000096
15.611000,0.000220
15.612000,-0.000096
15.613000,-0.000413
15.614000,-0.000096
15.615000,-0.000096
15.616000,-0.000096
15.617000,-0.000413
15.618000,-0.000096
15.619000,-0.000096
15.620000,-0.000413
15.621000,0.000220
15.622000,-0.000729
15.623000,-0.000729
15.624000,-0.000096
15.625000,-0.000729
15.626000,-0.000413
15.627000,0.000220
15.628000,-0.000413
15.629000,0.000220
15.630000,-0.000413
15.631000,-0.000096
15.632000,-0.000096
15.633000,-0.000096
15.634000,-0.000096
15.635000,0.000220
15.636000,-0.000096
15.637000,-0.000413
15.638000,-0.000096
15.639000,-0.000096
15.640000,-0.000096
15.641000,0.000220
15.642000,-0.000096
15.643000,0.000220
15.644000,-0.000096
15.645000,-0.000096
15.646000,-0.000729
15.647000,0.000220
15.648000,-0.000413
15.649000,-0.000096
15.650000,0.000220
15.651000,-0.000096
15.652000,-0.000096
15.653000,-0.000413
15.654000,-0.000096
15.655000,-0.000413
15.656000,-0.000729
15.657000,-0.000096
15.658000,-0.000413
15.659000,-0.000096
15.660000,-0.000096
15.661000,-0.000096
15.662000,-0.000096
15.663000,0.000536
15.664000,-0.000096
15.665000,-0.000413
15.666000,-0.000729
15.667000,-0.000413
15.668000,-0.000096
15.669000,-0.000096
15.670000,-0.000413
15.671000,-0.000096
15.672000,-0.000096
15.673000,-0.000096
15.674000,-0.000413
15.675000,-0.000413
15.676000,-0.000096
15.677000,-0.000413
15.678000,0.000220
15.679000,-0.000096
15.680000,0.000536
15.681000,-0.000413
15.682000,0.000220
15.683000,-0.000096
15.684000,-0.000096
15.685000,-0.000096
15.686000,-0.000096
15.687000,-0.000096
15.688000,-0.000096
15.689000,-0.000413
15.690000,0.000220
15.691000,0.000220
15.692000,-0.000096
15.693000,-0.000096
15.694000,-0.000096
15.695000,-0.000413
15.696000,-0.000096
15.697000,-0.000413
15.698000,-0.000096
15.699000,-0.000413
15.700000,-0.000096
15.701000,-0.000096
15.702000,-0.000096
15.703000,-0.000096
15.704000,-0.000413
15.705000,-0.000413
15.706000,-0.000096
15.707000,-0.000096
15.708000,-0.000096
15.709000,-0.000096
15.710000,-0.000413
15.711000,-0.000096
15.712000,-0.000096
15.713000,-0.000413
15.714000,-0.000096
15.715000,-0.000413
15.716000,-0.000096
15.717000,-0.000096
15.718000,-0.000413
15.719000,0.000220
15.720000,0.000220
15.721000,-0.000096
15.722000,-0.000096
15.723000,0.000220
15.724000,0.000220
15.725000,-0.000096
15.726000,-0.000413
15.727000,-0.000096
15.728000,0.000220
15.729000,0.000220
15.730000,-0.000096
15.731000,-0.000096
15.732000,-0.000096
15.733000,-0.000096
15.734000,-0.000413
15.735000,-0.000413
15.736000,-0.000096
15.737000,-0.000096
15.738000,-0.000096
15.739000,-0.000096
15.740000,0.000220
15.741000,-0.000413
15.742000,0.000536
15.743000,-0.000096
15.744000,-0.000413
15.745000,-0.000096
15.746000,-0.000096
15.747000,-0.000096
15.748000,-0.000096
15.749000,0.000220
15.750000,-0.000413
15.751000,-0.000413
15.752000,-0.000096
15.753000,-0.000096
15.754000,-0.000096
15.755000,-0.000096
15.756000,-0.000096
15.757000,-0.000096
15.758000,-0.000096
15.759000,0.000220
15.760000,0.000220
15.761000,-0.000096
15.762000,-0.000096
15.763000,-0.000096
15.764000,-0.000413
15.765000,-0.000096
15.766000,-0.000096
15.767000,-0.000413
15.768000,-0.000096
15.769000,-0.000096
15.770000,-0.000096
15.771000,-0.000096
15.772000,-0.000096
15.773000,-0.000096
15.774000,-0.000413
15.775000,0.000220
15.776000,-0.000096
15.777000,-0.000096
15.778000,-0.000413
15.779000,0.000220
15.780000,-0.000096
15.781000,0.000220
15.782000,-0.000413
15.783000,0.000220
15.784000,-0.000096
15.785000,-0.000096
15.786000,-0.000096
15.787000,-0.000413
15.788000,0.000220
15.789000,-0.000096
15.790000,-0.000413
15.791000,-0.000096
15.792000,-0.000096
15.793000,-0.000096
15.794000,-0.000096
15.795000,-0.000096
15.796000,-0.000096
15.797000,-0.000096
15.798000,0.000220
15.799000,-0.000413
15.800000,-0.000096
15.801000,-0.000096
15.802000,-0.000096
15.803000,-0.000096
15.804000,-0.000096
15.805000,-0.000096
15.806000,-0.000096
15.807000,-0.000096
15.808000,-0.000096
15.809000,-0.000729
15.810000,-0.000096
15.811000,-0.000096
15.812000,-0.000096
15.813000,-0.000413
15.814000,-0.000413
15.815000,-0.000096
15.816000,0.000220
15.817000,-0.000413
15.818000,-0.000096
15.819000,-0.000096
15.820000,-0.000096
15.821000,-0.000096
15.822000,-0.000413
15.823000,-0.000413
15.824000,-0.000413
15.825000,-0.000413
15.826000,0.000220
15.827000,0.000220
15.828000,-0.000096
15.829000,0.000220
15.830000,-0.000096
15.831000,-0.000096
15.832000,0.000220
15.833000,-0.000096
15.834000,-0.000096
15.835000,0.000220
15.836000,-0.000096
15.837000,-0.000096
15.838000,-0.000096
15.839000,-0.000096
15.840000,-0.000096
15.841000,-0.000096
15.842000,-0.000096
15.843000,-0.000096
15.844000,-0.000096
15.845000,-0.000096
15.846000,-0.000413
15.847000,-0.000413
15.848000,-0.000096
15.849000,-0.000096
15.850000,0.000220
15.851000,-0.000096
15.852000,-0.000096
15.853000,-0.000096
15.854000,-0.000413
15.855000,0.000220
15.856000,-0.000096
15.857000,-0.000413
15.858000,-0.000096
15.859000,-0.000096
15.860000,-0.000096
15.861000,-0.000096
15.862000,-0.000096
15.863000,-0.000413
15.864000,-0.000096
15.865000,-0.000096
15.866000,-0.000413
15.867000,-0.000413
15.868000,-0.000413
15.869000,-0.000096
15.870000,-0.000413
15.871000,-0.000413
15.872000,-0.000096
15.873000,-0.000096
15.874000,-0.000096
15.875000,-0.000413
15.876000,-0.000413
15.877000,-0.000096
15.878000,-0.000413
15.879000,-0.000729
15.880000,-0.000096
15.881000,-0.000096
15.882000,-0.000096
15.883000,-0.000096
15.884000,-0.000096
15.885000,-0.000096
15.886000,-0.000413
15.887000,0.000220
15.888000,-0.000413
15.889000,-0.000096
15.890000,-0.000096
15.891000,-0.000096
15.892000,-0.000096
15.893000,-0.000096
15.894000,0.000220
15.895000,0.000220
15.896000,-0.000096
15.897000,-0.000096
15.898000,-0.000096
15.899000,-0.000096
15.900000,-0.000096
15.901000,-0.000096
15.902000,0.000220
15.903000,-0.000096
15.904000,-0.000413
15.905000,-0.000413
15.906000,0.000220
15.907000,-0.000096
15.908000,0.000536
15.909000,0.000220
15.910000,-0.000413
15.911000,-0.000096
15.912000,-0.000096
15.913000,-0.000096
15.914000,-0.000096
15.915000,0.000220
15.916000,0.000220
15.917000,-0.000729
15.918000,-0.000096
15.919000,-0.000096
15.920000,-0.000096
15.921000,-0.000096
15.922000,-0.000413
15.923000,-0.000413
15.924000,-0.000413
15.925000,-0.000413
15.926000,-0.000096
15.927000,-0.000096
15.928000,-0.000096
15.929000,-0.000413
15.930000,-0.000096
15.931000,-0.000096
15.932000,-0.000096
15.933000,-0.000096
15.934000,-0.000096
15.935000,-0.000096
15.936000,-0.000096
15.937000,-0.000096
15.938000,-0.000096
15.939000,-0.000096
15.940000,-0.000096
15.941000,-0.000096
15.942000,-0.000096
15.943000,-0.000413
15.944000,0.000220
15.945000,0.000220
15.946000,-0.000096
15.947000,-0.000096
15.948000,-0.000096
15.949000,-0.000096
15.950000,-0.000096
15.951000,-0.000413
15.952000,0.000220
15.953000,-0.000096
15.954000,-0.000096
15.955000,-0.000096
15.956000,-0.000096
15.957000,-0.000413
15.958000,-0.000096
15.959000,-0.000096
15.960000,-0.000729
15.961000,-0.000096
15.962000,-0.000096
15.963000,-0.000096
15.964000,-0.000096
15.965000,-0.000413
15.966000,-0.000096
15.967000,-0.000096
15.968000,-0.000729
15.969000,-0.000096
15.970000,-0.000096
15.971000,0.000220
15.972000,-0.000096
15.973000,-0.000096
15.974000,-0.000413
15.975000,-0.000096
15.976000,-0.000096
15.977000,-0.000413
15.978000,0.000220
15.979000,0.000220
15.980000,0.000220
15.981000,-0.000096
15.982000,-0.000096
15.983000,-0.000729
15.984000,-0.000096
15.985000,-0.000413
15.986000,-0.000096
15.987000,-0.000096
15.988000,-0.000096
15.989000,-0.000096
15.990000,-0.000096
15.991000,-0.000096
15.992000,-0.000096
15.993000,-0.000096
15.994000,-0.000096
15.995000,-0.000413
15.996000,-0.000096
15.997000,-0.000729
15.998000,-0.000096
15.999000,-0.000729
16.000000,-0.000096
16.001000,-0.000096
16.002000,-0.000096
16.003000,-0.000096
16.004000,-0.000413
16.005000,-0.000096
16.006000,-0.000096
16.007000,0.000220
16.008000,-0.000096
16.009000,-0.000096
16.010000,-0.000096
16.011000,-0.000413
16.012000,-0.000096
16.013000,0.000220
16.014000,-0.000096
16.015000,-0.000413
16.016000,-0.000096
16.017000,0.000220
16.018000,-0.000096
16.019000,-0.000096
16.020000,-0.000729
16.021000,-0.000096
16.022000,0.000220
16.023000,-0.000729
16.024000,0.000536
16.025000,-0.000096
16.026000,-0.000413
16.027000,-0.000096
16.028000,-0.000096
16.029000,0.000220
16.030000,-0.000096
16.031000,-0.000096
16.032000,0.000220
16.033000,-0.000096
16.034000,-0.000096
16.035000,-0.000096
16.036000,0.000220
16.037000,-0.000729
16.038000,-0.000096
16.039000,-0.000096
16.040000,-0.000096
16.041000,0.000220
16.042000,-0.000096
16.043000,-0.000096
16.044000,0.000536
16.045000,-0.000096
16.046000,-0.000413
16.047000,-0.000096
16.048000,-0.000096
16.049000,-0.000096
16.050000,-0.000096
16.051000,-0.000096
16.052000,-0.000096
16.053000,-0.000096
16.054000,-0.000096
16.055000,-0.000096
16.056000,-0.000096
16.057000,-0.000096
16.058000,-0.000413
16.059000,-0.000096
16.060000,-0.000096
16.061000,0.000220
16.062000,-0.000096
16.063000,-0.000096
16.064000,-0.000096
16.065000,-0.000096
16.066000,-0.000096
16.067000,-0.000413
16.068000,-0.000096
16.069000,0.000536
16.070000,0.000220
16.071000,-0.000413
16.072000,-0.000096
16.073000,0.000220
16.074000,-0.000096
16.075000,0.000220
16.076000,-0.000096
16.077000,-0.000096
16.078000,-0.000096
16.079000,-0.000096
16.080000,-0.000096
16.081000,0.000220
16.082000,-0.000413
16.083000,0.000220
16.084000,-0.000413
16.085000,-0.000096
16.086000,-0.000096
16.087000,-0.000096
16.088000,0.000220
16.089000,-0.000096
16.090000,-0.000096
16.091000,-0.000096
16.092000,-0.000096
16.093000,-0.000096
16.094000,-0.000096
16.095000,-0.000413
16.096000,-0.000413
16.097000,-0.000096
16.098000,-0.000096
16.099000,-0.000096
16.100000,-0.000096
16.101000,-0.000096
16.102000,-0.000096
16.103000,-0.000096
16.104000,0.000536
16.105000,-0.000096
16.106000,-0.000096
16.107000,-0.000413
16.108000,-0.000096
16.109000,-0.000096
16.110000,-0.000096
16.111000,-0.000096
16.112000,-0.000413
16.113000,-0.000413
16.114000,-0.000096
16.115000,-0.000413
16.116000,-0.000413
16.117000,-0.000096
16.118000,-0.000096
16.119000,-0.000413
16.120000,0.000220
16.121000,0.000220
16.122000,-0.000096
16.123000,-0.000096
16.124000,-0.000413
16.125000,-0.000413
16.126000,0.000220
16.127000,-0.000096
16.128000,0.000220
16.129000,-0.000096
16.130000,-0.000096
16.131000,-0.000096
16.132000,0.000220
16.133000,-0.000413
16.134000,-0.000413
16.135000,-0.000096
16.136000,-0.000096
16.137000,-0.000096
16.138000,-0.000096
16.139000,-0.000096
16.140000,-0.000413
16.141000,-0.000096
16.142000,-0.000096
16.143000,-0.000096
16.144000,-0.000096
16.145000,-0.000096
16.146000,-0.000096
16.147000,-0.000096
16.148000,-0.000096
16.149000,-0.000096
16.150000,-0.000413
16.151000,-0.000096
16.152000,-0.000096
16.153000,-0.000096
16.154000,-0.000729
16.155000,-0.000096
16.156000,-0.000413
16.157000,-0.000096
16.158000,-0.000096
16.159000,-0.000096
16.160000,0.000220
16.161000,-0.000096
16.162000,-0.000096
16.163000,-0.000096
16.164000,0.000220
16.165000,0.000220
16.166000,-0.000096
16.167000,-0.000096
16.168000,-0.000413
16.169000,-0.000096
16.170000,-0.000096
16.171000,-0.000729
16.172000,-0.000413
16.173000,-0.000096
16.174000,-0.000096
16.175000,-0.000096
16.176000,-0.000096
16.177000,0.000220
16.178000,-0.000096
16.179000,-0.000413
16.180000,-0.000096
16.181000,-0.000096
16.182000,-0.000096
16.183000,-0.000096
16.184000,-0.000096
16.185000,-0.000413
16.186000,0.000220
16.187000,0.000220
16.188000,-0.000096
16.189000,-0.000096
16.190000,-0.000413
16.191000,-0.000096
16.192000,0.000220
16.193000,-0.000096
16.194000,-0.000096
16.195000,-0.000413
16.196000,0.000220
16.197000,-0.000096
16.198000,-0.000096
16.199000,-0.000096
16.200000,-0.000096
16.201000,-0.000413
16.202000,-0.000096
16.203000,0.000220
16.204000,-0.000413
16.205000,-0.000413
16.206000,-0.000096
16.207000,-0.000096
16.208000,-0.000096
16.209000,-0.000096
16.210000,-0.000413
16.211000,-0.000096
16.212000,-0.000096
16.213000,-0.000096
16.214000,-0.000096
16.215000,0.000220
16.216000,-0.000096
16.217000,-0.000413
16.218000,-0.000096
16.219000,-0.000096
16.220000,-0.000096
16.221000,-0.000096
16.222000,-0.000096
16.223000,-0.000413
16.224000,0.000220
16.225000,-0.000096
16.226000,-0.000096
16.227000,-0.000729
16.228000,-0.000096
16.229000,0.000220
16.230000,-0.000413
16.231000,-0.000096
16.232000,-0.000413
16.233000,-0.000413
16.234000,-0.000096
16.235000,-0.000729
16.236000,-0.000096
16.237000,-0.000096
16.238000,0.000220
16.239000,-0.000413
16.240000,-0.000096
16.241000,-0.000096
16.242000,-0.000096
16.243000,-0.000413
16.244000,-0.000096
16.245000,-0.000096
16.246000,0.000220
16.247000,0.000220
16.248000,-0.000096
16.249000,0.000220
16.250000,-0.000096
16.251000,0.000220
16.252000,0.000220
16.253000,-0.000096
16.254000,-0.000096
16.255000,-0.000096
16.256000,-0.000096
16.257000,0.000220
16.258000,-0.000096
16.259000,-0.000096
16.260000,-0.000413
16.261000,-0.000096
16.262000,-0.000413
16.263000,-0.000096
16.264000,-0.000096
16.265000,-0.000096
16.266000,-0.000096
16.267000,-0.000096
16.268000,-0.000413
16.269000,0.000220
16.270000,-0.000413
16.271000,-0.000096
16.272000,0.000220
16.273000,0.000220
16.274000,-0.000096
16.275000,-0.000096
16.276000,0.000220
16.277000,-0.000413
16.278000,-0.000096
16.279000,-0.000096
16.280000,-0.000096
16.281000,0.000220
16.282000,-0.000413
16.283000,-0.000096
16.284000,-0.000096
16.285000,-0.000096
16.286000,-0.000096
16.287000,-0.000096
16.288000,-0.000096
16.289000,-0.000096
16.290000,-0.000413
16.291000,-0.000096
16.292000,-0.000413
16.293000,-0.000096
16.294000,0.000220
16.295000,-0.000096
16.296000,-0.000096
16.297000,-0.000413
16.298000,-0.000729
16.299000,-0.000096
16.300000,-0.000096
16.301000,-0.000096
16.302000,-0.000413
16.303000,-0.000096
16.304000,-0.000096
16.305000,-0.000413
16.306000,-0.000413
16.307000,-0.000729
16.308000,-0.000729
16.309000,-0.000096
16.310000,-0.000096
16.311000,-0.000096
16.312000,0.000220
16.313000,-0.000096
16.314000,-0.000096
16.315000,-0.000096
16.316000,-0.000096
16.317000,0.000220
16.318000,-0.000096
16.319000,-0.000096
16.320000,-0.000413
16.321000,-0.000413
16.322000,0.000220
16.323000,-0.000096
16.324000,-0.000096
16.325000,-0.000096
16.326000,0.000536
16.327000,-0.000096
16.328000,-0.000729
16.329000,-0.000096
16.330000,-0.000413
16.331000,0.000220
16.332000,-0.000096
16.333000,0.000220
16.334000,-0.000096
16.335000,-0.000096
16.336000,-0.000096
16.337000,0.000220
16.338000,-0.000096
16.339000,-0.000096
16.340000,0.000220
16.341000,-0.000413
16.342000,0.000220
16.343000,-0.000413
16.344000,-0.000096
16.345000,-0.000096
16.346000,-0.000413
16.347000,-0.000413
16.348000,-0.000413
16.349000,-0.000096
16.350000,-0.000096
16.351000,-0.000096
16.352000,-0.000096
16.353000,0.000220
16.354000,-0.000413
16.355000,-0.000096
16.356000,-0.000096
16.357000,-0.000413
16.358000,-0.000096
16.359000,-0.000413
16.360000,-0.000096
16.361000,0.000220
16.362000,0.000220
16.363000,0.000220
16.364000,0.000220
16.365000,-0.000096
16.366000,-0.000096
16.367000,-0.000096
16.368000,-0.000413
16.369000,-0.000096
16.370000,-0.000729
16.371000,0.000220
16.372000,-0.000413
16.373000,-0.000096
16.374000,-0.000096
16.375000,-0.000096
16.376000,-0.000096
16.377000,0.000220
16.378000,-0.000413
16.379000,-0.000096
16.380000,-0.000413
16.381000,0.000220
16.382000,-0.000096
16.383000,-0.000413
16.384000,-0.000096
16.385000,-0.000096
16.386000,-0.000096
16.387000,-0.000413
16.388000,-0.000413
16.389000,-0.000413
16.390000,-0.000096
16.391000,-0.000413
16.392000,-0.000096
16.393000,-0.000096
16.394000,-0.000096
16.395000,-0.000096
16.396000,-0.000096
16.397000,-0.000096
16.398000,-0.000729
16.399000,-0.000096
16.400000,-0.000096
16.401000,-0.000096
16.402000,-0.000096
16.403000,-0.000096
16.404000,-0.000413
16.405000,-0.000413
16.406000,-0.000096
16.407000,-0.000096
16.408000,-0.000096
16.409000,-0.000096
16.410000,-0.000096
16.411000,0.000220
16.412000,0.000220
16.413000,-0.000096
16.414000,-0.000729
16.415000,-0.000413
16.416000,-0.000096
16.417000,-0.000096
16.418000,-0.000096
16.419000,-0.000413
16.420000,-0.000096
16.421000,-0.000413
16.422000,0.000220
16.423000,-0.000729
16.424000,-0.000096
16.425000,-0.000096
16.426000,-0.000096
16.427000,-0.000413
16.428000,0.000536
16.429000,-0.000096
16.430000,-0.000096
16.431000,-0.000096
16.432000,-0.000096
16.433000,-0.000096
16.434000,-0.000096
16.435000,-0.000096
16.436000,0.000220
16.437000,-0.000413
16.438000,-0.000096
16.439000,-0.000096
16.440000,0.000220
16.441000,-0.000096
16.442000,-0.000413
16.443000,-0.000096
16.444000,-0.000096
16.445000,-0.000413
16.446000,-0.000096
16.447000,-0.000413
16.448000,-0.000096
16.449000,-0.000096
16.450000,-0.000096
16.451000,-0.000413
16.452000,-0.000096
16.453000,-0.000413
16.454000,-0.000096
16.455000,-0.000413
16.456000,-0.000413
16.457000,0.000220
16.458000,-0.000413
16.459000,-0.000096
16.460000,-0.000096
16.461000,-0.000096
16.462000,-0.000096
16.463000,-0.000096
16.464000,-0.000096
16.465000,-0.000096
16.466000,-0.000096
16.467000,-0.000096
16.468000,-0.000096
16.469000,-0.000096
16.470000,-0.000096
16.471000,-0.000096
16.472000,-0.000096
16.473000,-0.000413
16.474000,-0.000413
16.475000,-0.000096
16.476000,-0.000096
16.477000,-0.000413
16.478000,-0.000096
16.479000,-0.000413
16.480000,-0.000096
16.481000,0.000220
16.482000,-0.000096
16.483000,-0.000096
16.484000,-0.000096
16.485000,-0.000413
16.486000,-0.000096
16.487000,-0.000096
16.488000,0.000220
16.489000,-0.000096
16.490000,-0.000413
16.491000,-0.000096
16.492000,-0.000096
16.493000,-0.000096
16.494000,-0.000096
16.495000,-0.000096
16.496000,-0.000413
16.497000,-0.000096
16.498000,-0.000413
16.499000,-0.000413
