Time (s),AIN0-AIN1 (V),AIN2-AIN3 (V)
0.000000,-0.000011,0.000122
0.001000,-0.000011,0.000122
0.002000,-0.000012,0.000123
0.003000,-0.000011,0.000122
0.004000,-0.000010,0.000121
0.005000,-0.000010,0.000121
0.006000,-0.000011,0.000121
0.007000,-0.000010,0.000122
0.008000,-0.000011,0.000122
0.009000,-0.000010,0.000123
0.010000,-0.000010,0.000122
0.011000,-0.000010,0.000123
0.012000,-0.000010,0.000122
0.013000,-0.000011,0.000123
0.014000,-0.000011,0.000122
0.015000,-0.000011,0.000122
0.016000,-0.000011,0.000121
0.017000,-0.000011,0.000122
0.018000,-0.000010,0.000121
0.019000,-0.000010,0.000122
0.020000,-0.000010,0.000121
0.021000,-0.000011,0.000121
0.022000,-0.000010,0.000120
0.023000,-0.000010,0.000121
0.024000,-0.000010,0.000121
0.025000,-0.000010,0.000121
0.026000,-0.000010,0.000120
0.027000,-0.000010,0.000121
0.028000,-0.000009,0.000120
0.029000,-0.000010,0.000120
0.030000,-0.000010,0.000120
0.031000,-0.000011,0.000121
0.032000,-0.000010,0.000120
0.033000,-0.000009,0.000121
0.034000,-0.000009,0.000120
0.035000,-0.000008,0.000121
0.036000,-0.000007,0.000120
0.037000,-0.000007,0.000121
0.038000,-0.000007,0.000120
0.039000,-0.000007,0.000120
0.040000,-0.000007,0.000122
0.041000,-0.000007,0.000121
0.042000,-0.000007,0.000121
0.043000,-0.000007,0.000121
0.044000,-0.000008,0.000122
0.045000,-0.000007,0.000121
0.046000,-0.000008,0.000121
0.047000,-0.000007,0.000120
0.048000,-0.000008,0.000121
0.049000,-0.000007,0.000121
0.050000,-0.000008,0.000121
0.051000,-0.000008,0.000122
0.052000,-0.000008,0.000121
0.053000,-0.000007,0.000122
0.054000,-0.000006,0.000121
0.055000,-0.000006,0.000122
0.056000,-0.000005,0.000121
0.057000,-0.000005,0.000122
0.058000,-0.000005,0.000122
0.059000,-0.000004,0.000123
0.060000,-0.000004,0.000122
0.061000,-0.000004,0.000122
0.062000,-0.000004,0.000121
0.063000,-0.000005,0.000121
0.064000,-0.000005,0.000122
0.065000,-0.000005,0.000121
0.066000,-0.000005,0.000123
0.067000,-0.000005,0.000122
0.068000,-0.000005,0.000122
0.069000,-0.000005,0.000121
0.070000,-0.000005,0.000122
0.071000,-0.000005,0.000121
0.072000,-0.000005,0.000122
0.073000,-0.000004,0.000121
0.074000,-0.000004,0.000121
0.075000,-0.000004,0.000121
0.076000,-0.000005,0.000121
0.077000,-0.000005,0.000122
0.078000,-0.000005,0.000122
0.079000,-0.000006,0.000122
0.080000,-0.000005,0.000122
0.081000,-0.000005,0.000123
0.082000,-0.000004,0.000122
0.083000,-0.000005,0.000123
0.084000,-0.000006,0.000122
0.085000,-0.000006,0.000122
0.086000,-0.000005,0.000121
0.087000,-0.000006,0.000122
0.088000,-0.000005,0.000121
0.089000,-0.000006,0.000122
0.090000,-0.000006,0.000121
0.091000,-0.000006,0.000122
0.092000,-0.000006,0.000121
0.093000,-0.000006,0.000122
0.094000,-0.000006,0.000121
0.095000,-0.000007,0.000122
0.096000,-0.000007,0.000121
0.097000,-0.000007,0.000122
0.098000,-0.000007,0.000121
0.099000,-0.000007,0.000121
0.100000,-0.000006,0.000121
0.101000,-0.000006,0.000121
0.102000,-0.000005,0.000119
0.103000,-0.000006,0.000120
0.104000,-0.000006,0.000120
0.105000,-0.000006,0.000120
0.106000,-0.000005,0.000120
0.107000,-0.000005,0.000120
0.108000,-0.000005,0.000120
0.109000,-0.000005,0.000120
0.110000,-0.000005,0.000120
0.111000,-0.000006,0.000120
0.112000,-0.000005,0.000120
0.113000,-0.000005,0.000120
0.114000,-0.000005,0.000120
0.115000,-0.000005,0.000120
0.116000,-0.000005,0.000120
0.117000,-0.000005,0.000120
0.118000,-0.000005,0.000120
0.119000,-0.000005,0.000120
0.120000,-0.000005,0.000120
0.121000,-0.000004,0.000120
0.122000,-0.000005,0.000121
0.123000,-0.000006,0.000119
0.124000,-0.000005,0.000119
0.125000,-0.000005,0.000119
0.126000,-0.000005,0.000120
0.127000,-0.000006,0.000119
0.128000,-0.000005,0.000120
0.129000,-0.000004,0.000120
0.130000,-0.000004,0.000120
0.131000,-0.000004,0.000119
0.132000,-0.000004,0.000120
0.133000,-0.000004,0.000120
0.134000,-0.000005,0.000121
0.135000,-0.000005,0.000120
0.136000,-0.000006,0.000121
0.137000,-0.000006,0.000121
0.138000,-0.000007,0.000121
0.139000,-0.000006,0.000121
0.140000,-0.000006,0.000120
0.141000,-0.000006,0.000121
0.142000,-0.000006,0.000122
0.143000,-0.000005,0.000122
0.144000,-0.000005,0.000122
0.145000,-0.000005,0.000123
0.146000,-0.000004,0.000123
0.147000,-0.000005,0.000124
0.148000,-0.000005,0.000123
0.149000,-0.000005,0.000124
0.150000,-0.000005,0.000123
0.151000,-0.000005,0.000123
0.152000,-0.000006,0.000123
0.153000,-0.000007,0.000122
0.154000,-0.000007,0.000122
0.155000,-0.000007,0.000122
0.156000,-0.000007,0.000122
0.157000,-0.000007,0.000122
0.158000,-0.000007,0.000122
0.159000,-0.000007,0.000122
0.160000,-0.000007,0.000122
0.161000,-0.000007,0.000122
0.162000,-0.000007,0.000122
0.163000,-0.000005,0.000121
0.164000,-0.000006,0.000122
0.165000,-0.000006,0.000123
0.166000,-0.000006,0.000122
0.167000,-0.000005,0.000123
0.168000,-0.000006,0.000122
0.169000,-0.000006,0.000122
0.170000,-0.000005,0.000122
0.171000,-0.000005,0.000123
0.172000,-0.000005,0.000122
0.173000,-0.000006,0.000122
0.174000,-0.000006,0.000122
0.175000,-0.000006,0.000122
0.176000,-0.000006,0.000122
0.177000,-0.000005,0.000122
0.178000,-0.000005,0.000122
0.179000,-0.000005,0.000123
0.180000,-0.000005,0.000123
0.181000,-0.000005,0.000122
0.182000,-0.000005,0.000122
0.183000,-0.000005,0.000121
0.184000,-0.000005,0.000122
0.185000,-0.000006,0.000121
0.186000,-0.000007,0.000122
0.187000,-0.000006,0.000121
0.188000,-0.000007,0.000121
0.189000,-0.000007,0.000120
0.190000,-0.000007,0.000121
0.191000,-0.000006,0.000119
0.192000,-0.000007,0.000119
0.193000,-0.000005,0.000118
0.194000,-0.000006,0.000118
0.195000,-0.000006,0.000117
0.196000,-0.000007,0.000118
0.197000,-0.000007,0.000118
0.198000,-0.000008,0.000118
0.199000,-0.000008,0.000117
0.200000,-0.000008,0.000117
0.201000,-0.000008,0.000117
0.202000,-0.000008,0.000118
0.203000,-0.000008,0.000118
0.204000,-0.000008,0.000119
0.205000,-0.000008,0.000119
0.206000,-0.000009,0.000119
0.207000,-0.000009,0.000118
0.208000,-0.000009,0.000119
0.209000,-0.000009,0.000118
0.210000,-0.000009,0.000118
0.211000,-0.000009,0.000119
0.212000,-0.000009,0.000119
0.213000,-0.000009,0.000119
0.214000,-0.000009,0.000119
0.215000,-0.000009,0.000119
0.216000,-0.000009,0.000119
0.217000,-0.000009,0.000119
0.218000,-0.000009,0.000119
0.219000,-0.000009,0.000119
0.220000,-0.000010,0.000118
0.221000,-0.000011,0.000118
0.222000,-0.000011,0.000118
0.223000,-0.000011,0.000118
0.224000,-0.000011,0.000118
0.225000,-0.000011,0.000119
0.226000,-0.000011,0.000118
0.227000,-0.000011,0.000119
0.228000,-0.000011,0.000118
0.229000,-0.000011,0.000118
0.230000,-0.000012,0.000117
0.231000,-0.000012,0.000119
0.232000,-0.000012,0.000118
0.233000,-0.000013,0.000119
0.234000,-0.000013,0.000118
0.235000,-0.000013,0.000119
0.236000,-0.000013,0.000119
0.237000,-0.000013,0.000119
0.238000,-0.000012,0.000119
0.239000,-0.000013,0.000119
0.240000,-0.000013,0.000119
0.241000,-0.000012,0.000119
0.242000,-0.000013,0.000118
0.243000,-0.000013,0.000118
0.244000,-0.000013,0.000119
0.245000,-0.000014,0.000118
0.246000,-0.000014,0.000118
0.247000,-0.000013,0.000118
0.248000,-0.000013,0.000119
0.249000,-0.000012,0.000118
0.250000,-0.000012,0.000119
0.251000,-0.000012,0.000118
0.252000,-0.000011,0.000118
0.253000,-0.000011,0.000118
0.254000,-0.000011,0.000118
0.255000,-0.000011,0.000118
0.256000,-0.000011,0.000118
0.257000,-0.000011,0.000118
0.258000,-0.000011,0.000117
0.259000,-0.000011,0.000117
0.260000,-0.000011,0.000117
0.261000,-0.000011,0.000118
0.262000,-0.000011,0.000117
0.263000,-0.000012,0.000118
0.264000,-0.000012,0.000117
0.265000,-0.000012,0.000116
0.266000,-0.000012,0.000117
0.267000,-0.000012,0.000117
0.268000,-0.000012,0.000118
0.269000,-0.000012,0.000118
0.270000,-0.000012,0.000118
0.271000,-0.000013,0.000117
0.272000,-0.000012,0.000117
0.273000,-0.000013,0.000118
0.274000,-0.000013,0.000118
0.275000,-0.000014,0.000118
0.276000,-0.000013,0.000118
0.277000,-0.000013,0.000118
0.278000,-0.000014,0.000118
0.279000,-0.000014,0.000118
0.280000,-0.000013,0.000118
0.281000,-0.000013,0.000118
0.282000,-0.000013,0.000119
0.283000,-0.000013,0.000119
0.284000,-0.000013,0.000119
0.285000,-0.000012,0.000119
0.286000,-0.000012,0.000119
0.287000,-0.000012,0.000119
0.288000,-0.000012,0.000119
0.289000,-0.000011,0.000119
0.290000,-0.000011,0.000119
0.291000,-0.000012,0.000119
0.292000,-0.000012,0.000119
0.293000,-0.000013,0.000119
0.294000,-0.000013,0.000119
0.295000,-0.000013,0.000119
0.296000,-0.000013,0.000119
0.297000,-0.000012,0.000119
0.298000,-0.000011,0.000119
0.299000,-0.000011,0.000119
0.300000,-0.000011,0.000119
0.301000,-0.000011,0.000119
0.302000,-0.000011,0.000119
0.303000,-0.000011,0.000119
0.304000,-0.000011,0.000118
0.305000,-0.000011,0.000118
0.306000,-0.000011,0.000118
0.307000,-0.000011,0.000118
0.308000,-0.000011,0.000117
0.309000,-0.000011,0.000118
0.310000,-0.000011,0.000118
0.311000,-0.000011,0.000118
0.312000,-0.000012,0.000117
0.313000,-0.000012,0.000117
0.314000,-0.000012,0.000117
0.315000,-0.000012,0.000117
0.316000,-0.000012,0.000116
0.317000,-0.000012,0.000117
0.318000,-0.000012,0.000117
0.319000,-0.000012,0.000117
0.320000,-0.000012,0.000117
0.321000,-0.000011,0.000117
0.322000,-0.000010,0.000117
0.323000,-0.000010,0.000117
0.324000,-0.000009,0.000117
0.325000,-0.000009,0.000118
0.326000,-0.000009,0.000118
0.327000,-0.000009,0.000117
0.328000,-0.000008,0.000118
0.329000,-0.000008,0.000118
0.330000,-0.000008,0.000118
0.331000,-0.000007,0.000117
0.332000,-0.000007,0.000118
0.333000,-0.000006,0.000117
0.334000,-0.000006,0.000118
0.335000,-0.000006,0.000116
0.336000,-0.000007,0.000116
0.337000,-0.000008,0.000116
0.338000,-0.000008,0.000116
0.339000,-0.000007,0.000116
0.340000,-0.000007,0.000116
0.341000,-0.000007,0.000116
0.342000,-0.000006,0.000116
0.343000,-0.000006,0.000116
0.344000,-0.000006,0.000116
0.345000,-0.000006,0.000116
0.346000,-0.000005,0.000116
0.347000,-0.000006,0.000116
0.348000,-0.000006,0.000115
0.349000,-0.000007,0.000116
0.350000,-0.000007,0.000116
0.351000,-0.000007,0.000116
0.352000,-0.000008,0.000115
0.353000,-0.000008,0.000116
0.354000,-0.000007,0.000116
0.355000,-0.000007,0.000116
0.356000,-0.000007,0.000116
0.357000,-0.000007,0.000115
0.358000,-0.000007,0.000116
0.359000,-0.000007,0.000115
0.360000,-0.000008,0.000115
0.361000,-0.000008,0.000115
0.362000,-0.000008,0.000115
0.363000,-0.000008,0.000115
0.364000,-0.000008,0.000115
0.365000,-0.000007,0.000116
0.366000,-0.000008,0.000116
0.367000,-0.000008,0.000115
0.368000,-0.000007,0.000115
0.369000,-0.000007,0.000115
0.370000,-0.000008,0.000115
0.371000,-0.000007,0.000115
0.372000,-0.000008,0.000115
0.373000,-0.000007,0.000115
0.374000,-0.000007,0.000115
0.375000,-0.000007,0.000115
0.376000,-0.000007,0.000115
0.377000,-0.000007,0.000115
0.378000,-0.000007,0.000115
0.379000,-0.000006,0.000114
0.380000,-0.000007,0.000115
0.381000,-0.000007,0.000115
0.382000,-0.000007,0.000115
0.383000,-0.000007,0.000114
0.384000,-0.000007,0.000114
0.385000,-0.000007,0.000114
0.386000,-0.000007,0.000115
0.387000,-0.000007,0.000115
0.388000,-0.000007,0.000114
0.389000,-0.000008,0.000114
0.390000,-0.000008,0.000114
0.391000,-0.000008,0.000114
0.392000,-0.000008,0.000114
0.393000,-0.000008,0.000115
0.394000,-0.000007,0.000115
0.395000,-0.000007,0.000115
0.396000,-0.000007,0.000115
0.397000,-0.000008,0.000115
0.398000,-0.000008,0.000115
0.399000,-0.000008,0.000115
0.400000,-0.000008,0.000115
0.401000,-0.000009,0.000115
0.402000,-0.000009,0.000115
0.403000,-0.000009,0.000114
0.404000,-0.000008,0.000114
0.405000,-0.000009,0.000114
0.406000,-0.000009,0.000114
0.407000,-0.000008,0.000114
0.408000,-0.000008,0.000115
0.409000,-0.000008,0.000114
0.410000,-0.000008,0.000114
0.411000,-0.000008,0.000114
0.412000,-0.000008,0.000115
0.413000,-0.000007,0.000115
0.414000,-0.000008,0.000115
0.415000,-0.000008,0.000115
0.416000,-0.000007,0.000115
0.417000,-0.000007,0.000115
0.418000,-0.000007,0.000115
0.419000,-0.000006,0.000115
0.420000,-0.000006,0.000116
0.421000,-0.000007,0.000116
0.422000,-0.000008,0.000116
0.423000,-0.000008,0.000115
0.424000,-0.000009,0.000116
0.425000,-0.000008,0.000115
0.426000,-0.000009,0.000115
0.427000,-0.000008,0.000115
0.428000,-0.000009,0.000115
0.429000,-0.000009,0.000115
0.430000,-0.000009,0.000115
0.431000,-0.000010,0.000115
0.432000,-0.000010,0.000114
0.433000,-0.000011,0.000114
0.434000,-0.000011,0.000114
0.435000,-0.000011,0.000115
0.436000,-0.000010,0.000115
0.437000,-0.000009,0.000116
0.438000,-0.000009,0.000115
0.439000,-0.000009,0.000116
0.440000,-0.000009,0.000115
0.441000,-0.000010,0.000115
0.442000,-0.000010,0.000115
0.443000,-0.000010,0.000115
0.444000,-0.000010,0.000115
0.445000,-0.000011,0.000114
0.446000,-0.000011,0.000114
0.447000,-0.000011,0.000113
0.448000,-0.000011,0.000114
0.449000,-0.000010,0.000113
0.450000,-0.000008,0.000115
0.451000,-0.000008,0.000115
0.452000,-0.000009,0.000115
0.453000,-0.000008,0.000114
0.454000,-0.000008,0.000114
0.455000,-0.000009,0.000114
0.456000,-0.000008,0.000115
0.457000,-0.000008,0.000115
0.458000,-0.000007,0.000115
0.459000,-0.000008,0.000115
0.460000,-0.000008,0.000115
0.461000,-0.000007,0.000115
0.462000,-0.000008,0.000115
0.463000,-0.000007,0.000115
0.464000,-0.000008,0.000115
0.465000,-0.000008,0.000115
0.466000,-0.000008,0.000115
0.467000,-0.000007,0.000115
0.468000,-0.000008,0.000115
0.469000,-0.000007,0.000115
0.470000,-0.000007,0.000116
0.471000,-0.000008,0.000116
0.472000,-0.000009,0.000115
0.473000,-0.000008,0.000116
0.474000,-0.000009,0.000117
0.475000,-0.000009,0.000116
0.476000,-0.000009,0.000116
0.477000,-0.000008,0.000116
0.478000,-0.000009,0.000116
0.479000,-0.000009,0.000116
0.480000,-0.000009,0.000117
0.481000,-0.000010,0.000116
0.482000,-0.000010,0.000115
0.483000,-0.000010,0.000115
0.484000,-0.000009,0.000115
0.485000,-0.000009,0.000115
0.486000,-0.000009,0.000115
0.487000,-0.000008,0.000115
0.488000,-0.000008,0.000115
0.489000,-0.000009,0.000115
0.490000,-0.000009,0.000115
0.491000,-0.000009,0.000115
0.492000,-0.000010,0.000115
0.493000,-0.000010,0.000115
0.494000,-0.000010,0.000115
0.495000,-0.000010,0.000115
0.496000,-0.000009,0.000115
0.497000,-0.000010,0.000114
0.498000,-0.000011,0.000114
0.499000,-0.000010,0.000114
0.500000,-0.000010,0.000114
0.501000,-0.000010,0.000114
0.502000,-0.000009,0.000114
0.503000,-0.000009,0.000115
0.504000,-0.000009,0.000115
0.505000,-0.000009,0.000115
0.506000,-0.000009,0.000115
0.507000,-0.000009,0.000115
0.508000,-0.000008,0.000115
0.509000,-0.000009,0.000115
0.510000,-0.000008,0.000115
0.511000,-0.000008,0.000115
0.512000,-0.000008,0.000115
0.513000,-0.000008,0.000115
0.514000,-0.000008,0.000115
0.515000,-0.000008,0.000115
0.516000,-0.000007,0.000115
0.517000,-0.000007,0.000115
0.518000,-0.000007,0.000116
0.519000,-0.000007,0.000115
0.520000,-0.000008,0.000115
0.521000,-0.000008,0.000115
0.522000,-0.000007,0.000115
0.523000,-0.000006,0.000115
0.524000,-0.000007,0.000115
0.525000,-0.000006,0.000115
0.526000,-0.000007,0.000115
0.527000,-0.000006,0.000115
0.528000,-0.000006,0.000115
0.529000,-0.000006,0.000115
0.530000,-0.000006,0.000115
0.531000,-0.000006,0.000115
0.532000,-0.000006,0.000115
0.533000,-0.000006,0.000115
0.534000,-0.000007,0.000116
0.535000,-0.000007,0.000116
0.536000,-0.000006,0.000116
0.537000,-0.000007,0.000116
0.538000,-0.000005,0.000116
0.539000,-0.000005,0.000117
0.540000,-0.000006,0.000117
0.541000,-0.000006,0.000117
0.542000,-0.000006,0.000117
0.543000,-0.000006,0.000117
0.544000,-0.000007,0.000117
0.545000,-0.000007,0.000117
0.546000,-0.000007,0.000117
0.547000,-0.000007,0.000117
0.548000,-0.000006,0.000118
0.549000,-0.000006,0.000118
0.550000,-0.000005,0.000118
0.551000,-0.000005,0.000118
0.552000,-0.000005,0.000119
0.553000,-0.000005,0.000119
0.554000,-0.000005,0.000119
0.555000,-0.000005,0.000118
0.556000,-0.000005,0.000118
0.557000,-0.000006,0.000118
0.558000,-0.000006,0.000118
0.559000,-0.000006,0.000118
0.560000,-0.000006,0.000118
0.561000,-0.000006,0.000118
0.562000,-0.000005,0.000118
0.563000,-0.000005,0.000119
0.564000,-0.000005,0.000119
0.565000,-0.000005,0.000119
0.566000,-0.000004,0.000120
0.567000,-0.000005,0.000120
0.568000,-0.000004,0.000121
0.569000,-0.000004,0.000121
0.570000,-0.000004,0.000120
0.571000,-0.000004,0.000120
0.572000,-0.000004,0.000121
0.573000,-0.000004,0.000121
0.574000,-0.000004,0.000121
0.575000,-0.000005,0.000120
0.576000,-0.000004,0.000121
0.577000,-0.000005,0.000120
0.578000,-0.000005,0.000120
0.579000,-0.000004,0.000120
0.580000,-0.000005,0.000120
0.581000,-0.000005,0.000119
0.582000,-0.000005,0.000120
0.583000,-0.000006,0.000120
0.584000,-0.000006,0.000120
0.585000,-0.000006,0.000120
0.586000,-0.000006,0.000121
0.587000,-0.000006,0.000121
0.588000,-0.000006,0.000121
0.589000,-0.000005,0.000121
0.590000,-0.000005,0.000120
0.591000,-0.000005,0.000121
0.592000,-0.000004,0.000120
0.593000,-0.000005,0.000120
0.594000,-0.000005,0.000120
0.595000,-0.000005,0.000121
0.596000,-0.000005,0.000121
0.597000,-0.000006,0.000121
0.598000,-0.000005,0.000121
0.599000,-0.000005,0.000122
0.600000,-0.000005,0.000122
0.601000,-0.000006,0.000122
0.602000,-0.000006,0.000122
0.603000,-0.000007,0.000122
0.604000,-0.000007,0.000123
0.605000,-0.000007,0.000121
0.606000,-0.000008,0.000122
0.607000,-0.000008,0.000122
0.608000,-0.000008,0.000123
0.609000,-0.000008,0.000123
0.610000,-0.000008,0.000122
0.611000,-0.000008,0.000123
0.612000,-0.000008,0.000122
0.613000,-0.000009,0.000122
0.614000,-0.000008,0.000122
0.615000,-0.000009,0.000123
0.616000,-0.000009,0.000121
0.617000,-0.000009,0.000121
0.618000,-0.000010,0.000120
0.619000,-0.000010,0.000120
0.620000,-0.000009,0.000121
0.621000,-0.000010,0.000121
0.622000,-0.000010,0.000122
0.623000,-0.000010,0.000122
0.624000,-0.000010,0.000122
0.625000,-0.000010,0.000121
0.626000,-0.000010,0.000122
0.627000,-0.000010,0.000121
0.628000,-0.000010,0.000122
0.629000,-0.000010,0.000121
0.630000,-0.000010,0.000121
0.631000,-0.000011,0.000120
0.632000,-0.000010,0.000120
0.633000,-0.000010,0.000121
0.634000,-0.000010,0.000120
0.635000,-0.000010,0.000121
0.636000,-0.000010,0.000120
0.637000,-0.000010,0.000121
0.638000,-0.000011,0.000121
0.639000,-0.000010,0.000121
0.640000,-0.000010,0.000120
0.641000,-0.000009,0.000121
0.642000,-0.000009,0.000120
0.643000,-0.000009,0.000121
0.644000,-0.000009,0.000120
0.645000,-0.000009,0.000121
0.646000,-0.000009,0.000121
0.647000,-0.000010,0.000121
0.648000,-0.000010,0.000120
0.649000,-0.000011,0.000121
0.650000,-0.000011,0.000120
0.651000,-0.000011,0.000120
0.652000,-0.000011,0.000119
0.653000,-0.000011,0.000120
0.654000,-0.000012,0.000120
0.655000,-0.000011,0.000120
0.656000,-0.000011,0.000120
0.657000,-0.000010,0.000120
0.658000,-0.000010,0.000120
0.659000,-0.000011,0.000120
0.660000,-0.000010,0.000121
0.661000,-0.000009,0.000121
0.662000,-0.000009,0.000121
0.663000,-0.000010,0.000121
0.664000,-0.000010,0.000121
0.665000,-0.000010,0.000121
0.666000,-0.000009,0.000121
0.667000,-0.000009,0.000121
0.668000,-0.000010,0.000121
0.669000,-0.000009,0.000121
0.670000,-0.000009,0.000121
0.671000,-0.000009,0.000121
0.672000,-0.000009,0.000121
0.673000,-0.000009,0.000120
0.674000,-0.000009,0.000120
0.675000,-0.000009,0.000119
0.676000,-0.000009,0.000119
0.677000,-0.000009,0.000119
0.678000,-0.000010,0.000119
0.679000,-0.000009,0.000119
0.680000,-0.000009,0.000120
0.681000,-0.000009,0.000120
0.682000,-0.000010,0.000120
0.683000,-0.000009,0.000120
0.684000,-0.000009,0.000120
0.685000,-0.000009,0.000120
0.686000,-0.000009,0.000120
0.687000,-0.000008,0.000120
0.688000,-0.000008,0.000121
0.689000,-0.000009,0.000120
0.690000,-0.000009,0.000120
0.691000,-0.000009,0.000121
0.692000,-0.000009,0.000121
0.693000,-0.000009,0.000121
0.694000,-0.000009,0.000121
0.695000,-0.000009,0.000121
0.696000,-0.000010,0.000120
0.697000,-0.000009,0.000120
0.698000,-0.000008,0.000120
0.699000,-0.000009,0.000120
0.700000,-0.000009,0.000119
0.701000,-0.000008,0.000120
0.702000,-0.000009,0.000119
0.703000,-0.000009,0.000118
0.704000,-0.000009,0.000119
0.705000,-0.000008,0.000119
0.706000,-0.000008,0.000118
0.707000,-0.000007,0.000118
0.708000,-0.000007,0.000118
0.709000,-0.000007,0.000118
0.710000,-0.000007,0.000119
0.711000,-0.000007,0.000119
0.712000,-0.000007,0.000119
0.713000,-0.000006,0.000119
0.714000,-0.000006,0.000119
0.715000,-0.000006,0.000119
0.716000,-0.000006,0.000120
0.717000,-0.000007,0.000120
0.718000,-0.000006,0.000120
0.719000,-0.000006,0.000120
0.720000,-0.000006,0.000120
0.721000,-0.000006,0.000120
0.722000,-0.000006,0.000121
0.723000,-0.000006,0.000120
0.724000,-0.000006,0.000121
0.725000,-0.000006,0.000120
0.726000,-0.000006,0.000120
0.727000,-0.000006,0.000120
0.728000,-0.000006,0.000120
0.729000,-0.000006,0.000120
0.730000,-0.000006,0.000120
0.731000,-0.000006,0.000120
0.732000,-0.000006,0.000121
0.733000,-0.000006,0.000120
0.734000,-0.000006,0.000121
0.735000,-0.000007,0.000120
0.736000,-0.000007,0.000121
0.737000,-0.000007,0.000120
0.738000,-0.000007,0.000121
0.739000,-0.000007,0.000121
0.740000,-0.000007,0.000121
0.741000,-0.000008,0.000121
0.742000,-0.000008,0.000122
0.743000,-0.000008,0.000121
0.744000,-0.000008,0.000122
0.745000,-0.000008,0.000122
0.746000,-0.000008,0.000122
0.747000,-0.000007,0.000122
0.748000,-0.000007,0.000121
0.749000,-0.000007,0.000121
0.750000,-0.000007,0.000121
0.751000,-0.000007,0.000121
0.752000,-0.000007,0.000121
0.753000,-0.000007,0.000121
0.754000,-0.000007,0.000121
0.755000,-0.000008,0.000121
0.756000,-0.000008,0.000121
0.757000,-0.000009,0.000121
0.758000,-0.000009,0.000121
0.759000,-0.000008,0.000120
0.760000,-0.000009,0.000120
0.761000,-0.000009,0.000120
0.762000,-0.000010,0.000120
0.763000,-0.000009,0.000120
0.764000,-0.000010,0.000119
0.765000,-0.000010,0.000119
0.766000,-0.000010,0.000119
0.767000,-0.000010,0.000118
0.768000,-0.000010,0.000118
0.769000,-0.000010,0.000118
0.770000,-0.000010,0.000118
0.771000,-0.000010,0.000118
0.772000,-0.000009,0.000118
0.773000,-0.000009,0.000119
0.774000,-0.000010,0.000119
0.775000,-0.000010,0.000120
0.776000,-0.000010,0.000119
0.777000,-0.000010,0.000119
0.778000,-0.000010,0.000120
0.779000,-0.000010,0.000119
0.780000,-0.000010,0.000118
0.781000,-0.000010,0.000119
0.782000,-0.000010,0.000118
0.783000,-0.000011,0.000118
0.784000,-0.000011,0.000119
0.785000,-0.000011,0.000118
0.786000,-0.000010,0.000119
0.787000,-0.000011,0.000119
0.788000,-0.000011,0.000118
0.789000,-0.000011,0.000119
0.790000,-0.000011,0.000120
0.791000,-0.000011,0.000119
0.792000,-0.000011,0.000120
0.793000,-0.000011,0.000120
0.794000,-0.000011,0.000119
0.795000,-0.000011,0.000119
0.796000,-0.000011,0.000119
0.797000,-0.000011,0.000119
0.798000,-0.000012,0.000119
0.799000,-0.000012,0.000119
0.800000,-0.000011,0.000120
0.801000,-0.000012,0.000120
0.802000,-0.000011,0.000120
0.803000,-0.000011,0.000121
0.804000,-0.000011,0.000120
0.805000,-0.000011,0.000120
0.806000,-0.000012,0.000120
0.807000,-0.000011,0.000119
0.808000,-0.000011,0.000119
0.809000,-0.000011,0.000118
0.810000,-0.000011,0.000118
0.811000,-0.000011,0.000118
0.812000,-0.000011,0.000118
0.813000,-0.000011,0.000118
0.814000,-0.000011,0.000118
0.815000,-0.000011,0.000118
0.816000,-0.000011,0.000117
0.817000,-0.000011,0.000117
0.818000,-0.000011,0.000117
0.819000,-0.000010,0.000117
0.820000,-0.000011,0.000117
0.821000,-0.000011,0.000117
0.822000,-0.000011,0.000117
0.823000,-0.000010,0.000117
0.824000,-0.000011,0.000117
0.825000,-0.000011,0.000117
0.826000,-0.000011,0.000117
0.827000,-0.000011,0.000117
0.828000,-0.000010,0.000117
0.829000,-0.000010,0.000116
0.830000,-0.000010,0.000116
0.831000,-0.000010,0.000117
0.832000,-0.000009,0.000117
0.833000,-0.000009,0.000117
0.834000,-0.000009,0.000116
0.835000,-0.000009,0.000116
0.836000,-0.000009,0.000115
0.837000,-0.000009,0.000116
0.838000,-0.000009,0.000114
0.839000,-0.000009,0.000115
0.840000,-0.000010,0.000114
0.841000,-0.000009,0.000115
0.842000,-0.000009,0.000114
0.843000,-0.000009,0.000115
0.844000,-0.000009,0.000114
0.845000,-0.000009,0.000114
0.846000,-0.000009,0.000114
0.847000,-0.000009,0.000115
0.848000,-0.000009,0.000115
0.849000,-0.000009,0.000115
0.850000,-0.000009,0.000115
0.851000,-0.000009,0.000115
0.852000,-0.000009,0.000116
0.853000,-0.000009,0.000115
0.854000,-0.000008,0.000115
0.855000,-0.000008,0.000114
0.856000,-0.000008,0.000115
0.857000,-0.000008,0.000115
0.858000,-0.000008,0.000116
0.859000,-0.000008,0.000115
0.860000,-0.000008,0.000116
0.861000,-0.000007,0.000115
0.862000,-0.000007,0.000115
0.863000,-0.000008,0.000114
0.864000,-0.000008,0.000115
0.865000,-0.000008,0.000114
0.866000,-0.000008,0.000115
0.867000,-0.000008,0.000114
0.868000,-0.000008,0.000115
0.869000,-0.000009,0.000115
0.870000,-0.000009,0.000115
0.871000,-0.000009,0.000115
0.872000,-0.000009,0.000115
0.873000,-0.000009,0.000115
0.874000,-0.000008,0.000115
0.875000,-0.000008,0.000115
0.876000,-0.000008,0.000115
0.877000,-0.000007,0.000115
0.878000,-0.000008,0.000115
0.879000,-0.000008,0.000116
0.880000,-0.000008,0.000116
0.881000,-0.000008,0.000116
0.882000,-0.000007,0.000116
0.883000,-0.000007,0.000117
0.884000,-0.000007,0.000116
0.885000,-0.000007,0.000117
0.886000,-0.000007,0.000115
0.887000,-0.000007,0.000116
0.888000,-0.000007,0.000115
0.889000,-0.000008,0.000115
0.890000,-0.000008,0.000114
0.891000,-0.000008,0.000115
0.892000,-0.000007,0.000114
0.893000,-0.000006,0.000115
0.894000,-0.000006,0.000116
0.895000,-0.000006,0.000115
0.896000,-0.000006,0.000116
0.897000,-0.000006,0.000115
0.898000,-0.000007,0.000115
0.899000,-0.000006,0.000114
0.900000,-0.000006,0.000115
0.901000,-0.000006,0.000115
0.902000,-0.000006,0.000115
0.903000,-0.000006,0.000114
0.904000,-0.000006,0.000114
0.905000,-0.000006,0.000115
0.906000,-0.000006,0.000115
0.907000,-0.000006,0.000117
0.908000,-0.000006,0.000115
0.909000,-0.000006,0.000117
0.910000,-0.000007,0.000116
0.911000,-0.000007,0.000116
0.912000,-0.000007,0.000116
0.913000,-0.000007,0.000117
0.914000,-0.000007,0.000117
0.915000,-0.000007,0.000117
0.916000,-0.000007,0.000118
0.917000,-0.000007,0.000117
0.918000,-0.000007,0.000118
0.919000,-0.000007,0.000117
0.920000,-0.000007,0.000117
0.921000,-0.000007,0.000115
0.922000,-0.000008,0.000116
0.923000,-0.000008,0.000115
0.924000,-0.000009,0.000115
0.925000,-0.000008,0.000115
0.926000,-0.000008,0.000115
0.927000,-0.000007,0.000115
0.928000,-0.000008,0.000115
0.929000,-0.000008,0.000116
0.930000,-0.000008,0.000115
0.931000,-0.000008,0.000115
0.932000,-0.000008,0.000115
0.933000,-0.000008,0.000115
0.934000,-0.000008,0.000114
0.935000,-0.000008,0.000115
0.936000,-0.000008,0.000115
0.937000,-0.000008,0.000115
0.938000,-0.000007,0.000116
0.939000,-0.000008,0.000116
0.940000,-0.000007,0.000116
0.941000,-0.000007,0.000115
0.942000,-0.000006,0.000115
0.943000,-0.000006,0.000115
0.944000,-0.000006,0.000116
0.945000,-0.000006,0.000116
0.946000,-0.000005,0.000116
0.947000,-0.000005,0.000115
0.948000,-0.000006,0.000115
0.949000,-0.000005,0.000115
0.950000,-0.000005,0.000114
0.951000,-0.000005,0.000115
0.952000,-0.000005,0.000114
0.953000,-0.000005,0.000114
0.954000,-0.000006,0.000115
0.955000,-0.000005,0.000115
0.956000,-0.000006,0.000115
0.957000,-0.000006,0.000115
0.958000,-0.000005,0.000114
0.959000,-0.000006,0.000114
0.960000,-0.000005,0.000114
0.961000,-0.000005,0.000115
0.962000,-0.000005,0.000115
0.963000,-0.000005,0.000115
0.964000,-0.000004,0.000115
0.965000,-0.000005,0.000115
0.966000,-0.000005,0.000114
0.967000,-0.000005,0.000115
0.968000,-0.000005,0.000114
0.969000,-0.000004,0.000115
0.970000,-0.000004,0.000114
0.971000,-0.000004,0.000115
0.972000,-0.000004,0.000114
0.973000,-0.000004,0.000114
0.974000,-0.000005,0.000114
0.975000,-0.000005,0.000114
0.976000,-0.000004,0.000114
0.977000,-0.000005,0.000114
0.978000,-0.000005,0.000114
0.979000,-0.000005,0.000114
0.980000,-0.000004,0.000114
0.981000,-0.000004,0.000114
0.982000,-0.000004,0.000114
0.983000,-0.000004,0.000113
0.984000,-0.000004,0.000114
0.985000,-0.000004,0.000113
0.986000,-0.000004,0.000114
0.987000,-0.000003,0.000113
0.988000,-0.000003,0.000114
0.989000,-0.000003,0.000114
0.990000,-0.000003,0.000115
0.991000,-0.000003,0.000113
0.992000,-0.000004,0.000114
0.993000,-0.000004,0.000112
0.994000,-0.000005,0.000112
0.995000,-0.000004,0.000112
0.996000,-0.000003,0.000111
0.997000,-0.000003,0.000112
0.998000,-0.000001,0.000112
0.999000,-0.000002,0.000113
0.950000,-0.000005,0.000114
0.951000,-0.000005,0.000114
0.952000,-0.000004,0.000114
0.953000,-0.000004,0.000114
0.954000,-0.000006,0.000115
0.955000,-0.000005,0.000115
0.956000,-0.000006,0.000116
0.957000,-0.000006,0.000115
0.958000,-0.000006,0.000115
0.959000,-0.000006,0.000114
0.960000,-0.000006,0.000114
0.961000,-0.000007,0.000114
0.962000,-0.000006,0.000115
0.963000,-0.000006,0.000115
0.964000,-0.000006,0.000115
0.965000,-0.000005,0.000114
0.966000,-0.000005,0.000114
0.967000,-0.000005,0.000114
0.968000,-0.000005,0.000114
0.969000,-0.000004,0.000114
0.970000,-0.000004,0.000114
0.971000,-0.000004,0.000115
0.972000,-0.000004,0.000114
0.973000,-0.000004,0.000114
0.974000,-0.000005,0.000114
0.975000,-0.000005,0.000114
0.976000,-0.000004,0.000114
0.977000,-0.000006,0.000114
0.978000,-0.000005,0.000114
0.979000,-0.000005,0.000114
0.980000,-0.000004,0.000114
0.981000,-0.000005,0.000114
0.982000,-0.000004,0.000114
0.983000,-0.000005,0.000114
0.984000,-0.000004,0.000113
0.985000,-0.000004,0.000113
0.986000,-0.000004,0.000113
0.987000,-0.000004,0.000114
0.988000,-0.000004,0.000115
0.989000,-0.000004,0.000115
0.990000,-0.000004,0.000115
0.991000,-0.000004,0.000114
0.992000,-0.000004,0.000115
0.993000,-0.000004,0.000114
0.994000,-0.000004,0.000114
0.995000,-0.000004,0.000113
0.996000,-0.000004,0.000113
0.997000,-0.000004,0.000113
0.998000,-0.000003,0.000114
0.999000,-0.000003,0.000114
1.000000,-0.000003,0.000115
1.001000,-0.000003,0.000114
1.002000,-0.000003,0.000114
1.003000,-0.000004,0.000115
1.004000,-0.000003,0.000115
1.005000,-0.000005,0.000115
1.006000,-0.000004,0.000115
1.007000,-0.000004,0.000114
1.008000,-0.000004,0.000115
1.009000,-0.000004,0.000115
1.010000,-0.000003,0.000115
1.011000,-0.000003,0.000115
1.012000,-0.000003,0.000115
1.013000,-0.000003,0.000115
1.014000,-0.000003,0.000115
1.015000,-0.000003,0.000115
1.016000,-0.000003,0.000115
1.017000,-0.000003,0.000115
1.018000,-0.000003,0.000115
1.019000,-0.000002,0.000115
1.020000,-0.000002,0.000115
1.021000,-0.000002,0.000115
1.022000,-0.000002,0.000116
1.023000,-0.000002,0.000117
1.024000,-0.000002,0.000117
1.025000,-0.000002,0.000116
1.026000,-0.000003,0.000116
1.027000,-0.000003,0.000116
1.028000,-0.000003,0.000116
1.029000,-0.000004,0.000116
1.030000,-0.000004,0.000116
1.031000,-0.000004,0.000116
1.032000,-0.000004,0.000116
1.033000,-0.000004,0.000116
1.034000,-0.000003,0.000117
1.035000,-0.000003,0.000117
1.036000,-0.000003,0.000117
1.037000,-0.000003,0.000117
1.038000,-0.000003,0.000117
1.039000,-0.000004,0.000117
1.040000,-0.000004,0.000117
1.041000,-0.000005,0.000117
1.042000,-0.000005,0.000117
1.043000,-0.000005,0.000117
1.044000,-0.000006,0.000117
1.045000,-0.000005,0.000117
1.046000,-0.000006,0.000117
1.047000,-0.000006,0.000117
1.048000,-0.000007,0.000117
1.049000,-0.000007,0.000117
1.050000,-0.000007,0.000117
1.051000,-0.000008,0.000117
1.052000,-0.000009,0.000117
1.053000,-0.000009,0.000116
1.054000,-0.000009,0.000116
1.055000,-0.000007,0.000116
1.056000,-0.000007,0.000115
1.057000,-0.000007,0.000116
1.058000,-0.000007,0.000116
1.059000,-0.000006,0.000117
1.060000,-0.000006,0.000117
1.061000,-0.000005,0.000117
1.062000,-0.000006,0.000118
1.063000,-0.000005,0.000118
1.064000,-0.000005,0.000118
1.065000,-0.000006,0.000118
1.066000,-0.000007,0.000118
1.067000,-0.000007,0.000118
1.068000,-0.000007,0.000117
1.069000,-0.000007,0.000117
1.070000,-0.000007,0.000116
1.071000,-0.000008,0.000116
1.072000,-0.000007,0.000116
1.073000,-0.000008,0.000116
1.074000,-0.000007,0.000116
1.075000,-0.000008,0.000117
1.076000,-0.000008,0.000116
1.077000,-0.000007,0.000116
1.078000,-0.000006,0.000117
1.079000,-0.000007,0.000116
1.080000,-0.000008,0.000117
1.081000,-0.000008,0.000117
1.082000,-0.000007,0.000118
1.083000,-0.000007,0.000117
1.084000,-0.000007,0.000118
1.085000,-0.000007,0.000117
1.086000,-0.000007,0.000118
1.087000,-0.000007,0.000117
1.088000,-0.000007,0.000117
1.089000,-0.000007,0.000116
1.090000,-0.000008,0.000117
1.091000,-0.000008,0.000117
1.092000,-0.000009,0.000117
1.093000,-0.000009,0.000118
1.094000,-0.000009,0.000118
1.095000,-0.000009,0.000118
1.096000,-0.000009,0.000118
1.097000,-0.000009,0.000118
1.098000,-0.000009,0.000118
1.099000,-0.000008,0.000118
1.100000,-0.000008,0.000116
1.101000,-0.000009,0.000117
1.102000,-0.000009,0.000117
1.103000,-0.000010,0.000118
1.104000,-0.000010,0.000118
1.105000,-0.000009,0.000118
1.106000,-0.000009,0.000118
1.107000,-0.000009,0.000117
1.108000,-0.000009,0.000118
1.109000,-0.000010,0.000117
1.110000,-0.000010,0.000118
1.111000,-0.000009,0.000117
1.112000,-0.000010,0.000118
1.113000,-0.000010,0.000117
1.114000,-0.000010,0.000117
1.115000,-0.000010,0.000117
1.116000,-0.000010,0.000117
1.117000,-0.000010,0.000118
1.118000,-0.000010,0.000118
1.119000,-0.000011,0.000119
1.120000,-0.000011,0.000118
1.121000,-0.000010,0.000119
1.122000,-0.000010,0.000117
1.123000,-0.000009,0.000117
1.124000,-0.000009,0.000117
1.125000,-0.000009,0.000118
1.126000,-0.000009,0.000118
1.127000,-0.000009,0.000119
1.128000,-0.000009,0.000119
1.129000,-0.000008,0.000119
1.130000,-0.000008,0.000120
1.131000,-0.000008,0.000119
1.132000,-0.000008,0.000119
1.133000,-0.000008,0.000119
1.134000,-0.000009,0.000119
1.135000,-0.000009,0.000119
1.136000,-0.000009,0.000120
1.137000,-0.000009,0.000119
1.138000,-0.000009,0.000120
1.139000,-0.000009,0.000119
1.140000,-0.000008,0.000120
1.141000,-0.000008,0.000120
1.142000,-0.000008,0.000120
1.143000,-0.000008,0.000120
1.144000,-0.000007,0.000120
1.145000,-0.000008,0.000120
1.146000,-0.000007,0.000120
1.147000,-0.000007,0.000121
1.148000,-0.000007,0.000120
1.149000,-0.000006,0.000121
1.150000,-0.000006,0.000120
1.151000,-0.000006,0.000121
1.152000,-0.000005,0.000121
1.153000,-0.000004,0.000122
1.154000,-0.000005,0.000121
1.155000,-0.000006,0.000122
1.156000,-0.000006,0.000121
1.157000,-0.000007,0.000122
1.158000,-0.000006,0.000121
1.159000,-0.000006,0.000121
1.160000,-0.000006,0.000120
1.161000,-0.000007,0.000120
1.162000,-0.000006,0.000119
1.163000,-0.000007,0.000120
1.164000,-0.000006,0.000120
1.165000,-0.000007,0.000120
1.166000,-0.000006,0.000120
1.167000,-0.000006,0.000120
1.168000,-0.000006,0.000121
1.169000,-0.000005,0.000121
1.170000,-0.000005,0.000121
1.171000,-0.000005,0.000121
1.172000,-0.000006,0.000122
1.173000,-0.000004,0.000121
1.174000,-0.000005,0.000121
1.175000,-0.000004,0.000121
1.176000,-0.000005,0.000122
1.177000,-0.000005,0.000121
1.178000,-0.000006,0.000121
1.179000,-0.000005,0.000120
1.180000,-0.000005,0.000120
1.181000,-0.000005,0.000119
1.182000,-0.000006,0.000120
1.183000,-0.000005,0.000119
1.184000,-0.000006,0.000120
1.185000,-0.000006,0.000120
1.186000,-0.000007,0.000119
1.187000,-0.000007,0.000119
1.188000,-0.000007,0.000118
1.189000,-0.000006,0.000119
1.190000,-0.000006,0.000119
1.191000,-0.000006,0.000119
1.192000,-0.000005,0.000119
1.193000,-0.000006,0.000119
1.194000,-0.000006,0.000118
1.195000,-0.000006,0.000119
1.196000,-0.000005,0.000118
1.197000,-0.000006,0.000118
1.198000,-0.000006,0.000118
1.199000,-0.000007,0.000118
1.200000,-0.000006,0.000118
1.201000,-0.000006,0.000118
1.202000,-0.000005,0.000118
1.203000,-0.000005,0.000117
1.204000,-0.000005,0.000117
1.205000,-0.000005,0.000117
1.206000,-0.000005,0.000117
1.207000,-0.000005,0.000117
1.208000,-0.000006,0.000118
1.209000,-0.000005,0.000118
1.210000,-0.000005,0.000118
1.211000,-0.000006,0.000118
1.212000,-0.000006,0.000117
1.213000,-0.000006,0.000118
1.214000,-0.000006,0.000117
1.215000,-0.000006,0.000118
1.216000,-0.000006,0.000117
1.217000,-0.000006,0.000117
1.218000,-0.000006,0.000117
1.219000,-0.000006,0.000117
1.220000,-0.000006,0.000118
1.221000,-0.000006,0.000118
1.222000,-0.000006,0.000119
1.223000,-0.000007,0.000119
1.224000,-0.000008,0.000119
1.225000,-0.000008,0.000118
1.226000,-0.000008,0.000119
1.227000,-0.000008,0.000118
1.228000,-0.000008,0.000119
1.229000,-0.000008,0.000118
1.230000,-0.000008,0.000118
1.231000,-0.000008,0.000119
1.232000,-0.000009,0.000119
1.233000,-0.000008,0.000119
1.234000,-0.000007,0.000119
1.235000,-0.000008,0.000119
1.236000,-0.000008,0.000118
1.237000,-0.000009,0.000118
1.238000,-0.000007,0.000117
1.239000,-0.000008,0.000117
1.240000,-0.000008,0.000117
1.241000,-0.000009,0.000117
1.242000,-0.000008,0.000116
1.243000,-0.000009,0.000117
1.244000,-0.000009,0.000116
1.245000,-0.000009,0.000116
1.246000,-0.000010,0.000114
1.247000,-0.000010,0.000115
1.248000,-0.000009,0.000115
1.249000,-0.000009,0.000115
1.250000,-0.000010,0.000115
1.251000,-0.000010,0.000115
1.252000,-0.000010,0.000115
1.253000,-0.000009,0.000116
1.254000,-0.000009,0.000116
1.255000,-0.000009,0.000117
1.256000,-0.000009,0.000117
1.257000,-0.000010,0.000116
1.258000,-0.000010,0.000116
1.259000,-0.000011,0.000117
1.260000,-0.000011,0.000117
1.261000,-0.000011,0.000117
1.262000,-0.000010,0.000117
1.263000,-0.000011,0.000117
1.264000,-0.000012,0.000117
1.265000,-0.000011,0.000116
1.266000,-0.000012,0.000116
1.267000,-0.000012,0.000115
1.268000,-0.000012,0.000116
1.269000,-0.000012,0.000115
1.270000,-0.000013,0.000116
1.271000,-0.000013,0.000116
1.272000,-0.000013,0.000116
1.273000,-0.000014,0.000115
1.274000,-0.000014,0.000116
1.275000,-0.000014,0.000116
1.276000,-0.000014,0.000116
1.277000,-0.000014,0.000116
1.278000,-0.000014,0.000117
1.279000,-0.000014,0.000117
1.280000,-0.000014,0.000117
1.281000,-0.000014,0.000118
1.282000,-0.000014,0.000118
1.283000,-0.000014,0.000118
1.284000,-0.000015,0.000118
1.285000,-0.000014,0.000118
1.286000,-0.000014,0.000117
1.287000,-0.000014,0.000118
1.288000,-0.000015,0.000118
1.289000,-0.000015,0.000118
1.290000,-0.000015,0.000117
1.291000,-0.000015,0.000118
1.292000,-0.000015,0.000117
1.293000,-0.000015,0.000117
1.294000,-0.000015,0.000117
1.295000,-0.000015,0.000118
1.296000,-0.000015,0.000118
1.297000,-0.000015,0.000118
1.298000,-0.000015,0.000118
1.299000,-0.000015,0.000118
1.300000,-0.000016,0.000118
1.301000,-0.000014,0.000117
1.302000,-0.000015,0.000117
1.303000,-0.000015,0.000117
1.304000,-0.000015,0.000118
1.305000,-0.000015,0.000118
1.306000,-0.000015,0.000118
1.307000,-0.000014,0.000119
1.308000,-0.000013,0.000119
1.309000,-0.000013,0.000119
1.310000,-0.000013,0.000118
1.311000,-0.000012,0.000117
1.312000,-0.000011,0.000117
1.313000,-0.000012,0.000117
1.314000,-0.000012,0.000117
1.315000,-0.000013,0.000117
1.316000,-0.000013,0.000117
1.317000,-0.000013,0.000117
1.318000,-0.000012,0.000118
1.319000,-0.000012,0.000117
1.320000,-0.000011,0.000118
1.321000,-0.000013,0.000118
1.322000,-0.000013,0.000118
1.323000,-0.000013,0.000117
1.324000,-0.000013,0.000117
1.325000,-0.000013,0.000117
1.326000,-0.000013,0.000117
1.327000,-0.000013,0.000117
1.328000,-0.000013,0.000116
1.329000,-0.000013,0.000117
1.330000,-0.000012,0.000117
1.331000,-0.000013,0.000117
1.332000,-0.000012,0.000116
1.333000,-0.000013,0.000117
1.334000,-0.000012,0.000116
1.335000,-0.000013,0.000116
1.336000,-0.000012,0.000117
1.337000,-0.000012,0.000118
1.338000,-0.000013,0.000118
1.339000,-0.000012,0.000118
1.340000,-0.000012,0.000118
1.341000,-0.000012,0.000119
1.342000,-0.000012,0.000119
1.343000,-0.000011,0.000119
1.344000,-0.000011,0.000119
1.345000,-0.000011,0.000120
1.346000,-0.000011,0.000120
1.347000,-0.000011,0.000119
1.348000,-0.000011,0.000120
1.349000,-0.000011,0.000119
1.350000,-0.000011,0.000119
1.351000,-0.000011,0.000119
1.352000,-0.000011,0.000120
1.353000,-0.000011,0.000118
1.354000,-0.000012,0.000118
1.355000,-0.000011,0.000117
1.356000,-0.000012,0.000118
1.357000,-0.000011,0.000117
1.358000,-0.000011,0.000118
1.359000,-0.000011,0.000117
1.360000,-0.000011,0.000118
1.361000,-0.000011,0.000118
1.362000,-0.000012,0.000118
1.363000,-0.000011,0.000118
1.364000,-0.000010,0.000118
1.365000,-0.000011,0.000119
1.366000,-0.000010,0.000118
1.367000,-0.000010,0.000118
1.368000,-0.000010,0.000118
1.369000,-0.000010,0.000119
1.370000,-0.000010,0.000118
1.371000,-0.000009,0.000119
1.372000,-0.000008,0.000118
1.373000,-0.000008,0.000119
1.374000,-0.000008,0.000118
1.375000,-0.000008,0.000119
1.376000,-0.000008,0.000118
1.377000,-0.000008,0.000118
1.378000,-0.000009,0.000117
1.379000,-0.000010,0.000118
1.380000,-0.000009,0.000118
1.381000,-0.000010,0.000118
1.382000,-0.000009,0.000117
1.383000,-0.000010,0.000118
1.384000,-0.000009,0.000118
1.385000,-0.000010,0.000118
1.386000,-0.000009,0.000119
1.387000,-0.000010,0.000120
1.388000,-0.000009,0.000120
1.389000,-0.000009,0.000119
1.390000,-0.000008,0.000120
1.391000,-0.000008,0.000119
1.392000,-0.000008,0.000120
1.393000,-0.000007,0.000119
1.394000,-0.000007,0.000120
1.395000,-0.000007,0.000119
1.396000,-0.000007,0.000120
1.397000,-0.000007,0.000120
1.398000,-0.000006,0.000121
1.399000,-0.000007,0.000121
1.400000,-0.000007,0.000121
1.401000,-0.000008,0.000121
1.402000,-0.000007,0.000121
1.403000,-0.000008,0.000121
1.404000,-0.000007,0.000120
1.405000,-0.000008,0.000120
1.406000,-0.000008,0.000119
1.407000,-0.000008,0.000120
1.408000,-0.000008,0.000120
1.409000,-0.000008,0.000121
1.410000,-0.000008,0.000122
1.411000,-0.000009,0.000122
1.412000,-0.000009,0.000123
1.413000,-0.000009,0.000122
1.414000,-0.000009,0.000123
1.415000,-0.000009,0.000121
1.416000,-0.000009,0.000122
1.417000,-0.000009,0.000121
1.418000,-0.000009,0.000122
1.419000,-0.000010,0.000122
1.420000,-0.000010,0.000122
1.421000,-0.000009,0.000121
1.422000,-0.000009,0.000121
1.423000,-0.000009,0.000121
1.424000,-0.000008,0.000120
1.425000,-0.000009,0.000120
1.426000,-0.000009,0.000120
1.427000,-0.000009,0.000120
1.428000,-0.000009,0.000120
1.429000,-0.000009,0.000120
1.430000,-0.000009,0.000120
1.431000,-0.000009,0.000120
1.432000,-0.000009,0.000120
1.433000,-0.000009,0.000120
1.434000,-0.000009,0.000121
1.435000,-0.000009,0.000121
1.436000,-0.000009,0.000121
1.437000,-0.000009,0.000120
1.438000,-0.000011,0.000121
1.439000,-0.000011,0.000120
1.440000,-0.000011,0.000121
1.441000,-0.000011,0.000119
1.442000,-0.000011,0.000121
1.443000,-0.000011,0.000119
1.444000,-0.000011,0.000120
1.445000,-0.000012,0.000119
1.446000,-0.000012,0.000120
1.447000,-0.000012,0.000120
1.448000,-0.000012,0.000120
1.449000,-0.000012,0.000120
1.450000,-0.000011,0.000122
1.451000,-0.000011,0.000122
1.452000,-0.000011,0.000121
1.453000,-0.000011,0.000122
1.454000,-0.000011,0.000122
1.455000,-0.000011,0.000123
1.456000,-0.000011,0.000122
1.457000,-0.000011,0.000122
1.458000,-0.000011,0.000122
1.459000,-0.000011,0.000122
1.460000,-0.000011,0.000122
1.461000,-0.000011,0.000122
1.462000,-0.000010,0.000122
1.463000,-0.000011,0.000122
1.464000,-0.000011,0.000122
1.465000,-0.000011,0.000122
1.466000,-0.000011,0.000122
1.467000,-0.000011,0.000123
1.468000,-0.000011,0.000123
1.469000,-0.000011,0.000123
1.470000,-0.000011,0.000123
1.471000,-0.000012,0.000123
1.472000,-0.000012,0.000123
1.473000,-0.000012,0.000123
1.474000,-0.000012,0.000123
1.475000,-0.000012,0.000123
1.476000,-0.000012,0.000123
1.477000,-0.000012,0.000124
1.478000,-0.000011,0.000124
1.479000,-0.000010,0.000124
1.480000,-0.000011,0.000124
1.481000,-0.000010,0.000124
1.482000,-0.000010,0.000124
1.483000,-0.000009,0.000124
1.484000,-0.000009,0.000123
1.485000,-0.000009,0.000123
1.486000,-0.000009,0.000123
1.487000,-0.000008,0.000122
1.488000,-0.000009,0.000122
1.489000,-0.000009,0.000122
1.490000,-0.000009,0.000122
1.491000,-0.000011,0.000123
1.492000,-0.000011,0.000123
1.493000,-0.000011,0.000124
1.494000,-0.000011,0.000123
1.495000,-0.000011,0.000124
1.496000,-0.000011,0.000122
1.497000,-0.000012,0.000122
1.498000,-0.000013,0.000122
1.499000,-0.000012,0.000122
1.450000,-0.000011,0.000122
1.451000,-0.000011,0.000121
1.452000,-0.000011,0.000121
1.453000,-0.000010,0.000121
1.454000,-0.000010,0.000121
1.455000,-0.000010,0.000122
1.456000,-0.000010,0.000122
1.457000,-0.000009,0.000123
1.458000,-0.000010,0.000122
1.459000,-0.000010,0.000122
1.460000,-0.000010,0.000122
1.461000,-0.000010,0.000123
1.462000,-0.000010,0.000122
1.463000,-0.000010,0.000122
1.464000,-0.000010,0.000121
1.465000,-0.000010,0.000122
1.466000,-0.000010,0.000121
1.467000,-0.000010,0.000122
1.468000,-0.000010,0.000121
1.469000,-0.000011,0.000121
1.470000,-0.000010,0.000121
1.471000,-0.000011,0.000121
1.472000,-0.000011,0.000121
1.473000,-0.000011,0.000121
1.474000,-0.000011,0.000121
1.475000,-0.000011,0.000121
1.476000,-0.000010,0.000121
1.477000,-0.000010,0.000121
1.478000,-0.000010,0.000121
1.479000,-0.000009,0.000121
1.480000,-0.000009,0.000121
1.481000,-0.000009,0.000121
1.482000,-0.000009,0.000122
1.483000,-0.000008,0.000121
1.484000,-0.000008,0.000120
1.485000,-0.000007,0.000120
1.486000,-0.000008,0.000120
1.487000,-0.000007,0.000119
1.488000,-0.000008,0.000119
1.489000,-0.000008,0.000119
1.490000,-0.000008,0.000119
1.491000,-0.000009,0.000119
1.492000,-0.000009,0.000120
1.493000,-0.000008,0.000121
1.494000,-0.000009,0.000121
1.495000,-0.000009,0.000121
1.496000,-0.000009,0.000120
1.497000,-0.000010,0.000120
1.498000,-0.000010,0.000120
1.499000,-0.000010,0.000120
1.500000,-0.000010,0.000120
1.501000,-0.000010,0.000121
1.502000,-0.000010,0.000120
1.503000,-0.000010,0.000121
1.504000,-0.000010,0.000121
1.505000,-0.000010,0.000120
1.506000,-0.000010,0.000121
1.507000,-0.000010,0.000120
1.508000,-0.000011,0.000120
1.509000,-0.000011,0.000119
1.510000,-0.000011,0.000118
1.511000,-0.000011,0.000118
1.512000,-0.000012,0.000118
1.513000,-0.000011,0.000118
1.514000,-0.000010,0.000119
1.515000,-0.000010,0.000120
1.516000,-0.000010,0.000119
1.517000,-0.000010,0.000119
1.518000,-0.000010,0.000119
1.519000,-0.000009,0.000118
1.520000,-0.000009,0.000117
1.521000,-0.000010,0.000119
1.522000,-0.000009,0.000118
1.523000,-0.000010,0.000118
1.524000,-0.000009,0.000119
1.525000,-0.000009,0.000120
1.526000,-0.000009,0.000119
1.527000,-0.000009,0.000119
1.528000,-0.000009,0.000119
1.529000,-0.000009,0.000119
1.530000,-0.000009,0.000119
1.531000,-0.000009,0.000118
1.532000,-0.000009,0.000118
1.533000,-0.000010,0.000118
1.534000,-0.000010,0.000118
1.535000,-0.000009,0.000117
1.536000,-0.000010,0.000117
1.537000,-0.000010,0.000117
1.538000,-0.000009,0.000118
1.539000,-0.000009,0.000118
1.540000,-0.000009,0.000118
1.541000,-0.000009,0.000118
1.542000,-0.000009,0.000118
1.543000,-0.000009,0.000118
1.544000,-0.000008,0.000118
1.545000,-0.000008,0.000118
1.546000,-0.000008,0.000118
1.547000,-0.000008,0.000118
1.548000,-0.000007,0.000118
1.549000,-0.000008,0.000118
1.550000,-0.000008,0.000117
1.551000,-0.000008,0.000118
1.552000,-0.000008,0.000117
1.553000,-0.000009,0.000117
1.554000,-0.000009,0.000117
1.555000,-0.000010,0.000117
1.556000,-0.000010,0.000116
1.557000,-0.000011,0.000116
1.558000,-0.000011,0.000116
1.559000,-0.000011,0.000116
1.560000,-0.000011,0.000116
1.561000,-0.000011,0.000117
1.562000,-0.000010,0.000117
1.563000,-0.000010,0.000117
1.564000,-0.000010,0.000118
1.565000,-0.000010,0.000118
1.566000,-0.000009,0.000118
1.567000,-0.000008,0.000118
1.568000,-0.000008,0.000119
1.569000,-0.000008,0.000119
1.570000,-0.000007,0.000120
1.571000,-0.000008,0.000119
1.572000,-0.000008,0.000120
1.573000,-0.000008,0.000119
1.574000,-0.000007,0.000119
1.575000,-0.000007,0.000119
1.576000,-0.000007,0.000120
1.577000,-0.000007,0.000119
1.578000,-0.000007,0.000120
1.579000,-0.000007,0.000119
1.580000,-0.000007,0.000119
1.581000,-0.000006,0.000119
1.582000,-0.000007,0.000119
1.583000,-0.000007,0.000119
1.584000,-0.000008,0.000119
1.585000,-0.000007,0.000119
1.586000,-0.000007,0.000120
1.587000,-0.000008,0.000121
1.588000,-0.000007,0.000121
1.589000,-0.000008,0.000121
1.590000,-0.000007,0.000119
1.591000,-0.000008,0.000120
1.592000,-0.000008,0.000120
1.593000,-0.000009,0.000119
1.594000,-0.000008,0.000118
1.595000,-0.000008,0.000118
1.596000,-0.000007,0.000118
1.597000,-0.000007,0.000118
1.598000,-0.000007,0.000118
1.599000,-0.000007,0.000118
1.600000,-0.000007,0.000118
1.601000,-0.000007,0.000118
1.602000,-0.000007,0.000119
1.603000,-0.000008,0.000118
1.604000,-0.000008,0.000119
1.605000,-0.000008,0.000119
1.606000,-0.000008,0.000119
1.607000,-0.000007,0.000119
1.608000,-0.000007,0.000119
1.609000,-0.000007,0.000120
1.610000,-0.000007,0.000119
1.611000,-0.000007,0.000119
1.612000,-0.000006,0.000118
1.613000,-0.000007,0.000119
1.614000,-0.000008,0.000118
1.615000,-0.000008,0.000118
1.616000,-0.000008,0.000118
1.617000,-0.000008,0.000119
1.618000,-0.000008,0.000119
1.619000,-0.000009,0.000119
1.620000,-0.000009,0.000119
1.621000,-0.000009,0.000118
1.622000,-0.000010,0.000119
1.623000,-0.000009,0.000119
1.624000,-0.000010,0.000119
1.625000,-0.000009,0.000118
1.626000,-0.000010,0.000119
1.627000,-0.000009,0.000119
1.628000,-0.000009,0.000119
1.629000,-0.000009,0.000120
1.630000,-0.000009,0.000120
1.631000,-0.000009,0.000121
1.632000,-0.000008,0.000120
1.633000,-0.000008,0.000121
1.634000,-0.000007,0.000120
1.635000,-0.000009,0.000122
1.636000,-0.000007,0.000121
1.637000,-0.000008,0.000122
1.638000,-0.000007,0.000121
1.639000,-0.000007,0.000122
1.640000,-0.000006,0.000122
1.641000,-0.000006,0.000122
1.642000,-0.000006,0.000121
1.643000,-0.000006,0.000121
1.644000,-0.000008,0.000121
1.645000,-0.000007,0.000121
1.646000,-0.000008,0.000122
1.647000,-0.000008,0.000122
1.648000,-0.000008,0.000122
1.649000,-0.000007,0.000121
1.650000,-0.000008,0.000121
1.651000,-0.000009,0.000120
1.652000,-0.000008,0.000122
1.653000,-0.000009,0.000120
1.654000,-0.000008,0.000121
1.655000,-0.000008,0.000120
1.656000,-0.000008,0.000121
1.657000,-0.000008,0.000120
1.658000,-0.000008,0.000120
1.659000,-0.000007,0.000120
1.660000,-0.000008,0.000121
1.661000,-0.000008,0.000120
1.662000,-0.000009,0.000120
1.663000,-0.000009,0.000120
1.664000,-0.000009,0.000120
1.665000,-0.000010,0.000120
1.666000,-0.000011,0.000120
1.667000,-0.000011,0.000120
1.668000,-0.000011,0.000120
1.669000,-0.000012,0.000120
1.670000,-0.000012,0.000120
1.671000,-0.000012,0.000121
1.672000,-0.000012,0.000120
1.673000,-0.000011,0.000121
1.674000,-0.000012,0.000120
1.675000,-0.000013,0.000121
1.676000,-0.000013,0.000119
1.677000,-0.000013,0.000120
1.678000,-0.000014,0.000120
1.679000,-0.000014,0.000120
1.680000,-0.000014,0.000119
1.681000,-0.000014,0.000119
1.682000,-0.000014,0.000119
1.683000,-0.000014,0.000120
1.684000,-0.000013,0.000119
1.685000,-0.000014,0.000119
1.686000,-0.000013,0.000119
1.687000,-0.000013,0.000119
1.688000,-0.000013,0.000120
1.689000,-0.000012,0.000119
1.690000,-0.000012,0.000119
1.691000,-0.000012,0.000118
1.692000,-0.000013,0.000119
1.693000,-0.000012,0.000118
1.694000,-0.000013,0.000119
1.695000,-0.000013,0.000118
1.696000,-0.000014,0.000119
1.697000,-0.000013,0.000119
1.698000,-0.000014,0.000119
1.699000,-0.000013,0.000119
1.700000,-0.000013,0.000119
1.701000,-0.000013,0.000120
1.702000,-0.000012,0.000119
1.703000,-0.000012,0.000119
1.704000,-0.000012,0.000118
1.705000,-0.000013,0.000118
1.706000,-0.000013,0.000117
1.707000,-0.000013,0.000118
1.708000,-0.000013,0.000118
1.709000,-0.000012,0.000118
1.710000,-0.000012,0.000119
1.711000,-0.000012,0.000119
1.712000,-0.000013,0.000119
1.713000,-0.000012,0.000118
1.714000,-0.000012,0.000119
1.715000,-0.000012,0.000119
1.716000,-0.000012,0.000119
1.717000,-0.000012,0.000119
1.718000,-0.000012,0.000119
1.719000,-0.000010,0.000119
1.720000,-0.000010,0.000120
1.721000,-0.000009,0.000120
1.722000,-0.000009,0.000120
1.723000,-0.000009,0.000120
1.724000,-0.000008,0.000120
1.725000,-0.000009,0.000120
1.726000,-0.000009,0.000120
1.727000,-0.000009,0.000120
1.728000,-0.000009,0.000120
1.729000,-0.000010,0.000120
1.730000,-0.000009,0.000120
1.731000,-0.000009,0.000120
1.732000,-0.000009,0.000121
1.733000,-0.000009,0.000120
1.734000,-0.000009,0.000120
1.735000,-0.000009,0.000119
1.736000,-0.000010,0.000119
1.737000,-0.000009,0.000118
1.738000,-0.000010,0.000119
1.739000,-0.000010,0.000118
1.740000,-0.000010,0.000118
1.741000,-0.000010,0.000118
1.742000,-0.000011,0.000118
1.743000,-0.000010,0.000118
1.744000,-0.000010,0.000118
1.745000,-0.000010,0.000118
1.746000,-0.000010,0.000118
1.747000,-0.000010,0.000117
1.748000,-0.000010,0.000118
1.749000,-0.000010,0.000118
1.750000,-0.000009,0.000118
1.751000,-0.000009,0.000118
1.752000,-0.000010,0.000118
1.753000,-0.000010,0.000119
1.754000,-0.000010,0.000118
1.755000,-0.000009,0.000119
1.756000,-0.000009,0.000119
1.757000,-0.000009,0.000119
1.758000,-0.000008,0.000119
1.759000,-0.000009,0.000119
1.760000,-0.000009,0.000118
1.761000,-0.000009,0.000119
1.762000,-0.000008,0.000118
1.763000,-0.000008,0.000118
1.764000,-0.000009,0.000117
1.765000,-0.000009,0.000117
1.766000,-0.000009,0.000117
1.767000,-0.000008,0.000117
1.768000,-0.000008,0.000116
1.769000,-0.000008,0.000116
1.770000,-0.000008,0.000115
1.771000,-0.000008,0.000115
1.772000,-0.000009,0.000115
1.773000,-0.000009,0.000116
1.774000,-0.000008,0.000116
1.775000,-0.000008,0.000116
1.776000,-0.000008,0.000117
1.777000,-0.000007,0.000117
1.778000,-0.000007,0.000118
1.779000,-0.000007,0.000118
1.780000,-0.000007,0.000119
1.781000,-0.000007,0.000118
1.782000,-0.000006,0.000118
1.783000,-0.000006,0.000117
1.784000,-0.000007,0.000118
1.785000,-0.000006,0.000117
1.786000,-0.000007,0.000117
1.787000,-0.000007,0.000117
1.788000,-0.000008,0.000116
1.789000,-0.000008,0.000117
1.790000,-0.000007,0.000118
1.791000,-0.000006,0.000119
1.792000,-0.000007,0.000118
1.793000,-0.000006,0.000119
1.794000,-0.000006,0.000119
1.795000,-0.000006,0.000120
1.796000,-0.000006,0.000119
1.797000,-0.000006,0.000120
1.798000,-0.000006,0.000118
1.799000,-0.000006,0.000119
1.800000,-0.000006,0.000119
1.801000,-0.000006,0.000119
1.802000,-0.000006,0.000119
1.803000,-0.000006,0.000120
1.804000,-0.000005,0.000121
1.805000,-0.000004,0.000119
1.806000,-0.000003,0.000120
1.807000,-0.000003,0.000119
1.808000,-0.000004,0.000120
1.809000,-0.000004,0.000119
1.810000,-0.000004,0.000119
1.811000,-0.000004,0.000118
1.812000,-0.000004,0.000119
1.813000,-0.000003,0.000119
1.814000,-0.000003,0.000120
1.815000,-0.000003,0.000120
1.816000,-0.000003,0.000120
1.817000,-0.000003,0.000120
1.818000,-0.000003,0.000119
1.819000,-0.000004,0.000119
1.820000,-0.000004,0.000118
1.821000,-0.000004,0.000118
1.822000,-0.000005,0.000118
1.823000,-0.000005,0.000118
1.824000,-0.000005,0.000118
1.825000,-0.000005,0.000118
1.826000,-0.000005,0.000118
1.827000,-0.000005,0.000117
1.828000,-0.000005,0.000117
1.829000,-0.000005,0.000116
1.830000,-0.000006,0.000117
1.831000,-0.000006,0.000115
1.832000,-0.000007,0.000116
1.833000,-0.000006,0.000115
1.834000,-0.000007,0.000116
1.835000,-0.000007,0.000117
1.836000,-0.000006,0.000117
1.837000,-0.000007,0.000118
1.838000,-0.000007,0.000118
1.839000,-0.000007,0.000119
1.840000,-0.000007,0.000118
1.841000,-0.000007,0.000118
1.842000,-0.000008,0.000117
1.843000,-0.000008,0.000118
1.844000,-0.000007,0.000118
1.845000,-0.000007,0.000118
1.846000,-0.000007,0.000117
1.847000,-0.000007,0.000118
1.848000,-0.000007,0.000117
1.849000,-0.000008,0.000118
1.850000,-0.000007,0.000118
1.851000,-0.000007,0.000120
1.852000,-0.000006,0.000119
1.853000,-0.000006,0.000119
1.854000,-0.000005,0.000119
1.855000,-0.000007,0.000119
1.856000,-0.000006,0.000120
1.857000,-0.000006,0.000120
1.858000,-0.000006,0.000120
1.859000,-0.000006,0.000120
1.860000,-0.000006,0.000120
1.861000,-0.000007,0.000120
1.862000,-0.000007,0.000121
1.863000,-0.000006,0.000120
1.864000,-0.000006,0.000122
1.865000,-0.000005,0.000121
1.866000,-0.000006,0.000122
1.867000,-0.000007,0.000121
1.868000,-0.000007,0.000121
1.869000,-0.000006,0.000121
1.870000,-0.000006,0.000122
1.871000,-0.000006,0.000121
1.872000,-0.000005,0.000122
1.873000,-0.000004,0.000121
1.874000,-0.000006,0.000122
1.875000,-0.000005,0.000120
1.876000,-0.000005,0.000120
1.877000,-0.000006,0.000120
1.878000,-0.000006,0.000119
1.879000,-0.000005,0.000119
1.880000,-0.000005,0.000119
1.881000,-0.000005,0.000119
1.882000,-0.000006,0.000118
1.883000,-0.000005,0.000118
1.884000,-0.000005,0.000118
1.885000,-0.000005,0.000118
1.886000,-0.000005,0.000117
1.887000,-0.000005,0.000118
1.888000,-0.000005,0.000118
1.889000,-0.000005,0.000118
1.890000,-0.000005,0.000118
1.891000,-0.000005,0.000118
1.892000,-0.000005,0.000118
1.893000,-0.000005,0.000118
1.894000,-0.000005,0.000118
1.895000,-0.000005,0.000117
1.896000,-0.000005,0.000118
1.897000,-0.000005,0.000117
1.898000,-0.000005,0.000118
1.899000,-0.000005,0.000117
1.900000,-0.000006,0.000118
1.901000,-0.000005,0.000117
1.902000,-0.000006,0.000117
1.903000,-0.000005,0.000117
1.904000,-0.000007,0.000116
1.905000,-0.000007,0.000117
1.906000,-0.000008,0.000117
1.907000,-0.000008,0.000117
1.908000,-0.000008,0.000116
1.909000,-0.000008,0.000117
1.910000,-0.000008,0.000116
1.911000,-0.000007,0.000117
1.912000,-0.000007,0.000116
1.913000,-0.000007,0.000117
1.914000,-0.000008,0.000116
1.915000,-0.000007,0.000116
1.916000,-0.000007,0.000116
1.917000,-0.000007,0.000117
1.918000,-0.000008,0.000117
1.919000,-0.000007,0.000117
1.920000,-0.000007,0.000117
1.921000,-0.000007,0.000117
1.922000,-0.000007,0.000118
1.923000,-0.000007,0.000118
1.924000,-0.000007,0.000118
1.925000,-0.000007,0.000119
1.926000,-0.000008,0.000118
1.927000,-0.000007,0.000119
1.928000,-0.000007,0.000118
1.929000,-0.000007,0.000119
1.930000,-0.000007,0.000118
1.931000,-0.000007,0.000119
1.932000,-0.000006,0.000118
1.933000,-0.000007,0.000119
1.934000,-0.000006,0.000119
1.935000,-0.000006,0.000118
1.936000,-0.000006,0.000117
1.937000,-0.000006,0.000118
1.938000,-0.000005,0.000117
1.939000,-0.000005,0.000117
1.940000,-0.000005,0.000117
1.941000,-0.000005,0.000116
1.942000,-0.000004,0.000117
1.943000,-0.000005,0.000116
1.944000,-0.000005,0.000117
1.945000,-0.000005,0.000116
1.946000,-0.000006,0.000117
1.947000,-0.000006,0.000116
1.948000,-0.000006,0.000117
1.949000,-0.000006,0.000115
1.950000,-0.000006,0.000115
1.951000,-0.000006,0.000115
1.952000,-0.000006,0.000115
1.953000,-0.000006,0.000114
1.954000,-0.000007,0.000115
1.955000,-0.000006,0.000115
1.956000,-0.000006,0.000114
1.957000,-0.000007,0.000114
1.958000,-0.000007,0.000114
1.959000,-0.000007,0.000114
1.960000,-0.000006,0.000114
1.961000,-0.000006,0.000114
1.962000,-0.000006,0.000114
1.963000,-0.000006,0.000114
1.964000,-0.000006,0.000113
1.965000,-0.000006,0.000114
1.966000,-0.000004,0.000114
1.967000,-0.000005,0.000114
1.968000,-0.000004,0.000114
1.969000,-0.000004,0.000114
1.970000,-0.000005,0.000113
1.971000,-0.000005,0.000114
1.972000,-0.000005,0.000113
1.973000,-0.000006,0.000113
1.974000,-0.000006,0.000113
1.975000,-0.000005,0.000113
1.976000,-0.000006,0.000113
1.977000,-0.000006,0.000113
1.978000,-0.000006,0.000114
1.979000,-0.000006,0.000114
1.980000,-0.000007,0.000115
1.981000,-0.000007,0.000115
1.982000,-0.000006,0.000117
1.983000,-0.000007,0.000117
1.984000,-0.000006,0.000118
1.985000,-0.000007,0.000117
1.986000,-0.000007,0.000118
1.987000,-0.000007,0.000117
1.988000,-0.000007,0.000118
1.989000,-0.000007,0.000116
1.990000,-0.000008,0.000116
1.991000,-0.000008,0.000116
1.992000,-0.000008,0.000116
1.993000,-0.000009,0.000116
1.994000,-0.000007,0.000116
1.995000,-0.000008,0.000116
1.996000,-0.000008,0.000115
1.997000,-0.000008,0.000115
1.998000,-0.000007,0.000115
1.999000,-0.000008,0.000115
1.950000,-0.000006,0.000115
1.951000,-0.000006,0.000115
1.952000,-0.000007,0.000115
1.953000,-0.000006,0.000115
1.954000,-0.000007,0.000115
1.955000,-0.000006,0.000115
1.956000,-0.000007,0.000115
1.957000,-0.000007,0.000115
1.958000,-0.000006,0.000116
1.959000,-0.000006,0.000115
1.960000,-0.000006,0.000115
1.961000,-0.000005,0.000116
1.962000,-0.000005,0.000115
1.963000,-0.000005,0.000115
1.964000,-0.000005,0.000114
1.965000,-0.000005,0.000115
1.966000,-0.000004,0.000115
1.967000,-0.000004,0.000116
1.968000,-0.000004,0.000115
1.969000,-0.000004,0.000115
1.970000,-0.000005,0.000115
1.971000,-0.000005,0.000115
1.972000,-0.000005,0.000114
1.973000,-0.000007,0.000114
1.974000,-0.000007,0.000113
1.975000,-0.000007,0.000114
1.976000,-0.000007,0.000114
1.977000,-0.000007,0.000114
1.978000,-0.000007,0.000114
1.979000,-0.000008,0.000115
1.980000,-0.000008,0.000115
1.981000,-0.000008,0.000115
1.982000,-0.000007,0.000116
1.983000,-0.000008,0.000116
1.984000,-0.000007,0.000116
1.985000,-0.000008,0.000117
1.986000,-0.000008,0.000118
1.987000,-0.000009,0.000117
1.988000,-0.000008,0.000117
1.989000,-0.000008,0.000116
1.990000,-0.000009,0.000116
1.991000,-0.000009,0.000115
1.992000,-0.000009,0.000116
1.993000,-0.000009,0.000116
1.994000,-0.000009,0.000117
1.995000,-0.000009,0.000117
1.996000,-0.000009,0.000116
1.997000,-0.000009,0.000117
1.998000,-0.000008,0.000117
1.999000,-0.000009,0.000117
2.000000,-0.000008,0.000117
2.001000,-0.000009,0.000117
2.002000,-0.000009,0.000117
2.003000,-0.000009,0.000116
2.004000,-0.000009,0.000117
2.005000,-0.000009,0.000117
2.006000,-0.000009,0.000117
2.007000,-0.000009,0.000117
2.008000,-0.000009,0.000118
2.009000,-0.000009,0.000118
2.010000,-0.000009,0.000118
2.011000,-0.000008,0.000118
2.012000,-0.000008,0.000119
2.013000,-0.000009,0.000119
2.014000,-0.000009,0.000120
2.015000,-0.000009,0.000119
2.016000,-0.000009,0.000119
2.017000,-0.000009,0.000119
2.018000,-0.000008,0.000119
2.019000,-0.000009,0.000119
2.020000,-0.000009,0.000118
2.021000,-0.000010,0.000119
2.022000,-0.000009,0.000118
2.023000,-0.000010,0.000118
2.024000,-0.000010,0.000118
2.025000,-0.000009,0.000118
2.026000,-0.000008,0.000118
2.027000,-0.000009,0.000118
2.028000,-0.000009,0.000119
2.029000,-0.000009,0.000118
2.030000,-0.000008,0.000118
2.031000,-0.000008,0.000117
2.032000,-0.000007,0.000118
2.033000,-0.000007,0.000117
2.034000,-0.000008,0.000117
2.035000,-0.000008,0.000117
2.036000,-0.000008,0.000117
2.037000,-0.000007,0.000117
2.038000,-0.000007,0.000117
2.039000,-0.000008,0.000117
2.040000,-0.000008,0.000118
2.041000,-0.000007,0.000119
2.042000,-0.000007,0.000119
2.043000,-0.000007,0.000120
2.044000,-0.000007,0.000120
2.045000,-0.000006,0.000121
2.046000,-0.000007,0.000121
2.047000,-0.000007,0.000121
2.048000,-0.000007,0.000121
2.049000,-0.000008,0.000121
2.050000,-0.000007,0.000121
2.051000,-0.000007,0.000121
2.052000,-0.000007,0.000121
2.053000,-0.000007,0.000121
2.054000,-0.000006,0.000120
2.055000,-0.000007,0.000121
2.056000,-0.000006,0.000120
2.057000,-0.000007,0.000120
2.058000,-0.000007,0.000119
2.059000,-0.000008,0.000120
2.060000,-0.000008,0.000120
2.061000,-0.000009,0.000120
2.062000,-0.000009,0.000120
2.063000,-0.000009,0.000121
2.064000,-0.000008,0.000120
2.065000,-0.000009,0.000120
2.066000,-0.000008,0.000120
2.067000,-0.000008,0.000121
2.068000,-0.000008,0.000121
2.069000,-0.000008,0.000121
2.070000,-0.000007,0.000121
2.071000,-0.000007,0.000121
2.072000,-0.000007,0.000122
2.073000,-0.000006,0.000122
2.074000,-0.000006,0.000122
2.075000,-0.000006,0.000122
2.076000,-0.000006,0.000123
2.077000,-0.000006,0.000122
2.078000,-0.000006,0.000123
2.079000,-0.000006,0.000122
2.080000,-0.000006,0.000122
2.081000,-0.000005,0.000121
2.082000,-0.000006,0.000122
2.083000,-0.000006,0.000121
2.084000,-0.000007,0.000121
2.085000,-0.000007,0.000120
2.086000,-0.000007,0.000121
2.087000,-0.000006,0.000121
2.088000,-0.000006,0.000122
2.089000,-0.000007,0.000123
2.090000,-0.000007,0.000121
2.091000,-0.000007,0.000122
2.092000,-0.000007,0.000121
2.093000,-0.000006,0.000122
2.094000,-0.000006,0.000120
2.095000,-0.000007,0.000121
2.096000,-0.000006,0.000120
2.097000,-0.000006,0.000120
2.098000,-0.000006,0.000120
2.099000,-0.000005,0.000119
2.100000,-0.000005,0.000120
2.101000,-0.000005,0.000120
2.102000,-0.000005,0.000121
2.103000,-0.000005,0.000120
2.104000,-0.000005,0.000120
2.105000,-0.000005,0.000119
2.106000,-0.000005,0.000120
2.107000,-0.000005,0.000120
2.108000,-0.000005,0.000120
2.109000,-0.000005,0.000120
2.110000,-0.000005,0.000119
2.111000,-0.000006,0.000120
2.112000,-0.000006,0.000119
2.113000,-0.000006,0.000119
2.114000,-0.000005,0.000118
2.115000,-0.000006,0.000119
2.116000,-0.000005,0.000119
2.117000,-0.000006,0.000119
2.118000,-0.000006,0.000119
2.119000,-0.000006,0.000119
2.120000,-0.000005,0.000120
2.121000,-0.000006,0.000119
2.122000,-0.000006,0.000120
2.123000,-0.000005,0.000119
2.124000,-0.000005,0.000120
2.125000,-0.000006,0.000119
2.126000,-0.000006,0.000120
2.127000,-0.000006,0.000120
2.128000,-0.000006,0.000120
2.129000,-0.000006,0.000120
2.130000,-0.000006,0.000120
2.131000,-0.000008,0.000121
2.132000,-0.000007,0.000121
2.133000,-0.000008,0.000122
2.134000,-0.000007,0.000121
2.135000,-0.000007,0.000122
2.136000,-0.000006,0.000122
2.137000,-0.000007,0.000123
2.138000,-0.000006,0.000122
2.139000,-0.000006,0.000123
2.140000,-0.000006,0.000122
2.141000,-0.000007,0.000122
2.142000,-0.000007,0.000121
2.143000,-0.000006,0.000122
2.144000,-0.000006,0.000121
2.145000,-0.000007,0.000120
2.146000,-0.000007,0.000121
2.147000,-0.000007,0.000120
2.148000,-0.000007,0.000121
2.149000,-0.000006,0.000120
2.150000,-0.000006,0.000121
2.151000,-0.000007,0.000120
2.152000,-0.000006,0.000121
2.153000,-0.000006,0.000120
2.154000,-0.000007,0.000120
2.155000,-0.000007,0.000120
2.156000,-0.000007,0.000121
2.157000,-0.000006,0.000121
2.158000,-0.000006,0.000122
2.159000,-0.000005,0.000122
2.160000,-0.000006,0.000122
2.161000,-0.000005,0.000122
2.162000,-0.000005,0.000122
2.163000,-0.000005,0.000121
2.164000,-0.000005,0.000122
2.165000,-0.000005,0.000121
2.166000,-0.000005,0.000121
2.167000,-0.000006,0.000121
2.168000,-0.000006,0.000121
2.169000,-0.000006,0.000122
2.170000,-0.000007,0.000121
2.171000,-0.000006,0.000122
2.172000,-0.000007,0.000122
2.173000,-0.000008,0.000122
2.174000,-0.000007,0.000121
2.175000,-0.000007,0.000122
2.176000,-0.000007,0.000121
2.177000,-0.000008,0.000122
2.178000,-0.000007,0.000120
2.179000,-0.000008,0.000121
2.180000,-0.000007,0.000120
2.181000,-0.000008,0.000121
2.182000,-0.000007,0.000120
2.183000,-0.000007,0.000122
2.184000,-0.000007,0.000122
2.185000,-0.000006,0.000122
2.186000,-0.000006,0.000122
2.187000,-0.000006,0.000121
2.188000,-0.000006,0.000121
2.189000,-0.000006,0.000120
2.190000,-0.000007,0.000121
2.191000,-0.000007,0.000120
2.192000,-0.000006,0.000121
2.193000,-0.000006,0.000120
2.194000,-0.000006,0.000121
2.195000,-0.000007,0.000120
2.196000,-0.000007,0.000120
2.197000,-0.000007,0.000120
2.198000,-0.000007,0.000120
2.199000,-0.000008,0.000120
2.200000,-0.000009,0.000119
2.201000,-0.000009,0.000120
2.202000,-0.000009,0.000119
2.203000,-0.000009,0.000120
2.204000,-0.000008,0.000120
2.205000,-0.000008,0.000120
2.206000,-0.000008,0.000119
2.207000,-0.000009,0.000119
2.208000,-0.000009,0.000118
2.209000,-0.000009,0.000118
2.210000,-0.000009,0.000119
2.211000,-0.000009,0.000117
2.212000,-0.000009,0.000118
2.213000,-0.000009,0.000118
2.214000,-0.000009,0.000118
2.215000,-0.000009,0.000118
2.216000,-0.000009,0.000118
2.217000,-0.000008,0.000118
2.218000,-0.000009,0.000118
2.219000,-0.000008,0.000118
2.220000,-0.000009,0.000117
2.221000,-0.000007,0.000118
2.222000,-0.000008,0.000117
2.223000,-0.000008,0.000118
2.224000,-0.000008,0.000117
2.225000,-0.000008,0.000118
2.226000,-0.000007,0.000117
2.227000,-0.000008,0.000117
2.228000,-0.000008,0.000118
2.229000,-0.000008,0.000117
2.230000,-0.000008,0.000118
2.231000,-0.000008,0.000117
2.232000,-0.000008,0.000118
2.233000,-0.000008,0.000117
2.234000,-0.000008,0.000118
2.235000,-0.000008,0.000116
2.236000,-0.000009,0.000117
2.237000,-0.000008,0.000117
2.238000,-0.000010,0.000116
2.239000,-0.000009,0.000116
2.240000,-0.000010,0.000117
2.241000,-0.000009,0.000117
2.242000,-0.000010,0.000117
2.243000,-0.000010,0.000117
2.244000,-0.000010,0.000117
2.245000,-0.000010,0.000117
2.246000,-0.000009,0.000116
2.247000,-0.000010,0.000117
2.248000,-0.000009,0.000116
2.249000,-0.000009,0.000117
2.250000,-0.000009,0.000116
2.251000,-0.000009,0.000117
2.252000,-0.000009,0.000116
2.253000,-0.000009,0.000118
2.254000,-0.000009,0.000117
2.255000,-0.000009,0.000117
2.256000,-0.000009,0.000117
2.257000,-0.000009,0.000118
2.258000,-0.000010,0.000117
2.259000,-0.000010,0.000117
2.260000,-0.000009,0.000117
2.261000,-0.000009,0.000117
2.262000,-0.000008,0.000117
2.263000,-0.000009,0.000117
2.264000,-0.000009,0.000117
2.265000,-0.000009,0.000117
2.266000,-0.000008,0.000117
2.267000,-0.000009,0.000116
2.268000,-0.000008,0.000117
2.269000,-0.000008,0.000116
2.270000,-0.000008,0.000117
2.271000,-0.000008,0.000116
2.272000,-0.000008,0.000116
2.273000,-0.000008,0.000115
2.274000,-0.000009,0.000116
2.275000,-0.000008,0.000116
2.276000,-0.000008,0.000117
2.277000,-0.000007,0.000116
2.278000,-0.000008,0.000117
2.279000,-0.000007,0.000116
2.280000,-0.000007,0.000117
2.281000,-0.000007,0.000117
2.282000,-0.000007,0.000117
2.283000,-0.000007,0.000117
2.284000,-0.000007,0.000117
2.285000,-0.000007,0.000117
2.286000,-0.000007,0.000117
2.287000,-0.000008,0.000117
2.288000,-0.000008,0.000116
2.289000,-0.000008,0.000116
2.290000,-0.000008,0.000116
2.291000,-0.000009,0.000117
2.292000,-0.000008,0.000116
2.293000,-0.000009,0.000117
2.294000,-0.000009,0.000116
2.295000,-0.000009,0.000117
2.296000,-0.000009,0.000117
2.297000,-0.000009,0.000117
2.298000,-0.000009,0.000118
2.299000,-0.000008,0.000118
2.300000,-0.000008,0.000119
2.301000,-0.000008,0.000118
2.302000,-0.000008,0.000118
2.303000,-0.000008,0.000117
2.304000,-0.000009,0.000117
2.305000,-0.000008,0.000117
2.306000,-0.000009,0.000118
2.307000,-0.000009,0.000118
2.308000,-0.000009,0.000118
2.309000,-0.000009,0.000119
2.310000,-0.000009,0.000118
2.311000,-0.000009,0.000119
2.312000,-0.000009,0.000118
2.313000,-0.000008,0.000118
2.314000,-0.000009,0.000118
2.315000,-0.000009,0.000119
2.316000,-0.000009,0.000118
2.317000,-0.000009,0.000118
2.318000,-0.000009,0.000118
2.319000,-0.000009,0.000118
2.320000,-0.000009,0.000118
2.321000,-0.000009,0.000118
2.322000,-0.000010,0.000118
2.323000,-0.000009,0.000118
2.324000,-0.000010,0.000118
2.325000,-0.000010,0.000118
2.326000,-0.000011,0.000119
2.327000,-0.000009,0.000119
2.328000,-0.000009,0.000120
2.329000,-0.000009,0.000120
2.330000,-0.000009,0.000119
2.331000,-0.000009,0.000120
2.332000,-0.000010,0.000119
2.333000,-0.000010,0.000120
2.334000,-0.000010,0.000119
2.335000,-0.000010,0.000119
2.336000,-0.000010,0.000118
2.337000,-0.000011,0.000119
2.338000,-0.000011,0.000118
2.339000,-0.000011,0.000118
2.340000,-0.000010,0.000117
2.341000,-0.000011,0.000118
2.342000,-0.000010,0.000117
2.343000,-0.000010,0.000117
2.344000,-0.000009,0.000117
2.345000,-0.000010,0.000117
2.346000,-0.000009,0.000118
2.347000,-0.000009,0.000118
2.348000,-0.000009,0.000118
2.349000,-0.000009,0.000117
2.350000,-0.000009,0.000117
2.351000,-0.000008,0.000117
2.352000,-0.000009,0.000118
2.353000,-0.000007,0.000117
2.354000,-0.000008,0.000118
2.355000,-0.000007,0.000117
2.356000,-0.000008,0.000118
2.357000,-0.000007,0.000116
2.358000,-0.000007,0.000117
2.359000,-0.000007,0.000116
2.360000,-0.000008,0.000116
2.361000,-0.000008,0.000116
2.362000,-0.000008,0.000117
2.363000,-0.000008,0.000116
2.364000,-0.000008,0.000117
2.365000,-0.000008,0.000118
2.366000,-0.000008,0.000118
2.367000,-0.000008,0.000119
2.368000,-0.000008,0.000118
2.369000,-0.000008,0.000119
2.370000,-0.000008,0.000119
2.371000,-0.000009,0.000119
2.372000,-0.000008,0.000118
2.373000,-0.000008,0.000119
2.374000,-0.000008,0.000118
2.375000,-0.000008,0.000119
2.376000,-0.000008,0.000118
2.377000,-0.000009,0.000119
2.378000,-0.000009,0.000118
2.379000,-0.000009,0.000120
2.380000,-0.000010,0.000119
2.381000,-0.000009,0.000120
2.382000,-0.000010,0.000120
2.383000,-0.000010,0.000121
2.384000,-0.000010,0.000121
2.385000,-0.000010,0.000120
2.386000,-0.000009,0.000121
2.387000,-0.000009,0.000121
2.388000,-0.000009,0.000122
2.389000,-0.000009,0.000122
2.390000,-0.000008,0.000123
2.391000,-0.000008,0.000122
2.392000,-0.000008,0.000122
2.393000,-0.000008,0.000122
2.394000,-0.000008,0.000123
2.395000,-0.000007,0.000123
2.396000,-0.000007,0.000123
2.397000,-0.000008,0.000123
2.398000,-0.000008,0.000122
2.399000,-0.000008,0.000122
2.400000,-0.000008,0.000121
2.401000,-0.000008,0.000122
2.402000,-0.000008,0.000122
2.403000,-0.000009,0.000123
2.404000,-0.000008,0.000123
2.405000,-0.000008,0.000123
2.406000,-0.000007,0.000122
2.407000,-0.000008,0.000123
2.408000,-0.000007,0.000122
2.409000,-0.000007,0.000122
2.410000,-0.000007,0.000123
2.411000,-0.000007,0.000122
2.412000,-0.000007,0.000123
2.413000,-0.000007,0.000122
2.414000,-0.000007,0.000123
2.415000,-0.000007,0.000122
2.416000,-0.000008,0.000123
2.417000,-0.000008,0.000122
2.418000,-0.000008,0.000121
2.419000,-0.000008,0.000121
2.420000,-0.000008,0.000121
2.421000,-0.000009,0.000121
2.422000,-0.000008,0.000121
2.423000,-0.000008,0.000121
2.424000,-0.000007,0.000121
2.425000,-0.000007,0.000122
2.426000,-0.000007,0.000121
2.427000,-0.000007,0.000121
2.428000,-0.000008,0.000120
2.429000,-0.000008,0.000119
2.430000,-0.000008,0.000119
2.431000,-0.000008,0.000118
2.432000,-0.000007,0.000120
2.433000,-0.000008,0.000119
2.434000,-0.000008,0.000120
2.435000,-0.000007,0.000119
2.436000,-0.000007,0.000121
2.437000,-0.000006,0.000120
2.438000,-0.000006,0.000121
2.439000,-0.000006,0.000121
2.440000,-0.000006,0.000121
2.441000,-0.000006,0.000121
2.442000,-0.000006,0.000122
2.443000,-0.000007,0.000122
2.444000,-0.000007,0.000121
2.445000,-0.000007,0.000121
2.446000,-0.000007,0.000121
2.447000,-0.000008,0.000121
2.448000,-0.000008,0.000121
2.449000,-0.000008,0.000121
2.450000,-0.000008,0.000120
2.451000,-0.000008,0.000121
2.452000,-0.000007,0.000120
2.453000,-0.000009,0.000121
2.454000,-0.000008,0.000120
2.455000,-0.000009,0.000120
2.456000,-0.000009,0.000120
2.457000,-0.000009,0.000121
2.458000,-0.000009,0.000120
2.459000,-0.000009,0.000121
2.460000,-0.000009,0.000120
2.461000,-0.000009,0.000121
2.462000,-0.000009,0.000120
2.463000,-0.000009,0.000120
2.464000,-0.000010,0.000120
2.465000,-0.000010,0.000119
2.466000,-0.000009,0.000119
2.467000,-0.000010,0.000118
2.468000,-0.000010,0.000118
2.469000,-0.000009,0.000118
2.470000,-0.000009,0.000118
2.471000,-0.000009,0.000117
2.472000,-0.000009,0.000118
2.473000,-0.000009,0.000118
2.474000,-0.000008,0.000118
2.475000,-0.000009,0.000118
2.476000,-0.000009,0.000119
2.477000,-0.000009,0.000117
2.478000,-0.000009,0.000118
2.479000,-0.000009,0.000117
2.480000,-0.000009,0.000118
2.481000,-0.000009,0.000117
2.482000,-0.000009,0.000117
2.483000,-0.000008,0.000116
2.484000,-0.000008,0.000116
2.485000,-0.000008,0.000116
2.486000,-0.000009,0.000115
2.487000,-0.000009,0.000115
2.488000,-0.000009,0.000115
2.489000,-0.000009,0.000115
2.490000,-0.000009,0.000114
2.491000,-0.000009,0.000115
2.492000,-0.000009,0.000114
2.493000,-0.000009,0.000114
2.494000,-0.000009,0.000113
2.495000,-0.000009,0.000113
2.496000,-0.000009,0.000112
2.497000,-0.000008,0.000112
2.498000,-0.000009,0.000114
2.499000,-0.000008,0.000114
2.450000,-0.000008,0.000120
2.451000,-0.000009,0.000121
2.452000,-0.000008,0.000120
2.453000,-0.000009,0.000121
2.454000,-0.000009,0.000119
2.455000,-0.000010,0.000120
2.456000,-0.000010,0.000120
2.457000,-0.000010,0.000121
2.458000,-0.000010,0.000121
2.459000,-0.000011,0.000122
2.460000,-0.000010,0.000122
2.461000,-0.000010,0.000122
2.462000,-0.000009,0.000121
2.463000,-0.000010,0.000122
2.464000,-0.000010,0.000121
2.465000,-0.000010,0.000121
2.466000,-0.000010,0.000121
2.467000,-0.000010,0.000120
2.468000,-0.000011,0.000120
2.469000,-0.000010,0.000119
2.470000,-0.000010,0.000120
2.471000,-0.000010,0.000119
2.472000,-0.000010,0.000119
2.473000,-0.000010,0.000118
2.474000,-0.000009,0.000119
2.475000,-0.000009,0.000118
2.476000,-0.000009,0.000119
2.477000,-0.000009,0.000118
2.478000,-0.000009,0.000119
2.479000,-0.000009,0.000118
2.480000,-0.000009,0.000118
2.481000,-0.000008,0.000117
2.482000,-0.000008,0.000118
2.483000,-0.000007,0.000117
2.484000,-0.000007,0.000117
2.485000,-0.000006,0.000117
2.486000,-0.000007,0.000115
2.487000,-0.000006,0.000116
2.488000,-0.000006,0.000116
2.489000,-0.000006,0.000117
2.490000,-0.000006,0.000116
2.491000,-0.000006,0.000116
2.492000,-0.000006,0.000116
2.493000,-0.000006,0.000116
2.494000,-0.000007,0.000115
2.495000,-0.000007,0.000115
2.496000,-0.000007,0.000115
2.497000,-0.000007,0.000115
2.498000,-0.000007,0.000116
2.499000,-0.000007,0.000116
2.500000,-0.000007,0.000118
2.501000,-0.000006,0.000116
2.502000,-0.000006,0.000116
2.503000,-0.000006,0.000116
2.504000,-0.000006,0.000116
2.505000,-0.000006,0.000116
2.506000,-0.000007,0.000116
2.507000,-0.000006,0.000116
2.508000,-0.000006,0.000116
2.509000,-0.000007,0.000116
2.510000,-0.000007,0.000116
2.511000,-0.000007,0.000116
2.512000,-0.000007,0.000116
2.513000,-0.000007,0.000117
2.514000,-0.000007,0.000115
2.515000,-0.000007,0.000116
2.516000,-0.000006,0.000115
2.517000,-0.000006,0.000116
2.518000,-0.000006,0.000117
2.519000,-0.000006,0.000117
2.520000,-0.000005,0.000117
2.521000,-0.000005,0.000117
2.522000,-0.000006,0.000117
2.523000,-0.000006,0.000117
2.524000,-0.000006,0.000118
2.525000,-0.000006,0.000116
2.526000,-0.000006,0.000117
2.527000,-0.000006,0.000117
2.528000,-0.000006,0.000117
2.529000,-0.000006,0.000118
2.530000,-0.000006,0.000118
2.531000,-0.000006,0.000119
2.532000,-0.000006,0.000118
2.533000,-0.000005,0.000119
2.534000,-0.000005,0.000119
2.535000,-0.000005,0.000119
2.536000,-0.000006,0.000118
2.537000,-0.000007,0.000118
2.538000,-0.000006,0.000118
2.539000,-0.000006,0.000118
2.540000,-0.000006,0.000118
2.541000,-0.000005,0.000119
2.542000,-0.000004,0.000118
2.543000,-0.000005,0.000119
2.544000,-0.000004,0.000119
2.545000,-0.000004,0.000120
2.546000,-0.000005,0.000120
2.547000,-0.000005,0.000119
2.548000,-0.000004,0.000120
2.549000,-0.000005,0.000120
2.550000,-0.000005,0.000121
2.551000,-0.000004,0.000121
2.552000,-0.000004,0.000121
2.553000,-0.000005,0.000120
2.554000,-0.000004,0.000120
2.555000,-0.000003,0.000119
2.556000,-0.000003,0.000119
2.557000,-0.000003,0.000118
2.558000,-0.000004,0.000118
2.559000,-0.000004,0.000116
2.560000,-0.000005,0.000116
2.561000,-0.000005,0.000116
2.562000,-0.000005,0.000116
2.563000,-0.000005,0.000116
2.564000,-0.000005,0.000116
2.565000,-0.000004,0.000116
2.566000,-0.000005,0.000116
2.567000,-0.000005,0.000116
2.568000,-0.000004,0.000117
2.569000,-0.000004,0.000117
2.570000,-0.000004,0.000117
2.571000,-0.000004,0.000117
2.572000,-0.000004,0.000117
2.573000,-0.000004,0.000117
2.574000,-0.000004,0.000117
2.575000,-0.000004,0.000117
2.576000,-0.000004,0.000116
2.577000,-0.000004,0.000116
2.578000,-0.000004,0.000115
2.579000,-0.000005,0.000116
2.580000,-0.000005,0.000115
2.581000,-0.000005,0.000117
2.582000,-0.000005,0.000116
2.583000,-0.000007,0.000116
2.584000,-0.000007,0.000114
2.585000,-0.000008,0.000115
2.586000,-0.000008,0.000116
2.587000,-0.000009,0.000115
2.588000,-0.000008,0.000115
2.589000,-0.000008,0.000115
2.590000,-0.000007,0.000116
2.591000,-0.000007,0.000115
2.592000,-0.000008,0.000116
2.593000,-0.000008,0.000115
2.594000,-0.000008,0.000116
2.595000,-0.000007,0.000115
2.596000,-0.000007,0.000115
2.597000,-0.000008,0.000115
2.598000,-0.000008,0.000115
2.599000,-0.000007,0.000115
2.600000,-0.000008,0.000114
2.601000,-0.000008,0.000115
2.602000,-0.000008,0.000115
2.603000,-0.000009,0.000115
2.604000,-0.000008,0.000114
2.605000,-0.000008,0.000116
2.606000,-0.000008,0.000115
2.607000,-0.000009,0.000115
2.608000,-0.000009,0.000115
2.609000,-0.000008,0.000115
2.610000,-0.000007,0.000115
2.611000,-0.000007,0.000114
2.612000,-0.000007,0.000115
2.613000,-0.000007,0.000114
2.614000,-0.000007,0.000115
2.615000,-0.000007,0.000114
2.616000,-0.000008,0.000115
2.617000,-0.000008,0.000114
2.618000,-0.000008,0.000114
2.619000,-0.000008,0.000113
2.620000,-0.000008,0.000113
2.621000,-0.000008,0.000113
2.622000,-0.000008,0.000113
2.623000,-0.000008,0.000113
2.624000,-0.000007,0.000112
2.625000,-0.000008,0.000113
2.626000,-0.000007,0.000113
2.627000,-0.000008,0.000113
2.628000,-0.000007,0.000112
2.629000,-0.000008,0.000112
2.630000,-0.000006,0.000112
2.631000,-0.000006,0.000111
2.632000,-0.000006,0.000112
2.633000,-0.000006,0.000111
2.634000,-0.000007,0.000112
2.635000,-0.000006,0.000111
2.636000,-0.000007,0.000112
2.637000,-0.000007,0.000111
2.638000,-0.000007,0.000111
2.639000,-0.000006,0.000111
2.640000,-0.000007,0.000112
2.641000,-0.000007,0.000111
2.642000,-0.000008,0.000112
2.643000,-0.000008,0.000111
2.644000,-0.000009,0.000111
2.645000,-0.000008,0.000111
2.646000,-0.000008,0.000111
2.647000,-0.000009,0.000112
2.648000,-0.000009,0.000111
2.649000,-0.000009,0.000111
2.650000,-0.000008,0.000111
2.651000,-0.000009,0.000111
2.652000,-0.000009,0.000110
2.653000,-0.000009,0.000112
2.654000,-0.000009,0.000112
2.655000,-0.000009,0.000113
2.656000,-0.000009,0.000113
2.657000,-0.000009,0.000114
2.658000,-0.000008,0.000114
2.659000,-0.000008,0.000115
2.660000,-0.000008,0.000114
2.661000,-0.000008,0.000115
2.662000,-0.000008,0.000114
2.663000,-0.000009,0.000115
2.664000,-0.000009,0.000115
2.665000,-0.000009,0.000115
2.666000,-0.000009,0.000115
2.667000,-0.000009,0.000115
2.668000,-0.000008,0.000114
2.669000,-0.000009,0.000114
2.670000,-0.000009,0.000115
2.671000,-0.000008,0.000114
2.672000,-0.000008,0.000115
2.673000,-0.000009,0.000115
2.674000,-0.000009,0.000115
2.675000,-0.000008,0.000114
2.676000,-0.000008,0.000115
2.677000,-0.000007,0.000115
2.678000,-0.000008,0.000116
2.679000,-0.000007,0.000116
2.680000,-0.000007,0.000117
2.681000,-0.000007,0.000117
2.682000,-0.000008,0.000117
2.683000,-0.000006,0.000117
2.684000,-0.000007,0.000118
2.685000,-0.000006,0.000118
2.686000,-0.000006,0.000118
2.687000,-0.000006,0.000118
2.688000,-0.000007,0.000118
2.689000,-0.000007,0.000118
2.690000,-0.000007,0.000117
2.691000,-0.000008,0.000118
2.692000,-0.000007,0.000117
2.693000,-0.000006,0.000118
2.694000,-0.000006,0.000117
2.695000,-0.000006,0.000118
2.696000,-0.000005,0.000117
2.697000,-0.000005,0.000118
2.698000,-0.000006,0.000117
2.699000,-0.000006,0.000117
2.700000,-0.000006,0.000118
2.701000,-0.000006,0.000117
2.702000,-0.000007,0.000118
2.703000,-0.000005,0.000118
2.704000,-0.000005,0.000118
2.705000,-0.000005,0.000117
2.706000,-0.000006,0.000118
2.707000,-0.000005,0.000118
2.708000,-0.000005,0.000118
2.709000,-0.000005,0.000118
2.710000,-0.000006,0.000118
2.711000,-0.000006,0.000118
2.712000,-0.000007,0.000118
2.713000,-0.000007,0.000119
2.714000,-0.000007,0.000118
2.715000,-0.000007,0.000119
2.716000,-0.000007,0.000118
2.717000,-0.000006,0.000119
2.718000,-0.000006,0.000119
2.719000,-0.000007,0.000120
2.720000,-0.000006,0.000121
2.721000,-0.000006,0.000121
2.722000,-0.000006,0.000122
2.723000,-0.000006,0.000121
2.724000,-0.000006,0.000123
2.725000,-0.000006,0.000121
2.726000,-0.000007,0.000122
2.727000,-0.000006,0.000121
2.728000,-0.000007,0.000121
2.729000,-0.000006,0.000121
2.730000,-0.000007,0.000121
2.731000,-0.000008,0.000122
2.732000,-0.000008,0.000120
2.733000,-0.000009,0.000121
2.734000,-0.000009,0.000120
2.735000,-0.000008,0.000121
2.736000,-0.000008,0.000120
2.737000,-0.000008,0.000122
2.738000,-0.000007,0.000121
2.739000,-0.000008,0.000121
2.740000,-0.000007,0.000119
2.741000,-0.000007,0.000120
2.742000,-0.000007,0.000120
2.743000,-0.000007,0.000120
2.744000,-0.000007,0.000119
2.745000,-0.000007,0.000120
2.746000,-0.000006,0.000120
2.747000,-0.000006,0.000120
2.748000,-0.000006,0.000120
2.749000,-0.000006,0.000120
2.750000,-0.000006,0.000120
2.751000,-0.000006,0.000120
2.752000,-0.000006,0.000120
2.753000,-0.000006,0.000119
2.754000,-0.000006,0.000120
2.755000,-0.000006,0.000119
2.756000,-0.000006,0.000119
2.757000,-0.000005,0.000118
2.758000,-0.000005,0.000119
2.759000,-0.000005,0.000118
2.760000,-0.000005,0.000119
2.761000,-0.000005,0.000118
2.762000,-0.000005,0.000119
2.763000,-0.000004,0.000118
2.764000,-0.000004,0.000118
2.765000,-0.000004,0.000118
2.766000,-0.000005,0.000119
2.767000,-0.000004,0.000119
2.768000,-0.000005,0.000119
2.769000,-0.000005,0.000119
2.770000,-0.000005,0.000119
2.771000,-0.000005,0.000119
2.772000,-0.000005,0.000119
2.773000,-0.000005,0.000120
2.774000,-0.000004,0.000120
2.775000,-0.000006,0.000120
2.776000,-0.000006,0.000120
2.777000,-0.000006,0.000120
2.778000,-0.000005,0.000120
2.779000,-0.000005,0.000120
2.780000,-0.000005,0.000118
2.781000,-0.000006,0.000119
2.782000,-0.000006,0.000118
2.783000,-0.000006,0.000119
2.784000,-0.000006,0.000119
2.785000,-0.000006,0.000119
2.786000,-0.000006,0.000119
2.787000,-0.000006,0.000119
2.788000,-0.000006,0.000119
2.789000,-0.000006,0.000119
2.790000,-0.000006,0.000119
2.791000,-0.000006,0.000119
2.792000,-0.000006,0.000120
2.793000,-0.000006,0.000119
2.794000,-0.000007,0.000120
2.795000,-0.000006,0.000119
2.796000,-0.000007,0.000120
2.797000,-0.000007,0.000120
2.798000,-0.000006,0.000120
2.799000,-0.000006,0.000121
2.800000,-0.000006,0.000121
2.801000,-0.000005,0.000121
2.802000,-0.000005,0.000120
2.803000,-0.000006,0.000120
2.804000,-0.000006,0.000120
2.805000,-0.000006,0.000119
2.806000,-0.000005,0.000119
2.807000,-0.000006,0.000119
2.808000,-0.000006,0.000118
2.809000,-0.000006,0.000118
2.810000,-0.000006,0.000119
2.811000,-0.000006,0.000119
2.812000,-0.000005,0.000120
2.813000,-0.000005,0.000119
2.814000,-0.000005,0.000119
2.815000,-0.000004,0.000118
2.816000,-0.000005,0.000119
2.817000,-0.000005,0.000118
2.818000,-0.000005,0.000118
2.819000,-0.000005,0.000117
2.820000,-0.000005,0.000117
2.821000,-0.000005,0.000116
2.822000,-0.000005,0.000116
2.823000,-0.000005,0.000116
2.824000,-0.000005,0.000115
2.825000,-0.000004,0.000117
2.826000,-0.000004,0.000116
2.827000,-0.000004,0.000117
2.828000,-0.000004,0.000116
2.829000,-0.000005,0.000117
2.830000,-0.000005,0.000117
2.831000,-0.000005,0.000117
2.832000,-0.000004,0.000118
2.833000,-0.000005,0.000117
2.834000,-0.000005,0.000118
2.835000,-0.000005,0.000118
2.836000,-0.000006,0.000118
2.837000,-0.000006,0.000117
2.838000,-0.000007,0.000118
2.839000,-0.000007,0.000117
2.840000,-0.000007,0.000118
2.841000,-0.000007,0.000117
2.842000,-0.000008,0.000117
2.843000,-0.000007,0.000116
2.844000,-0.000008,0.000117
2.845000,-0.000009,0.000115
2.846000,-0.000009,0.000116
2.847000,-0.000009,0.000115
2.848000,-0.000009,0.000115
2.849000,-0.000009,0.000115
2.850000,-0.000009,0.000116
2.851000,-0.000009,0.000116
2.852000,-0.000009,0.000116
2.853000,-0.000009,0.000116
2.854000,-0.000009,0.000116
2.855000,-0.000009,0.000117
2.856000,-0.000009,0.000117
2.857000,-0.000009,0.000117
2.858000,-0.000010,0.000117
2.859000,-0.000010,0.000118
2.860000,-0.000010,0.000117
2.861000,-0.000011,0.000118
2.862000,-0.000011,0.000117
2.863000,-0.000011,0.000117
2.864000,-0.000011,0.000116
2.865000,-0.000011,0.000116
2.866000,-0.000012,0.000115
2.867000,-0.000012,0.000116
2.868000,-0.000012,0.000116
2.869000,-0.000012,0.000115
2.870000,-0.000012,0.000114
2.871000,-0.000013,0.000115
2.872000,-0.000013,0.000115
2.873000,-0.000013,0.000115
2.874000,-0.000013,0.000114
2.875000,-0.000013,0.000115
2.876000,-0.000012,0.000115
2.877000,-0.000013,0.000115
2.878000,-0.000013,0.000115
2.879000,-0.000013,0.000114
2.880000,-0.000013,0.000115
2.881000,-0.000013,0.000114
2.882000,-0.000014,0.000115
2.883000,-0.000014,0.000115
2.884000,-0.000014,0.000115
2.885000,-0.000014,0.000114
2.886000,-0.000014,0.000115
2.887000,-0.000014,0.000114
2.888000,-0.000014,0.000115
2.889000,-0.000015,0.000114
2.890000,-0.000015,0.000115
2.891000,-0.000015,0.000115
2.892000,-0.000014,0.000115
2.893000,-0.000015,0.000115
2.894000,-0.000015,0.000114
2.895000,-0.000016,0.000115
2.896000,-0.000015,0.000115
2.897000,-0.000015,0.000115
2.898000,-0.000015,0.000114
2.899000,-0.000014,0.000113
2.900000,-0.000014,0.000113
2.901000,-0.000014,0.000113
2.902000,-0.000014,0.000114
2.903000,-0.000014,0.000114
2.904000,-0.000014,0.000114
2.905000,-0.000014,0.000114
2.906000,-0.000015,0.000115
2.907000,-0.000014,0.000115
2.908000,-0.000014,0.000116
2.909000,-0.000014,0.000116
2.910000,-0.000014,0.000117
2.911000,-0.000014,0.000117
2.912000,-0.000014,0.000116
2.913000,-0.000014,0.000117
2.914000,-0.000015,0.000116
2.915000,-0.000015,0.000117
2.916000,-0.000015,0.000116
2.917000,-0.000015,0.000117
2.918000,-0.000015,0.000116
2.919000,-0.000015,0.000117
2.920000,-0.000015,0.000116
2.921000,-0.000015,0.000117
2.922000,-0.000015,0.000117
2.923000,-0.000015,0.000117
2.924000,-0.000016,0.000118
2.925000,-0.000016,0.000117
2.926000,-0.000016,0.000118
2.927000,-0.000015,0.000117
2.928000,-0.000015,0.000117
2.929000,-0.000015,0.000117
2.930000,-0.000015,0.000118
2.931000,-0.000015,0.000117
2.932000,-0.000015,0.000118
2.933000,-0.000014,0.000117
2.934000,-0.000014,0.000117
2.935000,-0.000014,0.000117
2.936000,-0.000014,0.000116
2.937000,-0.000013,0.000116
2.938000,-0.000013,0.000116
2.939000,-0.000014,0.000117
2.940000,-0.000014,0.000115
2.941000,-0.000014,0.000117
2.942000,-0.000013,0.000117
2.943000,-0.000013,0.000117
2.944000,-0.000013,0.000117
2.945000,-0.000012,0.000118
2.946000,-0.000012,0.000117
2.947000,-0.000012,0.000118
2.948000,-0.000012,0.000118
2.949000,-0.000012,0.000118
2.950000,-0.000012,0.000118
2.951000,-0.000013,0.000118
2.952000,-0.000012,0.000117
2.953000,-0.000013,0.000117
2.954000,-0.000013,0.000117
2.955000,-0.000013,0.000117
2.956000,-0.000012,0.000117
2.957000,-0.000013,0.000117
2.958000,-0.000012,0.000117
2.959000,-0.000012,0.000117
2.960000,-0.000012,0.000117
2.961000,-0.000012,0.000117
2.962000,-0.000012,0.000117
2.963000,-0.000012,0.000117
2.964000,-0.000011,0.000118
2.965000,-0.000011,0.000117
2.966000,-0.000011,0.000118
2.967000,-0.000010,0.000117
2.968000,-0.000010,0.000118
2.969000,-0.000010,0.000118
2.970000,-0.000011,0.000119
2.971000,-0.000010,0.000118
2.972000,-0.000010,0.000119
2.973000,-0.000010,0.000119
2.974000,-0.000011,0.000119
2.975000,-0.000010,0.000118
2.976000,-0.000011,0.000119
2.977000,-0.000010,0.000119
2.978000,-0.000010,0.000119
2.979000,-0.000010,0.000119
2.980000,-0.000010,0.000119
2.981000,-0.000009,0.000120
2.982000,-0.000009,0.000119
2.983000,-0.000009,0.000119
2.984000,-0.000008,0.000118
2.985000,-0.000008,0.000119
2.986000,-0.000008,0.000118
2.987000,-0.000008,0.000119
2.988000,-0.000008,0.000119
2.989000,-0.000008,0.000118
2.990000,-0.000008,0.000118
2.991000,-0.000008,0.000118
2.992000,-0.000008,0.000119
2.993000,-0.000007,0.000118
2.994000,-0.000007,0.000119
2.995000,-0.000007,0.000119
2.996000,-0.000007,0.000118
2.997000,-0.000007,0.000118
2.998000,-0.000008,0.000118
2.999000,-0.000009,0.000119
2.950000,-0.000012,0.000118
2.951000,-0.000013,0.000118
2.952000,-0.000012,0.000117
2.953000,-0.000013,0.000116
2.954000,-0.000013,0.000117
2.955000,-0.000013,0.000116
2.956000,-0.000012,0.000117
2.957000,-0.000012,0.000116
2.958000,-0.000012,0.000116
2.959000,-0.000012,0.000115
2.960000,-0.000012,0.000115
2.961000,-0.000012,0.000114
2.962000,-0.000011,0.000115
2.963000,-0.000011,0.000115
2.964000,-0.000011,0.000116
2.965000,-0.000010,0.000115
2.966000,-0.000010,0.000116
2.967000,-0.000009,0.000115
2.968000,-0.000009,0.000116
2.969000,-0.000009,0.000116
2.970000,-0.000008,0.000117
2.971000,-0.000008,0.000116
2.972000,-0.000009,0.000117
2.973000,-0.000008,0.000117
2.974000,-0.000009,0.000116
2.975000,-0.000008,0.000116
2.976000,-0.000008,0.000116
2.977000,-0.000009,0.000116
2.978000,-0.000008,0.000115
2.979000,-0.000009,0.000116
2.980000,-0.000008,0.000115
2.981000,-0.000007,0.000116
2.982000,-0.000007,0.000115
2.983000,-0.000007,0.000115
2.984000,-0.000007,0.000114
2.985000,-0.000007,0.000115
2.986000,-0.000007,0.000114
2.987000,-0.000007,0.000116
2.988000,-0.000007,0.000115
2.989000,-0.000007,0.000116
2.990000,-0.000008,0.000116
2.991000,-0.000008,0.000115
2.992000,-0.000008,0.000116
2.993000,-0.000007,0.000115
2.994000,-0.000007,0.000116
2.995000,-0.000007,0.000116
2.996000,-0.000008,0.000116
2.997000,-0.000008,0.000115
2.998000,-0.000008,0.000116
2.999000,-0.000008,0.000116
3.000000,-0.000008,0.000116
3.001000,-0.000008,0.000117
3.002000,-0.000008,0.000116
3.003000,-0.000009,0.000117
3.004000,-0.000009,0.000117
3.005000,-0.000008,0.000117
3.006000,-0.000008,0.000116
3.007000,-0.000009,0.000117
3.008000,-0.000009,0.000116
3.009000,-0.000009,0.000116
3.010000,-0.000008,0.000116
3.011000,-0.000009,0.000116
3.012000,-0.000008,0.000117
3.013000,-0.000008,0.000116
3.014000,-0.000008,0.000117
3.015000,-0.000008,0.000116
3.016000,-0.000008,0.000117
3.017000,-0.000009,0.000116
3.018000,-0.000008,0.000117
3.019000,-0.000009,0.000117
3.020000,-0.000008,0.000118
3.021000,-0.000008,0.000117
3.022000,-0.000008,0.000117
3.023000,-0.000008,0.000117
3.024000,-0.000008,0.000117
3.025000,-0.000008,0.000117
3.026000,-0.000009,0.000117
3.027000,-0.000009,0.000117
3.028000,-0.000009,0.000117
3.029000,-0.000009,0.000117
3.030000,-0.000009,0.000116
3.031000,-0.000008,0.000116
3.032000,-0.000008,0.000116
3.033000,-0.000008,0.000116
3.034000,-0.000009,0.000116
3.035000,-0.000007,0.000116
3.036000,-0.000007,0.000117
3.037000,-0.000007,0.000117
3.038000,-0.000007,0.000117
3.039000,-0.000007,0.000116
3.040000,-0.000007,0.000118
3.041000,-0.000007,0.000116
3.042000,-0.000007,0.000117
3.043000,-0.000007,0.000117
3.044000,-0.000007,0.000117
3.045000,-0.000008,0.000116
3.046000,-0.000009,0.000117
3.047000,-0.000008,0.000116
3.048000,-0.000008,0.000116
3.049000,-0.000007,0.000116
3.050000,-0.000008,0.000117
3.051000,-0.000007,0.000117
3.052000,-0.000007,0.000118
3.053000,-0.000006,0.000118
3.054000,-0.000007,0.000118
3.055000,-0.000006,0.000119
3.056000,-0.000006,0.000119
3.057000,-0.000006,0.000120
3.058000,-0.000006,0.000119
3.059000,-0.000006,0.000120
3.060000,-0.000006,0.000120
3.061000,-0.000006,0.000120
3.062000,-0.000006,0.000119
3.063000,-0.000006,0.000121
3.064000,-0.000006,0.000120
3.065000,-0.000006,0.000120
3.066000,-0.000006,0.000120
3.067000,-0.000007,0.000120
3.068000,-0.000006,0.000120
3.069000,-0.000007,0.000120
3.070000,-0.000007,0.000119
3.071000,-0.000007,0.000120
3.072000,-0.000008,0.000118
3.073000,-0.000008,0.000119
3.074000,-0.000007,0.000119
3.075000,-0.000007,0.000120
3.076000,-0.000008,0.000120
3.077000,-0.000007,0.000121
3.078000,-0.000007,0.000122
3.079000,-0.000007,0.000122
3.080000,-0.000007,0.000123
3.081000,-0.000008,0.000123
3.082000,-0.000008,0.000124
3.083000,-0.000007,0.000123
3.084000,-0.000007,0.000124
3.085000,-0.000007,0.000122
3.086000,-0.000007,0.000123
3.087000,-0.000007,0.000121
3.088000,-0.000006,0.000122
3.089000,-0.000007,0.000121
3.090000,-0.000005,0.000122
3.091000,-0.000006,0.000121
3.092000,-0.000005,0.000121
3.093000,-0.000005,0.000121
3.094000,-0.000006,0.000121
3.095000,-0.000006,0.000122
3.096000,-0.000005,0.000121
3.097000,-0.000005,0.000121
3.098000,-0.000005,0.000120
3.099000,-0.000006,0.000121
3.100000,-0.000007,0.000120
3.101000,-0.000007,0.000120
3.102000,-0.000007,0.000120
3.103000,-0.000006,0.000121
3.104000,-0.000006,0.000121
3.105000,-0.000006,0.000121
3.106000,-0.000006,0.000121
3.107000,-0.000006,0.000121
3.108000,-0.000006,0.000121
3.109000,-0.000006,0.000120
3.110000,-0.000007,0.000120
3.111000,-0.000006,0.000120
3.112000,-0.000007,0.000120
3.113000,-0.000006,0.000120
3.114000,-0.000007,0.000119
3.115000,-0.000006,0.000120
3.116000,-0.000006,0.000119
3.117000,-0.000006,0.000120
3.118000,-0.000007,0.000119
3.119000,-0.000006,0.000120
3.120000,-0.000006,0.000118
3.121000,-0.000007,0.000119
3.122000,-0.000006,0.000118
3.123000,-0.000007,0.000118
3.124000,-0.000006,0.000119
3.125000,-0.000006,0.000118
3.126000,-0.000005,0.000119
3.127000,-0.000006,0.000119
3.128000,-0.000005,0.000120
3.129000,-0.000005,0.000119
3.130000,-0.000005,0.000120
3.131000,-0.000006,0.000119
3.132000,-0.000007,0.000120
3.133000,-0.000007,0.000119
3.134000,-0.000007,0.000119
3.135000,-0.000008,0.000118
3.136000,-0.000007,0.000118
3.137000,-0.000007,0.000118
3.138000,-0.000007,0.000118
3.139000,-0.000007,0.000119
3.140000,-0.000007,0.000118
3.141000,-0.000007,0.000119
3.142000,-0.000007,0.000119
3.143000,-0.000007,0.000119
3.144000,-0.000007,0.000118
3.145000,-0.000007,0.000119
3.146000,-0.000006,0.000118
3.147000,-0.000007,0.000119
3.148000,-0.000007,0.000118
3.149000,-0.000008,0.000119
3.150000,-0.000007,0.000118
3.151000,-0.000008,0.000118
3.152000,-0.000007,0.000117
3.153000,-0.000007,0.000118
3.154000,-0.000007,0.000118
3.155000,-0.000007,0.000117
3.156000,-0.000008,0.000117
3.157000,-0.000008,0.000117
3.158000,-0.000008,0.000117
3.159000,-0.000008,0.000117
3.160000,-0.000008,0.000117
3.161000,-0.000009,0.000116
3.162000,-0.000009,0.000117
3.163000,-0.000009,0.000116
3.164000,-0.000010,0.000116
3.165000,-0.000009,0.000116
3.166000,-0.000010,0.000117
3.167000,-0.000009,0.000117
3.168000,-0.000010,0.000119
3.169000,-0.000010,0.000118
3.170000,-0.000010,0.000118
3.171000,-0.000010,0.000118
3.172000,-0.000009,0.000119
3.173000,-0.000008,0.000118
3.174000,-0.000009,0.000119
3.175000,-0.000009,0.000118
3.176000,-0.000009,0.000119
3.177000,-0.000009,0.000118
3.178000,-0.000009,0.000118
3.179000,-0.000008,0.000118
3.180000,-0.000009,0.000117
3.181000,-0.000008,0.000117
3.182000,-0.000009,0.000116
3.183000,-0.000009,0.000116
3.184000,-0.000009,0.000116
3.185000,-0.000010,0.000117
3.186000,-0.000010,0.000116
3.187000,-0.000010,0.000118
3.188000,-0.000011,0.000118
3.189000,-0.000010,0.000118
3.190000,-0.000010,0.000118
3.191000,-0.000010,0.000118
3.192000,-0.000010,0.000118
3.193000,-0.000010,0.000118
3.194000,-0.000010,0.000118
3.195000,-0.000010,0.000117
3.196000,-0.000011,0.000117
3.197000,-0.000011,0.000117
3.198000,-0.000010,0.000118
3.199000,-0.000010,0.000117
3.200000,-0.000010,0.000118
3.201000,-0.000009,0.000118
3.202000,-0.000010,0.000118
3.203000,-0.000010,0.000118
3.204000,-0.000010,0.000118
3.205000,-0.000011,0.000117
3.206000,-0.000011,0.000117
3.207000,-0.000011,0.000117
3.208000,-0.000011,0.000117
3.209000,-0.000012,0.000118
3.210000,-0.000011,0.000117
3.211000,-0.000012,0.000118
3.212000,-0.000011,0.000117
3.213000,-0.000011,0.000118
3.214000,-0.000011,0.000118
3.215000,-0.000011,0.000117
3.216000,-0.000011,0.000117
3.217000,-0.000010,0.000117
3.218000,-0.000010,0.000117
3.219000,-0.000010,0.000116
3.220000,-0.000011,0.000118
3.221000,-0.000010,0.000117
3.222000,-0.000011,0.000118
3.223000,-0.000011,0.000117
3.224000,-0.000011,0.000117
3.225000,-0.000011,0.000117
3.226000,-0.000011,0.000117
3.227000,-0.000011,0.000117
3.228000,-0.000012,0.000116
3.229000,-0.000011,0.000117
3.230000,-0.000011,0.000117
3.231000,-0.000011,0.000118
3.232000,-0.000010,0.000117
3.233000,-0.000010,0.000118
3.234000,-0.000010,0.000118
3.235000,-0.000010,0.000118
3.236000,-0.000010,0.000119
3.237000,-0.000010,0.000119
3.238000,-0.000010,0.000119
3.239000,-0.000011,0.000119
3.240000,-0.000011,0.000119
3.241000,-0.000011,0.000118
3.242000,-0.000010,0.000119
3.243000,-0.000010,0.000118
3.244000,-0.000011,0.000118
3.245000,-0.000011,0.000118
3.246000,-0.000011,0.000119
3.247000,-0.000010,0.000118
3.248000,-0.000010,0.000118
3.249000,-0.000010,0.000117
3.250000,-0.000010,0.000117
3.251000,-0.000010,0.000116
3.252000,-0.000011,0.000117
3.253000,-0.000011,0.000116
3.254000,-0.000012,0.000116
3.255000,-0.000011,0.000115
3.256000,-0.000012,0.000116
3.257000,-0.000011,0.000116
3.258000,-0.000011,0.000116
3.259000,-0.000011,0.000116
3.260000,-0.000010,0.000116
3.261000,-0.000011,0.000116
3.262000,-0.000011,0.000116
3.263000,-0.000010,0.000116
3.264000,-0.000010,0.000116
3.265000,-0.000010,0.000116
3.266000,-0.000009,0.000115
3.267000,-0.000010,0.000115
3.268000,-0.000009,0.000114
3.269000,-0.000010,0.000115
3.270000,-0.000010,0.000114
3.271000,-0.000010,0.000115
3.272000,-0.000011,0.000114
3.273000,-0.000011,0.000115
3.274000,-0.000011,0.000114
3.275000,-0.000012,0.000115
3.276000,-0.000012,0.000113
3.277000,-0.000011,0.000113
3.278000,-0.000012,0.000113
3.279000,-0.000012,0.000113
3.280000,-0.000012,0.000113
3.281000,-0.000012,0.000113
3.282000,-0.000012,0.000114
3.283000,-0.000012,0.000114
3.284000,-0.000012,0.000114
3.285000,-0.000011,0.000114
3.286000,-0.000012,0.000114
3.287000,-0.000011,0.000113
3.288000,-0.000012,0.000113
3.289000,-0.000011,0.000112
3.290000,-0.000012,0.000112
3.291000,-0.000012,0.000111
3.292000,-0.000013,0.000112
3.293000,-0.000013,0.000111
3.294000,-0.000013,0.000112
3.295000,-0.000012,0.000113
3.296000,-0.000010,0.000113
3.297000,-0.000011,0.000113
3.298000,-0.000012,0.000113
3.299000,-0.000012,0.000113
3.300000,-0.000011,0.000112
3.301000,-0.000012,0.000112
3.302000,-0.000011,0.000113
3.303000,-0.000012,0.000113
3.304000,-0.000011,0.000113
3.305000,-0.000011,0.000114
3.306000,-0.000011,0.000113
3.307000,-0.000011,0.000113
3.308000,-0.000010,0.000113
3.309000,-0.000010,0.000113
3.310000,-0.000011,0.000113
3.311000,-0.000010,0.000112
3.312000,-0.000011,0.000113
3.313000,-0.000010,0.000112
3.314000,-0.000010,0.000113
3.315000,-0.000010,0.000113
3.316000,-0.000010,0.000114
3.317000,-0.000010,0.000114
3.318000,-0.000010,0.000114
3.319000,-0.000011,0.000115
3.320000,-0.000011,0.000114
3.321000,-0.000012,0.000115
3.322000,-0.000011,0.000114
3.323000,-0.000012,0.000114
3.324000,-0.000011,0.000114
3.325000,-0.000011,0.000115
3.326000,-0.000011,0.000115
3.327000,-0.000012,0.000115
3.328000,-0.000011,0.000115
3.329000,-0.000010,0.000114
3.330000,-0.000010,0.000114
3.331000,-0.000011,0.000113
3.332000,-0.000011,0.000114
3.333000,-0.000011,0.000113
3.334000,-0.000011,0.000113
3.335000,-0.000011,0.000113
3.336000,-0.000011,0.000113
3.337000,-0.000012,0.000113
3.338000,-0.000012,0.000113
3.339000,-0.000012,0.000113
3.340000,-0.000011,0.000113
3.341000,-0.000011,0.000113
3.342000,-0.000013,0.000113
3.343000,-0.000012,0.000114
3.344000,-0.000012,0.000114
3.345000,-0.000011,0.000114
3.346000,-0.000012,0.000114
3.347000,-0.000012,0.000115
3.348000,-0.000012,0.000115
3.349000,-0.000012,0.000116
3.350000,-0.000012,0.000115
3.351000,-0.000013,0.000116
3.352000,-0.000012,0.000115
3.353000,-0.000013,0.000116
3.354000,-0.000012,0.000115
3.355000,-0.000013,0.000116
3.356000,-0.000013,0.000116
3.357000,-0.000013,0.000116
3.358000,-0.000013,0.000115
3.359000,-0.000014,0.000116
3.360000,-0.000014,0.000115
3.361000,-0.000014,0.000116
3.362000,-0.000014,0.000116
3.363000,-0.000014,0.000116
3.364000,-0.000015,0.000116
3.365000,-0.000014,0.000117
3.366000,-0.000015,0.000117
3.367000,-0.000014,0.000116
3.368000,-0.000013,0.000117
3.369000,-0.000013,0.000117
3.370000,-0.000013,0.000117
3.371000,-0.000013,0.000117
3.372000,-0.000012,0.000117
3.373000,-0.000012,0.000117
3.374000,-0.000012,0.000117
3.375000,-0.000011,0.000115
3.376000,-0.000012,0.000116
3.377000,-0.000012,0.000116
3.378000,-0.000012,0.000116
3.379000,-0.000012,0.000115
3.380000,-0.000012,0.000116
3.381000,-0.000012,0.000115
3.382000,-0.000011,0.000115
3.383000,-0.000010,0.000115
3.384000,-0.000011,0.000115
3.385000,-0.000011,0.000115
3.386000,-0.000011,0.000115
3.387000,-0.000011,0.000116
3.388000,-0.000010,0.000115
3.389000,-0.000010,0.000116
3.390000,-0.000010,0.000116
3.391000,-0.000010,0.000117
3.392000,-0.000009,0.000116
3.393000,-0.000010,0.000117
3.394000,-0.000010,0.000116
3.395000,-0.000010,0.000117
3.396000,-0.000012,0.000116
3.397000,-0.000011,0.000116
3.398000,-0.000011,0.000116
3.399000,-0.000011,0.000115
3.400000,-0.000011,0.000115
3.401000,-0.000011,0.000115
3.402000,-0.000012,0.000115
3.403000,-0.000011,0.000115
3.404000,-0.000012,0.000115
3.405000,-0.000012,0.000115
3.406000,-0.000012,0.000115
3.407000,-0.000012,0.000115
3.408000,-0.000013,0.000115
3.409000,-0.000012,0.000115
3.410000,-0.000012,0.000114
3.411000,-0.000012,0.000115
3.412000,-0.000012,0.000115
3.413000,-0.000012,0.000116
3.414000,-0.000013,0.000115
3.415000,-0.000012,0.000115
3.416000,-0.000012,0.000115
3.417000,-0.000013,0.000115
3.418000,-0.000013,0.000115
3.419000,-0.000012,0.000115
3.420000,-0.000012,0.000115
3.421000,-0.000011,0.000114
3.422000,-0.000011,0.000115
3.423000,-0.000010,0.000114
3.424000,-0.000010,0.000115
3.425000,-0.000010,0.000115
3.426000,-0.000010,0.000115
3.427000,-0.000010,0.000115
3.428000,-0.000011,0.000114
3.429000,-0.000011,0.000115
3.430000,-0.000012,0.000115
3.431000,-0.000011,0.000116
3.432000,-0.000011,0.000115
3.433000,-0.000011,0.000115
3.434000,-0.000012,0.000114
3.435000,-0.000011,0.000115
3.436000,-0.000011,0.000114
3.437000,-0.000011,0.000115
3.438000,-0.000010,0.000114
3.439000,-0.000011,0.000115
3.440000,-0.000011,0.000114
3.441000,-0.000011,0.000114
3.442000,-0.000009,0.000114
3.443000,-0.000010,0.000114
3.444000,-0.000010,0.000114
3.445000,-0.000010,0.000113
3.446000,-0.000011,0.000113
3.447000,-0.000011,0.000113
3.448000,-0.000011,0.000113
3.449000,-0.000011,0.000112
3.450000,-0.000011,0.000113
3.451000,-0.000011,0.000113
3.452000,-0.000011,0.000113
3.453000,-0.000011,0.000113
3.454000,-0.000011,0.000113
3.455000,-0.000010,0.000113
3.456000,-0.000010,0.000113
3.457000,-0.000010,0.000113
3.458000,-0.000010,0.000113
3.459000,-0.000010,0.000112
3.460000,-0.000010,0.000113
3.461000,-0.000009,0.000112
3.462000,-0.000009,0.000113
3.463000,-0.000009,0.000112
3.464000,-0.000009,0.000112
3.465000,-0.000009,0.000112
3.466000,-0.000009,0.000112
3.467000,-0.000010,0.000112
3.468000,-0.000011,0.000112
3.469000,-0.000011,0.000112
3.470000,-0.000011,0.000112
3.471000,-0.000011,0.000112
3.472000,-0.000011,0.000111
3.473000,-0.000011,0.000112
3.474000,-0.000011,0.000112
3.475000,-0.000012,0.000113
3.476000,-0.000011,0.000112
3.477000,-0.000011,0.000113
3.478000,-0.000011,0.000113
3.479000,-0.000011,0.000114
3.480000,-0.000011,0.000113
3.481000,-0.000011,0.000114
3.482000,-0.000012,0.000113
3.483000,-0.000012,0.000114
3.484000,-0.000012,0.000113
3.485000,-0.000012,0.000113
3.486000,-0.000011,0.000113
3.487000,-0.000012,0.000113
3.488000,-0.000013,0.000114
3.489000,-0.000013,0.000113
3.490000,-0.000013,0.000114
3.491000,-0.000013,0.000113
3.492000,-0.000013,0.000114
3.493000,-0.000013,0.000113
3.494000,-0.000013,0.000113
3.495000,-0.000013,0.000112
3.496000,-0.000012,0.000112
3.497000,-0.000012,0.000112
3.498000,-0.000012,0.000112
3.499000,-0.000012,0.000113
3.450000,-0.000011,0.000113
3.451000,-0.000010,0.000113
3.452000,-0.000010,0.000113
3.453000,-0.000010,0.000113
3.454000,-0.000011,0.000114
3.455000,-0.000010,0.000113
3.456000,-0.000010,0.000113
3.457000,-0.000009,0.000112
3.458000,-0.000009,0.000113
3.459000,-0.000009,0.000112
3.460000,-0.000009,0.000113
3.461000,-0.000009,0.000113
3.462000,-0.000008,0.000114
3.463000,-0.000008,0.000113
3.464000,-0.000008,0.000113
3.465000,-0.000008,0.000113
3.466000,-0.000008,0.000113
3.467000,-0.000008,0.000113
3.468000,-0.000009,0.000113
3.469000,-0.000009,0.000113
3.470000,-0.000010,0.000113
3.471000,-0.000009,0.000113
3.472000,-0.000010,0.000112
3.473000,-0.000010,0.000113
3.474000,-0.000010,0.000112
3.475000,-0.000011,0.000113
3.476000,-0.000010,0.000113
3.477000,-0.000011,0.000113
3.478000,-0.000010,0.000112
3.479000,-0.000011,0.000114
3.480000,-0.000010,0.000113
3.481000,-0.000010,0.000114
3.482000,-0.000011,0.000113
3.483000,-0.000012,0.000114
3.484000,-0.000011,0.000113
3.485000,-0.000011,0.000113
3.486000,-0.000010,0.000113
3.487000,-0.000011,0.000113
3.488000,-0.000011,0.000114
3.489000,-0.000011,0.000113
3.490000,-0.000011,0.000114
3.491000,-0.000011,0.000113
3.492000,-0.000012,0.000113
3.493000,-0.000012,0.000113
3.494000,-0.000012,0.000114
3.495000,-0.000011,0.000112
3.496000,-0.000011,0.000113
3.497000,-0.000011,0.000113
3.498000,-0.000011,0.000113
3.499000,-0.000011,0.000114
3.500000,-0.000011,0.000113
3.501000,-0.000011,0.000114
3.502000,-0.000011,0.000113
3.503000,-0.000012,0.000113
3.504000,-0.000010,0.000112
3.505000,-0.000011,0.000113
3.506000,-0.000010,0.000112
3.507000,-0.000011,0.000112
3.508000,-0.000010,0.000113
3.509000,-0.000011,0.000112
3.510000,-0.000011,0.000113
3.511000,-0.000011,0.000112
3.512000,-0.000011,0.000112
3.513000,-0.000011,0.000110
3.514000,-0.000011,0.000112
3.515000,-0.000011,0.000111
3.516000,-0.000011,0.000111
3.517000,-0.000011,0.000111
3.518000,-0.000011,0.000111
3.519000,-0.000011,0.000111
3.520000,-0.000011,0.000111
3.521000,-0.000012,0.000112
3.522000,-0.000012,0.000110
3.523000,-0.000013,0.000111
3.524000,-0.000012,0.000110
3.525000,-0.000013,0.000109
3.526000,-0.000012,0.000109
3.527000,-0.000012,0.000109
3.528000,-0.000011,0.000110
3.529000,-0.000012,0.000109
3.530000,-0.000012,0.000109
3.531000,-0.000011,0.000109
3.532000,-0.000012,0.000110
3.533000,-0.000011,0.000110
3.534000,-0.000011,0.000111
3.535000,-0.000011,0.000110
3.536000,-0.000012,0.000111
3.537000,-0.000011,0.000110
3.538000,-0.000011,0.000111
3.539000,-0.000011,0.000110
3.540000,-0.000011,0.000111
3.541000,-0.000011,0.000112
3.542000,-0.000011,0.000112
3.543000,-0.000011,0.000112
3.544000,-0.000011,0.000112
3.545000,-0.000010,0.000112
3.546000,-0.000010,0.000113
3.547000,-0.000010,0.000113
3.548000,-0.000010,0.000112
3.549000,-0.000010,0.000113
3.550000,-0.000010,0.000111
3.551000,-0.000010,0.000112
3.552000,-0.000011,0.000110
3.553000,-0.000011,0.000111
3.554000,-0.000010,0.000110
3.555000,-0.000010,0.000111
3.556000,-0.000010,0.000110
3.557000,-0.000010,0.000111
3.558000,-0.000010,0.000111
3.559000,-0.000011,0.000111
3.560000,-0.000011,0.000111
3.561000,-0.000011,0.000111
3.562000,-0.000011,0.000111
3.563000,-0.000011,0.000111
3.564000,-0.000011,0.000111
3.565000,-0.000011,0.000112
3.566000,-0.000011,0.000112
3.567000,-0.000011,0.000112
3.568000,-0.000011,0.000112
3.569000,-0.000012,0.000112
3.570000,-0.000011,0.000112
3.571000,-0.000011,0.000112
3.572000,-0.000010,0.000113
3.573000,-0.000010,0.000112
3.574000,-0.000011,0.000113
3.575000,-0.000011,0.000112
3.576000,-0.000011,0.000113
3.577000,-0.000009,0.000113
3.578000,-0.000010,0.000113
3.579000,-0.000010,0.000112
3.580000,-0.000010,0.000113
3.581000,-0.000010,0.000113
3.582000,-0.000010,0.000114
3.583000,-0.000010,0.000113
3.584000,-0.000010,0.000114
3.585000,-0.000010,0.000113
3.586000,-0.000010,0.000114
3.587000,-0.000010,0.000114
3.588000,-0.000010,0.000114
3.589000,-0.000010,0.000114
3.590000,-0.000009,0.000114
3.591000,-0.000009,0.000115
3.592000,-0.000009,0.000113
3.593000,-0.000009,0.000114
3.594000,-0.000009,0.000113
3.595000,-0.000010,0.000114
3.596000,-0.000008,0.000113
3.597000,-0.000009,0.000113
3.598000,-0.000008,0.000114
3.599000,-0.000008,0.000114
3.600000,-0.000008,0.000114
3.601000,-0.000007,0.000114
3.602000,-0.000008,0.000115
3.603000,-0.000007,0.000115
3.604000,-0.000008,0.000116
3.605000,-0.000008,0.000115
3.606000,-0.000008,0.000116
3.607000,-0.000007,0.000116
3.608000,-0.000008,0.000116
3.609000,-0.000007,0.000116
3.610000,-0.000007,0.000116
3.611000,-0.000007,0.000117
3.612000,-0.000007,0.000117
3.613000,-0.000006,0.000118
3.614000,-0.000006,0.000118
3.615000,-0.000006,0.000118
3.616000,-0.000006,0.000117
3.617000,-0.000006,0.000119
3.618000,-0.000006,0.000118
3.619000,-0.000007,0.000119
3.620000,-0.000007,0.000119
3.621000,-0.000006,0.000119
3.622000,-0.000006,0.000119
3.623000,-0.000006,0.000119
3.624000,-0.000007,0.000120
3.625000,-0.000006,0.000119
3.626000,-0.000007,0.000120
3.627000,-0.000007,0.000119
3.628000,-0.000007,0.000119
3.629000,-0.000007,0.000119
3.630000,-0.000008,0.000121
3.631000,-0.000007,0.000121
3.632000,-0.000007,0.000120
3.633000,-0.000007,0.000121
3.634000,-0.000008,0.000119
3.635000,-0.000007,0.000120
3.636000,-0.000008,0.000119
3.637000,-0.000009,0.000119
3.638000,-0.000008,0.000118
3.639000,-0.000008,0.000119
3.640000,-0.000008,0.000118
3.641000,-0.000009,0.000118
3.642000,-0.000008,0.000117
3.643000,-0.000009,0.000118
3.644000,-0.000009,0.000117
3.645000,-0.000008,0.000118
3.646000,-0.000008,0.000118
3.647000,-0.000008,0.000118
3.648000,-0.000008,0.000119
3.649000,-0.000008,0.000118
3.650000,-0.000008,0.000119
3.651000,-0.000008,0.000118
3.652000,-0.000009,0.000119
3.653000,-0.000009,0.000119
3.654000,-0.000009,0.000119
3.655000,-0.000009,0.000119
3.656000,-0.000010,0.000120
3.657000,-0.000009,0.000118
3.658000,-0.000009,0.000119
3.659000,-0.000009,0.000118
3.660000,-0.000009,0.000119
3.661000,-0.000009,0.000118
3.662000,-0.000009,0.000119
3.663000,-0.000009,0.000118
3.664000,-0.000009,0.000118
3.665000,-0.000009,0.000117
3.666000,-0.000008,0.000118
3.667000,-0.000008,0.000118
3.668000,-0.000008,0.000118
3.669000,-0.000008,0.000118
3.670000,-0.000008,0.000118
3.671000,-0.000008,0.000118
3.672000,-0.000008,0.000117
3.673000,-0.000009,0.000118
3.674000,-0.000008,0.000117
3.675000,-0.000008,0.000117
3.676000,-0.000008,0.000115
3.677000,-0.000009,0.000116
3.678000,-0.000008,0.000116
3.679000,-0.000009,0.000117
3.680000,-0.000009,0.000116
3.681000,-0.000009,0.000117
3.682000,-0.000009,0.000115
3.683000,-0.000009,0.000116
3.684000,-0.000009,0.000115
3.685000,-0.000008,0.000116
3.686000,-0.000007,0.000117
3.687000,-0.000008,0.000116
3.688000,-0.000008,0.000117
3.689000,-0.000008,0.000116
3.690000,-0.000009,0.000116
3.691000,-0.000009,0.000116
3.692000,-0.000009,0.000117
3.693000,-0.000009,0.000117
3.694000,-0.000008,0.000118
3.695000,-0.000008,0.000117
3.696000,-0.000009,0.000117
3.697000,-0.000009,0.000117
3.698000,-0.000009,0.000117
3.699000,-0.000010,0.000116
3.700000,-0.000010,0.000116
3.701000,-0.000010,0.000116
3.702000,-0.000010,0.000115
3.703000,-0.000010,0.000116
3.704000,-0.000010,0.000115
3.705000,-0.000010,0.000115
3.706000,-0.000010,0.000115
3.707000,-0.000010,0.000115
3.708000,-0.000010,0.000115
3.709000,-0.000010,0.000115
3.710000,-0.000010,0.000115
3.711000,-0.000010,0.000115
3.712000,-0.000011,0.000116
3.713000,-0.000010,0.000115
3.714000,-0.000011,0.000115
3.715000,-0.000010,0.000115
3.716000,-0.000010,0.000116
3.717000,-0.000010,0.000116
3.718000,-0.000009,0.000116
3.719000,-0.000009,0.000115
3.720000,-0.000009,0.000116
3.721000,-0.000009,0.000116
3.722000,-0.000009,0.000115
3.723000,-0.000009,0.000116
3.724000,-0.000009,0.000114
3.725000,-0.000010,0.000115
3.726000,-0.000009,0.000115
3.727000,-0.000009,0.000116
3.728000,-0.000009,0.000116
3.729000,-0.000008,0.000116
3.730000,-0.000008,0.000115
3.731000,-0.000008,0.000115
3.732000,-0.000009,0.000116
3.733000,-0.000008,0.000115
3.734000,-0.000009,0.000116
3.735000,-0.000008,0.000115
3.736000,-0.000008,0.000116
3.737000,-0.000007,0.000115
3.738000,-0.000008,0.000116
3.739000,-0.000006,0.000116
3.740000,-0.000007,0.000117
3.741000,-0.000006,0.000116
3.742000,-0.000007,0.000118
3.743000,-0.000006,0.000117
3.744000,-0.000007,0.000117
3.745000,-0.000007,0.000117
3.746000,-0.000007,0.000117
3.747000,-0.000007,0.000116
3.748000,-0.000007,0.000116
3.749000,-0.000007,0.000116
3.750000,-0.000006,0.000116
3.751000,-0.000006,0.000117
3.752000,-0.000006,0.000116
3.753000,-0.000006,0.000116
3.754000,-0.000006,0.000116
3.755000,-0.000006,0.000117
3.756000,-0.000005,0.000116
3.757000,-0.000006,0.000117
3.758000,-0.000006,0.000116
3.759000,-0.000007,0.000117
3.760000,-0.000006,0.000116
3.761000,-0.000007,0.000116
3.762000,-0.000007,0.000116
3.763000,-0.000007,0.000117
3.764000,-0.000006,0.000116
3.765000,-0.000007,0.000118
3.766000,-0.000007,0.000116
3.767000,-0.000007,0.000117
3.768000,-0.000007,0.000117
3.769000,-0.000007,0.000116
3.770000,-0.000007,0.000117
3.771000,-0.000007,0.000116
3.772000,-0.000008,0.000117
3.773000,-0.000007,0.000116
3.774000,-0.000007,0.000117
3.775000,-0.000007,0.000116
3.776000,-0.000007,0.000118
3.777000,-0.000007,0.000117
3.778000,-0.000007,0.000116
3.779000,-0.000006,0.000116
3.780000,-0.000007,0.000117
3.781000,-0.000006,0.000116
3.782000,-0.000008,0.000116
3.783000,-0.000007,0.000116
3.784000,-0.000008,0.000116
3.785000,-0.000008,0.000115
3.786000,-0.000009,0.000115
3.787000,-0.000008,0.000115
3.788000,-0.000009,0.000114
3.789000,-0.000009,0.000115
3.790000,-0.000009,0.000114
3.791000,-0.000008,0.000114
3.792000,-0.000008,0.000114
3.793000,-0.000009,0.000114
3.794000,-0.000009,0.000113
3.795000,-0.000010,0.000113
3.796000,-0.000010,0.000114
3.797000,-0.000009,0.000114
3.798000,-0.000010,0.000114
3.799000,-0.000010,0.000113
3.800000,-0.000009,0.000114
3.801000,-0.000009,0.000114
3.802000,-0.000009,0.000115
3.803000,-0.000009,0.000114
3.804000,-0.000009,0.000115
3.805000,-0.000009,0.000114
3.806000,-0.000008,0.000114
3.807000,-0.000008,0.000114
3.808000,-0.000008,0.000115
3.809000,-0.000008,0.000115
3.810000,-0.000008,0.000114
3.811000,-0.000009,0.000114
3.812000,-0.000008,0.000113
3.813000,-0.000009,0.000113
3.814000,-0.000008,0.000113
3.815000,-0.000009,0.000113
3.816000,-0.000009,0.000112
3.817000,-0.000010,0.000112
3.818000,-0.000010,0.000112
3.819000,-0.000011,0.000113
3.820000,-0.000010,0.000113
3.821000,-0.000010,0.000112
3.822000,-0.000010,0.000113
3.823000,-0.000010,0.000112
3.824000,-0.000010,0.000112
3.825000,-0.000010,0.000112
3.826000,-0.000011,0.000111
3.827000,-0.000011,0.000111
3.828000,-0.000011,0.000111
3.829000,-0.000011,0.000111
3.830000,-0.000012,0.000111
3.831000,-0.000012,0.000111
3.832000,-0.000012,0.000111
3.833000,-0.000012,0.000111
3.834000,-0.000012,0.000110
3.835000,-0.000012,0.000111
3.836000,-0.000012,0.000110
3.837000,-0.000012,0.000112
3.838000,-0.000013,0.000111
3.839000,-0.000014,0.000111
3.840000,-0.000013,0.000111
3.841000,-0.000014,0.000111
3.842000,-0.000013,0.000110
3.843000,-0.000013,0.000110
3.844000,-0.000013,0.000110
3.845000,-0.000013,0.000110
3.846000,-0.000013,0.000110
3.847000,-0.000014,0.000111
3.848000,-0.000013,0.000111
3.849000,-0.000013,0.000111
3.850000,-0.000013,0.000111
3.851000,-0.000014,0.000111
3.852000,-0.000014,0.000111
3.853000,-0.000013,0.000110
3.854000,-0.000013,0.000111
3.855000,-0.000014,0.000110
3.856000,-0.000013,0.000111
3.857000,-0.000013,0.000110
3.858000,-0.000014,0.000110
3.859000,-0.000013,0.000110
3.860000,-0.000013,0.000110
3.861000,-0.000013,0.000110
3.862000,-0.000013,0.000111
3.863000,-0.000013,0.000109
3.864000,-0.000013,0.000110
3.865000,-0.000012,0.000109
3.866000,-0.000012,0.000110
3.867000,-0.000012,0.000110
3.868000,-0.000013,0.000110
3.869000,-0.000012,0.000110
3.870000,-0.000012,0.000110
3.871000,-0.000012,0.000110
3.872000,-0.000013,0.000110
3.873000,-0.000012,0.000111
3.874000,-0.000012,0.000110
3.875000,-0.000012,0.000111
3.876000,-0.000011,0.000111
3.877000,-0.000012,0.000111
3.878000,-0.000012,0.000111
3.879000,-0.000012,0.000111
3.880000,-0.000012,0.000110
3.881000,-0.000012,0.000111
3.882000,-0.000011,0.000110
3.883000,-0.000011,0.000112
3.884000,-0.000010,0.000111
3.885000,-0.000011,0.000112
3.886000,-0.000010,0.000111
3.887000,-0.000011,0.000112
3.888000,-0.000010,0.000112
3.889000,-0.000009,0.000112
3.890000,-0.000010,0.000113
3.891000,-0.000010,0.000112
3.892000,-0.000010,0.000112
3.893000,-0.000009,0.000112
3.894000,-0.000009,0.000113
3.895000,-0.000008,0.000112
3.896000,-0.000008,0.000113
3.897000,-0.000008,0.000113
3.898000,-0.000008,0.000113
3.899000,-0.000008,0.000113
3.900000,-0.000008,0.000112
3.901000,-0.000008,0.000113
3.902000,-0.000008,0.000113
3.903000,-0.000008,0.000114
3.904000,-0.000008,0.000113
3.905000,-0.000008,0.000114
3.906000,-0.000008,0.000114
3.907000,-0.000008,0.000114
3.908000,-0.000008,0.000114
3.909000,-0.000008,0.000114
3.910000,-0.000008,0.000115
3.911000,-0.000008,0.000114
3.912000,-0.000008,0.000115
3.913000,-0.000008,0.000115
3.914000,-0.000008,0.000116
3.915000,-0.000008,0.000115
3.916000,-0.000009,0.000116
3.917000,-0.000008,0.000116
3.918000,-0.000008,0.000116
3.919000,-0.000008,0.000116
3.920000,-0.000007,0.000115
3.921000,-0.000008,0.000115
3.922000,-0.000007,0.000115
3.923000,-0.000007,0.000116
3.924000,-0.000007,0.000116
3.925000,-0.000007,0.000117
3.926000,-0.000006,0.000117
3.927000,-0.000006,0.000118
3.928000,-0.000006,0.000117
3.929000,-0.000007,0.000117
3.930000,-0.000007,0.000117
3.931000,-0.000006,0.000116
3.932000,-0.000005,0.000116
3.933000,-0.000006,0.000116
3.934000,-0.000005,0.000117
3.935000,-0.000005,0.000116
3.936000,-0.000005,0.000118
3.937000,-0.000005,0.000117
3.938000,-0.000005,0.000118
3.939000,-0.000004,0.000117
3.940000,-0.000005,0.000117
3.941000,-0.000005,0.000117
3.942000,-0.000005,0.000118
3.943000,-0.000005,0.000118
3.944000,-0.000005,0.000118
3.945000,-0.000005,0.000118
3.946000,-0.000005,0.000117
3.947000,-0.000005,0.000117
3.948000,-0.000005,0.000117
3.949000,-0.000005,0.000117
3.950000,-0.000005,0.000117
3.951000,-0.000005,0.000117
3.952000,-0.000004,0.000117
3.953000,-0.000004,0.000118
3.954000,-0.000005,0.000117
3.955000,-0.000004,0.000118
3.956000,-0.000004,0.000118
3.957000,-0.000004,0.000119
3.958000,-0.000004,0.000118
3.959000,-0.000004,0.000119
3.960000,-0.000004,0.000118
3.961000,-0.000004,0.000119
3.962000,-0.000004,0.000118
3.963000,-0.000004,0.000119
3.964000,-0.000004,0.000118
3.965000,-0.000004,0.000118
3.966000,-0.000004,0.000118
3.967000,-0.000004,0.000118
3.968000,-0.000004,0.000118
3.969000,-0.000004,0.000118
3.970000,-0.000004,0.000118
3.971000,-0.000004,0.000119
3.972000,-0.000003,0.000119
3.973000,-0.000004,0.000118
3.974000,-0.000003,0.000119
3.975000,-0.000004,0.000118
3.976000,-0.000005,0.000119
3.977000,-0.000004,0.000119
3.978000,-0.000003,0.000120
3.979000,-0.000003,0.000119
3.980000,-0.000004,0.000121
3.981000,-0.000003,0.000120
3.982000,-0.000004,0.000121
3.983000,-0.000004,0.000120
3.984000,-0.000005,0.000120
3.985000,-0.000004,0.000120
3.986000,-0.000004,0.000120
3.987000,-0.000004,0.000120
3.988000,-0.000004,0.000120
3.989000,-0.000006,0.000120
3.990000,-0.000005,0.000120
3.991000,-0.000004,0.000121
3.992000,-0.000004,0.000121
3.993000,-0.000004,0.000121
3.994000,-0.000005,0.000121
3.995000,-0.000005,0.000121
3.996000,-0.000005,0.000120
3.997000,-0.000006,0.000120
3.998000,-0.000005,0.000121
3.999000,-0.000006,0.000121
3.950000,-0.000005,0.000117
3.951000,-0.000005,0.000117
3.952000,-0.000004,0.000117
3.953000,-0.000005,0.000118
3.954000,-0.000005,0.000118
3.955000,-0.000005,0.000118
3.956000,-0.000005,0.000118
3.957000,-0.000005,0.000120
3.958000,-0.000004,0.000120
3.959000,-0.000004,0.000121
3.960000,-0.000004,0.000120
3.961000,-0.000004,0.000121
3.962000,-0.000003,0.000121
3.963000,-0.000005,0.000121
3.964000,-0.000004,0.000120
3.965000,-0.000005,0.000121
3.966000,-0.000005,0.000120
3.967000,-0.000006,0.000120
3.968000,-0.000006,0.000120
3.969000,-0.000006,0.000119
3.970000,-0.000006,0.000119
3.971000,-0.000006,0.000119
3.972000,-0.000006,0.000119
3.973000,-0.000006,0.000118
3.974000,-0.000007,0.000120
3.975000,-0.000007,0.000119
3.976000,-0.000008,0.000120
3.977000,-0.000007,0.000119
3.978000,-0.000007,0.000120
3.979000,-0.000006,0.000119
3.980000,-0.000007,0.000121
3.981000,-0.000007,0.000120
3.982000,-0.000007,0.000121
3.983000,-0.000008,0.000120
3.984000,-0.000008,0.000121
3.985000,-0.000009,0.000120
3.986000,-0.000009,0.000120
3.987000,-0.000009,0.000120
3.988000,-0.000009,0.000120
3.989000,-0.000011,0.000120
3.990000,-0.000010,0.000119
3.991000,-0.000010,0.000120
3.992000,-0.000009,0.000119
3.993000,-0.000010,0.000120
3.994000,-0.000010,0.000120
3.995000,-0.000010,0.000120
3.996000,-0.000010,0.000119
3.997000,-0.000011,0.000119
3.998000,-0.000010,0.000119
3.999000,-0.000011,0.000119
4.000000,-0.000010,0.000120
4.001000,-0.000011,0.000118
4.002000,-0.000011,0.000119
4.003000,-0.000011,0.000118
4.004000,-0.000010,0.000118
4.005000,-0.000010,0.000117
4.006000,-0.000010,0.000117
4.007000,-0.000010,0.000117
4.008000,-0.000009,0.000117
4.009000,-0.000010,0.000117
4.010000,-0.000009,0.000117
4.011000,-0.000009,0.000117
4.012000,-0.000009,0.000117
4.013000,-0.000009,0.000117
4.014000,-0.000009,0.000116
4.015000,-0.000009,0.000117
4.016000,-0.000009,0.000116
4.017000,-0.000009,0.000116
4.018000,-0.000010,0.000117
4.019000,-0.000010,0.000116
4.020000,-0.000011,0.000117
4.021000,-0.000011,0.000116
4.022000,-0.000011,0.000117
4.023000,-0.000011,0.000116
4.024000,-0.000011,0.000116
4.025000,-0.000011,0.000116
4.026000,-0.000011,0.000116
4.027000,-0.000011,0.000116
4.028000,-0.000011,0.000116
4.029000,-0.000010,0.000117
4.030000,-0.000010,0.000116
4.031000,-0.000011,0.000116
4.032000,-0.000011,0.000115
4.033000,-0.000011,0.000116
4.034000,-0.000011,0.000116
4.035000,-0.000011,0.000116
4.036000,-0.000012,0.000115
4.037000,-0.000012,0.000116
4.038000,-0.000011,0.000116
4.039000,-0.000011,0.000116
4.040000,-0.000011,0.000116
4.041000,-0.000011,0.000116
4.042000,-0.000011,0.000115
4.043000,-0.000011,0.000115
4.044000,-0.000011,0.000115
4.045000,-0.000011,0.000115
4.046000,-0.000011,0.000115
4.047000,-0.000011,0.000115
4.048000,-0.000011,0.000116
4.049000,-0.000010,0.000116
4.050000,-0.000010,0.000116
4.051000,-0.000010,0.000114
4.052000,-0.000011,0.000114
4.053000,-0.000010,0.000114
4.054000,-0.000011,0.000114
4.055000,-0.000011,0.000114
4.056000,-0.000011,0.000114
4.057000,-0.000011,0.000113
4.058000,-0.000012,0.000113
4.059000,-0.000012,0.000113
4.060000,-0.000011,0.000113
4.061000,-0.000012,0.000112
4.062000,-0.000012,0.000113
4.063000,-0.000011,0.000113
4.064000,-0.000011,0.000113
4.065000,-0.000011,0.000113
4.066000,-0.000010,0.000113
4.067000,-0.000010,0.000113
4.068000,-0.000010,0.000113
4.069000,-0.000009,0.000115
4.070000,-0.000009,0.000114
4.071000,-0.000009,0.000115
4.072000,-0.000009,0.000114
4.073000,-0.000008,0.000115
4.074000,-0.000008,0.000113
4.075000,-0.000008,0.000114
4.076000,-0.000007,0.000113
4.077000,-0.000008,0.000114
4.078000,-0.000008,0.000113
4.079000,-0.000008,0.000114
4.080000,-0.000008,0.000113
4.081000,-0.000008,0.000113
4.082000,-0.000008,0.000113
4.083000,-0.000008,0.000113
4.084000,-0.000008,0.000112
4.085000,-0.000007,0.000113
4.086000,-0.000007,0.000113
4.087000,-0.000006,0.000113
4.088000,-0.000007,0.000113
4.089000,-0.000006,0.000113
4.090000,-0.000007,0.000114
4.091000,-0.000006,0.000114
4.092000,-0.000007,0.000114
4.093000,-0.000006,0.000113
4.094000,-0.000007,0.000113
4.095000,-0.000007,0.000113
4.096000,-0.000007,0.000114
4.097000,-0.000006,0.000114
4.098000,-0.000007,0.000114
4.099000,-0.000007,0.000114
4.100000,-0.000006,0.000113
4.101000,-0.000006,0.000115
4.102000,-0.000007,0.000114
4.103000,-0.000007,0.000115
4.104000,-0.000008,0.000114
4.105000,-0.000008,0.000115
4.106000,-0.000008,0.000114
4.107000,-0.000008,0.000115
4.108000,-0.000008,0.000115
4.109000,-0.000007,0.000115
4.110000,-0.000007,0.000116
4.111000,-0.000007,0.000115
4.112000,-0.000008,0.000115
4.113000,-0.000007,0.000114
4.114000,-0.000007,0.000115
4.115000,-0.000007,0.000115
4.116000,-0.000007,0.000116
4.117000,-0.000006,0.000115
4.118000,-0.000006,0.000115
4.119000,-0.000006,0.000115
4.120000,-0.000005,0.000115
4.121000,-0.000005,0.000116
4.122000,-0.000006,0.000115
4.123000,-0.000006,0.000116
4.124000,-0.000006,0.000115
4.125000,-0.000006,0.000116
4.126000,-0.000007,0.000115
4.127000,-0.000006,0.000115
4.128000,-0.000005,0.000115
4.129000,-0.000005,0.000115
4.130000,-0.000006,0.000115
4.131000,-0.000006,0.000115
4.132000,-0.000006,0.000116
4.133000,-0.000006,0.000115
4.134000,-0.000006,0.000116
4.135000,-0.000005,0.000116
4.136000,-0.000005,0.000116
4.137000,-0.000005,0.000115
4.138000,-0.000006,0.000115
4.139000,-0.000006,0.000115
4.140000,-0.000005,0.000115
4.141000,-0.000005,0.000115
4.142000,-0.000005,0.000116
4.143000,-0.000005,0.000116
4.144000,-0.000005,0.000116
4.145000,-0.000005,0.000116
4.146000,-0.000006,0.000116
4.147000,-0.000006,0.000116
4.148000,-0.000006,0.000115
4.149000,-0.000006,0.000116
4.150000,-0.000006,0.000115
4.151000,-0.000006,0.000116
4.152000,-0.000006,0.000116
4.153000,-0.000006,0.000117
4.154000,-0.000006,0.000116
4.155000,-0.000006,0.000116
4.156000,-0.000006,0.000116
4.157000,-0.000006,0.000117
4.158000,-0.000006,0.000115
4.159000,-0.000006,0.000115
4.160000,-0.000006,0.000115
4.161000,-0.000006,0.000116
4.162000,-0.000005,0.000115
4.163000,-0.000005,0.000115
4.164000,-0.000004,0.000116
4.165000,-0.000004,0.000116
4.166000,-0.000004,0.000115
4.167000,-0.000004,0.000115
4.168000,-0.000004,0.000116
4.169000,-0.000004,0.000115
4.170000,-0.000004,0.000115
4.171000,-0.000004,0.000115
4.172000,-0.000004,0.000116
4.173000,-0.000004,0.000116
4.174000,-0.000005,0.000116
4.175000,-0.000003,0.000115
4.176000,-0.000004,0.000117
4.177000,-0.000004,0.000116
4.178000,-0.000005,0.000117
4.179000,-0.000004,0.000116
4.180000,-0.000003,0.000117
4.181000,-0.000002,0.000117
4.182000,-0.000002,0.000117
4.183000,-0.000003,0.000116
4.184000,-0.000003,0.000117
4.185000,-0.000003,0.000117
4.186000,-0.000003,0.000116
4.187000,-0.000003,0.000117
4.188000,-0.000003,0.000117
4.189000,-0.000003,0.000117
4.190000,-0.000002,0.000117
4.191000,-0.000002,0.000117
4.192000,-0.000002,0.000116
4.193000,-0.000002,0.000117
4.194000,-0.000001,0.000117
4.195000,-0.000001,0.000117
4.196000,-0.000001,0.000116
4.197000,-0.000001,0.000116
4.198000,-0.000001,0.000116
4.199000,-0.000001,0.000116
4.200000,-0.000002,0.000117
4.201000,-0.000001,0.000116
4.202000,-0.000002,0.000117
4.203000,-0.000002,0.000117
4.204000,-0.000002,0.000118
4.205000,-0.000001,0.000116
4.206000,-0.000002,0.000117
4.207000,-0.000001,0.000116
4.208000,-0.000002,0.000115
4.209000,-0.000002,0.000116
4.210000,-0.000003,0.000115
4.211000,-0.000003,0.000116
4.212000,-0.000003,0.000116
4.213000,-0.000003,0.000116
4.214000,-0.000004,0.000116
4.215000,-0.000004,0.000116
4.216000,-0.000003,0.000115
4.217000,-0.000004,0.000116
4.218000,-0.000003,0.000116
4.219000,-0.000003,0.000116
4.220000,-0.000004,0.000116
4.221000,-0.000003,0.000116
4.222000,-0.000004,0.000117
4.223000,-0.000004,0.000116
4.224000,-0.000003,0.000117
4.225000,-0.000002,0.000117
4.226000,-0.000002,0.000117
4.227000,-0.000003,0.000116
4.228000,-0.000003,0.000116
4.229000,-0.000002,0.000117
4.230000,-0.000002,0.000116
4.231000,-0.000002,0.000117
4.232000,-0.000002,0.000116
4.233000,-0.000002,0.000116
4.234000,-0.000002,0.000115
4.235000,-0.000002,0.000116
4.236000,-0.000002,0.000115
4.237000,-0.000002,0.000116
4.238000,-0.000002,0.000116
4.239000,-0.000002,0.000116
4.240000,-0.000002,0.000116
4.241000,-0.000002,0.000115
4.242000,-0.000003,0.000115
4.243000,-0.000003,0.000114
4.244000,-0.000002,0.000115
4.245000,-0.000002,0.000114
4.246000,-0.000002,0.000115
4.247000,-0.000002,0.000114
4.248000,-0.000003,0.000115
4.249000,-0.000002,0.000114
4.250000,-0.000003,0.000114
4.251000,-0.000002,0.000114
4.252000,-0.000003,0.000115
4.253000,-0.000002,0.000114
4.254000,-0.000002,0.000116
4.255000,-0.000002,0.000116
4.256000,-0.000002,0.000116
4.257000,-0.000002,0.000115
4.258000,-0.000002,0.000117
4.259000,-0.000001,0.000116
4.260000,-0.000002,0.000117
4.261000,-0.000002,0.000117
4.262000,-0.000003,0.000116
4.263000,-0.000003,0.000117
4.264000,-0.000004,0.000116
4.265000,-0.000004,0.000116
4.266000,-0.000005,0.000116
4.267000,-0.000005,0.000116
4.268000,-0.000004,0.000115
4.269000,-0.000005,0.000116
4.270000,-0.000005,0.000116
4.271000,-0.000006,0.000118
4.272000,-0.000005,0.000117
4.273000,-0.000006,0.000118
4.274000,-0.000006,0.000118
4.275000,-0.000007,0.000118
4.276000,-0.000007,0.000117
4.277000,-0.000007,0.000118
4.278000,-0.000006,0.000117
4.279000,-0.000007,0.000118
4.280000,-0.000008,0.000118
4.281000,-0.000008,0.000118
4.282000,-0.000007,0.000118
4.283000,-0.000007,0.000118
4.284000,-0.000007,0.000118
4.285000,-0.000007,0.000117
4.286000,-0.000007,0.000119
4.287000,-0.000007,0.000118
4.288000,-0.000007,0.000118
4.289000,-0.000007,0.000117
4.290000,-0.000007,0.000118
4.291000,-0.000008,0.000117
4.292000,-0.000008,0.000118
4.293000,-0.000008,0.000118
4.294000,-0.000008,0.000118
4.295000,-0.000008,0.000118
4.296000,-0.000008,0.000118
4.297000,-0.000009,0.000118
4.298000,-0.000008,0.000117
4.299000,-0.000009,0.000118
4.300000,-0.000008,0.000117
4.301000,-0.000008,0.000117
4.302000,-0.000007,0.000117
4.303000,-0.000008,0.000118
4.304000,-0.000007,0.000118
4.305000,-0.000009,0.000118
4.306000,-0.000008,0.000120
4.307000,-0.000008,0.000119
4.308000,-0.000007,0.000121
4.309000,-0.000008,0.000120
4.310000,-0.000007,0.000120
4.311000,-0.000007,0.000120
4.312000,-0.000007,0.000120
4.313000,-0.000007,0.000120
4.314000,-0.000006,0.000120
4.315000,-0.000007,0.000120
4.316000,-0.000006,0.000120
4.317000,-0.000006,0.000120
4.318000,-0.000007,0.000119
4.319000,-0.000007,0.000119
4.320000,-0.000006,0.000118
4.321000,-0.000007,0.000119
4.322000,-0.000007,0.000117
4.323000,-0.000008,0.000118
4.324000,-0.000008,0.000117
4.325000,-0.000009,0.000118
4.326000,-0.000009,0.000118
4.327000,-0.000009,0.000118
4.328000,-0.000009,0.000119
4.329000,-0.000010,0.000118
4.330000,-0.000010,0.000119
4.331000,-0.000010,0.000117
4.332000,-0.000010,0.000119
4.333000,-0.000010,0.000119
4.334000,-0.000011,0.000120
4.335000,-0.000010,0.000119
4.336000,-0.000009,0.000120
4.337000,-0.000009,0.000119
4.338000,-0.000009,0.000119
4.339000,-0.000009,0.000120
4.340000,-0.000009,0.000119
4.341000,-0.000009,0.000120
4.342000,-0.000009,0.000120
4.343000,-0.000009,0.000121
4.344000,-0.000009,0.000120
4.345000,-0.000010,0.000121
4.346000,-0.000009,0.000120
4.347000,-0.000009,0.000121
4.348000,-0.000009,0.000120
4.349000,-0.000009,0.000120
4.350000,-0.000009,0.000120
4.351000,-0.000010,0.000120
4.352000,-0.000009,0.000119
4.353000,-0.000009,0.000120
4.354000,-0.000009,0.000119
4.355000,-0.000009,0.000119
4.356000,-0.000009,0.000119
4.357000,-0.000009,0.000120
4.358000,-0.000008,0.000120
4.359000,-0.000008,0.000119
4.360000,-0.000008,0.000120
4.361000,-0.000008,0.000119
4.362000,-0.000007,0.000119
4.363000,-0.000008,0.000118
4.364000,-0.000007,0.000119
4.365000,-0.000008,0.000118
4.366000,-0.000008,0.000119
4.367000,-0.000007,0.000119
4.368000,-0.000008,0.000120
4.369000,-0.000007,0.000120
4.370000,-0.000007,0.000120
4.371000,-0.000007,0.000118
4.372000,-0.000008,0.000118
4.373000,-0.000007,0.000117
4.374000,-0.000007,0.000119
4.375000,-0.000007,0.000118
4.376000,-0.000007,0.000118
4.377000,-0.000007,0.000117
4.378000,-0.000007,0.000118
4.379000,-0.000006,0.000117
4.380000,-0.000006,0.000117
4.381000,-0.000006,0.000117
4.382000,-0.000007,0.000117
4.383000,-0.000007,0.000117
4.384000,-0.000008,0.000117
4.385000,-0.000008,0.000118
4.386000,-0.000008,0.000116
4.387000,-0.000008,0.000117
4.388000,-0.000008,0.000117
4.389000,-0.000008,0.000118
4.390000,-0.000008,0.000117
4.391000,-0.000008,0.000118
4.392000,-0.000007,0.000116
4.393000,-0.000008,0.000116
4.394000,-0.000007,0.000117
4.395000,-0.000007,0.000117
4.396000,-0.000008,0.000117
4.397000,-0.000007,0.000116
4.398000,-0.000008,0.000117
4.399000,-0.000008,0.000117
4.400000,-0.000009,0.000117
4.401000,-0.000008,0.000116
4.402000,-0.000009,0.000116
4.403000,-0.000007,0.000116
4.404000,-0.000009,0.000115
4.405000,-0.000008,0.000115
4.406000,-0.000009,0.000114
4.407000,-0.000009,0.000114
4.408000,-0.000008,0.000114
4.409000,-0.000008,0.000115
4.410000,-0.000008,0.000115
4.411000,-0.000008,0.000116
4.412000,-0.000008,0.000115
4.413000,-0.000008,0.000114
4.414000,-0.000008,0.000114
4.415000,-0.000008,0.000114
4.416000,-0.000008,0.000114
4.417000,-0.000008,0.000113
4.418000,-0.000009,0.000113
4.419000,-0.000009,0.000113
4.420000,-0.000009,0.000114
4.421000,-0.000009,0.000113
4.422000,-0.000009,0.000114
4.423000,-0.000008,0.000114
4.424000,-0.000008,0.000114
4.425000,-0.000008,0.000115
4.426000,-0.000008,0.000114
4.427000,-0.000008,0.000114
4.428000,-0.000008,0.000113
4.429000,-0.000007,0.000114
4.430000,-0.000007,0.000114
4.431000,-0.000007,0.000115
4.432000,-0.000006,0.000114
4.433000,-0.000006,0.000115
4.434000,-0.000005,0.000114
4.435000,-0.000006,0.000114
4.436000,-0.000007,0.000114
4.437000,-0.000007,0.000114
4.438000,-0.000006,0.000114
4.439000,-0.000006,0.000114
4.440000,-0.000007,0.000114
4.441000,-0.000006,0.000113
4.442000,-0.000006,0.000114
4.443000,-0.000006,0.000112
4.444000,-0.000006,0.000113
4.445000,-0.000006,0.000113
4.446000,-0.000006,0.000113
4.447000,-0.000005,0.000112
4.448000,-0.000005,0.000114
4.449000,-0.000004,0.000113
4.450000,-0.000005,0.000115
4.451000,-0.000004,0.000115
4.452000,-0.000004,0.000115
4.453000,-0.000004,0.000114
4.454000,-0.000004,0.000114
4.455000,-0.000004,0.000114
4.456000,-0.000004,0.000115
4.457000,-0.000004,0.000113
4.458000,-0.000005,0.000113
4.459000,-0.000005,0.000113
4.460000,-0.000006,0.000113
4.461000,-0.000005,0.000113
4.462000,-0.000006,0.000113
4.463000,-0.000006,0.000113
4.464000,-0.000006,0.000114
4.465000,-0.000005,0.000114
4.466000,-0.000005,0.000114
4.467000,-0.000006,0.000113
4.468000,-0.000006,0.000113
4.469000,-0.000006,0.000113
4.470000,-0.000005,0.000112
4.471000,-0.000005,0.000113
4.472000,-0.000004,0.000113
4.473000,-0.000005,0.000114
4.474000,-0.000005,0.000112
4.475000,-0.000005,0.000113
4.476000,-0.000004,0.000112
4.477000,-0.000005,0.000113
4.478000,-0.000005,0.000112
4.479000,-0.000005,0.000112
4.480000,-0.000005,0.000112
4.481000,-0.000005,0.000112
4.482000,-0.000004,0.000113
4.483000,-0.000004,0.000113
4.484000,-0.000003,0.000112
4.485000,-0.000003,0.000112
4.486000,-0.000003,0.000113
4.487000,-0.000003,0.000113
4.488000,-0.000003,0.000113
4.489000,-0.000003,0.000112
4.490000,-0.000003,0.000113
4.491000,-0.000003,0.000112
4.492000,-0.000003,0.000113
4.493000,-0.000003,0.000113
4.494000,-0.000004,0.000113
4.495000,-0.000004,0.000113
4.496000,-0.000002,0.000114
4.497000,-0.000002,0.000114
4.498000,-0.000001,0.000114
4.499000,-0.000001,0.000114
4.450000,-0.000005,0.000115
4.451000,-0.000004,0.000115
4.452000,-0.000004,0.000115
4.453000,-0.000004,0.000114
4.454000,-0.000004,0.000114
4.455000,-0.000003,0.000114
4.456000,-0.000004,0.000115
4.457000,-0.000004,0.000113
4.458000,-0.000004,0.000113
4.459000,-0.000004,0.000113
4.460000,-0.000005,0.000112
4.461000,-0.000005,0.000113
4.462000,-0.000006,0.000112
4.463000,-0.000006,0.000113
4.464000,-0.000006,0.000112
4.465000,-0.000006,0.000113
4.466000,-0.000005,0.000112
4.467000,-0.000006,0.000112
4.468000,-0.000006,0.000111
4.469000,-0.000007,0.000112
4.470000,-0.000006,0.000112
4.471000,-0.000007,0.000113
4.472000,-0.000006,0.000112
4.473000,-0.000006,0.000113
4.474000,-0.000006,0.000111
4.475000,-0.000006,0.000112
4.476000,-0.000005,0.000112
4.477000,-0.000005,0.000113
4.478000,-0.000005,0.000112
4.479000,-0.000006,0.000113
4.480000,-0.000005,0.000113
4.481000,-0.000005,0.000113
4.482000,-0.000004,0.000114
4.483000,-0.000004,0.000114
4.484000,-0.000003,0.000113
4.485000,-0.000003,0.000113
4.486000,-0.000004,0.000115
4.487000,-0.000004,0.000114
4.488000,-0.000004,0.000114
4.489000,-0.000004,0.000113
4.490000,-0.000004,0.000114
4.491000,-0.000004,0.000113
4.492000,-0.000004,0.000114
4.493000,-0.000004,0.000114
4.494000,-0.000005,0.000114
4.495000,-0.000005,0.000114
4.496000,-0.000004,0.000114
4.497000,-0.000004,0.000115
4.498000,-0.000003,0.000115
4.499000,-0.000002,0.000115
4.500000,-0.000001,0.000115
4.501000,-0.000002,0.000115
4.502000,-0.000001,0.000115
4.503000,-0.000002,0.000115
4.504000,-0.000001,0.000116
4.505000,-0.000003,0.000116
4.506000,-0.000003,0.000115
4.507000,-0.000003,0.000115
4.508000,-0.000003,0.000115
4.509000,-0.000003,0.000114
4.510000,-0.000003,0.000115
4.511000,-0.000003,0.000114
4.512000,-0.000004,0.000115
4.513000,-0.000003,0.000116
4.514000,-0.000004,0.000116
4.515000,-0.000003,0.000117
4.516000,-0.000003,0.000116
4.517000,-0.000003,0.000118
4.518000,-0.000003,0.000117
4.519000,-0.000003,0.000117
4.520000,-0.000003,0.000117
4.521000,-0.000003,0.000118
4.522000,-0.000002,0.000117
4.523000,-0.000003,0.000118
4.524000,-0.000002,0.000117
4.525000,-0.000002,0.000117
4.526000,-0.000003,0.000118
4.527000,-0.000002,0.000118
4.528000,-0.000003,0.000118
4.529000,-0.000003,0.000117
4.530000,-0.000003,0.000118
4.531000,-0.000003,0.000116
4.532000,-0.000004,0.000118
4.533000,-0.000003,0.000117
4.534000,-0.000004,0.000117
4.535000,-0.000004,0.000117
4.536000,-0.000004,0.000116
4.537000,-0.000003,0.000116
4.538000,-0.000004,0.000116
4.539000,-0.000004,0.000117
4.540000,-0.000004,0.000116
4.541000,-0.000004,0.000117
4.542000,-0.000004,0.000117
4.543000,-0.000004,0.000118
4.544000,-0.000004,0.000117
4.545000,-0.000004,0.000117
4.546000,-0.000005,0.000117
4.547000,-0.000006,0.000118
4.548000,-0.000006,0.000117
4.549000,-0.000007,0.000117
4.550000,-0.000007,0.000115
4.551000,-0.000006,0.000116
4.552000,-0.000006,0.000116
4.553000,-0.000007,0.000117
4.554000,-0.000007,0.000117
4.555000,-0.000008,0.000117
4.556000,-0.000007,0.000117
4.557000,-0.000007,0.000117
4.558000,-0.000007,0.000118
4.559000,-0.000007,0.000118
4.560000,-0.000006,0.000118
4.561000,-0.000007,0.000118
4.562000,-0.000006,0.000118
4.563000,-0.000006,0.000117
4.564000,-0.000006,0.000119
4.565000,-0.000006,0.000118
4.566000,-0.000006,0.000119
4.567000,-0.000006,0.000118
4.568000,-0.000006,0.000119
4.569000,-0.000005,0.000118
4.570000,-0.000005,0.000117
4.571000,-0.000004,0.000116
4.572000,-0.000004,0.000117
4.573000,-0.000004,0.000116
4.574000,-0.000005,0.000117
4.575000,-0.000005,0.000117
4.576000,-0.000005,0.000117
4.577000,-0.000005,0.000117
4.578000,-0.000005,0.000118
4.579000,-0.000005,0.000118
4.580000,-0.000005,0.000117
4.581000,-0.000006,0.000117
4.582000,-0.000005,0.000117
4.583000,-0.000005,0.000117
4.584000,-0.000005,0.000117
4.585000,-0.000005,0.000118
4.586000,-0.000004,0.000117
4.587000,-0.000004,0.000118
4.588000,-0.000004,0.000117
4.589000,-0.000005,0.000118
4.590000,-0.000004,0.000117
4.591000,-0.000005,0.000119
4.592000,-0.000003,0.000118
4.593000,-0.000003,0.000118
4.594000,-0.000003,0.000119
4.595000,-0.000004,0.000119
4.596000,-0.000004,0.000119
4.597000,-0.000004,0.000119
4.598000,-0.000005,0.000119
4.599000,-0.000005,0.000118
4.600000,-0.000006,0.000118
4.601000,-0.000006,0.000118
4.602000,-0.000006,0.000119
4.603000,-0.000006,0.000118
4.604000,-0.000006,0.000118
4.605000,-0.000005,0.000119
4.606000,-0.000004,0.000119
4.607000,-0.000005,0.000120
4.608000,-0.000004,0.000118
4.609000,-0.000005,0.000119
4.610000,-0.000004,0.000118
4.611000,-0.000005,0.000118
4.612000,-0.000005,0.000117
4.613000,-0.000005,0.000117
4.614000,-0.000004,0.000117
4.615000,-0.000005,0.000117
4.616000,-0.000005,0.000118
4.617000,-0.000005,0.000117
4.618000,-0.000005,0.000118
4.619000,-0.000005,0.000118
4.620000,-0.000006,0.000119
4.621000,-0.000005,0.000118
4.622000,-0.000005,0.000119
4.623000,-0.000005,0.000118
4.624000,-0.000005,0.000118
4.625000,-0.000005,0.000117
4.626000,-0.000005,0.000117
4.627000,-0.000005,0.000118
4.628000,-0.000005,0.000117
4.629000,-0.000005,0.000118
4.630000,-0.000004,0.000117
4.631000,-0.000005,0.000118
4.632000,-0.000004,0.000117
4.633000,-0.000006,0.000118
4.634000,-0.000005,0.000118
4.635000,-0.000006,0.000118
4.636000,-0.000006,0.000118
4.637000,-0.000006,0.000119
4.638000,-0.000006,0.000118
4.639000,-0.000006,0.000118
4.640000,-0.000006,0.000118
4.641000,-0.000006,0.000118
4.642000,-0.000006,0.000119
4.643000,-0.000006,0.000118
4.644000,-0.000005,0.000119
4.645000,-0.000006,0.000119
4.646000,-0.000006,0.000119
4.647000,-0.000005,0.000118
4.648000,-0.000006,0.000119
4.649000,-0.000005,0.000118
4.650000,-0.000006,0.000120
4.651000,-0.000006,0.000119
4.652000,-0.000006,0.000119
4.653000,-0.000005,0.000118
4.654000,-0.000005,0.000119
4.655000,-0.000005,0.000118
4.656000,-0.000005,0.000119
4.657000,-0.000005,0.000119
4.658000,-0.000005,0.000119
4.659000,-0.000005,0.000118
4.660000,-0.000006,0.000118
4.661000,-0.000005,0.000118
4.662000,-0.000005,0.000118
4.663000,-0.000006,0.000118
4.664000,-0.000006,0.000117
4.665000,-0.000006,0.000118
4.666000,-0.000005,0.000117
4.667000,-0.000005,0.000118
4.668000,-0.000005,0.000117
4.669000,-0.000005,0.000118
4.670000,-0.000006,0.000119
4.671000,-0.000006,0.000120
4.672000,-0.000005,0.000119
4.673000,-0.000006,0.000120
4.674000,-0.000005,0.000119
4.675000,-0.000005,0.000120
4.676000,-0.000006,0.000120
4.677000,-0.000006,0.000120
4.678000,-0.000005,0.000120
4.679000,-0.000006,0.000119
4.680000,-0.000006,0.000119
4.681000,-0.000006,0.000119
4.682000,-0.000008,0.000120
4.683000,-0.000007,0.000119
4.684000,-0.000008,0.000119
4.685000,-0.000009,0.000118
4.686000,-0.000008,0.000119
4.687000,-0.000007,0.000118
4.688000,-0.000008,0.000118
4.689000,-0.000008,0.000118
4.690000,-0.000008,0.000118
4.691000,-0.000008,0.000118
4.692000,-0.000009,0.000118
4.693000,-0.000009,0.000119
4.694000,-0.000010,0.000118
4.695000,-0.000010,0.000118
4.696000,-0.000010,0.000118
4.697000,-0.000011,0.000118
4.698000,-0.000010,0.000118
4.699000,-0.000010,0.000119
4.700000,-0.000010,0.000119
4.701000,-0.000010,0.000119
4.702000,-0.000009,0.000119
4.703000,-0.000009,0.000119
4.704000,-0.000010,0.000119
4.705000,-0.000010,0.000118
4.706000,-0.000009,0.000118
4.707000,-0.000009,0.000118
4.708000,-0.000010,0.000119
4.709000,-0.000009,0.000119
4.710000,-0.000009,0.000119
4.711000,-0.000009,0.000119
4.712000,-0.000010,0.000119
4.713000,-0.000009,0.000119
4.714000,-0.000010,0.000118
4.715000,-0.000009,0.000119
4.716000,-0.000010,0.000118
4.717000,-0.000009,0.000118
4.718000,-0.000010,0.000117
4.719000,-0.000010,0.000117
4.720000,-0.000010,0.000116
4.721000,-0.000009,0.000116
4.722000,-0.000009,0.000116
4.723000,-0.000010,0.000115
4.724000,-0.000011,0.000115
4.725000,-0.000011,0.000115
4.726000,-0.000011,0.000116
4.727000,-0.000011,0.000115
4.728000,-0.000011,0.000116
4.729000,-0.000009,0.000116
4.730000,-0.000010,0.000117
4.731000,-0.000009,0.000117
4.732000,-0.000009,0.000117
4.733000,-0.000009,0.000117
4.734000,-0.000009,0.000117
4.735000,-0.000009,0.000117
4.736000,-0.000008,0.000117
4.737000,-0.000009,0.000117
4.738000,-0.000009,0.000117
4.739000,-0.000009,0.000117
4.740000,-0.000009,0.000117
4.741000,-0.000010,0.000117
4.742000,-0.000009,0.000116
4.743000,-0.000010,0.000117
4.744000,-0.000010,0.000116
4.745000,-0.000010,0.000117
4.746000,-0.000009,0.000116
4.747000,-0.000009,0.000117
4.748000,-0.000009,0.000117
4.749000,-0.000010,0.000118
4.750000,-0.000009,0.000117
4.751000,-0.000010,0.000118
4.752000,-0.000010,0.000117
4.753000,-0.000010,0.000117
4.754000,-0.000011,0.000117
4.755000,-0.000011,0.000117
4.756000,-0.000011,0.000117
4.757000,-0.000011,0.000117
4.758000,-0.000011,0.000117
4.759000,-0.000011,0.000117
4.760000,-0.000011,0.000118
4.761000,-0.000011,0.000116
4.762000,-0.000010,0.000117
4.763000,-0.000010,0.000117
4.764000,-0.000011,0.000118
4.765000,-0.000010,0.000118
4.766000,-0.000012,0.000118
4.767000,-0.000011,0.000117
4.768000,-0.000011,0.000118
4.769000,-0.000011,0.000117
4.770000,-0.000011,0.000117
4.771000,-0.000011,0.000116
4.772000,-0.000012,0.000117
4.773000,-0.000012,0.000117
4.774000,-0.000013,0.000117
4.775000,-0.000012,0.000116
4.776000,-0.000012,0.000116
4.777000,-0.000012,0.000116
4.778000,-0.000012,0.000116
4.779000,-0.000012,0.000116
4.780000,-0.000011,0.000115
4.781000,-0.000011,0.000116
4.782000,-0.000011,0.000114
4.783000,-0.000011,0.000115
4.784000,-0.000011,0.000114
4.785000,-0.000011,0.000114
4.786000,-0.000011,0.000114
4.787000,-0.000012,0.000115
4.788000,-0.000011,0.000114
4.789000,-0.000011,0.000114
4.790000,-0.000011,0.000115
4.791000,-0.000011,0.000114
4.792000,-0.000011,0.000114
4.793000,-0.000011,0.000114
4.794000,-0.000011,0.000114
4.795000,-0.000011,0.000113
4.796000,-0.000010,0.000114
4.797000,-0.000010,0.000113
4.798000,-0.000009,0.000114
4.799000,-0.000009,0.000113
4.800000,-0.000010,0.000113
4.801000,-0.000009,0.000113
4.802000,-0.000010,0.000112
4.803000,-0.000010,0.000114
4.804000,-0.000010,0.000113
4.805000,-0.000011,0.000114
4.806000,-0.000011,0.000112
4.807000,-0.000011,0.000113
4.808000,-0.000009,0.000112
4.809000,-0.000010,0.000113
4.810000,-0.000010,0.000112
4.811000,-0.000009,0.000113
4.812000,-0.000008,0.000113
4.813000,-0.000008,0.000112
4.814000,-0.000009,0.000113
4.815000,-0.000008,0.000113
4.816000,-0.000009,0.000114
4.817000,-0.000008,0.000113
4.818000,-0.000008,0.000114
4.819000,-0.000008,0.000114
4.820000,-0.000008,0.000114
4.821000,-0.000008,0.000115
4.822000,-0.000008,0.000115
4.823000,-0.000007,0.000116
4.824000,-0.000007,0.000116
4.825000,-0.000007,0.000117
4.826000,-0.000007,0.000115
4.827000,-0.000007,0.000116
4.828000,-0.000007,0.000115
4.829000,-0.000008,0.000116
4.830000,-0.000008,0.000114
4.831000,-0.000008,0.000115
4.832000,-0.000008,0.000115
4.833000,-0.000008,0.000114
4.834000,-0.000009,0.000114
4.835000,-0.000009,0.000114
4.836000,-0.000009,0.000114
4.837000,-0.000009,0.000113
4.838000,-0.000010,0.000114
4.839000,-0.000010,0.000113
4.840000,-0.000010,0.000114
4.841000,-0.000010,0.000113
4.842000,-0.000010,0.000114
4.843000,-0.000009,0.000113
4.844000,-0.000008,0.000114
4.845000,-0.000008,0.000113
4.846000,-0.000008,0.000113
4.847000,-0.000008,0.000113
4.848000,-0.000008,0.000113
4.849000,-0.000008,0.000113
4.850000,-0.000008,0.000114
4.851000,-0.000007,0.000113
4.852000,-0.000008,0.000113
4.853000,-0.000008,0.000113
4.854000,-0.000008,0.000113
4.855000,-0.000008,0.000113
4.856000,-0.000008,0.000112
4.857000,-0.000008,0.000113
4.858000,-0.000008,0.000113
4.859000,-0.000008,0.000113
4.860000,-0.000007,0.000113
4.861000,-0.000007,0.000114
4.862000,-0.000008,0.000113
4.863000,-0.000008,0.000114
4.864000,-0.000008,0.000112
4.865000,-0.000008,0.000113
4.866000,-0.000007,0.000114
4.867000,-0.000008,0.000114
4.868000,-0.000007,0.000114
4.869000,-0.000008,0.000115
4.870000,-0.000007,0.000114
4.871000,-0.000008,0.000114
4.872000,-0.000007,0.000114
4.873000,-0.000008,0.000115
4.874000,-0.000006,0.000115
4.875000,-0.000007,0.000116
4.876000,-0.000007,0.000116
4.877000,-0.000007,0.000115
4.878000,-0.000008,0.000115
4.879000,-0.000007,0.000116
4.880000,-0.000008,0.000117
4.881000,-0.000008,0.000117
4.882000,-0.000008,0.000119
4.883000,-0.000008,0.000118
4.884000,-0.000008,0.000119
4.885000,-0.000008,0.000118
4.886000,-0.000008,0.000119
4.887000,-0.000008,0.000119
4.888000,-0.000008,0.000119
4.889000,-0.000008,0.000119
4.890000,-0.000008,0.000119
4.891000,-0.000007,0.000119
4.892000,-0.000007,0.000119
4.893000,-0.000007,0.000119
4.894000,-0.000007,0.000119
4.895000,-0.000007,0.000120
4.896000,-0.000007,0.000119
4.897000,-0.000008,0.000119
4.898000,-0.000008,0.000118
4.899000,-0.000009,0.000119
4.900000,-0.000008,0.000119
4.901000,-0.000009,0.000119
4.902000,-0.000008,0.000120
4.903000,-0.000008,0.000119
4.904000,-0.000008,0.000120
4.905000,-0.000008,0.000119
4.906000,-0.000008,0.000120
4.907000,-0.000009,0.000119
4.908000,-0.000010,0.000119
4.909000,-0.000010,0.000118
4.910000,-0.000010,0.000119
4.911000,-0.000010,0.000119
4.912000,-0.000011,0.000119
4.913000,-0.000012,0.000119
4.914000,-0.000011,0.000120
4.915000,-0.000012,0.000120
4.916000,-0.000011,0.000119
4.917000,-0.000011,0.000120
4.918000,-0.000011,0.000119
4.919000,-0.000012,0.000120
4.920000,-0.000011,0.000120
4.921000,-0.000012,0.000119
4.922000,-0.000012,0.000120
4.923000,-0.000012,0.000118
4.924000,-0.000012,0.000119
4.925000,-0.000012,0.000118
4.926000,-0.000012,0.000119
4.927000,-0.000011,0.000119
4.928000,-0.000011,0.000120
4.929000,-0.000011,0.000119
4.930000,-0.000011,0.000119
4.931000,-0.000011,0.000119
4.932000,-0.000011,0.000119
4.933000,-0.000011,0.000119
4.934000,-0.000011,0.000119
4.935000,-0.000011,0.000120
4.936000,-0.000011,0.000120
4.937000,-0.000011,0.000121
4.938000,-0.000010,0.000120
4.939000,-0.000010,0.000121
4.940000,-0.000010,0.000120
4.941000,-0.000010,0.000121
4.942000,-0.000010,0.000121
4.943000,-0.000010,0.000121
4.944000,-0.000010,0.000121
4.945000,-0.000011,0.000122
4.946000,-0.000010,0.000121
4.947000,-0.000011,0.000121
4.948000,-0.000011,0.000120
4.949000,-0.000011,0.000120
4.950000,-0.000011,0.000120
4.951000,-0.000011,0.000120
4.952000,-0.000011,0.000120
4.953000,-0.000011,0.000120
4.954000,-0.000011,0.000120
4.955000,-0.000011,0.000120
4.956000,-0.000011,0.000121
4.957000,-0.000011,0.000120
4.958000,-0.000012,0.000120
4.959000,-0.000011,0.000120
4.960000,-0.000012,0.000121
4.961000,-0.000012,0.000120
4.962000,-0.000012,0.000121
4.963000,-0.000011,0.000120
4.964000,-0.000011,0.000122
4.965000,-0.000011,0.000121
4.966000,-0.000012,0.000121
4.967000,-0.000011,0.000121
4.968000,-0.000012,0.000121
4.969000,-0.000011,0.000120
4.970000,-0.000011,0.000121
4.971000,-0.000011,0.000120
4.972000,-0.000012,0.000120
4.973000,-0.000011,0.000119
4.974000,-0.000012,0.000119
4.975000,-0.000012,0.000120
4.976000,-0.000012,0.000119
4.977000,-0.000012,0.000119
4.978000,-0.000012,0.000119
4.979000,-0.000012,0.000119
4.980000,-0.000012,0.000118
4.981000,-0.000011,0.000118
4.982000,-0.000011,0.000116
4.983000,-0.000011,0.000117
4.984000,-0.000011,0.000117
4.985000,-0.000011,0.000117
4.986000,-0.000011,0.000117
4.987000,-0.000011,0.000117
4.988000,-0.000012,0.000117
4.989000,-0.000012,0.000117
4.990000,-0.000012,0.000117
4.991000,-0.000012,0.000117
4.992000,-0.000012,0.000116
4.993000,-0.000012,0.000116
4.994000,-0.000012,0.000117
4.995000,-0.000012,0.000116
4.996000,-0.000011,0.000117
4.997000,-0.000011,0.000117
4.998000,-0.000011,0.000118
4.999000,-0.000010,0.000117
4.950000,-0.000011,0.000120
4.951000,-0.000011,0.000119
4.952000,-0.000011,0.000120
4.953000,-0.000011,0.000120
4.954000,-0.000011,0.000120
4.955000,-0.000011,0.000120
4.956000,-0.000012,0.000121
4.957000,-0.000012,0.000120
4.958000,-0.000012,0.000120
4.959000,-0.000012,0.000121
4.960000,-0.000012,0.000122
4.961000,-0.000011,0.000121
4.962000,-0.000012,0.000122
4.963000,-0.000011,0.000122
4.964000,-0.000011,0.000123
4.965000,-0.000011,0.000123
4.966000,-0.000011,0.000123
4.967000,-0.000011,0.000122
4.968000,-0.000011,0.000122
4.969000,-0.000010,0.000121
4.970000,-0.000010,0.000121
4.971000,-0.000010,0.000120
4.972000,-0.000012,0.000119
4.973000,-0.000011,0.000119
4.974000,-0.000011,0.000119
4.975000,-0.000012,0.000119
4.976000,-0.000012,0.000119
4.977000,-0.000011,0.000119
4.978000,-0.000011,0.000118
4.979000,-0.000012,0.000118
4.980000,-0.000011,0.000117
4.981000,-0.000011,0.000117
4.982000,-0.000011,0.000116
4.983000,-0.000011,0.000117
4.984000,-0.000010,0.000117
4.985000,-0.000011,0.000116
4.986000,-0.000010,0.000116
4.987000,-0.000011,0.000116
4.988000,-0.000011,0.000116
4.989000,-0.000012,0.000115
4.990000,-0.000012,0.000116
4.991000,-0.000012,0.000116
4.992000,-0.000012,0.000116
4.993000,-0.000012,0.000115
4.994000,-0.000011,0.000116
4.995000,-0.000011,0.000116
4.996000,-0.000011,0.000116
4.997000,-0.000010,0.000116
4.998000,-0.000011,0.000116
4.999000,-0.000010,0.000116
5.000000,-0.000011,0.000115
5.001000,-0.000010,0.000116
5.002000,-0.000011,0.000115
5.003000,-0.000011,0.000116
5.004000,-0.000011,0.000115
5.005000,-0.000010,0.000116
5.006000,-0.000009,0.000115
5.007000,-0.000009,0.000116
5.008000,-0.000009,0.000117
5.009000,-0.000008,0.000118
5.010000,-0.000009,0.000117
5.011000,-0.000009,0.000116
5.012000,-0.000009,0.000117
5.013000,-0.000008,0.000117
5.014000,-0.000008,0.000117
5.015000,-0.000007,0.000116
5.016000,-0.000007,0.000116
5.017000,-0.000007,0.000116
5.018000,-0.000007,0.000116
5.019000,-0.000007,0.000116
5.020000,-0.000007,0.000115
5.021000,-0.000007,0.000116
5.022000,-0.000007,0.000115
5.023000,-0.000007,0.000117
5.024000,-0.000007,0.000116
5.025000,-0.000007,0.000117
5.026000,-0.000007,0.000117
5.027000,-0.000008,0.000117
5.028000,-0.000008,0.000116
5.029000,-0.000008,0.000115
5.030000,-0.000008,0.000115
5.031000,-0.000008,0.000115
5.032000,-0.000008,0.000116
5.033000,-0.000007,0.000115
5.034000,-0.000006,0.000116
5.035000,-0.000006,0.000115
5.036000,-0.000006,0.000116
5.037000,-0.000006,0.000115
5.038000,-0.000006,0.000116
5.039000,-0.000006,0.000115
5.040000,-0.000006,0.000115
5.041000,-0.000006,0.000114
5.042000,-0.000006,0.000113
5.043000,-0.000006,0.000114
5.044000,-0.000006,0.000113
5.045000,-0.000006,0.000113
5.046000,-0.000006,0.000113
5.047000,-0.000006,0.000113
5.048000,-0.000006,0.000112
5.049000,-0.000006,0.000114
5.050000,-0.000005,0.000113
5.051000,-0.000006,0.000114
5.052000,-0.000005,0.000113
5.053000,-0.000006,0.000114
5.054000,-0.000006,0.000112
5.055000,-0.000005,0.000113
5.056000,-0.000004,0.000112
5.057000,-0.000004,0.000113
5.058000,-0.000004,0.000113
5.059000,-0.000005,0.000113
5.060000,-0.000004,0.000112
5.061000,-0.000005,0.000112
5.062000,-0.000005,0.000112
5.063000,-0.000005,0.000112
5.064000,-0.000005,0.000112
5.065000,-0.000005,0.000112
5.066000,-0.000004,0.000112
5.067000,-0.000004,0.000112
5.068000,-0.000005,0.000113
5.069000,-0.000006,0.000112
5.070000,-0.000006,0.000113
5.071000,-0.000006,0.000113
5.072000,-0.000005,0.000114
5.073000,-0.000005,0.000113
5.074000,-0.000005,0.000113
5.075000,-0.000004,0.000113
5.076000,-0.000004,0.000114
5.077000,-0.000005,0.000113
5.078000,-0.000004,0.000114
5.079000,-0.000004,0.000114
5.080000,-0.000005,0.000115
5.081000,-0.000004,0.000115
5.082000,-0.000004,0.000115
5.083000,-0.000004,0.000115
5.084000,-0.000005,0.000115
5.085000,-0.000004,0.000116
5.086000,-0.000005,0.000115
5.087000,-0.000004,0.000116
5.088000,-0.000005,0.000115
5.089000,-0.000004,0.000116
5.090000,-0.000003,0.000115
5.091000,-0.000002,0.000117
5.092000,-0.000002,0.000116
5.093000,-0.000002,0.000117
5.094000,-0.000003,0.000117
5.095000,-0.000003,0.000117
5.096000,-0.000003,0.000118
5.097000,-0.000003,0.000118
5.098000,-0.000003,0.000119
5.099000,-0.000004,0.000117
5.100000,-0.000004,0.000118
5.101000,-0.000004,0.000118
5.102000,-0.000004,0.000118
5.103000,-0.000004,0.000117
5.104000,-0.000004,0.000118
5.105000,-0.000003,0.000117
5.106000,-0.000004,0.000118
5.107000,-0.000005,0.000118
5.108000,-0.000004,0.000117
5.109000,-0.000005,0.000117
5.110000,-0.000005,0.000116
5.111000,-0.000004,0.000117
5.112000,-0.000004,0.000116
5.113000,-0.000004,0.000117
5.114000,-0.000005,0.000117
5.115000,-0.000006,0.000117
5.116000,-0.000005,0.000118
5.117000,-0.000005,0.000118
5.118000,-0.000005,0.000119
5.119000,-0.000006,0.000118
5.120000,-0.000006,0.000120
5.121000,-0.000006,0.000119
5.122000,-0.000005,0.000120
5.123000,-0.000005,0.000120
5.124000,-0.000005,0.000121
5.125000,-0.000006,0.000120
5.126000,-0.000005,0.000120
5.127000,-0.000005,0.000120
5.128000,-0.000005,0.000120
5.129000,-0.000005,0.000120
5.130000,-0.000004,0.000120
5.131000,-0.000005,0.000121
5.132000,-0.000005,0.000120
5.133000,-0.000005,0.000121
5.134000,-0.000006,0.000120
5.135000,-0.000006,0.000121
5.136000,-0.000007,0.000120
5.137000,-0.000007,0.000121
5.138000,-0.000008,0.000121
5.139000,-0.000008,0.000122
5.140000,-0.000007,0.000122
5.141000,-0.000007,0.000122
5.142000,-0.000007,0.000123
5.143000,-0.000007,0.000123
5.144000,-0.000007,0.000123
5.145000,-0.000008,0.000122
5.146000,-0.000008,0.000123
5.147000,-0.000008,0.000123
5.148000,-0.000008,0.000124
5.149000,-0.000008,0.000122
5.150000,-0.000009,0.000123
5.151000,-0.000009,0.000123
5.152000,-0.000009,0.000124
5.153000,-0.000009,0.000123
5.154000,-0.000010,0.000124
5.155000,-0.000009,0.000123
5.156000,-0.000010,0.000124
5.157000,-0.000010,0.000124
5.158000,-0.000010,0.000124
5.159000,-0.000010,0.000123
5.160000,-0.000010,0.000123
5.161000,-0.000009,0.000123
5.162000,-0.000009,0.000122
5.163000,-0.000009,0.000122
5.164000,-0.000009,0.000122
5.165000,-0.000009,0.000123
5.166000,-0.000009,0.000123
5.167000,-0.000009,0.000124
5.168000,-0.000009,0.000123
5.169000,-0.000009,0.000124
5.170000,-0.000009,0.000124
5.171000,-0.000009,0.000124
5.172000,-0.000009,0.000123
5.173000,-0.000009,0.000124
5.174000,-0.000008,0.000124
5.175000,-0.000009,0.000124
5.176000,-0.000008,0.000123
5.177000,-0.000008,0.000124
5.178000,-0.000009,0.000123
5.179000,-0.000009,0.000123
5.180000,-0.000008,0.000123
5.181000,-0.000009,0.000123
5.182000,-0.000009,0.000123
5.183000,-0.000008,0.000122
5.184000,-0.000008,0.000122
5.185000,-0.000008,0.000121
5.186000,-0.000008,0.000122
5.187000,-0.000007,0.000122
5.188000,-0.000007,0.000124
5.189000,-0.000007,0.000123
5.190000,-0.000008,0.000124
5.191000,-0.000008,0.000123
5.192000,-0.000008,0.000122
5.193000,-0.000009,0.000122
5.194000,-0.000009,0.000121
5.195000,-0.000008,0.000121
5.196000,-0.000008,0.000120
5.197000,-0.000008,0.000121
5.198000,-0.000008,0.000120
5.199000,-0.000007,0.000122
5.200000,-0.000007,0.000122
5.201000,-0.000007,0.000122
5.202000,-0.000008,0.000121
5.203000,-0.000008,0.000121
5.204000,-0.000009,0.000121
5.205000,-0.000010,0.000121
5.206000,-0.000009,0.000121
5.207000,-0.000009,0.000121
5.208000,-0.000009,0.000121
5.209000,-0.000009,0.000121
5.210000,-0.000009,0.000122
5.211000,-0.000010,0.000121
5.212000,-0.000010,0.000120
5.213000,-0.000010,0.000121
5.214000,-0.000009,0.000121
5.215000,-0.000009,0.000121
5.216000,-0.000009,0.000120
5.217000,-0.000008,0.000120
5.218000,-0.000008,0.000120
5.219000,-0.000008,0.000121
5.220000,-0.000008,0.000120
5.221000,-0.000008,0.000119
5.222000,-0.000008,0.000118
5.223000,-0.000008,0.000118
5.224000,-0.000009,0.000118
5.225000,-0.000009,0.000118
5.226000,-0.000010,0.000119
5.227000,-0.000010,0.000118
5.228000,-0.000010,0.000120
5.229000,-0.000009,0.000119
5.230000,-0.000009,0.000120
5.231000,-0.000009,0.000120
5.232000,-0.000009,0.000119
5.233000,-0.000008,0.000119
5.234000,-0.000008,0.000118
5.235000,-0.000007,0.000119
5.236000,-0.000007,0.000118
5.237000,-0.000007,0.000118
5.238000,-0.000007,0.000117
5.239000,-0.000007,0.000117
5.240000,-0.000007,0.000117
5.241000,-0.000007,0.000118
5.242000,-0.000007,0.000118
5.243000,-0.000007,0.000119
5.244000,-0.000007,0.000118
5.245000,-0.000006,0.000119
5.246000,-0.000006,0.000118
5.247000,-0.000006,0.000119
5.248000,-0.000006,0.000119
5.249000,-0.000005,0.000120
5.250000,-0.000005,0.000120
5.251000,-0.000005,0.000120
5.252000,-0.000004,0.000119
5.253000,-0.000004,0.000119
5.254000,-0.000004,0.000119
5.255000,-0.000004,0.000119
5.256000,-0.000004,0.000118
5.257000,-0.000004,0.000118
5.258000,-0.000005,0.000118
5.259000,-0.000005,0.000118
5.260000,-0.000004,0.000118
5.261000,-0.000005,0.000119
5.262000,-0.000006,0.000119
5.263000,-0.000006,0.000119
5.264000,-0.000005,0.000120
5.265000,-0.000006,0.000118
5.266000,-0.000006,0.000119
5.267000,-0.000006,0.000118
5.268000,-0.000005,0.000118
5.269000,-0.000005,0.000118
5.270000,-0.000005,0.000119
5.271000,-0.000005,0.000119
5.272000,-0.000005,0.000119
5.273000,-0.000005,0.000120
5.274000,-0.000005,0.000120
5.275000,-0.000005,0.000120
5.276000,-0.000006,0.000119
5.277000,-0.000006,0.000119
5.278000,-0.000006,0.000119
5.279000,-0.000007,0.000119
5.280000,-0.000007,0.000119
5.281000,-0.000007,0.000120
5.282000,-0.000007,0.000120
5.283000,-0.000007,0.000121
5.284000,-0.000007,0.000121
5.285000,-0.000007,0.000121
5.286000,-0.000007,0.000121
5.287000,-0.000007,0.000120
5.288000,-0.000006,0.000120
5.289000,-0.000007,0.000120
5.290000,-0.000007,0.000119
5.291000,-0.000007,0.000119
5.292000,-0.000007,0.000120
5.293000,-0.000007,0.000120
5.294000,-0.000007,0.000121
5.295000,-0.000006,0.000120
5.296000,-0.000007,0.000121
5.297000,-0.000006,0.000121
5.298000,-0.000007,0.000120
5.299000,-0.000007,0.000119
5.300000,-0.000007,0.000118
5.301000,-0.000007,0.000119
5.302000,-0.000007,0.000119
5.303000,-0.000007,0.000120
5.304000,-0.000006,0.000119
5.305000,-0.000006,0.000120
5.306000,-0.000006,0.000120
5.307000,-0.000006,0.000120
5.308000,-0.000005,0.000120
5.309000,-0.000005,0.000119
5.310000,-0.000004,0.000120
5.311000,-0.000004,0.000119
5.312000,-0.000004,0.000120
5.313000,-0.000005,0.000118
5.314000,-0.000005,0.000118
5.315000,-0.000005,0.000118
5.316000,-0.000006,0.000118
5.317000,-0.000006,0.000118
5.318000,-0.000006,0.000118
5.319000,-0.000007,0.000118
5.320000,-0.000006,0.000117
5.321000,-0.000006,0.000118
5.322000,-0.000006,0.000119
5.323000,-0.000006,0.000120
5.324000,-0.000006,0.000119
5.325000,-0.000006,0.000119
5.326000,-0.000005,0.000119
5.327000,-0.000006,0.000120
5.328000,-0.000006,0.000119
5.329000,-0.000006,0.000118
5.330000,-0.000007,0.000118
5.331000,-0.000007,0.000118
5.332000,-0.000007,0.000119
5.333000,-0.000007,0.000118
5.334000,-0.000007,0.000120
5.335000,-0.000008,0.000118
5.336000,-0.000008,0.000120
5.337000,-0.000008,0.000120
5.338000,-0.000008,0.000120
5.339000,-0.000008,0.000120
5.340000,-0.000008,0.000120
5.341000,-0.000008,0.000120
5.342000,-0.000008,0.000120
5.343000,-0.000008,0.000119
5.344000,-0.000008,0.000119
5.345000,-0.000008,0.000119
5.346000,-0.000008,0.000119
5.347000,-0.000007,0.000118
5.348000,-0.000008,0.000118
5.349000,-0.000008,0.000118
5.350000,-0.000008,0.000117
5.351000,-0.000009,0.000118
5.352000,-0.000009,0.000116
5.353000,-0.000010,0.000117
5.354000,-0.000010,0.000116
5.355000,-0.000010,0.000117
5.356000,-0.000009,0.000116
5.357000,-0.000009,0.000118
5.358000,-0.000009,0.000117
5.359000,-0.000009,0.000118
5.360000,-0.000009,0.000117
5.361000,-0.000009,0.000117
5.362000,-0.000008,0.000117
5.363000,-0.000009,0.000117
5.364000,-0.000009,0.000117
5.365000,-0.000009,0.000117
5.366000,-0.000008,0.000117
5.367000,-0.000009,0.000116
5.368000,-0.000010,0.000116
5.369000,-0.000010,0.000115
5.370000,-0.000010,0.000116
5.371000,-0.000010,0.000115
5.372000,-0.000011,0.000115
5.373000,-0.000010,0.000115
5.374000,-0.000011,0.000114
5.375000,-0.000011,0.000114
5.376000,-0.000011,0.000115
5.377000,-0.000010,0.000114
5.378000,-0.000011,0.000115
5.379000,-0.000010,0.000114
5.380000,-0.000010,0.000115
5.381000,-0.000010,0.000114
5.382000,-0.000010,0.000114
5.383000,-0.000009,0.000113
5.384000,-0.000010,0.000114
5.385000,-0.000009,0.000114
5.386000,-0.000010,0.000114
5.387000,-0.000010,0.000115
5.388000,-0.000011,0.000114
5.389000,-0.000012,0.000114
5.390000,-0.000011,0.000114
5.391000,-0.000012,0.000114
5.392000,-0.000012,0.000114
5.393000,-0.000013,0.000114
5.394000,-0.000012,0.000114
5.395000,-0.000012,0.000114
5.396000,-0.000012,0.000114
5.397000,-0.000012,0.000114
5.398000,-0.000011,0.000115
5.399000,-0.000011,0.000115
5.400000,-0.000011,0.000115
5.401000,-0.000011,0.000115
5.402000,-0.000011,0.000116
5.403000,-0.000011,0.000115
5.404000,-0.000011,0.000116
5.405000,-0.000011,0.000116
5.406000,-0.000011,0.000116
5.407000,-0.000011,0.000117
5.408000,-0.000011,0.000115
5.409000,-0.000012,0.000116
5.410000,-0.000012,0.000115
5.411000,-0.000013,0.000115
5.412000,-0.000013,0.000115
5.413000,-0.000012,0.000116
5.414000,-0.000011,0.000116
5.415000,-0.000012,0.000117
5.416000,-0.000011,0.000117
5.417000,-0.000011,0.000117
5.418000,-0.000011,0.000117
5.419000,-0.000010,0.000116
5.420000,-0.000011,0.000118
5.421000,-0.000011,0.000116
5.422000,-0.000011,0.000117
5.423000,-0.000010,0.000116
5.424000,-0.000010,0.000117
5.425000,-0.000010,0.000116
5.426000,-0.000011,0.000116
5.427000,-0.000011,0.000116
5.428000,-0.000011,0.000116
5.429000,-0.000012,0.000117
5.430000,-0.000011,0.000116
5.431000,-0.000011,0.000118
5.432000,-0.000011,0.000116
5.433000,-0.000011,0.000118
5.434000,-0.000011,0.000116
5.435000,-0.000011,0.000117
5.436000,-0.000010,0.000116
5.437000,-0.000011,0.000117
5.438000,-0.000010,0.000117
5.439000,-0.000010,0.000117
5.440000,-0.000010,0.000117
5.441000,-0.000010,0.000116
5.442000,-0.000010,0.000116
5.443000,-0.000010,0.000116
5.444000,-0.000011,0.000116
5.445000,-0.000012,0.000116
5.446000,-0.000011,0.000117
5.447000,-0.000012,0.000116
5.448000,-0.000011,0.000117
5.449000,-0.000010,0.000116
5.450000,-0.000011,0.000117
5.451000,-0.000010,0.000117
5.452000,-0.000010,0.000118
5.453000,-0.000009,0.000118
5.454000,-0.000009,0.000118
5.455000,-0.000009,0.000118
5.456000,-0.000010,0.000119
5.457000,-0.000010,0.000117
5.458000,-0.000010,0.000117
5.459000,-0.000010,0.000117
5.460000,-0.000010,0.000118
5.461000,-0.000010,0.000117
5.462000,-0.000010,0.000117
5.463000,-0.000010,0.000117
5.464000,-0.000011,0.000117
5.465000,-0.000010,0.000117
5.466000,-0.000011,0.000118
5.467000,-0.000010,0.000118
5.468000,-0.000010,0.000119
5.469000,-0.000010,0.000119
5.470000,-0.000009,0.000118
5.471000,-0.000009,0.000119
5.472000,-0.000009,0.000119
5.473000,-0.000009,0.000119
5.474000,-0.000008,0.000119
5.475000,-0.000008,0.000119
5.476000,-0.000008,0.000119
5.477000,-0.000009,0.000120
5.478000,-0.000008,0.000120
5.479000,-0.000007,0.000121
5.480000,-0.000008,0.000120
5.481000,-0.000008,0.000120
5.482000,-0.000008,0.000120
5.483000,-0.000009,0.000121
5.484000,-0.000009,0.000119
5.485000,-0.000009,0.000119
5.486000,-0.000009,0.000119
5.487000,-0.000008,0.000118
5.488000,-0.000008,0.000119
5.489000,-0.000007,0.000119
5.490000,-0.000007,0.000120
5.491000,-0.000007,0.000120
5.492000,-0.000006,0.000119
5.493000,-0.000006,0.000119
5.494000,-0.000007,0.000119
5.495000,-0.000007,0.000119
5.496000,-0.000008,0.000118
5.497000,-0.000008,0.000118
5.498000,-0.000010,0.000117
5.499000,-0.000009,0.000119
5.450000,-0.000011,0.000117
5.451000,-0.000009,0.000117
5.452000,-0.000009,0.000118
5.453000,-0.000008,0.000119
5.454000,-0.000008,0.000120
5.455000,-0.000007,0.000120
5.456000,-0.000008,0.000120
5.457000,-0.000008,0.000119
5.458000,-0.000008,0.000119
5.459000,-0.000007,0.000119
5.460000,-0.000008,0.000119
5.461000,-0.000008,0.000118
5.462000,-0.000008,0.000118
5.463000,-0.000009,0.000118
5.464000,-0.000009,0.000117
5.465000,-0.000008,0.000118
5.466000,-0.000009,0.000118
5.467000,-0.000009,0.000119
5.468000,-0.000008,0.000118
5.469000,-0.000008,0.000119
5.470000,-0.000008,0.000118
5.471000,-0.000008,0.000119
5.472000,-0.000008,0.000119
5.473000,-0.000008,0.000120
5.474000,-0.000007,0.000120
5.475000,-0.000007,0.000121
5.476000,-0.000007,0.000120
5.477000,-0.000008,0.000121
5.478000,-0.000007,0.000121
5.479000,-0.000007,0.000121
5.480000,-0.000007,0.000120
5.481000,-0.000008,0.000120
5.482000,-0.000008,0.000120
5.483000,-0.000009,0.000119
5.484000,-0.000009,0.000119
5.485000,-0.000010,0.000119
5.486000,-0.000010,0.000119
5.487000,-0.000010,0.000118
5.488000,-0.000010,0.000119
5.489000,-0.000008,0.000119
5.490000,-0.000009,0.000119
5.491000,-0.000009,0.000120
5.492000,-0.000008,0.000119
5.493000,-0.000008,0.000119
5.494000,-0.000009,0.000119
5.495000,-0.000009,0.000119
5.496000,-0.000009,0.000119
5.497000,-0.000009,0.000119
5.498000,-0.000010,0.000118
5.499000,-0.000010,0.000119
5.500000,-0.000009,0.000119
5.501000,-0.000009,0.000120
5.502000,-0.000009,0.000119
5.503000,-0.000008,0.000119
5.504000,-0.000009,0.000118
5.505000,-0.000009,0.000117
5.506000,-0.000009,0.000118
5.507000,-0.000009,0.000117
5.508000,-0.000009,0.000118
5.509000,-0.000010,0.000117
5.510000,-0.000009,0.000118
5.511000,-0.000010,0.000118
5.512000,-0.000009,0.000118
5.513000,-0.000010,0.000118
5.514000,-0.000010,0.000118
5.515000,-0.000010,0.000118
5.516000,-0.000011,0.000118
5.517000,-0.000011,0.000118
5.518000,-0.000011,0.000118
5.519000,-0.000011,0.000118
5.520000,-0.000010,0.000117
5.521000,-0.000011,0.000118
5.522000,-0.000011,0.000117
5.523000,-0.000012,0.000118
5.524000,-0.000012,0.000118
5.525000,-0.000012,0.000118
5.526000,-0.000011,0.000118
5.527000,-0.000012,0.000118
5.528000,-0.000011,0.000119
5.529000,-0.000011,0.000118
5.530000,-0.000011,0.000119
5.531000,-0.000010,0.000118
5.532000,-0.000010,0.000119
5.533000,-0.000011,0.000119
5.534000,-0.000011,0.000119
5.535000,-0.000011,0.000118
5.536000,-0.000011,0.000118
5.537000,-0.000011,0.000118
5.538000,-0.000011,0.000117
5.539000,-0.000011,0.000117
5.540000,-0.000011,0.000117
5.541000,-0.000010,0.000118
5.542000,-0.000011,0.000117
5.543000,-0.000011,0.000118
5.544000,-0.000011,0.000118
5.545000,-0.000010,0.000119
5.546000,-0.000011,0.000118
5.547000,-0.000011,0.000119
5.548000,-0.000010,0.000117
5.549000,-0.000011,0.000118
5.550000,-0.000010,0.000118
5.551000,-0.000012,0.000118
5.552000,-0.000012,0.000117
5.553000,-0.000011,0.000117
5.554000,-0.000011,0.000116
5.555000,-0.000013,0.000116
5.556000,-0.000012,0.000117
5.557000,-0.000012,0.000116
5.558000,-0.000012,0.000116
5.559000,-0.000012,0.000115
5.560000,-0.000011,0.000116
5.561000,-0.000011,0.000116
5.562000,-0.000011,0.000117
5.563000,-0.000011,0.000117
5.564000,-0.000012,0.000117
5.565000,-0.000012,0.000117
5.566000,-0.000012,0.000117
5.567000,-0.000012,0.000116
5.568000,-0.000012,0.000117
5.569000,-0.000011,0.000116
5.570000,-0.000012,0.000117
5.571000,-0.000012,0.000116
5.572000,-0.000012,0.000116
5.573000,-0.000012,0.000114
5.574000,-0.000013,0.000115
5.575000,-0.000012,0.000115
5.576000,-0.000012,0.000115
5.577000,-0.000012,0.000115
5.578000,-0.000012,0.000114
5.579000,-0.000012,0.000115
5.580000,-0.000012,0.000115
5.581000,-0.000011,0.000116
5.582000,-0.000011,0.000115
5.583000,-0.000011,0.000116
5.584000,-0.000011,0.000115
5.585000,-0.000010,0.000115
5.586000,-0.000010,0.000114
5.587000,-0.000010,0.000116
5.588000,-0.000009,0.000116
5.589000,-0.000009,0.000116
5.590000,-0.000007,0.000116
5.591000,-0.000007,0.000115
5.592000,-0.000007,0.000115
5.593000,-0.000007,0.000115
5.594000,-0.000006,0.000116
5.595000,-0.000007,0.000115
5.596000,-0.000007,0.000115
5.597000,-0.000006,0.000115
5.598000,-0.000007,0.000116
5.599000,-0.000006,0.000115
5.600000,-0.000007,0.000115
5.601000,-0.000007,0.000114
5.602000,-0.000008,0.000114
5.603000,-0.000008,0.000115
5.604000,-0.000008,0.000114
5.605000,-0.000007,0.000115
5.606000,-0.000007,0.000115
5.607000,-0.000007,0.000116
5.608000,-0.000007,0.000115
5.609000,-0.000007,0.000116
5.610000,-0.000007,0.000116
5.611000,-0.000007,0.000116
5.612000,-0.000007,0.000116
5.613000,-0.000007,0.000115
5.614000,-0.000007,0.000116
5.615000,-0.000007,0.000115
5.616000,-0.000007,0.000116
5.617000,-0.000006,0.000115
5.618000,-0.000007,0.000116
5.619000,-0.000006,0.000115
5.620000,-0.000007,0.000116
5.621000,-0.000006,0.000115
5.622000,-0.000006,0.000115
5.623000,-0.000006,0.000116
5.624000,-0.000006,0.000114
5.625000,-0.000006,0.000115
5.626000,-0.000006,0.000113
5.627000,-0.000006,0.000114
5.628000,-0.000007,0.000113
5.629000,-0.000007,0.000114
5.630000,-0.000007,0.000113
5.631000,-0.000007,0.000113
5.632000,-0.000007,0.000113
5.633000,-0.000006,0.000113
5.634000,-0.000006,0.000113
5.635000,-0.000006,0.000112
5.636000,-0.000006,0.000112
5.637000,-0.000006,0.000112
5.638000,-0.000007,0.000113
5.639000,-0.000006,0.000112
5.640000,-0.000006,0.000113
5.641000,-0.000007,0.000112
5.642000,-0.000006,0.000113
5.643000,-0.000006,0.000112
5.644000,-0.000006,0.000113
5.645000,-0.000007,0.000111
5.646000,-0.000007,0.000112
5.647000,-0.000006,0.000111
5.648000,-0.000008,0.000113
5.649000,-0.000008,0.000113
5.650000,-0.000008,0.000113
5.651000,-0.000008,0.000112
5.652000,-0.000008,0.000113
5.653000,-0.000008,0.000112
5.654000,-0.000008,0.000112
5.655000,-0.000008,0.000111
5.656000,-0.000008,0.000111
5.657000,-0.000008,0.000111
5.658000,-0.000008,0.000111
5.659000,-0.000008,0.000112
5.660000,-0.000009,0.000111
5.661000,-0.000009,0.000112
5.662000,-0.000009,0.000111
5.663000,-0.000008,0.000111
5.664000,-0.000008,0.000110
5.665000,-0.000008,0.000111
5.666000,-0.000008,0.000110
5.667000,-0.000008,0.000112
5.668000,-0.000008,0.000111
5.669000,-0.000009,0.000111
5.670000,-0.000007,0.000110
5.671000,-0.000008,0.000111
5.672000,-0.000007,0.000111
5.673000,-0.000007,0.000112
5.674000,-0.000007,0.000112
5.675000,-0.000007,0.000112
5.676000,-0.000007,0.000112
5.677000,-0.000008,0.000112
5.678000,-0.000008,0.000113
5.679000,-0.000009,0.000112
5.680000,-0.000009,0.000113
5.681000,-0.000008,0.000112
5.682000,-0.000009,0.000113
5.683000,-0.000008,0.000112
5.684000,-0.000008,0.000113
5.685000,-0.000007,0.000112
5.686000,-0.000008,0.000113
5.687000,-0.000007,0.000112
5.688000,-0.000008,0.000112
5.689000,-0.000008,0.000112
5.690000,-0.000009,0.000111
5.691000,-0.000009,0.000112
5.692000,-0.000009,0.000111
5.693000,-0.000009,0.000112
5.694000,-0.000009,0.000111
5.695000,-0.000010,0.000112
5.696000,-0.000010,0.000112
5.697000,-0.000010,0.000113
5.698000,-0.000010,0.000112
5.699000,-0.000010,0.000112
5.700000,-0.000010,0.000112
5.701000,-0.000011,0.000112
5.702000,-0.000011,0.000113
5.703000,-0.000010,0.000112
5.704000,-0.000011,0.000113
5.705000,-0.000011,0.000112
5.706000,-0.000010,0.000113
5.707000,-0.000010,0.000113
5.708000,-0.000010,0.000113
5.709000,-0.000010,0.000113
5.710000,-0.000010,0.000112
5.711000,-0.000010,0.000113
5.712000,-0.000010,0.000113
5.713000,-0.000010,0.000114
5.714000,-0.000009,0.000114
5.715000,-0.000009,0.000114
5.716000,-0.000009,0.000114
5.717000,-0.000009,0.000114
5.718000,-0.000009,0.000114
5.719000,-0.000009,0.000114
5.720000,-0.000009,0.000114
5.721000,-0.000009,0.000114
5.722000,-0.000010,0.000115
5.723000,-0.000009,0.000114
5.724000,-0.000009,0.000115
5.725000,-0.000008,0.000115
5.726000,-0.000007,0.000116
5.727000,-0.000007,0.000114
5.728000,-0.000007,0.000114
5.729000,-0.000007,0.000114
5.730000,-0.000006,0.000114
5.731000,-0.000006,0.000114
5.732000,-0.000007,0.000114
5.733000,-0.000007,0.000114
5.734000,-0.000007,0.000114
5.735000,-0.000006,0.000116
5.736000,-0.000006,0.000116
5.737000,-0.000006,0.000116
5.738000,-0.000006,0.000116
5.739000,-0.000006,0.000117
5.740000,-0.000006,0.000117
5.741000,-0.000006,0.000117
5.742000,-0.000005,0.000118
5.743000,-0.000006,0.000118
5.744000,-0.000005,0.000117
5.745000,-0.000005,0.000118
5.746000,-0.000005,0.000117
5.747000,-0.000005,0.000118
5.748000,-0.000006,0.000117
5.749000,-0.000006,0.000117
5.750000,-0.000005,0.000117
5.751000,-0.000004,0.000117
5.752000,-0.000005,0.000117
5.753000,-0.000005,0.000117
5.754000,-0.000006,0.000118
5.755000,-0.000006,0.000118
5.756000,-0.000005,0.000119
5.757000,-0.000005,0.000119
5.758000,-0.000004,0.000120
5.759000,-0.000004,0.000120
5.760000,-0.000004,0.000120
5.761000,-0.000004,0.000120
5.762000,-0.000004,0.000120
5.763000,-0.000004,0.000121
5.764000,-0.000004,0.000121
5.765000,-0.000003,0.000121
5.766000,-0.000004,0.000120
5.767000,-0.000004,0.000120
5.768000,-0.000004,0.000120
5.769000,-0.000004,0.000120
5.770000,-0.000004,0.000120
5.771000,-0.000004,0.000119
5.772000,-0.000004,0.000119
5.773000,-0.000004,0.000119
5.774000,-0.000003,0.000118
5.775000,-0.000004,0.000118
5.776000,-0.000004,0.000118
5.777000,-0.000004,0.000119
5.778000,-0.000004,0.000118
5.779000,-0.000003,0.000118
5.780000,-0.000002,0.000118
5.781000,-0.000003,0.000119
5.782000,-0.000002,0.000118
5.783000,-0.000002,0.000119
5.784000,-0.000003,0.000119
5.785000,-0.000003,0.000119
5.786000,-0.000003,0.000119
5.787000,-0.000003,0.000118
5.788000,-0.000003,0.000119
5.789000,-0.000003,0.000118
5.790000,-0.000004,0.000119
5.791000,-0.000004,0.000119
5.792000,-0.000003,0.000120
5.793000,-0.000003,0.000120
5.794000,-0.000003,0.000120
5.795000,-0.000003,0.000119
5.796000,-0.000003,0.000119
5.797000,-0.000004,0.000119
5.798000,-0.000003,0.000119
5.799000,-0.000003,0.000119
5.800000,-0.000002,0.000119
5.801000,-0.000002,0.000119
5.802000,-0.000001,0.000119
5.803000,-0.000002,0.000119
5.804000,-0.000001,0.000119
5.805000,-0.000001,0.000119
5.806000,-0.000001,0.000119
5.807000,-0.000001,0.000118
5.808000,-0.000001,0.000119
5.809000,-0.000002,0.000118
5.810000,-0.000002,0.000118
5.811000,-0.000002,0.000118
5.812000,-0.000002,0.000118
5.813000,-0.000002,0.000118
5.814000,-0.000002,0.000119
5.815000,-0.000002,0.000119
5.816000,-0.000003,0.000119
5.817000,-0.000003,0.000119
5.818000,-0.000003,0.000118
5.819000,-0.000003,0.000119
5.820000,-0.000003,0.000118
5.821000,-0.000004,0.000119
5.822000,-0.000003,0.000118
5.823000,-0.000003,0.000118
5.824000,-0.000003,0.000118
5.825000,-0.000004,0.000119
5.826000,-0.000003,0.000118
5.827000,-0.000004,0.000119
5.828000,-0.000004,0.000120
5.829000,-0.000004,0.000119
5.830000,-0.000005,0.000120
5.831000,-0.000005,0.000120
5.832000,-0.000004,0.000120
5.833000,-0.000004,0.000119
5.834000,-0.000005,0.000120
5.835000,-0.000005,0.000119
5.836000,-0.000005,0.000119
5.837000,-0.000005,0.000119
5.838000,-0.000005,0.000119
5.839000,-0.000005,0.000118
5.840000,-0.000006,0.000118
5.841000,-0.000006,0.000119
5.842000,-0.000006,0.000118
5.843000,-0.000006,0.000119
5.844000,-0.000006,0.000119
5.845000,-0.000005,0.000120
5.846000,-0.000005,0.000119
5.847000,-0.000005,0.000119
5.848000,-0.000005,0.000118
5.849000,-0.000005,0.000120
5.850000,-0.000005,0.000118
5.851000,-0.000005,0.000120
5.852000,-0.000005,0.000119
5.853000,-0.000005,0.000119
5.854000,-0.000004,0.000119
5.855000,-0.000004,0.000119
5.856000,-0.000005,0.000118
5.857000,-0.000005,0.000119
5.858000,-0.000005,0.000118
5.859000,-0.000005,0.000118
5.860000,-0.000006,0.000118
5.861000,-0.000006,0.000118
5.862000,-0.000005,0.000117
5.863000,-0.000006,0.000116
5.864000,-0.000006,0.000116
5.865000,-0.000005,0.000117
5.866000,-0.000005,0.000118
5.867000,-0.000005,0.000116
5.868000,-0.000006,0.000117
5.869000,-0.000005,0.000116
5.870000,-0.000006,0.000117
5.871000,-0.000005,0.000116
5.872000,-0.000006,0.000117
5.873000,-0.000006,0.000116
5.874000,-0.000006,0.000116
5.875000,-0.000005,0.000116
5.876000,-0.000006,0.000117
5.877000,-0.000005,0.000116
5.878000,-0.000005,0.000117
5.879000,-0.000005,0.000117
5.880000,-0.000006,0.000116
5.881000,-0.000006,0.000115
5.882000,-0.000006,0.000116
5.883000,-0.000006,0.000116
5.884000,-0.000007,0.000115
5.885000,-0.000006,0.000115
5.886000,-0.000006,0.000115
5.887000,-0.000006,0.000116
5.888000,-0.000006,0.000115
5.889000,-0.000007,0.000116
5.890000,-0.000007,0.000115
5.891000,-0.000007,0.000116
5.892000,-0.000007,0.000115
5.893000,-0.000007,0.000115
5.894000,-0.000007,0.000115
5.895000,-0.000007,0.000115
5.896000,-0.000007,0.000115
5.897000,-0.000007,0.000114
5.898000,-0.000008,0.000115
5.899000,-0.000009,0.000114
5.900000,-0.000010,0.000114
5.901000,-0.000009,0.000113
5.902000,-0.000010,0.000114
5.903000,-0.000009,0.000114
5.904000,-0.000010,0.000114
5.905000,-0.000008,0.000114
5.906000,-0.000009,0.000114
5.907000,-0.000008,0.000115
5.908000,-0.000008,0.000115
5.909000,-0.000007,0.000116
5.910000,-0.000008,0.000115
5.911000,-0.000007,0.000116
5.912000,-0.000008,0.000115
5.913000,-0.000007,0.000115
5.914000,-0.000007,0.000114
5.915000,-0.000007,0.000115
5.916000,-0.000007,0.000114
5.917000,-0.000006,0.000114
5.918000,-0.000007,0.000115
5.919000,-0.000006,0.000114
5.920000,-0.000007,0.000114
5.921000,-0.000006,0.000114
5.922000,-0.000006,0.000115
5.923000,-0.000006,0.000114
5.924000,-0.000007,0.000115
5.925000,-0.000006,0.000114
5.926000,-0.000006,0.000115
5.927000,-0.000006,0.000115
5.928000,-0.000006,0.000115
5.929000,-0.000006,0.000115
5.930000,-0.000006,0.000115
5.931000,-0.000006,0.000115
5.932000,-0.000005,0.000115
5.933000,-0.000006,0.000115
5.934000,-0.000005,0.000115
5.935000,-0.000005,0.000115
5.936000,-0.000004,0.000115
5.937000,-0.000005,0.000115
5.938000,-0.000005,0.000114
5.939000,-0.000005,0.000115
5.940000,-0.000005,0.000114
5.941000,-0.000005,0.000114
5.942000,-0.000004,0.000114
5.943000,-0.000005,0.000113
5.944000,-0.000005,0.000114
5.945000,-0.000005,0.000113
5.946000,-0.000005,0.000114
5.947000,-0.000005,0.000113
5.948000,-0.000005,0.000114
5.949000,-0.000005,0.000113
5.950000,-0.000005,0.000115
5.951000,-0.000005,0.000114
5.952000,-0.000005,0.000114
5.953000,-0.000005,0.000114
5.954000,-0.000005,0.000114
5.955000,-0.000006,0.000114
5.956000,-0.000005,0.000114
5.957000,-0.000005,0.000114
5.958000,-0.000006,0.000114
5.959000,-0.000005,0.000114
5.960000,-0.000005,0.000115
5.961000,-0.000006,0.000115
5.962000,-0.000006,0.000115
5.963000,-0.000005,0.000115
5.964000,-0.000005,0.000115
5.965000,-0.000005,0.000115
5.966000,-0.000006,0.000114
5.967000,-0.000006,0.000115
5.968000,-0.000005,0.000116
5.969000,-0.000005,0.000116
5.970000,-0.000004,0.000116
5.971000,-0.000005,0.000117
5.972000,-0.000004,0.000117
5.973000,-0.000004,0.000118
5.974000,-0.000004,0.000118
5.975000,-0.000004,0.000118
5.976000,-0.000004,0.000117
5.977000,-0.000004,0.000118
5.978000,-0.000004,0.000118
5.979000,-0.000004,0.000118
5.980000,-0.000004,0.000118
5.981000,-0.000004,0.000119
5.982000,-0.000004,0.000119
5.983000,-0.000005,0.000118
5.984000,-0.000004,0.000119
5.985000,-0.000005,0.000118
5.986000,-0.000004,0.000118
5.987000,-0.000004,0.000119
5.988000,-0.000004,0.000120
5.989000,-0.000004,0.000119
5.990000,-0.000003,0.000119
5.991000,-0.000003,0.000118
5.992000,-0.000003,0.000119
5.993000,-0.000003,0.000118
5.994000,-0.000003,0.000119
5.995000,-0.000003,0.000119
5.996000,-0.000003,0.000119
5.997000,-0.000002,0.000120
5.998000,-0.000001,0.000119
5.999000,-0.000001,0.000121
5.950000,-0.000005,0.000115
5.951000,-0.000005,0.000113
5.952000,-0.000004,0.000114
5.953000,-0.000005,0.000114
5.954000,-0.000005,0.000114
5.955000,-0.000005,0.000114
5.956000,-0.000005,0.000115
5.957000,-0.000004,0.000114
5.958000,-0.000004,0.000115
5.959000,-0.000005,0.000115
5.960000,-0.000005,0.000115
5.961000,-0.000004,0.000115
5.962000,-0.000005,0.000115
5.963000,-0.000004,0.000116
5.964000,-0.000004,0.000116
5.965000,-0.000004,0.000115
5.966000,-0.000004,0.000114
5.967000,-0.000004,0.000116
5.968000,-0.000003,0.000115
5.969000,-0.000004,0.000116
5.970000,-0.000003,0.000116
5.971000,-0.000004,0.000118
5.972000,-0.000003,0.000118
5.973000,-0.000003,0.000119
5.974000,-0.000003,0.000118
5.975000,-0.000003,0.000119
5.976000,-0.000003,0.000118
5.977000,-0.000003,0.000119
5.978000,-0.000003,0.000118
5.979000,-0.000003,0.000119
5.980000,-0.000003,0.000118
5.981000,-0.000003,0.000118
5.982000,-0.000003,0.000119
5.983000,-0.000004,0.000118
5.984000,-0.000004,0.000118
5.985000,-0.000004,0.000118
5.986000,-0.000004,0.000119
5.987000,-0.000004,0.000119
5.988000,-0.000005,0.000120
5.989000,-0.000004,0.000120
5.990000,-0.000004,0.000119
5.991000,-0.000004,0.000120
5.992000,-0.000005,0.000120
5.993000,-0.000004,0.000119
5.994000,-0.000005,0.000119
5.995000,-0.000005,0.000119
5.996000,-0.000005,0.000119
5.997000,-0.000005,0.000119
5.998000,-0.000005,0.000118
5.999000,-0.000005,0.000119
6.000000,-0.000004,0.000119
6.001000,-0.000004,0.000120
6.002000,-0.000004,0.000119
6.003000,-0.000005,0.000119
6.004000,-0.000004,0.000119
6.005000,-0.000005,0.000118
6.006000,-0.000006,0.000118
6.007000,-0.000006,0.000118
6.008000,-0.000007,0.000118
6.009000,-0.000006,0.000117
6.010000,-0.000006,0.000118
6.011000,-0.000006,0.000117
6.012000,-0.000006,0.000118
6.013000,-0.000006,0.000119
6.014000,-0.000006,0.000118
6.015000,-0.000007,0.000117
6.016000,-0.000007,0.000118
6.017000,-0.000007,0.000118
6.018000,-0.000007,0.000117
6.019000,-0.000007,0.000119
6.020000,-0.000007,0.000118
6.021000,-0.000006,0.000119
6.022000,-0.000006,0.000119
6.023000,-0.000006,0.000119
6.024000,-0.000007,0.000119
6.025000,-0.000007,0.000118
6.026000,-0.000008,0.000119
6.027000,-0.000008,0.000119
6.028000,-0.000008,0.000119
6.029000,-0.000008,0.000118
6.030000,-0.000008,0.000119
6.031000,-0.000008,0.000118
6.032000,-0.000009,0.000119
6.033000,-0.000008,0.000119
6.034000,-0.000008,0.000119
6.035000,-0.000009,0.000119
6.036000,-0.000009,0.000118
6.037000,-0.000009,0.000118
6.038000,-0.000009,0.000117
6.039000,-0.000009,0.000118
6.040000,-0.000009,0.000117
6.041000,-0.000009,0.000118
6.042000,-0.000010,0.000118
6.043000,-0.000010,0.000118
6.044000,-0.000009,0.000118
6.045000,-0.000009,0.000119
6.046000,-0.000008,0.000118
6.047000,-0.000008,0.000120
6.048000,-0.000008,0.000119
6.049000,-0.000008,0.000119
6.050000,-0.000008,0.000117
6.051000,-0.000008,0.000118
6.052000,-0.000009,0.000118
6.053000,-0.000009,0.000118
6.054000,-0.000009,0.000118
6.055000,-0.000009,0.000117
6.056000,-0.000009,0.000117
6.057000,-0.000009,0.000117
6.058000,-0.000009,0.000117
6.059000,-0.000009,0.000117
6.060000,-0.000009,0.000118
6.061000,-0.000010,0.000116
6.062000,-0.000010,0.000117
6.063000,-0.000010,0.000116
6.064000,-0.000010,0.000116
6.065000,-0.000010,0.000116
6.066000,-0.000010,0.000117
6.067000,-0.000011,0.000116
6.068000,-0.000011,0.000118
6.069000,-0.000010,0.000116
6.070000,-0.000011,0.000117
6.071000,-0.000010,0.000116
6.072000,-0.000011,0.000116
6.073000,-0.000010,0.000116
6.074000,-0.000010,0.000116
6.075000,-0.000009,0.000116
6.076000,-0.000009,0.000116
6.077000,-0.000009,0.000116
6.078000,-0.000009,0.000116
6.079000,-0.000009,0.000116
6.080000,-0.000009,0.000116
6.081000,-0.000009,0.000117
6.082000,-0.000009,0.000116
6.083000,-0.000009,0.000117
6.084000,-0.000009,0.000116
6.085000,-0.000009,0.000116
6.086000,-0.000008,0.000115
6.087000,-0.000009,0.000115
6.088000,-0.000007,0.000115
6.089000,-0.000008,0.000115
6.090000,-0.000007,0.000115
6.091000,-0.000008,0.000114
6.092000,-0.000008,0.000115
6.093000,-0.000008,0.000114
6.094000,-0.000007,0.000115
6.095000,-0.000007,0.000115
6.096000,-0.000007,0.000116
6.097000,-0.000007,0.000115
6.098000,-0.000007,0.000116
6.099000,-0.000007,0.000116
6.100000,-0.000008,0.000116
6.101000,-0.000007,0.000116
6.102000,-0.000006,0.000116
6.103000,-0.000007,0.000116
6.104000,-0.000006,0.000115
6.105000,-0.000007,0.000116
6.106000,-0.000006,0.000115
6.107000,-0.000007,0.000117
6.108000,-0.000006,0.000116
6.109000,-0.000007,0.000117
6.110000,-0.000006,0.000116
6.111000,-0.000007,0.000116
6.112000,-0.000007,0.000116
6.113000,-0.000006,0.000115
6.114000,-0.000006,0.000117
6.115000,-0.000005,0.000116
6.116000,-0.000006,0.000117
6.117000,-0.000006,0.000117
6.118000,-0.000006,0.000118
6.119000,-0.000006,0.000117
6.120000,-0.000006,0.000117
6.121000,-0.000006,0.000116
6.122000,-0.000006,0.000116
6.123000,-0.000006,0.000116
6.124000,-0.000006,0.000116
6.125000,-0.000006,0.000116
6.126000,-0.000007,0.000115
6.127000,-0.000006,0.000116
6.128000,-0.000006,0.000115
6.129000,-0.000006,0.000117
6.130000,-0.000006,0.000116
6.131000,-0.000005,0.000117
6.132000,-0.000005,0.000116
6.133000,-0.000005,0.000115
6.134000,-0.000006,0.000116
6.135000,-0.000006,0.000116
6.136000,-0.000006,0.000117
6.137000,-0.000006,0.000117
6.138000,-0.000006,0.000118
6.139000,-0.000006,0.000117
6.140000,-0.000006,0.000118
6.141000,-0.000005,0.000117
6.142000,-0.000005,0.000117
6.143000,-0.000005,0.000116
6.144000,-0.000006,0.000117
6.145000,-0.000006,0.000117
6.146000,-0.000007,0.000118
6.147000,-0.000007,0.000117
6.148000,-0.000008,0.000118
6.149000,-0.000007,0.000118
6.150000,-0.000007,0.000119
6.151000,-0.000007,0.000119
6.152000,-0.000007,0.000118
6.153000,-0.000006,0.000119
6.154000,-0.000006,0.000118
6.155000,-0.000007,0.000119
6.156000,-0.000007,0.000118
6.157000,-0.000008,0.000119
6.158000,-0.000007,0.000119
6.159000,-0.000008,0.000119
6.160000,-0.000008,0.000119
6.161000,-0.000008,0.000120
6.162000,-0.000007,0.000119
6.163000,-0.000007,0.000120
6.164000,-0.000008,0.000119
6.165000,-0.000008,0.000120
6.166000,-0.000008,0.000119
6.167000,-0.000007,0.000120
6.168000,-0.000007,0.000119
6.169000,-0.000007,0.000119
6.170000,-0.000006,0.000119
6.171000,-0.000007,0.000119
6.172000,-0.000007,0.000119
6.173000,-0.000008,0.000118
6.174000,-0.000008,0.000118
6.175000,-0.000010,0.000117
6.176000,-0.000010,0.000116
6.177000,-0.000010,0.000116
6.178000,-0.000011,0.000117
6.179000,-0.000010,0.000117
6.180000,-0.000011,0.000117
6.181000,-0.000010,0.000117
6.182000,-0.000010,0.000118
6.183000,-0.000009,0.000117
6.184000,-0.000010,0.000118
6.185000,-0.000010,0.000117
6.186000,-0.000010,0.000118
6.187000,-0.000009,0.000118
6.188000,-0.000010,0.000118
6.189000,-0.000010,0.000118
6.190000,-0.000010,0.000117
6.191000,-0.000010,0.000118
6.192000,-0.000010,0.000118
6.193000,-0.000009,0.000119
6.194000,-0.000010,0.000119
6.195000,-0.000010,0.000119
6.196000,-0.000010,0.000119
6.197000,-0.000009,0.000119
6.198000,-0.000009,0.000118
6.199000,-0.000009,0.000119
6.200000,-0.000009,0.000118
6.201000,-0.000009,0.000118
6.202000,-0.000010,0.000119
6.203000,-0.000009,0.000119
6.204000,-0.000009,0.000120
6.205000,-0.000008,0.000120
6.206000,-0.000009,0.000121
6.207000,-0.000008,0.000120
6.208000,-0.000008,0.000120
6.209000,-0.000008,0.000120
6.210000,-0.000009,0.000119
6.211000,-0.000008,0.000119
6.212000,-0.000008,0.000119
6.213000,-0.000010,0.000119
6.214000,-0.000009,0.000118
6.215000,-0.000010,0.000118
6.216000,-0.000009,0.000118
6.217000,-0.000009,0.000118
6.218000,-0.000009,0.000118
6.219000,-0.000009,0.000117
6.220000,-0.000009,0.000118
6.221000,-0.000009,0.000117
6.222000,-0.000008,0.000118
6.223000,-0.000008,0.000118
6.224000,-0.000008,0.000119
6.225000,-0.000009,0.000118
6.226000,-0.000008,0.000118
6.227000,-0.000009,0.000117
6.228000,-0.000008,0.000117
6.229000,-0.000008,0.000116
6.230000,-0.000008,0.000115
6.231000,-0.000009,0.000115
6.232000,-0.000008,0.000116
6.233000,-0.000008,0.000116
6.234000,-0.000008,0.000116
6.235000,-0.000009,0.000116
6.236000,-0.000009,0.000116
6.237000,-0.000009,0.000116
6.238000,-0.000008,0.000115
6.239000,-0.000007,0.000115
6.240000,-0.000008,0.000115
6.241000,-0.000008,0.000116
6.242000,-0.000008,0.000116
6.243000,-0.000007,0.000116
6.244000,-0.000007,0.000116
6.245000,-0.000007,0.000115
6.246000,-0.000007,0.000115
6.247000,-0.000007,0.000115
6.248000,-0.000007,0.000115
6.249000,-0.000008,0.000114
6.250000,-0.000007,0.000115
6.251000,-0.000007,0.000114
6.252000,-0.000007,0.000115
6.253000,-0.000007,0.000115
6.254000,-0.000007,0.000115
6.255000,-0.000006,0.000115
6.256000,-0.000006,0.000115
6.257000,-0.000006,0.000115
6.258000,-0.000006,0.000115
6.259000,-0.000007,0.000115
6.260000,-0.000007,0.000115
6.261000,-0.000007,0.000115
6.262000,-0.000006,0.000115
6.263000,-0.000006,0.000115
6.264000,-0.000005,0.000116
6.265000,-0.000005,0.000116
6.266000,-0.000005,0.000115
6.267000,-0.000006,0.000116
6.268000,-0.000006,0.000116
6.269000,-0.000006,0.000117
6.270000,-0.000007,0.000116
6.271000,-0.000007,0.000117
6.272000,-0.000006,0.000117
6.273000,-0.000005,0.000118
6.274000,-0.000005,0.000117
6.275000,-0.000004,0.000118
6.276000,-0.000004,0.000118
6.277000,-0.000004,0.000119
6.278000,-0.000003,0.000119
6.279000,-0.000003,0.000118
6.280000,-0.000003,0.000119
6.281000,-0.000003,0.000118
6.282000,-0.000004,0.000118
6.283000,-0.000005,0.000118
6.284000,-0.000004,0.000118
6.285000,-0.000005,0.000118
6.286000,-0.000005,0.000118
6.287000,-0.000006,0.000118
6.288000,-0.000005,0.000118
6.289000,-0.000006,0.000118
6.290000,-0.000006,0.000118
6.291000,-0.000006,0.000117
6.292000,-0.000006,0.000116
6.293000,-0.000007,0.000116
6.294000,-0.000007,0.000115
6.295000,-0.000007,0.000115
6.296000,-0.000007,0.000115
6.297000,-0.000008,0.000116
6.298000,-0.000007,0.000116
6.299000,-0.000007,0.000116
6.300000,-0.000006,0.000116
6.301000,-0.000007,0.000117
6.302000,-0.000006,0.000117
6.303000,-0.000007,0.000116
6.304000,-0.000007,0.000116
6.305000,-0.000008,0.000114
6.306000,-0.000007,0.000115
6.307000,-0.000007,0.000115
6.308000,-0.000007,0.000116
6.309000,-0.000007,0.000116
6.310000,-0.000007,0.000117
6.311000,-0.000006,0.000117
6.312000,-0.000006,0.000117
6.313000,-0.000006,0.000118
6.314000,-0.000006,0.000118
6.315000,-0.000006,0.000118
6.316000,-0.000007,0.000117
6.317000,-0.000007,0.000118
6.318000,-0.000007,0.000117
6.319000,-0.000007,0.000118
6.320000,-0.000006,0.000117
6.321000,-0.000007,0.000118
6.322000,-0.000008,0.000118
6.323000,-0.000008,0.000118
6.324000,-0.000008,0.000117
6.325000,-0.000008,0.000117
6.326000,-0.000008,0.000118
6.327000,-0.000008,0.000118
6.328000,-0.000009,0.000119
6.329000,-0.000008,0.000119
6.330000,-0.000009,0.000120
6.331000,-0.000008,0.000120
6.332000,-0.000008,0.000120
6.333000,-0.000008,0.000120
6.334000,-0.000007,0.000120
6.335000,-0.000006,0.000120
6.336000,-0.000006,0.000120
6.337000,-0.000006,0.000120
6.338000,-0.000007,0.000120
6.339000,-0.000007,0.000120
6.340000,-0.000008,0.000119
6.341000,-0.000008,0.000120
6.342000,-0.000008,0.000119
6.343000,-0.000009,0.000120
6.344000,-0.000009,0.000119
6.345000,-0.000009,0.000120
6.346000,-0.000008,0.000119
6.347000,-0.000008,0.000120
6.348000,-0.000007,0.000120
6.349000,-0.000007,0.000120
6.350000,-0.000007,0.000119
6.351000,-0.000008,0.000119
6.352000,-0.000008,0.000119
6.353000,-0.000008,0.000119
6.354000,-0.000008,0.000120
6.355000,-0.000008,0.000119
6.356000,-0.000008,0.000119
6.357000,-0.000008,0.000119
6.358000,-0.000009,0.000119
6.359000,-0.000008,0.000118
6.360000,-0.000009,0.000119
6.361000,-0.000008,0.000118
6.362000,-0.000009,0.000118
6.363000,-0.000009,0.000117
6.364000,-0.000009,0.000118
6.365000,-0.000010,0.000117
6.366000,-0.000009,0.000118
6.367000,-0.000009,0.000117
6.368000,-0.000008,0.000117
6.369000,-0.000008,0.000116
6.370000,-0.000008,0.000117
6.371000,-0.000008,0.000116
6.372000,-0.000008,0.000116
6.373000,-0.000008,0.000116
6.374000,-0.000009,0.000115
6.375000,-0.000009,0.000115
6.376000,-0.000009,0.000114
6.377000,-0.000009,0.000114
6.378000,-0.000010,0.000114
6.379000,-0.000010,0.000114
6.380000,-0.000010,0.000113
6.381000,-0.000010,0.000114
6.382000,-0.000009,0.000114
6.383000,-0.000010,0.000115
6.384000,-0.000009,0.000114
6.385000,-0.000009,0.000115
6.386000,-0.000009,0.000114
6.387000,-0.000008,0.000115
6.388000,-0.000008,0.000114
6.389000,-0.000008,0.000115
6.390000,-0.000008,0.000115
6.391000,-0.000008,0.000115
6.392000,-0.000007,0.000116
6.393000,-0.000007,0.000115
6.394000,-0.000006,0.000117
6.395000,-0.000006,0.000116
6.396000,-0.000007,0.000117
6.397000,-0.000006,0.000117
6.398000,-0.000007,0.000117
6.399000,-0.000007,0.000117
6.400000,-0.000008,0.000116
6.401000,-0.000008,0.000117
6.402000,-0.000008,0.000116
6.403000,-0.000008,0.000116
6.404000,-0.000008,0.000116
6.405000,-0.000008,0.000117
6.406000,-0.000008,0.000116
6.407000,-0.000009,0.000117
6.408000,-0.000008,0.000116
6.409000,-0.000009,0.000115
6.410000,-0.000008,0.000115
6.411000,-0.000009,0.000114
6.412000,-0.000009,0.000115
6.413000,-0.000009,0.000114
6.414000,-0.000009,0.000115
6.415000,-0.000009,0.000114
6.416000,-0.000009,0.000114
6.417000,-0.000008,0.000114
6.418000,-0.000008,0.000115
6.419000,-0.000007,0.000115
6.420000,-0.000008,0.000115
6.421000,-0.000007,0.000114
6.422000,-0.000007,0.000114
6.423000,-0.000007,0.000114
6.424000,-0.000007,0.000113
6.425000,-0.000006,0.000115
6.426000,-0.000006,0.000114
6.427000,-0.000006,0.000114
6.428000,-0.000006,0.000113
6.429000,-0.000006,0.000114
6.430000,-0.000006,0.000114
6.431000,-0.000006,0.000114
6.432000,-0.000007,0.000114
6.433000,-0.000007,0.000113
6.434000,-0.000008,0.000113
6.435000,-0.000008,0.000112
6.436000,-0.000009,0.000113
6.437000,-0.000008,0.000112
6.438000,-0.000008,0.000113
6.439000,-0.000007,0.000112
6.440000,-0.000006,0.000114
6.441000,-0.000007,0.000113
6.442000,-0.000006,0.000113
6.443000,-0.000005,0.000113
6.444000,-0.000006,0.000113
6.445000,-0.000005,0.000112
6.446000,-0.000006,0.000112
6.447000,-0.000005,0.000112
6.448000,-0.000006,0.000112
6.449000,-0.000006,0.000113
6.450000,-0.000006,0.000113
6.451000,-0.000005,0.000113
6.452000,-0.000006,0.000112
6.453000,-0.000006,0.000112
6.454000,-0.000006,0.000112
6.455000,-0.000006,0.000112
6.456000,-0.000005,0.000112
6.457000,-0.000005,0.000112
6.458000,-0.000005,0.000112
6.459000,-0.000005,0.000113
6.460000,-0.000005,0.000113
6.461000,-0.000005,0.000113
6.462000,-0.000004,0.000113
6.463000,-0.000005,0.000114
6.464000,-0.000005,0.000113
6.465000,-0.000004,0.000114
6.466000,-0.000005,0.000113
6.467000,-0.000005,0.000114
6.468000,-0.000005,0.000113
6.469000,-0.000006,0.000114
6.470000,-0.000006,0.000113
6.471000,-0.000006,0.000114
6.472000,-0.000005,0.000114
6.473000,-0.000005,0.000114
6.474000,-0.000005,0.000115
6.475000,-0.000006,0.000115
6.476000,-0.000005,0.000116
6.477000,-0.000005,0.000116
6.478000,-0.000005,0.000116
6.479000,-0.000005,0.000116
6.480000,-0.000004,0.000117
6.481000,-0.000004,0.000116
6.482000,-0.000004,0.000116
6.483000,-0.000003,0.000115
6.484000,-0.000004,0.000116
6.485000,-0.000003,0.000116
6.486000,-0.000003,0.000116
6.487000,-0.000004,0.000116
6.488000,-0.000004,0.000116
6.489000,-0.000003,0.000116
6.490000,-0.000004,0.000116
6.491000,-0.000003,0.000116
6.492000,-0.000004,0.000115
6.493000,-0.000003,0.000117
6.494000,-0.000003,0.000116
6.495000,-0.000003,0.000116
6.496000,-0.000003,0.000115
6.497000,-0.000003,0.000115
6.498000,-0.000004,0.000115
6.499000,-0.000002,0.000114
6.450000,-0.000006,0.000113
6.451000,-0.000005,0.000114
6.452000,-0.000005,0.000113
6.453000,-0.000005,0.000113
6.454000,-0.000006,0.000111
6.455000,-0.000006,0.000112
6.456000,-0.000006,0.000112
6.457000,-0.000006,0.000113
6.458000,-0.000005,0.000112
6.459000,-0.000005,0.000114
6.460000,-0.000005,0.000113
6.461000,-0.000005,0.000114
6.462000,-0.000004,0.000114
6.463000,-0.000005,0.000115
6.464000,-0.000005,0.000114
6.465000,-0.000005,0.000115
6.466000,-0.000005,0.000115
6.467000,-0.000005,0.000115
6.468000,-0.000005,0.000114
6.469000,-0.000005,0.000115
6.470000,-0.000006,0.000115
6.471000,-0.000006,0.000115
6.472000,-0.000006,0.000116
6.473000,-0.000005,0.000115
6.474000,-0.000005,0.000116
6.475000,-0.000005,0.000116
6.476000,-0.000005,0.000117
6.477000,-0.000005,0.000116
6.478000,-0.000005,0.000117
6.479000,-0.000004,0.000116
6.480000,-0.000004,0.000117
6.481000,-0.000004,0.000116
6.482000,-0.000004,0.000116
6.483000,-0.000002,0.000116
6.484000,-0.000002,0.000116
6.485000,-0.000002,0.000116
6.486000,-0.000002,0.000116
6.487000,-0.000003,0.000116
6.488000,-0.000003,0.000116
6.489000,-0.000003,0.000116
6.490000,-0.000003,0.000116
6.491000,-0.000003,0.000118
6.492000,-0.000003,0.000117
6.493000,-0.000003,0.000118
6.494000,-0.000003,0.000118
6.495000,-0.000003,0.000118
6.496000,-0.000003,0.000118
6.497000,-0.000003,0.000117
6.498000,-0.000003,0.000118
6.499000,-0.000002,0.000117
6.500000,-0.000003,0.000118
6.501000,-0.000002,0.000117
6.502000,-0.000001,0.000118
6.503000,-0.000001,0.000118
6.504000,-0.000001,0.000117
6.505000,-0.000001,0.000117
6.506000,-0.000001,0.000117
6.507000,-0.000001,0.000117
6.508000,-0.000001,0.000116
6.509000,-0.000002,0.000117
6.510000,-0.000002,0.000117
6.511000,-0.000002,0.000118
6.512000,-0.000002,0.000117
6.513000,-0.000002,0.000118
6.514000,-0.000002,0.000118
6.515000,-0.000002,0.000119
6.516000,-0.000002,0.000118
6.517000,-0.000002,0.000118
6.518000,-0.000002,0.000118
6.519000,-0.000002,0.000117
6.520000,-0.000001,0.000117
6.521000,-0.000001,0.000117
6.522000,-0.000002,0.000118
6.523000,-0.000001,0.000117
6.524000,-0.000002,0.000118
6.525000,-0.000001,0.000117
6.526000,-0.000002,0.000118
6.527000,-0.000002,0.000117
6.528000,-0.000002,0.000117
6.529000,-0.000002,0.000117
6.530000,-0.000002,0.000117
6.531000,-0.000002,0.000118
6.532000,-0.000002,0.000117
6.533000,-0.000002,0.000118
6.534000,-0.000002,0.000118
6.535000,-0.000002,0.000118
6.536000,-0.000002,0.000118
6.537000,-0.000002,0.000118
6.538000,-0.000002,0.000117
6.539000,-0.000003,0.000118
6.540000,-0.000003,0.000118
6.541000,-0.000003,0.000118
6.542000,-0.000003,0.000118
6.543000,-0.000003,0.000118
6.544000,-0.000003,0.000118
6.545000,-0.000003,0.000118
6.546000,-0.000003,0.000118
6.547000,-0.000004,0.000118
6.548000,-0.000003,0.000118
6.549000,-0.000004,0.000118
6.550000,-0.000004,0.000118
6.551000,-0.000004,0.000116
6.552000,-0.000004,0.000117
6.553000,-0.000004,0.000117
6.554000,-0.000004,0.000118
6.555000,-0.000003,0.000117
6.556000,-0.000003,0.000118
6.557000,-0.000002,0.000117
6.558000,-0.000002,0.000117
6.559000,-0.000002,0.000116
6.560000,-0.000003,0.000116
6.561000,-0.000003,0.000115
6.562000,-0.000003,0.000115
6.563000,-0.000003,0.000116
6.564000,-0.000003,0.000115
6.565000,-0.000003,0.000115
6.566000,-0.000003,0.000115
6.567000,-0.000004,0.000116
6.568000,-0.000004,0.000116
6.569000,-0.000003,0.000116
6.570000,-0.000003,0.000115
6.571000,-0.000003,0.000116
6.572000,-0.000003,0.000115
6.573000,-0.000004,0.000116
6.574000,-0.000004,0.000116
6.575000,-0.000004,0.000116
6.576000,-0.000004,0.000116
6.577000,-0.000004,0.000116
6.578000,-0.000004,0.000116
6.579000,-0.000004,0.000116
6.580000,-0.000004,0.000117
6.581000,-0.000004,0.000116
6.582000,-0.000004,0.000116
6.583000,-0.000005,0.000116
6.584000,-0.000005,0.000117
6.585000,-0.000005,0.000117
6.586000,-0.000005,0.000118
6.587000,-0.000005,0.000117
6.588000,-0.000005,0.000118
6.589000,-0.000005,0.000116
6.590000,-0.000005,0.000117
6.591000,-0.000004,0.000116
6.592000,-0.000005,0.000116
6.593000,-0.000005,0.000116
6.594000,-0.000005,0.000115
6.595000,-0.000005,0.000116
6.596000,-0.000005,0.000115
6.597000,-0.000005,0.000115
6.598000,-0.000005,0.000114
6.599000,-0.000005,0.000115
6.600000,-0.000004,0.000114
6.601000,-0.000005,0.000114
6.602000,-0.000005,0.000114
6.603000,-0.000006,0.000114
6.604000,-0.000005,0.000115
6.605000,-0.000005,0.000115
6.606000,-0.000005,0.000116
6.607000,-0.000005,0.000115
6.608000,-0.000005,0.000116
6.609000,-0.000005,0.000116
6.610000,-0.000005,0.000117
6.611000,-0.000005,0.000116
6.612000,-0.000005,0.000117
6.613000,-0.000005,0.000116
6.614000,-0.000006,0.000115
6.615000,-0.000006,0.000116
6.616000,-0.000006,0.000115
6.617000,-0.000006,0.000116
6.618000,-0.000006,0.000116
6.619000,-0.000007,0.000117
6.620000,-0.000007,0.000116
6.621000,-0.000008,0.000117
6.622000,-0.000007,0.000117
6.623000,-0.000008,0.000117
6.624000,-0.000007,0.000117
6.625000,-0.000008,0.000116
6.626000,-0.000007,0.000116
6.627000,-0.000007,0.000116
6.628000,-0.000006,0.000117
6.629000,-0.000005,0.000116
6.630000,-0.000005,0.000117
6.631000,-0.000005,0.000116
6.632000,-0.000005,0.000117
6.633000,-0.000005,0.000116
6.634000,-0.000005,0.000116
6.635000,-0.000005,0.000117
6.636000,-0.000005,0.000117
6.637000,-0.000004,0.000118
6.638000,-0.000005,0.000117
6.639000,-0.000005,0.000117
6.640000,-0.000005,0.000116
6.641000,-0.000005,0.000117
6.642000,-0.000005,0.000117
6.643000,-0.000007,0.000118
6.644000,-0.000006,0.000117
6.645000,-0.000007,0.000119
6.646000,-0.000006,0.000119
6.647000,-0.000006,0.000120
6.648000,-0.000006,0.000119
6.649000,-0.000006,0.000119
6.650000,-0.000005,0.000120
6.651000,-0.000006,0.000121
6.652000,-0.000006,0.000120
6.653000,-0.000006,0.000120
6.654000,-0.000006,0.000120
6.655000,-0.000007,0.000119
6.656000,-0.000007,0.000119
6.657000,-0.000008,0.000119
6.658000,-0.000008,0.000120
6.659000,-0.000008,0.000119
6.660000,-0.000007,0.000120
6.661000,-0.000007,0.000119
6.662000,-0.000007,0.000120
6.663000,-0.000007,0.000119
6.664000,-0.000008,0.000120
6.665000,-0.000008,0.000119
6.666000,-0.000008,0.000120
6.667000,-0.000008,0.000119
6.668000,-0.000008,0.000119
6.669000,-0.000007,0.000119
6.670000,-0.000008,0.000120
6.671000,-0.000007,0.000119
6.672000,-0.000008,0.000120
6.673000,-0.000008,0.000120
6.674000,-0.000008,0.000120
6.675000,-0.000008,0.000120
6.676000,-0.000008,0.000120
6.677000,-0.000008,0.000121
6.678000,-0.000009,0.000120
6.679000,-0.000008,0.000121
6.680000,-0.000008,0.000120
6.681000,-0.000009,0.000121
6.682000,-0.000009,0.000120
6.683000,-0.000009,0.000121
6.684000,-0.000009,0.000120
6.685000,-0.000009,0.000120
6.686000,-0.000008,0.000120
6.687000,-0.000008,0.000121
6.688000,-0.000008,0.000120
6.689000,-0.000008,0.000121
6.690000,-0.000008,0.000121
6.691000,-0.000009,0.000120
6.692000,-0.000009,0.000120
6.693000,-0.000009,0.000119
6.694000,-0.000009,0.000120
6.695000,-0.000009,0.000120
6.696000,-0.000009,0.000120
6.697000,-0.000008,0.000120
6.698000,-0.000009,0.000120
6.699000,-0.000009,0.000120
6.700000,-0.000010,0.000120
6.701000,-0.000010,0.000120
6.702000,-0.000010,0.000120
6.703000,-0.000010,0.000120
6.704000,-0.000010,0.000119
6.705000,-0.000011,0.000119
6.706000,-0.000010,0.000118
6.707000,-0.000011,0.000119
6.708000,-0.000011,0.000118
6.709000,-0.000011,0.000118
6.710000,-0.000011,0.000118
6.711000,-0.000010,0.000118
6.712000,-0.000011,0.000117
6.713000,-0.000011,0.000116
6.714000,-0.000011,0.000117
6.715000,-0.000011,0.000116
6.716000,-0.000011,0.000117
6.717000,-0.000010,0.000117
6.718000,-0.000010,0.000117
6.719000,-0.000009,0.000117
6.720000,-0.000010,0.000116
6.721000,-0.000010,0.000116
6.722000,-0.000010,0.000116
6.723000,-0.000010,0.000116
6.724000,-0.000010,0.000116
6.725000,-0.000010,0.000117
6.726000,-0.000010,0.000117
6.727000,-0.000011,0.000117
6.728000,-0.000011,0.000117
6.729000,-0.000011,0.000117
6.730000,-0.000012,0.000116
6.731000,-0.000012,0.000116
6.732000,-0.000012,0.000116
6.733000,-0.000012,0.000116
6.734000,-0.000012,0.000116
6.735000,-0.000011,0.000116
6.736000,-0.000011,0.000116
6.737000,-0.000011,0.000116
6.738000,-0.000011,0.000116
6.739000,-0.000011,0.000116
6.740000,-0.000011,0.000116
6.741000,-0.000010,0.000115
6.742000,-0.000011,0.000114
6.743000,-0.000010,0.000114
6.744000,-0.000010,0.000114
6.745000,-0.000010,0.000114
6.746000,-0.000011,0.000113
6.747000,-0.000011,0.000113
6.748000,-0.000011,0.000113
6.749000,-0.000011,0.000113
6.750000,-0.000012,0.000113
6.751000,-0.000011,0.000113
6.752000,-0.000012,0.000113
6.753000,-0.000011,0.000114
6.754000,-0.000011,0.000114
6.755000,-0.000011,0.000115
6.756000,-0.000010,0.000115
6.757000,-0.000009,0.000115
6.758000,-0.000009,0.000116
6.759000,-0.000009,0.000116
6.760000,-0.000008,0.000115
6.761000,-0.000009,0.000115
6.762000,-0.000009,0.000114
6.763000,-0.000009,0.000115
6.764000,-0.000008,0.000115
6.765000,-0.000008,0.000115
6.766000,-0.000009,0.000115
6.767000,-0.000009,0.000115
6.768000,-0.000009,0.000115
6.769000,-0.000009,0.000115
6.770000,-0.000009,0.000114
6.771000,-0.000009,0.000114
6.772000,-0.000009,0.000114
6.773000,-0.000008,0.000114
6.774000,-0.000007,0.000114
6.775000,-0.000008,0.000113
6.776000,-0.000007,0.000114
6.777000,-0.000007,0.000114
6.778000,-0.000007,0.000114
6.779000,-0.000007,0.000114
6.780000,-0.000007,0.000113
6.781000,-0.000007,0.000114
6.782000,-0.000007,0.000114
6.783000,-0.000007,0.000114
6.784000,-0.000008,0.000114
6.785000,-0.000008,0.000115
6.786000,-0.000009,0.000113
6.787000,-0.000009,0.000114
6.788000,-0.000009,0.000114
6.789000,-0.000008,0.000114
6.790000,-0.000007,0.000114
6.791000,-0.000007,0.000115
6.792000,-0.000007,0.000115
6.793000,-0.000007,0.000116
6.794000,-0.000007,0.000116
6.795000,-0.000007,0.000114
6.796000,-0.000007,0.000114
6.797000,-0.000007,0.000114
6.798000,-0.000007,0.000115
6.799000,-0.000006,0.000114
6.800000,-0.000006,0.000114
6.801000,-0.000006,0.000113
6.802000,-0.000006,0.000114
6.803000,-0.000005,0.000114
6.804000,-0.000006,0.000114
6.805000,-0.000005,0.000115
6.806000,-0.000005,0.000115
6.807000,-0.000005,0.000116
6.808000,-0.000005,0.000115
6.809000,-0.000005,0.000116
6.810000,-0.000005,0.000115
6.811000,-0.000005,0.000116
6.812000,-0.000004,0.000116
6.813000,-0.000004,0.000116
6.814000,-0.000004,0.000116
6.815000,-0.000004,0.000115
6.816000,-0.000005,0.000116
6.817000,-0.000006,0.000115
6.818000,-0.000006,0.000116
6.819000,-0.000006,0.000115
6.820000,-0.000006,0.000117
6.821000,-0.000006,0.000116
6.822000,-0.000006,0.000116
6.823000,-0.000005,0.000115
6.824000,-0.000005,0.000115
6.825000,-0.000005,0.000115
6.826000,-0.000005,0.000114
6.827000,-0.000005,0.000115
6.828000,-0.000005,0.000115
6.829000,-0.000005,0.000115
6.830000,-0.000005,0.000115
6.831000,-0.000005,0.000116
6.832000,-0.000004,0.000116
6.833000,-0.000006,0.000116
6.834000,-0.000005,0.000116
6.835000,-0.000006,0.000116
6.836000,-0.000006,0.000116
6.837000,-0.000006,0.000115
6.838000,-0.000006,0.000116
6.839000,-0.000007,0.000115
6.840000,-0.000007,0.000116
6.841000,-0.000006,0.000116
6.842000,-0.000007,0.000117
6.843000,-0.000006,0.000116
6.844000,-0.000007,0.000117
6.845000,-0.000007,0.000116
6.846000,-0.000007,0.000117
6.847000,-0.000006,0.000117
6.848000,-0.000007,0.000118
6.849000,-0.000006,0.000117
6.850000,-0.000006,0.000118
6.851000,-0.000006,0.000118
6.852000,-0.000006,0.000118
6.853000,-0.000006,0.000118
6.854000,-0.000006,0.000118
6.855000,-0.000006,0.000117
6.856000,-0.000006,0.000117
6.857000,-0.000007,0.000117
6.858000,-0.000007,0.000116
6.859000,-0.000008,0.000117
6.860000,-0.000008,0.000118
6.861000,-0.000008,0.000119
6.862000,-0.000008,0.000118
6.863000,-0.000008,0.000118
6.864000,-0.000008,0.000117
6.865000,-0.000009,0.000118
6.866000,-0.000009,0.000118
6.867000,-0.000009,0.000118
6.868000,-0.000008,0.000118
6.869000,-0.000009,0.000119
6.870000,-0.000008,0.000118
6.871000,-0.000009,0.000119
6.872000,-0.000009,0.000118
6.873000,-0.000009,0.000119
6.874000,-0.000010,0.000118
6.875000,-0.000010,0.000119
6.876000,-0.000010,0.000119
6.877000,-0.000010,0.000118
6.878000,-0.000010,0.000119
6.879000,-0.000010,0.000119
6.880000,-0.000009,0.000120
6.881000,-0.000010,0.000119
6.882000,-0.000010,0.000119
6.883000,-0.000010,0.000118
6.884000,-0.000010,0.000118
6.885000,-0.000009,0.000117
6.886000,-0.000009,0.000118
6.887000,-0.000009,0.000117
6.888000,-0.000009,0.000117
6.889000,-0.000010,0.000117
6.890000,-0.000010,0.000117
6.891000,-0.000010,0.000117
6.892000,-0.000010,0.000116
6.893000,-0.000010,0.000116
6.894000,-0.000010,0.000115
6.895000,-0.000010,0.000116
6.896000,-0.000010,0.000116
6.897000,-0.000010,0.000117
6.898000,-0.000010,0.000116
6.899000,-0.000011,0.000117
6.900000,-0.000011,0.000117
6.901000,-0.000011,0.000117
6.902000,-0.000010,0.000118
6.903000,-0.000011,0.000117
6.904000,-0.000011,0.000118
6.905000,-0.000011,0.000117
6.906000,-0.000011,0.000118
6.907000,-0.000011,0.000117
6.908000,-0.000011,0.000117
6.909000,-0.000010,0.000116
6.910000,-0.000010,0.000117
6.911000,-0.000010,0.000117
6.912000,-0.000011,0.000117
6.913000,-0.000011,0.000117
6.914000,-0.000011,0.000117
6.915000,-0.000011,0.000118
6.916000,-0.000011,0.000118
6.917000,-0.000011,0.000118
6.918000,-0.000011,0.000118
6.919000,-0.000012,0.000119
6.920000,-0.000011,0.000118
6.921000,-0.000011,0.000118
6.922000,-0.000011,0.000118
6.923000,-0.000012,0.000118
6.924000,-0.000013,0.000118
6.925000,-0.000012,0.000117
6.926000,-0.000012,0.000118
6.927000,-0.000012,0.000117
6.928000,-0.000013,0.000118
6.929000,-0.000012,0.000118
6.930000,-0.000012,0.000118
6.931000,-0.000012,0.000117
6.932000,-0.000012,0.000116
6.933000,-0.000011,0.000117
6.934000,-0.000013,0.000116
6.935000,-0.000013,0.000117
6.936000,-0.000013,0.000116
6.937000,-0.000014,0.000118
6.938000,-0.000013,0.000116
6.939000,-0.000013,0.000117
6.940000,-0.000013,0.000116
6.941000,-0.000013,0.000117
6.942000,-0.000013,0.000117
6.943000,-0.000014,0.000118
6.944000,-0.000013,0.000118
6.945000,-0.000014,0.000118
6.946000,-0.000013,0.000117
6.947000,-0.000013,0.000117
6.948000,-0.000013,0.000117
6.949000,-0.000013,0.000116
6.950000,-0.000014,0.000116
6.951000,-0.000014,0.000116
6.952000,-0.000014,0.000115
6.953000,-0.000015,0.000116
6.954000,-0.000014,0.000116
6.955000,-0.000014,0.000116
6.956000,-0.000015,0.000116
6.957000,-0.000015,0.000116
6.958000,-0.000015,0.000116
6.959000,-0.000015,0.000116
6.960000,-0.000015,0.000116
6.961000,-0.000015,0.000116
6.962000,-0.000015,0.000116
6.963000,-0.000014,0.000116
6.964000,-0.000015,0.000117
6.965000,-0.000014,0.000116
6.966000,-0.000014,0.000116
6.967000,-0.000014,0.000116
6.968000,-0.000014,0.000116
6.969000,-0.000014,0.000115
6.970000,-0.000014,0.000115
6.971000,-0.000014,0.000115
6.972000,-0.000014,0.000116
6.973000,-0.000015,0.000116
6.974000,-0.000014,0.000116
6.975000,-0.000015,0.000115
6.976000,-0.000014,0.000115
6.977000,-0.000014,0.000116
6.978000,-0.000015,0.000115
6.979000,-0.000015,0.000115
6.980000,-0.000016,0.000113
6.981000,-0.000015,0.000114
6.982000,-0.000015,0.000115
6.983000,-0.000015,0.000115
6.984000,-0.000014,0.000115
6.985000,-0.000014,0.000116
6.986000,-0.000015,0.000115
6.987000,-0.000015,0.000116
6.988000,-0.000016,0.000115
6.989000,-0.000016,0.000116
6.990000,-0.000016,0.000116
6.991000,-0.000016,0.000116
6.992000,-0.000016,0.000116
6.993000,-0.000016,0.000116
6.994000,-0.000015,0.000117
6.995000,-0.000016,0.000118
6.996000,-0.000016,0.000118
6.997000,-0.000016,0.000117
6.998000,-0.000016,0.000118
6.999000,-0.000015,0.000117
6.950000,-0.000014,0.000116
6.951000,-0.000014,0.000115
6.952000,-0.000014,0.000114
6.953000,-0.000014,0.000114
6.954000,-0.000015,0.000114
6.955000,-0.000015,0.000114
6.956000,-0.000016,0.000115
6.957000,-0.000015,0.000114
6.958000,-0.000015,0.000115
6.959000,-0.000014,0.000114
6.960000,-0.000014,0.000115
6.961000,-0.000014,0.000114
6.962000,-0.000014,0.000115
6.963000,-0.000013,0.000115
6.964000,-0.000014,0.000116
6.965000,-0.000014,0.000116
6.966000,-0.000014,0.000115
6.967000,-0.000014,0.000116
6.968000,-0.000013,0.000115
6.969000,-0.000013,0.000114
6.970000,-0.000013,0.000113
6.971000,-0.000013,0.000114
6.972000,-0.000013,0.000114
6.973000,-0.000013,0.000114
6.974000,-0.000013,0.000114
6.975000,-0.000013,0.000114
6.976000,-0.000012,0.000114
6.977000,-0.000012,0.000115
6.978000,-0.000013,0.000114
6.979000,-0.000013,0.000115
6.980000,-0.000013,0.000114
6.981000,-0.000012,0.000114
6.982000,-0.000012,0.000114
6.983000,-0.000012,0.000115
6.984000,-0.000010,0.000115
6.985000,-0.000010,0.000115
6.986000,-0.000010,0.000115
6.987000,-0.000011,0.000115
6.988000,-0.000011,0.000115
6.989000,-0.000011,0.000115
6.990000,-0.000011,0.000116
6.991000,-0.000010,0.000116
6.992000,-0.000010,0.000116
6.993000,-0.000009,0.000117
6.994000,-0.000009,0.000117
6.995000,-0.000010,0.000117
6.996000,-0.000010,0.000117
6.997000,-0.000010,0.000117
6.998000,-0.000010,0.000117
6.999000,-0.000010,0.000117
7.000000,-0.000010,0.000117
7.001000,-0.000009,0.000117
7.002000,-0.000011,0.000117
7.003000,-0.000011,0.000117
7.004000,-0.000011,0.000116
7.005000,-0.000010,0.000117
7.006000,-0.000011,0.000116
7.007000,-0.000011,0.000116
7.008000,-0.000011,0.000115
7.009000,-0.000011,0.000115
7.010000,-0.000012,0.000116
7.011000,-0.000012,0.000116
7.012000,-0.000012,0.000116
7.013000,-0.000011,0.000116
7.014000,-0.000011,0.000115
7.015000,-0.000011,0.000115
7.016000,-0.000012,0.000115
7.017000,-0.000012,0.000115
7.018000,-0.000012,0.000114
7.019000,-0.000011,0.000115
7.020000,-0.000012,0.000115
7.021000,-0.000012,0.000115
7.022000,-0.000012,0.000115
7.023000,-0.000011,0.000116
7.024000,-0.000010,0.000116
7.025000,-0.000010,0.000117
7.026000,-0.000010,0.000117
7.027000,-0.000010,0.000116
7.028000,-0.000010,0.000117
7.029000,-0.000010,0.000116
7.030000,-0.000011,0.000117
7.031000,-0.000011,0.000117
7.032000,-0.000011,0.000118
7.033000,-0.000011,0.000118
7.034000,-0.000010,0.000117
7.035000,-0.000010,0.000117
7.036000,-0.000010,0.000117
7.037000,-0.000009,0.000117
7.038000,-0.000010,0.000117
7.039000,-0.000009,0.000118
7.040000,-0.000009,0.000118
7.041000,-0.000009,0.000118
7.042000,-0.000009,0.000117
7.043000,-0.000008,0.000117
7.044000,-0.000007,0.000116
7.045000,-0.000007,0.000117
7.046000,-0.000008,0.000116
7.047000,-0.000008,0.000116
7.048000,-0.000007,0.000116
7.049000,-0.000008,0.000116
7.050000,-0.000007,0.000116
7.051000,-0.000007,0.000117
7.052000,-0.000007,0.000116
7.053000,-0.000007,0.000117
7.054000,-0.000006,0.000117
7.055000,-0.000006,0.000117
7.056000,-0.000006,0.000116
7.057000,-0.000006,0.000116
7.058000,-0.000007,0.000115
7.059000,-0.000007,0.000115
7.060000,-0.000008,0.000115
7.061000,-0.000007,0.000116
7.062000,-0.000007,0.000116
7.063000,-0.000006,0.000116
7.064000,-0.000006,0.000117
7.065000,-0.000006,0.000116
7.066000,-0.000006,0.000116
7.067000,-0.000006,0.000116
7.068000,-0.000006,0.000117
7.069000,-0.000005,0.000117
7.070000,-0.000006,0.000118
7.071000,-0.000006,0.000118
7.072000,-0.000006,0.000118
7.073000,-0.000005,0.000117
7.074000,-0.000005,0.000118
7.075000,-0.000006,0.000118
7.076000,-0.000006,0.000118
7.077000,-0.000006,0.000117
7.078000,-0.000006,0.000116
7.079000,-0.000006,0.000116
7.080000,-0.000006,0.000116
7.081000,-0.000006,0.000117
7.082000,-0.000006,0.000116
7.083000,-0.000007,0.000117
7.084000,-0.000007,0.000117
7.085000,-0.000007,0.000118
7.086000,-0.000007,0.000118
7.087000,-0.000008,0.000118
7.088000,-0.000007,0.000117
7.089000,-0.000008,0.000117
7.090000,-0.000008,0.000117
7.091000,-0.000009,0.000117
7.092000,-0.000009,0.000117
7.093000,-0.000009,0.000115
7.094000,-0.000009,0.000116
7.095000,-0.000009,0.000117
7.096000,-0.000009,0.000117
7.097000,-0.000009,0.000117
7.098000,-0.000008,0.000117
7.099000,-0.000008,0.000117
7.100000,-0.000008,0.000117
7.101000,-0.000008,0.000117
7.102000,-0.000008,0.000117
7.103000,-0.000008,0.000118
7.104000,-0.000007,0.000118
7.105000,-0.000007,0.000118
7.106000,-0.000006,0.000118
7.107000,-0.000006,0.000119
7.108000,-0.000006,0.000119
7.109000,-0.000006,0.000120
7.110000,-0.000005,0.000120
7.111000,-0.000006,0.000119
7.112000,-0.000005,0.000120
7.113000,-0.000005,0.000119
7.114000,-0.000005,0.000121
7.115000,-0.000005,0.000120
7.116000,-0.000005,0.000120
7.117000,-0.000004,0.000119
7.118000,-0.000004,0.000120
7.119000,-0.000004,0.000119
7.120000,-0.000004,0.000120
7.121000,-0.000004,0.000119
7.122000,-0.000004,0.000119
7.123000,-0.000005,0.000119
7.124000,-0.000004,0.000118
7.125000,-0.000005,0.000119
7.126000,-0.000005,0.000118
7.127000,-0.000006,0.000120
7.128000,-0.000005,0.000119
7.129000,-0.000006,0.000119
7.130000,-0.000005,0.000118
7.131000,-0.000005,0.000118
7.132000,-0.000005,0.000118
7.133000,-0.000005,0.000117
7.134000,-0.000005,0.000119
7.135000,-0.000005,0.000118
7.136000,-0.000004,0.000119
7.137000,-0.000004,0.000117
7.138000,-0.000004,0.000118
7.139000,-0.000004,0.000117
7.140000,-0.000005,0.000118
7.141000,-0.000004,0.000118
7.142000,-0.000004,0.000119
7.143000,-0.000004,0.000118
7.144000,-0.000005,0.000118
7.145000,-0.000004,0.000118
7.146000,-0.000004,0.000118
7.147000,-0.000004,0.000118
7.148000,-0.000004,0.000118
7.149000,-0.000004,0.000118
7.150000,-0.000005,0.000118
7.151000,-0.000005,0.000119
7.152000,-0.000005,0.000119
7.153000,-0.000006,0.000119
7.154000,-0.000005,0.000119
7.155000,-0.000006,0.000120
7.156000,-0.000006,0.000119
7.157000,-0.000006,0.000120
7.158000,-0.000005,0.000119
7.159000,-0.000006,0.000120
7.160000,-0.000005,0.000119
7.161000,-0.000006,0.000120
7.162000,-0.000006,0.000119
7.163000,-0.000006,0.000120
7.164000,-0.000006,0.000120
7.165000,-0.000006,0.000120
7.166000,-0.000007,0.000120
7.167000,-0.000007,0.000120
7.168000,-0.000006,0.000120
7.169000,-0.000007,0.000119
7.170000,-0.000007,0.000120
7.171000,-0.000007,0.000119
7.172000,-0.000007,0.000119
7.173000,-0.000007,0.000119
7.174000,-0.000008,0.000119
7.175000,-0.000008,0.000117
7.176000,-0.000008,0.000118
7.177000,-0.000007,0.000118
7.178000,-0.000008,0.000119
7.179000,-0.000007,0.000118
7.180000,-0.000007,0.000120
7.181000,-0.000007,0.000119
7.182000,-0.000007,0.000120
7.183000,-0.000006,0.000119
7.184000,-0.000007,0.000119
7.185000,-0.000006,0.000118
7.186000,-0.000005,0.000118
7.187000,-0.000005,0.000118
7.188000,-0.000006,0.000118
7.189000,-0.000005,0.000119
7.190000,-0.000005,0.000118
7.191000,-0.000006,0.000117
7.192000,-0.000006,0.000117
7.193000,-0.000007,0.000118
7.194000,-0.000006,0.000117
7.195000,-0.000006,0.000117
7.196000,-0.000006,0.000117
7.197000,-0.000006,0.000117
7.198000,-0.000005,0.000117
7.199000,-0.000006,0.000116
7.200000,-0.000006,0.000116
7.201000,-0.000006,0.000116
7.202000,-0.000006,0.000116
7.203000,-0.000006,0.000115
7.204000,-0.000006,0.000115
7.205000,-0.000006,0.000115
7.206000,-0.000006,0.000115
7.207000,-0.000006,0.000114
7.208000,-0.000006,0.000114
7.209000,-0.000006,0.000114
7.210000,-0.000006,0.000112
7.211000,-0.000007,0.000113
7.212000,-0.000007,0.000112
7.213000,-0.000008,0.000114
7.214000,-0.000008,0.000113
7.215000,-0.000007,0.000114
7.216000,-0.000007,0.000114
7.217000,-0.000008,0.000114
7.218000,-0.000007,0.000114
7.219000,-0.000007,0.000113
7.220000,-0.000007,0.000113
7.221000,-0.000007,0.000113
7.222000,-0.000008,0.000113
7.223000,-0.000006,0.000112
7.224000,-0.000006,0.000113
7.225000,-0.000006,0.000112
7.226000,-0.000005,0.000112
7.227000,-0.000005,0.000112
7.228000,-0.000005,0.000112
7.229000,-0.000005,0.000113
7.230000,-0.000004,0.000113
7.231000,-0.000004,0.000113
7.232000,-0.000004,0.000112
7.233000,-0.000004,0.000113
7.234000,-0.000004,0.000113
7.235000,-0.000004,0.000113
7.236000,-0.000004,0.000113
7.237000,-0.000005,0.000113
7.238000,-0.000004,0.000114
7.239000,-0.000004,0.000113
7.240000,-0.000004,0.000114
7.241000,-0.000004,0.000114
7.242000,-0.000004,0.000114
7.243000,-0.000005,0.000114
7.244000,-0.000005,0.000115
7.245000,-0.000005,0.000115
7.246000,-0.000006,0.000115
7.247000,-0.000006,0.000115
7.248000,-0.000006,0.000115
7.249000,-0.000005,0.000115
7.250000,-0.000005,0.000115
7.251000,-0.000005,0.000115
7.252000,-0.000005,0.000115
7.253000,-0.000004,0.000115
7.254000,-0.000005,0.000115
7.255000,-0.000005,0.000114
7.256000,-0.000004,0.000114
7.257000,-0.000004,0.000114
7.258000,-0.000004,0.000113
7.259000,-0.000003,0.000114
7.260000,-0.000004,0.000114
7.261000,-0.000004,0.000113
7.262000,-0.000004,0.000113
7.263000,-0.000005,0.000113
7.264000,-0.000005,0.000113
7.265000,-0.000005,0.000112
7.266000,-0.000004,0.000112
7.267000,-0.000005,0.000113
7.268000,-0.000004,0.000112
7.269000,-0.000003,0.000113
7.270000,-0.000004,0.000113
7.271000,-0.000004,0.000113
7.272000,-0.000004,0.000113
7.273000,-0.000004,0.000113
7.274000,-0.000004,0.000113
7.275000,-0.000004,0.000113
7.276000,-0.000005,0.000113
7.277000,-0.000005,0.000113
7.278000,-0.000005,0.000113
7.279000,-0.000005,0.000112
7.280000,-0.000005,0.000112
7.281000,-0.000005,0.000112
7.282000,-0.000005,0.000112
7.283000,-0.000005,0.000112
7.284000,-0.000005,0.000112
7.285000,-0.000006,0.000112
7.286000,-0.000006,0.000113
7.287000,-0.000006,0.000112
7.288000,-0.000007,0.000113
7.289000,-0.000007,0.000113
7.290000,-0.000006,0.000112
7.291000,-0.000005,0.000114
7.292000,-0.000005,0.000113
7.293000,-0.000005,0.000113
7.294000,-0.000005,0.000114
7.295000,-0.000004,0.000114
7.296000,-0.000004,0.000114
7.297000,-0.000004,0.000114
7.298000,-0.000005,0.000114
7.299000,-0.000005,0.000115
7.300000,-0.000005,0.000114
7.301000,-0.000005,0.000114
7.302000,-0.000005,0.000115
7.303000,-0.000005,0.000115
7.304000,-0.000005,0.000116
7.305000,-0.000004,0.000116
7.306000,-0.000005,0.000116
7.307000,-0.000005,0.000117
7.308000,-0.000005,0.000117
7.309000,-0.000004,0.000117
7.310000,-0.000005,0.000118
7.311000,-0.000004,0.000118
7.312000,-0.000004,0.000118
7.313000,-0.000003,0.000117
7.314000,-0.000004,0.000118
7.315000,-0.000004,0.000118
7.316000,-0.000003,0.000117
7.317000,-0.000003,0.000118
7.318000,-0.000004,0.000118
7.319000,-0.000004,0.000118
7.320000,-0.000004,0.000118
7.321000,-0.000004,0.000119
7.322000,-0.000004,0.000119
7.323000,-0.000004,0.000118
7.324000,-0.000004,0.000118
7.325000,-0.000004,0.000118
7.326000,-0.000005,0.000118
7.327000,-0.000004,0.000118
7.328000,-0.000004,0.000118
7.329000,-0.000005,0.000117
7.330000,-0.000005,0.000118
7.331000,-0.000005,0.000118
7.332000,-0.000005,0.000118
7.333000,-0.000006,0.000118
7.334000,-0.000005,0.000117
7.335000,-0.000006,0.000118
7.336000,-0.000006,0.000118
7.337000,-0.000006,0.000119
7.338000,-0.000006,0.000118
7.339000,-0.000006,0.000118
7.340000,-0.000005,0.000118
7.341000,-0.000005,0.000118
7.342000,-0.000005,0.000117
7.343000,-0.000004,0.000118
7.344000,-0.000005,0.000117
7.345000,-0.000004,0.000117
7.346000,-0.000005,0.000117
7.347000,-0.000004,0.000117
7.348000,-0.000005,0.000116
7.349000,-0.000005,0.000116
7.350000,-0.000006,0.000116
7.351000,-0.000006,0.000116
7.352000,-0.000006,0.000116
7.353000,-0.000007,0.000116
7.354000,-0.000007,0.000117
7.355000,-0.000006,0.000117
7.356000,-0.000006,0.000118
7.357000,-0.000005,0.000118
7.358000,-0.000006,0.000119
7.359000,-0.000005,0.000119
7.360000,-0.000005,0.000119
7.361000,-0.000005,0.000119
7.362000,-0.000005,0.000119
7.363000,-0.000005,0.000118
7.364000,-0.000005,0.000118
7.365000,-0.000005,0.000118
7.366000,-0.000005,0.000118
7.367000,-0.000005,0.000118
7.368000,-0.000006,0.000118
7.369000,-0.000006,0.000118
7.370000,-0.000006,0.000117
7.371000,-0.000005,0.000118
7.372000,-0.000004,0.000118
7.373000,-0.000005,0.000119
7.374000,-0.000005,0.000119
7.375000,-0.000005,0.000120
7.376000,-0.000004,0.000119
7.377000,-0.000004,0.000119
7.378000,-0.000004,0.000119
7.379000,-0.000005,0.000121
7.380000,-0.000005,0.000120
7.381000,-0.000005,0.000121
7.382000,-0.000005,0.000120
7.383000,-0.000005,0.000121
7.384000,-0.000005,0.000121
7.385000,-0.000005,0.000121
7.386000,-0.000005,0.000120
7.387000,-0.000004,0.000120
7.388000,-0.000004,0.000120
7.389000,-0.000005,0.000119
7.390000,-0.000005,0.000121
7.391000,-0.000005,0.000120
7.392000,-0.000005,0.000121
7.393000,-0.000004,0.000120
7.394000,-0.000004,0.000120
7.395000,-0.000005,0.000120
7.396000,-0.000005,0.000119
7.397000,-0.000005,0.000120
7.398000,-0.000005,0.000118
7.399000,-0.000006,0.000119
7.400000,-0.000005,0.000118
7.401000,-0.000005,0.000119
7.402000,-0.000005,0.000118
7.403000,-0.000005,0.000118
7.404000,-0.000005,0.000117
7.405000,-0.000006,0.000117
7.406000,-0.000006,0.000117
7.407000,-0.000006,0.000116
7.408000,-0.000005,0.000117
7.409000,-0.000006,0.000116
7.410000,-0.000006,0.000117
7.411000,-0.000006,0.000116
7.412000,-0.000006,0.000117
7.413000,-0.000006,0.000116
7.414000,-0.000006,0.000116
7.415000,-0.000006,0.000116
7.416000,-0.000006,0.000116
7.417000,-0.000007,0.000116
7.418000,-0.000007,0.000115
7.419000,-0.000008,0.000117
7.420000,-0.000007,0.000116
7.421000,-0.000007,0.000116
7.422000,-0.000006,0.000116
7.423000,-0.000007,0.000117
7.424000,-0.000007,0.000117
7.425000,-0.000007,0.000117
7.426000,-0.000006,0.000117
7.427000,-0.000007,0.000117
7.428000,-0.000007,0.000118
7.429000,-0.000006,0.000117
7.430000,-0.000007,0.000118
7.431000,-0.000006,0.000117
7.432000,-0.000007,0.000118
7.433000,-0.000006,0.000117
7.434000,-0.000006,0.000118
7.435000,-0.000006,0.000117
7.436000,-0.000006,0.000117
7.437000,-0.000006,0.000117
7.438000,-0.000006,0.000117
7.439000,-0.000006,0.000118
7.440000,-0.000006,0.000118
7.441000,-0.000006,0.000117
7.442000,-0.000006,0.000117
7.443000,-0.000007,0.000118
7.444000,-0.000007,0.000117
7.445000,-0.000007,0.000118
7.446000,-0.000006,0.000117
7.447000,-0.000006,0.000118
7.448000,-0.000005,0.000118
7.449000,-0.000006,0.000119
7.450000,-0.000004,0.000118
7.451000,-0.000004,0.000118
7.452000,-0.000004,0.000118
7.453000,-0.000003,0.000118
7.454000,-0.000003,0.000118
7.455000,-0.000004,0.000118
7.456000,-0.000004,0.000118
7.457000,-0.000004,0.000118
7.458000,-0.000004,0.000118
7.459000,-0.000005,0.000117
7.460000,-0.000005,0.000117
7.461000,-0.000005,0.000117
7.462000,-0.000004,0.000117
7.463000,-0.000004,0.000117
7.464000,-0.000004,0.000117
7.465000,-0.000004,0.000117
7.466000,-0.000004,0.000117
7.467000,-0.000003,0.000118
7.468000,-0.000004,0.000118
7.469000,-0.000004,0.000118
7.470000,-0.000004,0.000118
7.471000,-0.000004,0.000117
7.472000,-0.000005,0.000118
7.473000,-0.000004,0.000117
7.474000,-0.000004,0.000117
7.475000,-0.000004,0.000117
7.476000,-0.000004,0.000117
7.477000,-0.000004,0.000117
7.478000,-0.000004,0.000117
7.479000,-0.000003,0.000116
7.480000,-0.000004,0.000116
7.481000,-0.000004,0.000115
7.482000,-0.000004,0.000115
7.483000,-0.000003,0.000115
7.484000,-0.000003,0.000114
7.485000,-0.000003,0.000115
7.486000,-0.000003,0.000114
7.487000,-0.000004,0.000116
7.488000,-0.000004,0.000115
7.489000,-0.000003,0.000116
7.490000,-0.000003,0.000115
7.491000,-0.000003,0.000115
7.492000,-0.000004,0.000115
7.493000,-0.000004,0.000115
7.494000,-0.000005,0.000115
7.495000,-0.000004,0.000115
7.496000,-0.000004,0.000117
7.497000,-0.000003,0.000116
7.498000,-0.000004,0.000117
7.499000,-0.000003,0.000117
7.450000,-0.000004,0.000118
7.451000,-0.000004,0.000119
7.452000,-0.000003,0.000118
7.453000,-0.000003,0.000119
7.454000,-0.000003,0.000118
7.455000,-0.000003,0.000118
7.456000,-0.000003,0.000118
7.457000,-0.000003,0.000117
7.458000,-0.000003,0.000117
7.459000,-0.000003,0.000117
7.460000,-0.000003,0.000117
7.461000,-0.000003,0.000116
7.462000,-0.000004,0.000117
7.463000,-0.000003,0.000117
7.464000,-0.000003,0.000118
7.465000,-0.000003,0.000117
7.466000,-0.000003,0.000117
7.467000,-0.000003,0.000117
7.468000,-0.000004,0.000117
7.469000,-0.000004,0.000117
7.470000,-0.000003,0.000118
7.471000,-0.000003,0.000117
7.472000,-0.000003,0.000118
7.473000,-0.000003,0.000117
7.474000,-0.000004,0.000117
7.475000,-0.000003,0.000116
7.476000,-0.000004,0.000116
7.477000,-0.000004,0.000116
7.478000,-0.000004,0.000116
7.479000,-0.000003,0.000116
7.480000,-0.000004,0.000115
7.481000,-0.000004,0.000115
7.482000,-0.000004,0.000115
7.483000,-0.000004,0.000115
7.484000,-0.000004,0.000115
7.485000,-0.000003,0.000116
7.486000,-0.000003,0.000116
7.487000,-0.000004,0.000116
7.488000,-0.000004,0.000116
7.489000,-0.000003,0.000116
7.490000,-0.000003,0.000116
7.491000,-0.000003,0.000116
7.492000,-0.000004,0.000116
7.493000,-0.000004,0.000116
7.494000,-0.000005,0.000116
7.495000,-0.000004,0.000117
7.496000,-0.000004,0.000117
7.497000,-0.000004,0.000117
7.498000,-0.000004,0.000118
7.499000,-0.000004,0.000118
7.500000,-0.000004,0.000118
7.501000,-0.000004,0.000119
7.502000,-0.000004,0.000118
7.503000,-0.000004,0.000118
7.504000,-0.000004,0.000118
7.505000,-0.000004,0.000118
7.506000,-0.000004,0.000118
7.507000,-0.000002,0.000118
7.508000,-0.000004,0.000118
7.509000,-0.000003,0.000118
7.510000,-0.000003,0.000118
7.511000,-0.000003,0.000118
7.512000,-0.000003,0.000118
7.513000,-0.000002,0.000118
7.514000,-0.000002,0.000118
7.515000,-0.000002,0.000118
7.516000,-0.000003,0.000118
7.517000,-0.000002,0.000118
7.518000,-0.000002,0.000117
7.519000,-0.000001,0.000117
7.520000,-0.000003,0.000117
7.521000,-0.000003,0.000118
7.522000,-0.000003,0.000118
7.523000,-0.000003,0.000118
7.524000,-0.000003,0.000117
7.525000,-0.000003,0.000118
7.526000,-0.000003,0.000118
7.527000,-0.000003,0.000118
7.528000,-0.000004,0.000118
7.529000,-0.000004,0.000118
7.530000,-0.000004,0.000118
7.531000,-0.000004,0.000118
7.532000,-0.000005,0.000118
7.533000,-0.000005,0.000119
7.534000,-0.000004,0.000119
7.535000,-0.000005,0.000119
7.536000,-0.000005,0.000119
7.537000,-0.000005,0.000118
7.538000,-0.000005,0.000119
7.539000,-0.000005,0.000118
7.540000,-0.000005,0.000118
7.541000,-0.000005,0.000118
7.542000,-0.000005,0.000118
7.543000,-0.000005,0.000118
7.544000,-0.000006,0.000119
7.545000,-0.000005,0.000118
7.546000,-0.000005,0.000119
7.547000,-0.000005,0.000118
7.548000,-0.000005,0.000119
7.549000,-0.000005,0.000119
7.550000,-0.000006,0.000119
7.551000,-0.000006,0.000119
7.552000,-0.000007,0.000119
7.553000,-0.000006,0.000119
7.554000,-0.000006,0.000119
7.555000,-0.000007,0.000120
7.556000,-0.000006,0.000121
7.557000,-0.000007,0.000121
7.558000,-0.000007,0.000121
7.559000,-0.000007,0.000121
7.560000,-0.000007,0.000120
7.561000,-0.000007,0.000121
7.562000,-0.000007,0.000120
7.563000,-0.000007,0.000120
7.564000,-0.000007,0.000120
7.565000,-0.000007,0.000120
7.566000,-0.000007,0.000119
7.567000,-0.000007,0.000119
7.568000,-0.000006,0.000120
7.569000,-0.000006,0.000120
7.570000,-0.000007,0.000120
7.571000,-0.000007,0.000120
7.572000,-0.000008,0.000119
7.573000,-0.000007,0.000120
7.574000,-0.000006,0.000121
7.575000,-0.000006,0.000121
7.576000,-0.000006,0.000121
7.577000,-0.000006,0.000121
7.578000,-0.000006,0.000120
7.579000,-0.000006,0.000120
7.580000,-0.000006,0.000120
7.581000,-0.000006,0.000120
7.582000,-0.000007,0.000119
7.583000,-0.000006,0.000119
7.584000,-0.000006,0.000118
7.585000,-0.000008,0.000119
7.586000,-0.000008,0.000119
7.587000,-0.000008,0.000120
7.588000,-0.000008,0.000120
7.589000,-0.000008,0.000121
7.590000,-0.000007,0.000120
7.591000,-0.000008,0.000121
7.592000,-0.000007,0.000120
7.593000,-0.000008,0.000120
7.594000,-0.000008,0.000120
7.595000,-0.000009,0.000119
7.596000,-0.000008,0.000120
7.597000,-0.000008,0.000119
7.598000,-0.000009,0.000120
7.599000,-0.000009,0.000119
7.600000,-0.000009,0.000120
7.601000,-0.000008,0.000119
7.602000,-0.000009,0.000119
7.603000,-0.000009,0.000120
7.604000,-0.000009,0.000120
7.605000,-0.000009,0.000121
7.606000,-0.000009,0.000120
7.607000,-0.000010,0.000121
7.608000,-0.000009,0.000120
7.609000,-0.000010,0.000121
7.610000,-0.000009,0.000121
7.611000,-0.000009,0.000121
7.612000,-0.000009,0.000121
7.613000,-0.000010,0.000121
7.614000,-0.000010,0.000120
7.615000,-0.000010,0.000120
7.616000,-0.000010,0.000121
7.617000,-0.000009,0.000120
7.618000,-0.000010,0.000122
7.619000,-0.000010,0.000121
7.620000,-0.000009,0.000122
7.621000,-0.000009,0.000121
7.622000,-0.000010,0.000121
7.623000,-0.000010,0.000121
7.624000,-0.000011,0.000121
7.625000,-0.000011,0.000121
7.626000,-0.000011,0.000120
7.627000,-0.000011,0.000120
7.628000,-0.000010,0.000119
7.629000,-0.000011,0.000121
7.630000,-0.000011,0.000120
7.631000,-0.000010,0.000121
7.632000,-0.000010,0.000121
7.633000,-0.000010,0.000121
7.634000,-0.000011,0.000121
7.635000,-0.000011,0.000120
7.636000,-0.000011,0.000120
7.637000,-0.000011,0.000120
7.638000,-0.000011,0.000121
7.639000,-0.000011,0.000120
7.640000,-0.000012,0.000121
7.641000,-0.000012,0.000120
7.642000,-0.000012,0.000120
7.643000,-0.000011,0.000120
7.644000,-0.000012,0.000120
7.645000,-0.000012,0.000119
7.646000,-0.000012,0.000120
7.647000,-0.000012,0.000119
7.648000,-0.000013,0.000119
7.649000,-0.000012,0.000118
7.650000,-0.000012,0.000118
7.651000,-0.000012,0.000118
7.652000,-0.000012,0.000118
7.653000,-0.000011,0.000118
7.654000,-0.000012,0.000117
7.655000,-0.000012,0.000117
7.656000,-0.000012,0.000116
7.657000,-0.000012,0.000117
7.658000,-0.000013,0.000116
7.659000,-0.000013,0.000117
7.660000,-0.000013,0.000116
7.661000,-0.000013,0.000117
7.662000,-0.000013,0.000116
7.663000,-0.000013,0.000116
7.664000,-0.000013,0.000116
7.665000,-0.000013,0.000117
7.666000,-0.000013,0.000116
7.667000,-0.000013,0.000117
7.668000,-0.000013,0.000116
7.669000,-0.000013,0.000117
7.670000,-0.000013,0.000116
7.671000,-0.000013,0.000116
7.672000,-0.000012,0.000116
7.673000,-0.000013,0.000115
7.674000,-0.000013,0.000115
7.675000,-0.000013,0.000114
7.676000,-0.000013,0.000115
7.677000,-0.000013,0.000114
7.678000,-0.000013,0.000116
7.679000,-0.000013,0.000115
7.680000,-0.000013,0.000116
7.681000,-0.000012,0.000116
7.682000,-0.000012,0.000117
7.683000,-0.000013,0.000116
7.684000,-0.000013,0.000118
7.685000,-0.000012,0.000117
7.686000,-0.000012,0.000117
7.687000,-0.000012,0.000116
7.688000,-0.000011,0.000116
7.689000,-0.000012,0.000115
7.690000,-0.000011,0.000114
7.691000,-0.000011,0.000115
7.692000,-0.000011,0.000115
7.693000,-0.000011,0.000116
7.694000,-0.000009,0.000115
7.695000,-0.000010,0.000116
7.696000,-0.000011,0.000115
7.697000,-0.000011,0.000115
7.698000,-0.000010,0.000115
7.699000,-0.000010,0.000115
7.700000,-0.000009,0.000115
7.701000,-0.000010,0.000115
7.702000,-0.000010,0.000116
7.703000,-0.000010,0.000115
7.704000,-0.000010,0.000115
7.705000,-0.000010,0.000114
7.706000,-0.000011,0.000116
7.707000,-0.000011,0.000115
7.708000,-0.000010,0.000116
7.709000,-0.000010,0.000116
7.710000,-0.000010,0.000115
7.711000,-0.000011,0.000115
7.712000,-0.000011,0.000115
7.713000,-0.000010,0.000115
7.714000,-0.000010,0.000115
7.715000,-0.000011,0.000115
7.716000,-0.000010,0.000115
7.717000,-0.000011,0.000116
7.718000,-0.000009,0.000115
7.719000,-0.000010,0.000116
7.720000,-0.000009,0.000116
7.721000,-0.000010,0.000115
7.722000,-0.000009,0.000116
7.723000,-0.000009,0.000115
7.724000,-0.000009,0.000116
7.725000,-0.000008,0.000116
7.726000,-0.000008,0.000117
7.727000,-0.000007,0.000116
7.728000,-0.000008,0.000117
7.729000,-0.000008,0.000117
7.730000,-0.000008,0.000116
7.731000,-0.000008,0.000116
7.732000,-0.000008,0.000115
7.733000,-0.000007,0.000116
7.734000,-0.000007,0.000116
7.735000,-0.000007,0.000117
7.736000,-0.000006,0.000117
7.737000,-0.000006,0.000118
7.738000,-0.000006,0.000117
7.739000,-0.000006,0.000118
7.740000,-0.000005,0.000117
7.741000,-0.000005,0.000117
7.742000,-0.000004,0.000117
7.743000,-0.000005,0.000117
7.744000,-0.000005,0.000118
7.745000,-0.000005,0.000117
7.746000,-0.000005,0.000117
7.747000,-0.000006,0.000118
7.748000,-0.000005,0.000118
7.749000,-0.000006,0.000118
7.750000,-0.000006,0.000118
7.751000,-0.000006,0.000118
7.752000,-0.000006,0.000119
7.753000,-0.000005,0.000119
7.754000,-0.000006,0.000119
7.755000,-0.000005,0.000118
7.756000,-0.000005,0.000119
7.757000,-0.000005,0.000119
7.758000,-0.000005,0.000119
7.759000,-0.000004,0.000119
7.760000,-0.000004,0.000119
7.761000,-0.000005,0.000119
7.762000,-0.000004,0.000120
7.763000,-0.000005,0.000120
7.764000,-0.000005,0.000120
7.765000,-0.000005,0.000120
7.766000,-0.000005,0.000120
7.767000,-0.000005,0.000119
7.768000,-0.000005,0.000119
7.769000,-0.000005,0.000118
7.770000,-0.000005,0.000118
7.771000,-0.000006,0.000118
7.772000,-0.000006,0.000118
7.773000,-0.000006,0.000119
7.774000,-0.000006,0.000118
7.775000,-0.000006,0.000118
7.776000,-0.000006,0.000117
7.777000,-0.000006,0.000118
7.778000,-0.000005,0.000118
7.779000,-0.000005,0.000118
7.780000,-0.000005,0.000118
7.781000,-0.000005,0.000118
7.782000,-0.000005,0.000117
7.783000,-0.000005,0.000117
7.784000,-0.000005,0.000117
7.785000,-0.000005,0.000117
7.786000,-0.000005,0.000117
7.787000,-0.000005,0.000117
7.788000,-0.000005,0.000118
7.789000,-0.000005,0.000118
7.790000,-0.000006,0.000118
7.791000,-0.000006,0.000118
7.792000,-0.000006,0.000118
7.793000,-0.000005,0.000118
7.794000,-0.000005,0.000118
7.795000,-0.000005,0.000119
7.796000,-0.000005,0.000119
7.797000,-0.000005,0.000119
7.798000,-0.000005,0.000119
7.799000,-0.000005,0.000119
7.800000,-0.000005,0.000119
7.801000,-0.000004,0.000119
7.802000,-0.000003,0.000119
7.803000,-0.000004,0.000119
7.804000,-0.000003,0.000120
7.805000,-0.000003,0.000120
7.806000,-0.000003,0.000119
7.807000,-0.000004,0.000119
7.808000,-0.000004,0.000119
7.809000,-0.000004,0.000118
7.810000,-0.000004,0.000119
7.811000,-0.000004,0.000119
7.812000,-0.000004,0.000119
7.813000,-0.000004,0.000119
7.814000,-0.000004,0.000118
7.815000,-0.000004,0.000118
7.816000,-0.000005,0.000118
7.817000,-0.000004,0.000118
7.818000,-0.000005,0.000117
7.819000,-0.000005,0.000117
7.820000,-0.000005,0.000116
7.821000,-0.000005,0.000117
7.822000,-0.000005,0.000116
7.823000,-0.000005,0.000117
7.824000,-0.000005,0.000117
7.825000,-0.000006,0.000116
7.826000,-0.000006,0.000116
7.827000,-0.000007,0.000116
7.828000,-0.000006,0.000116
7.829000,-0.000006,0.000116
7.830000,-0.000005,0.000117
7.831000,-0.000005,0.000116
7.832000,-0.000005,0.000116
7.833000,-0.000006,0.000116
7.834000,-0.000006,0.000116
7.835000,-0.000006,0.000115
7.836000,-0.000007,0.000115
7.837000,-0.000007,0.000114
7.838000,-0.000008,0.000113
7.839000,-0.000007,0.000113
7.840000,-0.000008,0.000113
7.841000,-0.000008,0.000114
7.842000,-0.000008,0.000113
7.843000,-0.000008,0.000114
7.844000,-0.000008,0.000114
7.845000,-0.000008,0.000115
7.846000,-0.000007,0.000114
7.847000,-0.000008,0.000114
7.848000,-0.000007,0.000114
7.849000,-0.000007,0.000114
7.850000,-0.000006,0.000115
7.851000,-0.000007,0.000115
7.852000,-0.000007,0.000114
7.853000,-0.000008,0.000114
7.854000,-0.000008,0.000113
7.855000,-0.000008,0.000113
7.856000,-0.000008,0.000113
7.857000,-0.000008,0.000113
7.858000,-0.000008,0.000113
7.859000,-0.000009,0.000112
7.860000,-0.000009,0.000113
7.861000,-0.000008,0.000113
7.862000,-0.000008,0.000113
7.863000,-0.000007,0.000113
7.864000,-0.000007,0.000114
7.865000,-0.000007,0.000113
7.866000,-0.000007,0.000115
7.867000,-0.000007,0.000115
7.868000,-0.000007,0.000116
7.869000,-0.000007,0.000116
7.870000,-0.000007,0.000117
7.871000,-0.000007,0.000118
7.872000,-0.000007,0.000118
7.873000,-0.000007,0.000118
7.874000,-0.000007,0.000118
7.875000,-0.000007,0.000118
7.876000,-0.000007,0.000119
7.877000,-0.000006,0.000119
7.878000,-0.000007,0.000118
7.879000,-0.000007,0.000119
7.880000,-0.000008,0.000118
7.881000,-0.000008,0.000118
7.882000,-0.000008,0.000118
7.883000,-0.000007,0.000118
7.884000,-0.000006,0.000118
7.885000,-0.000007,0.000119
7.886000,-0.000006,0.000118
7.887000,-0.000007,0.000118
7.888000,-0.000007,0.000117
7.889000,-0.000007,0.000117
7.890000,-0.000006,0.000117
7.891000,-0.000007,0.000117
7.892000,-0.000006,0.000118
7.893000,-0.000007,0.000116
7.894000,-0.000008,0.000117
7.895000,-0.000008,0.000116
7.896000,-0.000008,0.000117
7.897000,-0.000007,0.000117
7.898000,-0.000008,0.000117
7.899000,-0.000008,0.000117
7.900000,-0.000009,0.000117
7.901000,-0.000009,0.000117
7.902000,-0.000009,0.000116
7.903000,-0.000009,0.000116
7.904000,-0.000010,0.000116
7.905000,-0.000010,0.000117
7.906000,-0.000009,0.000117
7.907000,-0.000009,0.000118
7.908000,-0.000009,0.000117
7.909000,-0.000009,0.000117
7.910000,-0.000009,0.000117
7.911000,-0.000009,0.000117
7.912000,-0.000010,0.000117
7.913000,-0.000010,0.000117
7.914000,-0.000010,0.000118
7.915000,-0.000010,0.000117
7.916000,-0.000010,0.000118
7.917000,-0.000009,0.000117
7.918000,-0.000009,0.000118
7.919000,-0.000009,0.000118
7.920000,-0.000009,0.000117
7.921000,-0.000009,0.000117
7.922000,-0.000009,0.000117
7.923000,-0.000009,0.000117
7.924000,-0.000009,0.000117
7.925000,-0.000009,0.000119
7.926000,-0.000008,0.000117
7.927000,-0.000008,0.000118
7.928000,-0.000008,0.000118
7.929000,-0.000009,0.000118
7.930000,-0.000009,0.000118
7.931000,-0.000009,0.000117
7.932000,-0.000009,0.000118
7.933000,-0.000009,0.000117
7.934000,-0.000009,0.000118
7.935000,-0.000009,0.000118
7.936000,-0.000009,0.000119
7.937000,-0.000009,0.000118
7.938000,-0.000008,0.000120
7.939000,-0.000008,0.000119
7.940000,-0.000007,0.000119
7.941000,-0.000007,0.000119
7.942000,-0.000007,0.000119
7.943000,-0.000007,0.000119
7.944000,-0.000007,0.000119
7.945000,-0.000007,0.000119
7.946000,-0.000008,0.000119
7.947000,-0.000007,0.000119
7.948000,-0.000007,0.000118
7.949000,-0.000007,0.000118
7.950000,-0.000007,0.000117
7.951000,-0.000007,0.000117
7.952000,-0.000007,0.000117
7.953000,-0.000007,0.000118
7.954000,-0.000007,0.000118
7.955000,-0.000007,0.000119
7.956000,-0.000007,0.000118
7.957000,-0.000007,0.000119
7.958000,-0.000006,0.000119
7.959000,-0.000006,0.000119
7.960000,-0.000006,0.000119
7.961000,-0.000006,0.000119
7.962000,-0.000007,0.000119
7.963000,-0.000007,0.000119
7.964000,-0.000006,0.000118
7.965000,-0.000006,0.000119
7.966000,-0.000006,0.000118
7.967000,-0.000007,0.000118
7.968000,-0.000007,0.000117
7.969000,-0.000007,0.000117
7.970000,-0.000007,0.000116
7.971000,-0.000007,0.000116
7.972000,-0.000007,0.000115
7.973000,-0.000007,0.000115
7.974000,-0.000007,0.000115
7.975000,-0.000007,0.000115
7.976000,-0.000007,0.000115
7.977000,-0.000007,0.000115
7.978000,-0.000007,0.000116
7.979000,-0.000007,0.000115
7.980000,-0.000007,0.000116
7.981000,-0.000007,0.000116
7.982000,-0.000007,0.000116
7.983000,-0.000008,0.000116
7.984000,-0.000008,0.000115
7.985000,-0.000007,0.000116
7.986000,-0.000008,0.000116
7.987000,-0.000007,0.000116
7.988000,-0.000008,0.000116
7.989000,-0.000007,0.000117
7.990000,-0.000008,0.000116
7.991000,-0.000008,0.000117
7.992000,-0.000008,0.000116
7.993000,-0.000008,0.000118
7.994000,-0.000007,0.000117
7.995000,-0.000007,0.000117
7.996000,-0.000007,0.000115
7.997000,-0.000008,0.000115
7.998000,-0.000007,0.000115
7.999000,-0.000006,0.000115
7.950000,-0.000007,0.000117
7.951000,-0.000007,0.000117
7.952000,-0.000008,0.000117
7.953000,-0.000008,0.000117
7.954000,-0.000008,0.000117
7.955000,-0.000008,0.000118
7.956000,-0.000006,0.000117
7.957000,-0.000006,0.000118
7.958000,-0.000006,0.000118
7.959000,-0.000006,0.000118
7.960000,-0.000005,0.000117
7.961000,-0.000006,0.000118
7.962000,-0.000006,0.000117
7.963000,-0.000006,0.000118
7.964000,-0.000006,0.000117
7.965000,-0.000006,0.000118
7.966000,-0.000006,0.000117
7.967000,-0.000006,0.000116
7.968000,-0.000006,0.000116
7.969000,-0.000006,0.000116
7.970000,-0.000007,0.000115
7.971000,-0.000007,0.000115
7.972000,-0.000007,0.000115
7.973000,-0.000008,0.000114
7.974000,-0.000008,0.000114
7.975000,-0.000007,0.000114
7.976000,-0.000008,0.000114
7.977000,-0.000008,0.000113
7.978000,-0.000007,0.000114
7.979000,-0.000008,0.000113
7.980000,-0.000008,0.000115
7.981000,-0.000008,0.000114
7.982000,-0.000008,0.000115
7.983000,-0.000008,0.000114
7.984000,-0.000009,0.000114
7.985000,-0.000008,0.000115
7.986000,-0.000008,0.000115
7.987000,-0.000007,0.000115
7.988000,-0.000008,0.000114
7.989000,-0.000008,0.000115
7.990000,-0.000008,0.000114
7.991000,-0.000008,0.000115
7.992000,-0.000008,0.000114
7.993000,-0.000007,0.000116
7.994000,-0.000007,0.000115
7.995000,-0.000007,0.000115
7.996000,-0.000006,0.000114
7.997000,-0.000007,0.000114
7.998000,-0.000007,0.000114
7.999000,-0.000007,0.000114
8.000000,-0.000007,0.000114
8.001000,-0.000006,0.000114
8.002000,-0.000007,0.000115
8.003000,-0.000006,0.000115
8.004000,-0.000007,0.000115
8.005000,-0.000006,0.000115
8.006000,-0.000006,0.000114
8.007000,-0.000006,0.000114
8.008000,-0.000006,0.000113
8.009000,-0.000006,0.000114
8.010000,-0.000006,0.000114
8.011000,-0.000006,0.000114
8.012000,-0.000006,0.000114
8.013000,-0.000006,0.000114
8.014000,-0.000006,0.000114
8.015000,-0.000006,0.000115
8.016000,-0.000006,0.000114
8.017000,-0.000007,0.000114
8.018000,-0.000006,0.000115
8.019000,-0.000006,0.000115
8.020000,-0.000006,0.000116
8.021000,-0.000007,0.000115
8.022000,-0.000006,0.000115
8.023000,-0.000007,0.000114
8.024000,-0.000007,0.000114
8.025000,-0.000007,0.000113
8.026000,-0.000007,0.000113
8.027000,-0.000007,0.000114
8.028000,-0.000007,0.000113
8.029000,-0.000006,0.000113
8.030000,-0.000006,0.000112
8.031000,-0.000006,0.000114
8.032000,-0.000006,0.000114
8.033000,-0.000006,0.000114
8.034000,-0.000006,0.000113
8.035000,-0.000007,0.000113
8.036000,-0.000007,0.000113
8.037000,-0.000007,0.000113
8.038000,-0.000008,0.000112
8.039000,-0.000009,0.000112
8.040000,-0.000009,0.000112
8.041000,-0.000009,0.000113
8.042000,-0.000010,0.000113
8.043000,-0.000009,0.000112
8.044000,-0.000009,0.000112
8.045000,-0.000009,0.000113
8.046000,-0.000008,0.000113
8.047000,-0.000009,0.000112
8.048000,-0.000009,0.000113
8.049000,-0.000009,0.000113
8.050000,-0.000009,0.000114
8.051000,-0.000009,0.000114
8.052000,-0.000009,0.000114
8.053000,-0.000008,0.000114
8.054000,-0.000008,0.000114
8.055000,-0.000009,0.000115
8.056000,-0.000010,0.000114
8.057000,-0.000010,0.000115
8.058000,-0.000010,0.000114
8.059000,-0.000009,0.000114
8.060000,-0.000010,0.000114
8.061000,-0.000009,0.000114
8.062000,-0.000010,0.000115
8.063000,-0.000010,0.000115
8.064000,-0.000010,0.000115
8.065000,-0.000010,0.000115
8.066000,-0.000010,0.000115
8.067000,-0.000010,0.000116
8.068000,-0.000010,0.000115
8.069000,-0.000010,0.000116
8.070000,-0.000010,0.000115
8.071000,-0.000010,0.000115
8.072000,-0.000010,0.000115
8.073000,-0.000009,0.000115
8.074000,-0.000009,0.000115
8.075000,-0.000009,0.000115
8.076000,-0.000009,0.000115
8.077000,-0.000009,0.000115
8.078000,-0.000009,0.000115
8.079000,-0.000009,0.000115
8.080000,-0.000009,0.000114
8.081000,-0.000009,0.000114
8.082000,-0.000008,0.000114
8.083000,-0.000009,0.000113
8.084000,-0.000009,0.000114
8.085000,-0.000009,0.000114
8.086000,-0.000009,0.000114
8.087000,-0.000009,0.000113
8.088000,-0.000009,0.000114
8.089000,-0.000009,0.000114
8.090000,-0.000008,0.000114
8.091000,-0.000009,0.000114
8.092000,-0.000009,0.000114
8.093000,-0.000009,0.000114
8.094000,-0.000010,0.000114
8.095000,-0.000010,0.000114
8.096000,-0.000011,0.000114
8.097000,-0.000011,0.000114
8.098000,-0.000011,0.000114
8.099000,-0.000010,0.000113
8.100000,-0.000011,0.000113
8.101000,-0.000011,0.000113
8.102000,-0.000011,0.000113
8.103000,-0.000011,0.000112
8.104000,-0.000010,0.000112
8.105000,-0.000011,0.000112
8.106000,-0.000011,0.000113
8.107000,-0.000011,0.000112
8.108000,-0.000011,0.000113
8.109000,-0.000011,0.000112
8.110000,-0.000012,0.000112
8.111000,-0.000012,0.000112
8.112000,-0.000011,0.000112
8.113000,-0.000011,0.000112
8.114000,-0.000011,0.000112
8.115000,-0.000011,0.000112
8.116000,-0.000011,0.000112
8.117000,-0.000011,0.000112
8.118000,-0.000011,0.000111
8.119000,-0.000011,0.000111
8.120000,-0.000010,0.000110
8.121000,-0.000010,0.000111
8.122000,-0.000011,0.000111
8.123000,-0.000010,0.000112
8.124000,-0.000010,0.000113
8.125000,-0.000010,0.000113
8.126000,-0.000010,0.000113
8.127000,-0.000010,0.000112
8.128000,-0.000010,0.000113
8.129000,-0.000011,0.000113
8.130000,-0.000011,0.000113
8.131000,-0.000010,0.000113
8.132000,-0.000011,0.000113
8.133000,-0.000011,0.000113
8.134000,-0.000010,0.000113
8.135000,-0.000010,0.000114
8.136000,-0.000010,0.000113
8.137000,-0.000010,0.000114
8.138000,-0.000010,0.000115
8.139000,-0.000010,0.000116
8.140000,-0.000009,0.000115
8.141000,-0.000009,0.000115
8.142000,-0.000008,0.000115
8.143000,-0.000009,0.000115
8.144000,-0.000008,0.000115
8.145000,-0.000009,0.000115
8.146000,-0.000009,0.000114
8.147000,-0.000009,0.000115
8.148000,-0.000010,0.000114
8.149000,-0.000009,0.000114
8.150000,-0.000010,0.000114
8.151000,-0.000010,0.000114
8.152000,-0.000010,0.000115
8.153000,-0.000010,0.000114
8.154000,-0.000011,0.000115
8.155000,-0.000011,0.000114
8.156000,-0.000010,0.000116
8.157000,-0.000010,0.000115
8.158000,-0.000010,0.000117
8.159000,-0.000009,0.000116
8.160000,-0.000009,0.000117
8.161000,-0.000010,0.000116
8.162000,-0.000010,0.000116
8.163000,-0.000010,0.000115
8.164000,-0.000009,0.000115
8.165000,-0.000009,0.000115
8.166000,-0.000010,0.000114
8.167000,-0.000010,0.000115
8.168000,-0.000011,0.000114
8.169000,-0.000010,0.000114
8.170000,-0.000010,0.000115
8.171000,-0.000010,0.000115
8.172000,-0.000010,0.000115
8.173000,-0.000011,0.000116
8.174000,-0.000011,0.000115
8.175000,-0.000011,0.000116
8.176000,-0.000010,0.000116
8.177000,-0.000011,0.000118
8.178000,-0.000011,0.000117
8.179000,-0.000011,0.000118
8.180000,-0.000011,0.000117
8.181000,-0.000011,0.000118
8.182000,-0.000011,0.000118
8.183000,-0.000010,0.000118
8.184000,-0.000011,0.000118
8.185000,-0.000011,0.000118
8.186000,-0.000011,0.000118
8.187000,-0.000011,0.000118
8.188000,-0.000011,0.000118
8.189000,-0.000012,0.000117
8.190000,-0.000013,0.000118
8.191000,-0.000011,0.000117
8.192000,-0.000012,0.000118
8.193000,-0.000010,0.000117
8.194000,-0.000010,0.000117
8.195000,-0.000009,0.000118
8.196000,-0.000010,0.000117
8.197000,-0.000009,0.000118
8.198000,-0.000009,0.000117
8.199000,-0.000010,0.000118
8.200000,-0.000009,0.000117
8.201000,-0.000009,0.000119
8.202000,-0.000009,0.000117
8.203000,-0.000009,0.000118
8.204000,-0.000009,0.000118
8.205000,-0.000009,0.000119
8.206000,-0.000009,0.000119
8.207000,-0.000009,0.000118
8.208000,-0.000009,0.000119
8.209000,-0.000008,0.000119
8.210000,-0.000009,0.000119
8.211000,-0.000008,0.000118
8.212000,-0.000009,0.000120
8.213000,-0.000008,0.000119
8.214000,-0.000009,0.000120
8.215000,-0.000009,0.000120
8.216000,-0.000009,0.000120
8.217000,-0.000009,0.000121
8.218000,-0.000009,0.000120
8.219000,-0.000010,0.000121
8.220000,-0.000009,0.000121
8.221000,-0.000009,0.000121
8.222000,-0.000009,0.000120
8.223000,-0.000009,0.000121
8.224000,-0.000009,0.000120
8.225000,-0.000009,0.000120
8.226000,-0.000009,0.000120
8.227000,-0.000009,0.000119
8.228000,-0.000009,0.000119
8.229000,-0.000009,0.000118
8.230000,-0.000010,0.000119
8.231000,-0.000009,0.000119
8.232000,-0.000009,0.000119
8.233000,-0.000008,0.000119
8.234000,-0.000008,0.000120
8.235000,-0.000008,0.000119
8.236000,-0.000008,0.000120
8.237000,-0.000008,0.000119
8.238000,-0.000007,0.000119
8.239000,-0.000007,0.000118
8.240000,-0.000008,0.000118
8.241000,-0.000008,0.000118
8.242000,-0.000008,0.000118
8.243000,-0.000008,0.000119
8.244000,-0.000008,0.000118
8.245000,-0.000009,0.000118
8.246000,-0.000008,0.000118
8.247000,-0.000008,0.000119
8.248000,-0.000007,0.000118
8.249000,-0.000007,0.000119
8.250000,-0.000007,0.000119
8.251000,-0.000008,0.000118
8.252000,-0.000007,0.000119
8.253000,-0.000007,0.000119
8.254000,-0.000007,0.000119
8.255000,-0.000007,0.000119
8.256000,-0.000007,0.000118
8.257000,-0.000008,0.000118
8.258000,-0.000008,0.000117
8.259000,-0.000008,0.000117
8.260000,-0.000008,0.000117
8.261000,-0.000007,0.000116
8.262000,-0.000007,0.000117
8.263000,-0.000006,0.000118
8.264000,-0.000007,0.000118
8.265000,-0.000006,0.000118
8.266000,-0.000006,0.000119
8.267000,-0.000006,0.000119
8.268000,-0.000005,0.000120
8.269000,-0.000005,0.000119
8.270000,-0.000006,0.000119
8.271000,-0.000004,0.000118
8.272000,-0.000004,0.000118
8.273000,-0.000004,0.000118
8.274000,-0.000004,0.000117
8.275000,-0.000004,0.000117
8.276000,-0.000005,0.000117
8.277000,-0.000005,0.000116
8.278000,-0.000004,0.000116
8.279000,-0.000004,0.000116
8.280000,-0.000005,0.000117
8.281000,-0.000004,0.000117
8.282000,-0.000005,0.000117
8.283000,-0.000005,0.000117
8.284000,-0.000004,0.000117
8.285000,-0.000005,0.000117
8.286000,-0.000004,0.000117
8.287000,-0.000005,0.000117
8.288000,-0.000004,0.000118
8.289000,-0.000004,0.000118
8.290000,-0.000004,0.000118
8.291000,-0.000005,0.000118
8.292000,-0.000004,0.000118
8.293000,-0.000005,0.000118
8.294000,-0.000005,0.000118
8.295000,-0.000006,0.000117
8.296000,-0.000006,0.000118
8.297000,-0.000006,0.000118
8.298000,-0.000005,0.000118
8.299000,-0.000006,0.000118
8.300000,-0.000005,0.000118
8.301000,-0.000005,0.000118
8.302000,-0.000005,0.000118
8.303000,-0.000005,0.000118
8.304000,-0.000004,0.000119
8.305000,-0.000005,0.000118
8.306000,-0.000004,0.000119
8.307000,-0.000004,0.000118
8.308000,-0.000003,0.000119
8.309000,-0.000004,0.000118
8.310000,-0.000004,0.000119
8.311000,-0.000004,0.000119
8.312000,-0.000004,0.000119
8.313000,-0.000004,0.000118
8.314000,-0.000003,0.000119
8.315000,-0.000003,0.000119
8.316000,-0.000003,0.000119
8.317000,-0.000003,0.000118
8.318000,-0.000003,0.000118
8.319000,-0.000003,0.000118
8.320000,-0.000004,0.000118
8.321000,-0.000004,0.000118
8.322000,-0.000004,0.000118
8.323000,-0.000004,0.000118
8.324000,-0.000004,0.000118
8.325000,-0.000004,0.000119
8.326000,-0.000004,0.000119
8.327000,-0.000004,0.000119
8.328000,-0.000004,0.000119
8.329000,-0.000004,0.000119
8.330000,-0.000002,0.000119
8.331000,-0.000003,0.000118
8.332000,-0.000002,0.000119
8.333000,-0.000003,0.000119
8.334000,-0.000003,0.000119
8.335000,-0.000003,0.000119
8.336000,-0.000003,0.000120
8.337000,-0.000003,0.000119
8.338000,-0.000003,0.000119
8.339000,-0.000002,0.000119
8.340000,-0.000002,0.000120
8.341000,-0.000002,0.000119
8.342000,-0.000002,0.000118
8.343000,-0.000002,0.000119
8.344000,-0.000002,0.000119
8.345000,-0.000001,0.000119
8.346000,-0.000002,0.000118
8.347000,-0.000002,0.000118
8.348000,-0.000002,0.000119
8.349000,-0.000003,0.000118
8.350000,-0.000002,0.000118
8.351000,-0.000002,0.000119
8.352000,-0.000002,0.000119
8.353000,-0.000002,0.000120
8.354000,-0.000001,0.000119
8.355000,-0.000002,0.000119
8.356000,-0.000001,0.000119
8.357000,-0.000001,0.000120
8.358000,-0.000000,0.000120
8.359000,-0.000001,0.000120
8.360000,-0.000001,0.000120
8.361000,-0.000002,0.000120
8.362000,-0.000002,0.000119
8.363000,-0.000003,0.000119
8.364000,-0.000002,0.000119
8.365000,-0.000003,0.000118
8.366000,-0.000003,0.000118
8.367000,-0.000003,0.000117
8.368000,-0.000004,0.000118
8.369000,-0.000004,0.000117
8.370000,-0.000004,0.000118
8.371000,-0.000005,0.000118
8.372000,-0.000006,0.000119
8.373000,-0.000006,0.000119
8.374000,-0.000006,0.000121
8.375000,-0.000005,0.000120
8.376000,-0.000005,0.000121
8.377000,-0.000005,0.000121
8.378000,-0.000005,0.000122
8.379000,-0.000004,0.000122
8.380000,-0.000004,0.000122
8.381000,-0.000004,0.000121
8.382000,-0.000004,0.000122
8.383000,-0.000004,0.000121
8.384000,-0.000004,0.000121
8.385000,-0.000004,0.000122
8.386000,-0.000004,0.000121
8.387000,-0.000004,0.000122
8.388000,-0.000004,0.000122
8.389000,-0.000004,0.000123
8.390000,-0.000004,0.000122
8.391000,-0.000004,0.000123
8.392000,-0.000004,0.000122
8.393000,-0.000004,0.000122
8.394000,-0.000005,0.000122
8.395000,-0.000004,0.000122
8.396000,-0.000004,0.000122
8.397000,-0.000004,0.000121
8.398000,-0.000004,0.000123
8.399000,-0.000004,0.000122
8.400000,-0.000004,0.000123
8.401000,-0.000004,0.000122
8.402000,-0.000004,0.000123
8.403000,-0.000004,0.000123
8.404000,-0.000004,0.000122
8.405000,-0.000004,0.000122
8.406000,-0.000005,0.000121
8.407000,-0.000005,0.000122
8.408000,-0.000005,0.000121
8.409000,-0.000005,0.000122
8.410000,-0.000005,0.000121
8.411000,-0.000005,0.000122
8.412000,-0.000005,0.000122
8.413000,-0.000005,0.000122
8.414000,-0.000006,0.000122
8.415000,-0.000006,0.000122
8.416000,-0.000006,0.000123
8.417000,-0.000006,0.000122
8.418000,-0.000007,0.000123
8.419000,-0.000006,0.000122
8.420000,-0.000006,0.000123
8.421000,-0.000005,0.000123
8.422000,-0.000006,0.000123
8.423000,-0.000006,0.000123
8.424000,-0.000006,0.000123
8.425000,-0.000006,0.000122
8.426000,-0.000006,0.000122
8.427000,-0.000006,0.000122
8.428000,-0.000006,0.000122
8.429000,-0.000006,0.000124
8.430000,-0.000007,0.000123
8.431000,-0.000007,0.000123
8.432000,-0.000007,0.000122
8.433000,-0.000007,0.000122
8.434000,-0.000007,0.000121
8.435000,-0.000007,0.000120
8.436000,-0.000007,0.000120
8.437000,-0.000007,0.000120
8.438000,-0.000008,0.000120
8.439000,-0.000008,0.000120
8.440000,-0.000009,0.000120
8.441000,-0.000008,0.000120
8.442000,-0.000008,0.000121
8.443000,-0.000008,0.000120
8.444000,-0.000008,0.000121
8.445000,-0.000008,0.000120
8.446000,-0.000008,0.000122
8.447000,-0.000008,0.000120
8.448000,-0.000008,0.000121
8.449000,-0.000008,0.000120
8.450000,-0.000008,0.000120
8.451000,-0.000008,0.000120
8.452000,-0.000009,0.000120
8.453000,-0.000009,0.000120
8.454000,-0.000009,0.000120
8.455000,-0.000009,0.000119
8.456000,-0.000009,0.000120
8.457000,-0.000009,0.000120
8.458000,-0.000010,0.000120
8.459000,-0.000009,0.000120
8.460000,-0.000009,0.000120
8.461000,-0.000009,0.000120
8.462000,-0.000009,0.000120
8.463000,-0.000009,0.000121
8.464000,-0.000009,0.000120
8.465000,-0.000008,0.000121
8.466000,-0.000009,0.000120
8.467000,-0.000008,0.000121
8.468000,-0.000007,0.000121
8.469000,-0.000007,0.000122
8.470000,-0.000007,0.000121
8.471000,-0.000007,0.000121
8.472000,-0.000007,0.000121
8.473000,-0.000007,0.000121
8.474000,-0.000006,0.000120
8.475000,-0.000007,0.000119
8.476000,-0.000007,0.000119
8.477000,-0.000007,0.000119
8.478000,-0.000007,0.000118
8.479000,-0.000008,0.000117
8.480000,-0.000009,0.000117
8.481000,-0.000009,0.000117
8.482000,-0.000009,0.000118
8.483000,-0.000009,0.000117
8.484000,-0.000009,0.000118
8.485000,-0.000008,0.000117
8.486000,-0.000008,0.000117
8.487000,-0.000008,0.000117
8.488000,-0.000008,0.000117
8.489000,-0.000008,0.000115
8.490000,-0.000008,0.000115
8.491000,-0.000008,0.000115
8.492000,-0.000009,0.000116
8.493000,-0.000008,0.000117
8.494000,-0.000008,0.000116
8.495000,-0.000008,0.000117
8.496000,-0.000008,0.000117
8.497000,-0.000008,0.000118
8.498000,-0.000008,0.000116
8.499000,-0.000008,0.000116
8.450000,-0.000008,0.000120
8.451000,-0.000008,0.000120
8.452000,-0.000009,0.000120
8.453000,-0.000008,0.000120
8.454000,-0.000009,0.000120
8.455000,-0.000009,0.000120
8.456000,-0.000009,0.000120
8.457000,-0.000009,0.000121
8.458000,-0.000010,0.000120
8.459000,-0.000010,0.000120
8.460000,-0.000010,0.000119
8.461000,-0.000010,0.000119
8.462000,-0.000010,0.000119
8.463000,-0.000009,0.000120
8.464000,-0.000009,0.000119
8.465000,-0.000009,0.000119
8.466000,-0.000009,0.000119
8.467000,-0.000009,0.000120
8.468000,-0.000009,0.000119
8.469000,-0.000008,0.000120
8.470000,-0.000008,0.000120
8.471000,-0.000008,0.000121
8.472000,-0.000007,0.000121
8.473000,-0.000007,0.000120
8.474000,-0.000007,0.000119
8.475000,-0.000008,0.000119
8.476000,-0.000008,0.000119
8.477000,-0.000008,0.000118
8.478000,-0.000009,0.000118
8.479000,-0.000009,0.000117
8.480000,-0.000010,0.000117
8.481000,-0.000011,0.000117
8.482000,-0.000011,0.000117
8.483000,-0.000010,0.000117
8.484000,-0.000011,0.000118
8.485000,-0.000010,0.000117
8.486000,-0.000010,0.000117
8.487000,-0.000009,0.000117
8.488000,-0.000010,0.000117
8.489000,-0.000009,0.000116
8.490000,-0.000010,0.000116
8.491000,-0.000009,0.000117
8.492000,-0.000010,0.000117
8.493000,-0.000010,0.000118
8.494000,-0.000010,0.000117
8.495000,-0.000010,0.000119
8.496000,-0.000010,0.000118
8.497000,-0.000010,0.000118
8.498000,-0.000010,0.000118
8.499000,-0.000010,0.000117
8.500000,-0.000011,0.000117
8.501000,-0.000011,0.000116
8.502000,-0.000011,0.000117
8.503000,-0.000011,0.000116
8.504000,-0.000010,0.000118
8.505000,-0.000010,0.000117
8.506000,-0.000010,0.000118
8.507000,-0.000010,0.000118
8.508000,-0.000011,0.000118
8.509000,-0.000011,0.000117
8.510000,-0.000011,0.000118
8.511000,-0.000011,0.000118
8.512000,-0.000011,0.000117
8.513000,-0.000011,0.000118
8.514000,-0.000010,0.000117
8.515000,-0.000011,0.000118
8.516000,-0.000011,0.000118
8.517000,-0.000010,0.000118
8.518000,-0.000011,0.000118
8.519000,-0.000011,0.000118
8.520000,-0.000011,0.000117
8.521000,-0.000011,0.000118
8.522000,-0.000011,0.000118
8.523000,-0.000011,0.000118
8.524000,-0.000011,0.000118
8.525000,-0.000011,0.000119
8.526000,-0.000010,0.000119
8.527000,-0.000011,0.000119
8.528000,-0.000011,0.000118
8.529000,-0.000011,0.000118
8.530000,-0.000011,0.000118
8.531000,-0.000012,0.000118
8.532000,-0.000011,0.000119
8.533000,-0.000011,0.000120
8.534000,-0.000011,0.000120
8.535000,-0.000010,0.000120
8.536000,-0.000010,0.000120
8.537000,-0.000010,0.000120
8.538000,-0.000009,0.000120
8.539000,-0.000009,0.000120
8.540000,-0.000009,0.000121
8.541000,-0.000009,0.000121
8.542000,-0.000009,0.000121
8.543000,-0.000010,0.000120
8.544000,-0.000010,0.000120
8.545000,-0.000010,0.000120
8.546000,-0.000010,0.000121
8.547000,-0.000010,0.000121
8.548000,-0.000010,0.000121
8.549000,-0.000010,0.000122
8.550000,-0.000010,0.000121
8.551000,-0.000010,0.000120
8.552000,-0.000009,0.000121
8.553000,-0.000010,0.000120
8.554000,-0.000010,0.000121
8.555000,-0.000010,0.000120
8.556000,-0.000009,0.000120
8.557000,-0.000009,0.000120
8.558000,-0.000009,0.000120
8.559000,-0.000009,0.000121
8.560000,-0.000009,0.000120
8.561000,-0.000008,0.000121
8.562000,-0.000008,0.000120
8.563000,-0.000009,0.000120
8.564000,-0.000009,0.000121
8.565000,-0.000008,0.000121
8.566000,-0.000009,0.000121
8.567000,-0.000009,0.000121
8.568000,-0.000008,0.000122
8.569000,-0.000009,0.000121
8.570000,-0.000009,0.000121
8.571000,-0.000009,0.000121
8.572000,-0.000008,0.000120
8.573000,-0.000008,0.000121
8.574000,-0.000008,0.000121
8.575000,-0.000007,0.000122
8.576000,-0.000008,0.000121
8.577000,-0.000007,0.000121
8.578000,-0.000007,0.000120
8.579000,-0.000007,0.000121
8.580000,-0.000007,0.000121
8.581000,-0.000007,0.000121
8.582000,-0.000006,0.000121
8.583000,-0.000007,0.000121
8.584000,-0.000007,0.000121
8.585000,-0.000007,0.000121
8.586000,-0.000007,0.000122
8.587000,-0.000008,0.000121
8.588000,-0.000008,0.000121
8.589000,-0.000008,0.000121
8.590000,-0.000008,0.000122
8.591000,-0.000008,0.000120
8.592000,-0.000008,0.000120
8.593000,-0.000008,0.000120
8.594000,-0.000007,0.000120
8.595000,-0.000008,0.000119
8.596000,-0.000007,0.000120
8.597000,-0.000008,0.000120
8.598000,-0.000007,0.000119
8.599000,-0.000007,0.000121
8.600000,-0.000007,0.000120
8.601000,-0.000007,0.000121
8.602000,-0.000006,0.000121
8.603000,-0.000006,0.000121
8.604000,-0.000006,0.000120
8.605000,-0.000007,0.000120
8.606000,-0.000007,0.000120
8.607000,-0.000006,0.000119
8.608000,-0.000006,0.000121
8.609000,-0.000006,0.000120
8.610000,-0.000006,0.000121
8.611000,-0.000006,0.000120
8.612000,-0.000006,0.000120
8.613000,-0.000006,0.000120
8.614000,-0.000007,0.000120
8.615000,-0.000006,0.000120
8.616000,-0.000007,0.000120
8.617000,-0.000007,0.000120
8.618000,-0.000007,0.000120
8.619000,-0.000006,0.000120
8.620000,-0.000005,0.000120
8.621000,-0.000005,0.000120
8.622000,-0.000005,0.000119
8.623000,-0.000005,0.000118
8.624000,-0.000006,0.000118
8.625000,-0.000006,0.000118
8.626000,-0.000007,0.000117
8.627000,-0.000006,0.000117
8.628000,-0.000006,0.000118
8.629000,-0.000005,0.000118
8.630000,-0.000005,0.000119
8.631000,-0.000005,0.000118
8.632000,-0.000005,0.000117
8.633000,-0.000005,0.000118
8.634000,-0.000007,0.000118
8.635000,-0.000007,0.000119
8.636000,-0.000006,0.000117
8.637000,-0.000007,0.000118
8.638000,-0.000006,0.000117
8.639000,-0.000006,0.000117
8.640000,-0.000006,0.000116
8.641000,-0.000006,0.000117
8.642000,-0.000005,0.000117
8.643000,-0.000005,0.000119
8.644000,-0.000005,0.000118
8.645000,-0.000004,0.000120
8.646000,-0.000004,0.000119
8.647000,-0.000004,0.000119
8.648000,-0.000004,0.000119
8.649000,-0.000005,0.000118
8.650000,-0.000005,0.000119
8.651000,-0.000005,0.000119
8.652000,-0.000005,0.000119
8.653000,-0.000005,0.000118
8.654000,-0.000005,0.000119
8.655000,-0.000005,0.000119
8.656000,-0.000006,0.000119
8.657000,-0.000005,0.000119
8.658000,-0.000005,0.000120
8.659000,-0.000005,0.000119
8.660000,-0.000005,0.000120
8.661000,-0.000006,0.000119
8.662000,-0.000006,0.000120
8.663000,-0.000006,0.000120
8.664000,-0.000006,0.000120
8.665000,-0.000006,0.000119
8.666000,-0.000006,0.000119
8.667000,-0.000005,0.000120
8.668000,-0.000006,0.000120
8.669000,-0.000006,0.000119
8.670000,-0.000006,0.000119
8.671000,-0.000006,0.000119
8.672000,-0.000007,0.000119
8.673000,-0.000007,0.000119
8.674000,-0.000007,0.000118
8.675000,-0.000008,0.000118
8.676000,-0.000008,0.000118
8.677000,-0.000008,0.000119
8.678000,-0.000009,0.000119
8.679000,-0.000009,0.000120
8.680000,-0.000009,0.000119
8.681000,-0.000009,0.000120
8.682000,-0.000009,0.000119
8.683000,-0.000010,0.000119
8.684000,-0.000010,0.000118
8.685000,-0.000010,0.000119
8.686000,-0.000009,0.000118
8.687000,-0.000010,0.000118
8.688000,-0.000010,0.000117
8.689000,-0.000010,0.000117
8.690000,-0.000010,0.000117
8.691000,-0.000011,0.000117
8.692000,-0.000010,0.000118
8.693000,-0.000010,0.000117
8.694000,-0.000010,0.000118
8.695000,-0.000010,0.000118
8.696000,-0.000009,0.000119
8.697000,-0.000010,0.000119
8.698000,-0.000010,0.000119
8.699000,-0.000010,0.000118
8.700000,-0.000010,0.000117
8.701000,-0.000010,0.000117
8.702000,-0.000010,0.000116
8.703000,-0.000011,0.000117
8.704000,-0.000011,0.000117
8.705000,-0.000011,0.000117
8.706000,-0.000011,0.000116
8.707000,-0.000011,0.000118
8.708000,-0.000011,0.000117
8.709000,-0.000011,0.000117
8.710000,-0.000011,0.000117
8.711000,-0.000010,0.000116
8.712000,-0.000010,0.000117
8.713000,-0.000010,0.000116
8.714000,-0.000010,0.000117
8.715000,-0.000010,0.000116
8.716000,-0.000010,0.000117
8.717000,-0.000010,0.000117
8.718000,-0.000010,0.000117
8.719000,-0.000010,0.000117
8.720000,-0.000010,0.000117
8.721000,-0.000011,0.000117
8.722000,-0.000011,0.000118
8.723000,-0.000012,0.000118
8.724000,-0.000011,0.000118
8.725000,-0.000012,0.000119
8.726000,-0.000011,0.000119
8.727000,-0.000010,0.000119
8.728000,-0.000010,0.000118
8.729000,-0.000011,0.000118
8.730000,-0.000011,0.000118
8.731000,-0.000011,0.000118
8.732000,-0.000012,0.000118
8.733000,-0.000011,0.000118
8.734000,-0.000011,0.000119
8.735000,-0.000010,0.000117
8.736000,-0.000012,0.000118
8.737000,-0.000012,0.000118
8.738000,-0.000012,0.000119
8.739000,-0.000012,0.000119
8.740000,-0.000013,0.000119
8.741000,-0.000013,0.000119
8.742000,-0.000013,0.000119
8.743000,-0.000013,0.000118
8.744000,-0.000013,0.000118
8.745000,-0.000014,0.000118
8.746000,-0.000014,0.000117
8.747000,-0.000014,0.000118
8.748000,-0.000014,0.000117
8.749000,-0.000014,0.000117
8.750000,-0.000014,0.000117
8.751000,-0.000014,0.000117
8.752000,-0.000014,0.000117
8.753000,-0.000014,0.000118
8.754000,-0.000014,0.000117
8.755000,-0.000013,0.000117
8.756000,-0.000013,0.000117
8.757000,-0.000013,0.000117
8.758000,-0.000012,0.000117
8.759000,-0.000013,0.000117
8.760000,-0.000013,0.000117
8.761000,-0.000013,0.000117
8.762000,-0.000012,0.000117
8.763000,-0.000012,0.000117
8.764000,-0.000012,0.000117
8.765000,-0.000013,0.000117
8.766000,-0.000013,0.000117
8.767000,-0.000013,0.000116
8.768000,-0.000013,0.000116
8.769000,-0.000012,0.000117
8.770000,-0.000012,0.000118
8.771000,-0.000012,0.000117
8.772000,-0.000012,0.000118
8.773000,-0.000012,0.000118
8.774000,-0.000012,0.000118
8.775000,-0.000011,0.000118
8.776000,-0.000010,0.000118
8.777000,-0.000010,0.000118
8.778000,-0.000009,0.000118
8.779000,-0.000010,0.000118
8.780000,-0.000010,0.000118
8.781000,-0.000010,0.000117
8.782000,-0.000010,0.000117
8.783000,-0.000009,0.000117
8.784000,-0.000009,0.000117
8.785000,-0.000009,0.000117
8.786000,-0.000009,0.000117
8.787000,-0.000009,0.000118
8.788000,-0.000009,0.000118
8.789000,-0.000009,0.000119
8.790000,-0.000008,0.000119
8.791000,-0.000008,0.000119
8.792000,-0.000008,0.000119
8.793000,-0.000009,0.000119
8.794000,-0.000009,0.000119
8.795000,-0.000009,0.000119
8.796000,-0.000009,0.000119
8.797000,-0.000008,0.000119
8.798000,-0.000008,0.000120
8.799000,-0.000008,0.000120
8.800000,-0.000008,0.000121
8.801000,-0.000008,0.000121
8.802000,-0.000009,0.000121
8.803000,-0.000009,0.000121
8.804000,-0.000009,0.000121
8.805000,-0.000009,0.000121
8.806000,-0.000009,0.000120
8.807000,-0.000009,0.000120
8.808000,-0.000009,0.000120
8.809000,-0.000010,0.000120
8.810000,-0.000009,0.000120
8.811000,-0.000009,0.000120
8.812000,-0.000009,0.000120
8.813000,-0.000009,0.000119
8.814000,-0.000010,0.000119
8.815000,-0.000009,0.000119
8.816000,-0.000009,0.000120
8.817000,-0.000009,0.000119
8.818000,-0.000009,0.000119
8.819000,-0.000009,0.000119
8.820000,-0.000009,0.000119
8.821000,-0.000009,0.000119
8.822000,-0.000009,0.000118
8.823000,-0.000009,0.000118
8.824000,-0.000009,0.000118
8.825000,-0.000008,0.000118
8.826000,-0.000009,0.000118
8.827000,-0.000010,0.000118
8.828000,-0.000010,0.000118
8.829000,-0.000010,0.000118
8.830000,-0.000009,0.000119
8.831000,-0.000009,0.000118
8.832000,-0.000009,0.000117
8.833000,-0.000009,0.000117
8.834000,-0.000009,0.000117
8.835000,-0.000009,0.000118
8.836000,-0.000009,0.000118
8.837000,-0.000009,0.000118
8.838000,-0.000008,0.000118
8.839000,-0.000008,0.000118
8.840000,-0.000008,0.000118
8.841000,-0.000008,0.000117
8.842000,-0.000008,0.000117
8.843000,-0.000008,0.000117
8.844000,-0.000008,0.000116
8.845000,-0.000007,0.000116
8.846000,-0.000007,0.000117
8.847000,-0.000007,0.000117
8.848000,-0.000007,0.000117
8.849000,-0.000007,0.000118
8.850000,-0.000007,0.000118
8.851000,-0.000007,0.000117
8.852000,-0.000007,0.000117
8.853000,-0.000008,0.000117
8.854000,-0.000008,0.000117
8.855000,-0.000008,0.000117
8.856000,-0.000008,0.000117
8.857000,-0.000008,0.000118
8.858000,-0.000008,0.000118
8.859000,-0.000008,0.000119
8.860000,-0.000008,0.000119
8.861000,-0.000008,0.000120
8.862000,-0.000008,0.000120
8.863000,-0.000008,0.000119
8.864000,-0.000007,0.000119
8.865000,-0.000008,0.000120
8.866000,-0.000007,0.000120
8.867000,-0.000007,0.000120
8.868000,-0.000007,0.000119
8.869000,-0.000007,0.000119
8.870000,-0.000006,0.000119
8.871000,-0.000007,0.000118
8.872000,-0.000007,0.000118
8.873000,-0.000008,0.000117
8.874000,-0.000008,0.000117
8.875000,-0.000009,0.000118
8.876000,-0.000009,0.000118
8.877000,-0.000010,0.000117
8.878000,-0.000011,0.000118
8.879000,-0.000010,0.000117
8.880000,-0.000010,0.000117
8.881000,-0.000009,0.000117
8.882000,-0.000010,0.000118
8.883000,-0.000009,0.000118
8.884000,-0.000009,0.000118
8.885000,-0.000009,0.000119
8.886000,-0.000009,0.000118
8.887000,-0.000009,0.000118
8.888000,-0.000009,0.000117
8.889000,-0.000008,0.000118
8.890000,-0.000008,0.000117
8.891000,-0.000008,0.000118
8.892000,-0.000008,0.000117
8.893000,-0.000008,0.000117
8.894000,-0.000008,0.000117
8.895000,-0.000008,0.000118
8.896000,-0.000008,0.000116
8.897000,-0.000009,0.000116
8.898000,-0.000009,0.000115
8.899000,-0.000008,0.000115
8.900000,-0.000008,0.000115
8.901000,-0.000008,0.000115
8.902000,-0.000008,0.000116
8.903000,-0.000007,0.000115
8.904000,-0.000007,0.000116
8.905000,-0.000007,0.000116
8.906000,-0.000008,0.000117
8.907000,-0.000007,0.000117
8.908000,-0.000008,0.000116
8.909000,-0.000006,0.000117
8.910000,-0.000007,0.000115
8.911000,-0.000007,0.000117
8.912000,-0.000007,0.000115
8.913000,-0.000007,0.000117
8.914000,-0.000006,0.000116
8.915000,-0.000006,0.000116
8.916000,-0.000007,0.000116
8.917000,-0.000007,0.000116
8.918000,-0.000007,0.000115
8.919000,-0.000007,0.000115
8.920000,-0.000008,0.000115
8.921000,-0.000007,0.000115
8.922000,-0.000008,0.000116
8.923000,-0.000006,0.000115
8.924000,-0.000007,0.000115
8.925000,-0.000006,0.000115
8.926000,-0.000006,0.000116
8.927000,-0.000006,0.000116
8.928000,-0.000006,0.000116
8.929000,-0.000006,0.000116
8.930000,-0.000007,0.000116
8.931000,-0.000006,0.000117
8.932000,-0.000007,0.000116
8.933000,-0.000007,0.000117
8.934000,-0.000006,0.000116
8.935000,-0.000007,0.000117
8.936000,-0.000006,0.000117
8.937000,-0.000007,0.000116
8.938000,-0.000007,0.000116
8.939000,-0.000007,0.000116
8.940000,-0.000007,0.000116
8.941000,-0.000007,0.000116
8.942000,-0.000007,0.000117
8.943000,-0.000007,0.000117
8.944000,-0.000008,0.000118
8.945000,-0.000008,0.000117
8.946000,-0.000008,0.000117
8.947000,-0.000008,0.000116
8.948000,-0.000009,0.000117
8.949000,-0.000008,0.000116
8.950000,-0.000009,0.000117
8.951000,-0.000009,0.000116
8.952000,-0.000008,0.000117
8.953000,-0.000008,0.000116
8.954000,-0.000008,0.000117
8.955000,-0.000008,0.000116
8.956000,-0.000008,0.000117
8.957000,-0.000008,0.000116
8.958000,-0.000009,0.000116
8.959000,-0.000009,0.000115
8.960000,-0.000009,0.000114
8.961000,-0.000009,0.000114
8.962000,-0.000009,0.000114
8.963000,-0.000009,0.000114
8.964000,-0.000009,0.000114
8.965000,-0.000009,0.000115
8.966000,-0.000009,0.000114
8.967000,-0.000010,0.000114
8.968000,-0.000010,0.000114
8.969000,-0.000011,0.000114
8.970000,-0.000010,0.000114
8.971000,-0.000010,0.000115
8.972000,-0.000010,0.000115
8.973000,-0.000010,0.000116
8.974000,-0.000008,0.000115
8.975000,-0.000008,0.000115
8.976000,-0.000008,0.000114
8.977000,-0.000008,0.000116
8.978000,-0.000007,0.000115
8.979000,-0.000007,0.000116
8.980000,-0.000007,0.000115
8.981000,-0.000006,0.000115
8.982000,-0.000006,0.000115
8.983000,-0.000007,0.000115
8.984000,-0.000006,0.000115
8.985000,-0.000007,0.000114
8.986000,-0.000006,0.000114
8.987000,-0.000007,0.000114
8.988000,-0.000007,0.000115
8.989000,-0.000008,0.000114
8.990000,-0.000008,0.000115
8.991000,-0.000008,0.000113
8.992000,-0.000008,0.000114
8.993000,-0.000009,0.000114
8.994000,-0.000008,0.000113
8.995000,-0.000009,0.000113
8.996000,-0.000009,0.000114
8.997000,-0.000008,0.000116
8.998000,-0.000008,0.000115
8.999000,-0.000009,0.000116
8.950000,-0.000009,0.000117
8.951000,-0.000008,0.000116
8.952000,-0.000008,0.000117
8.953000,-0.000007,0.000116
8.954000,-0.000008,0.000117
8.955000,-0.000007,0.000116
8.956000,-0.000007,0.000118
8.957000,-0.000007,0.000117
8.958000,-0.000008,0.000117
8.959000,-0.000007,0.000116
8.960000,-0.000008,0.000116
8.961000,-0.000008,0.000115
8.962000,-0.000008,0.000115
8.963000,-0.000008,0.000116
8.964000,-0.000008,0.000115
8.965000,-0.000008,0.000115
8.966000,-0.000009,0.000114
8.967000,-0.000009,0.000115
8.968000,-0.000009,0.000115
8.969000,-0.000010,0.000116
8.970000,-0.000010,0.000115
8.971000,-0.000010,0.000116
8.972000,-0.000009,0.000115
8.973000,-0.000010,0.000117
8.974000,-0.000009,0.000116
8.975000,-0.000009,0.000117
8.976000,-0.000008,0.000116
8.977000,-0.000008,0.000117
8.978000,-0.000008,0.000117
8.979000,-0.000007,0.000117
8.980000,-0.000007,0.000116
8.981000,-0.000006,0.000117
8.982000,-0.000006,0.000116
8.983000,-0.000007,0.000116
8.984000,-0.000007,0.000116
8.985000,-0.000008,0.000115
8.986000,-0.000008,0.000116
8.987000,-0.000008,0.000115
8.988000,-0.000008,0.000116
8.989000,-0.000008,0.000116
8.990000,-0.000009,0.000116
8.991000,-0.000009,0.000115
8.992000,-0.000009,0.000116
8.993000,-0.000009,0.000116
8.994000,-0.000009,0.000115
8.995000,-0.000010,0.000116
8.996000,-0.000010,0.000116
8.997000,-0.000009,0.000118
8.998000,-0.000009,0.000117
8.999000,-0.000009,0.000118
9.000000,-0.000009,0.000118
9.001000,-0.000009,0.000117
9.002000,-0.000009,0.000117
9.003000,-0.000008,0.000117
9.004000,-0.000008,0.000117
9.005000,-0.000009,0.000116
9.006000,-0.000008,0.000116
9.007000,-0.000008,0.000116
9.008000,-0.000008,0.000117
9.009000,-0.000008,0.000117
9.010000,-0.000008,0.000118
9.011000,-0.000008,0.000118
9.012000,-0.000008,0.000118
9.013000,-0.000008,0.000118
9.014000,-0.000009,0.000117
9.015000,-0.000009,0.000118
9.016000,-0.000008,0.000118
9.017000,-0.000008,0.000119
9.018000,-0.000008,0.000118
9.019000,-0.000009,0.000119
9.020000,-0.000008,0.000118
9.021000,-0.000008,0.000119
9.022000,-0.000008,0.000118
9.023000,-0.000009,0.000118
9.024000,-0.000009,0.000119
9.025000,-0.000009,0.000118
9.026000,-0.000009,0.000118
9.027000,-0.000009,0.000118
9.028000,-0.000008,0.000118
9.029000,-0.000009,0.000118
9.030000,-0.000008,0.000117
9.031000,-0.000008,0.000118
9.032000,-0.000007,0.000118
9.033000,-0.000007,0.000118
9.034000,-0.000007,0.000118
9.035000,-0.000007,0.000118
9.036000,-0.000007,0.000118
9.037000,-0.000007,0.000119
9.038000,-0.000008,0.000118
9.039000,-0.000008,0.000119
9.040000,-0.000008,0.000119
9.041000,-0.000007,0.000118
9.042000,-0.000007,0.000118
9.043000,-0.000006,0.000118
9.044000,-0.000007,0.000117
9.045000,-0.000007,0.000117
9.046000,-0.000007,0.000118
9.047000,-0.000006,0.000118
9.048000,-0.000006,0.000118
9.049000,-0.000006,0.000118
9.050000,-0.000006,0.000118
9.051000,-0.000006,0.000119
9.052000,-0.000006,0.000118
9.053000,-0.000006,0.000118
9.054000,-0.000007,0.000118
9.055000,-0.000007,0.000118
9.056000,-0.000007,0.000117
9.057000,-0.000007,0.000117
9.058000,-0.000007,0.000118
9.059000,-0.000007,0.000118
9.060000,-0.000007,0.000118
9.061000,-0.000006,0.000118
9.062000,-0.000006,0.000117
9.063000,-0.000006,0.000117
9.064000,-0.000006,0.000118
9.065000,-0.000006,0.000118
9.066000,-0.000006,0.000119
9.067000,-0.000006,0.000118
9.068000,-0.000006,0.000118
9.069000,-0.000006,0.000117
9.070000,-0.000006,0.000118
9.071000,-0.000005,0.000117
9.072000,-0.000006,0.000117
9.073000,-0.000006,0.000118
9.074000,-0.000005,0.000117
9.075000,-0.000005,0.000117
9.076000,-0.000004,0.000116
9.077000,-0.000004,0.000116
9.078000,-0.000003,0.000117
9.079000,-0.000004,0.000117
9.080000,-0.000004,0.000118
9.081000,-0.000004,0.000117
9.082000,-0.000004,0.000118
9.083000,-0.000004,0.000118
9.084000,-0.000004,0.000117
9.085000,-0.000003,0.000117
9.086000,-0.000003,0.000117
9.087000,-0.000003,0.000117
9.088000,-0.000004,0.000117
9.089000,-0.000004,0.000117
9.090000,-0.000004,0.000117
9.091000,-0.000003,0.000117
9.092000,-0.000003,0.000117
9.093000,-0.000003,0.000116
9.094000,-0.000004,0.000116
9.095000,-0.000004,0.000117
9.096000,-0.000004,0.000116
9.097000,-0.000005,0.000116
9.098000,-0.000005,0.000116
9.099000,-0.000005,0.000116
9.100000,-0.000005,0.000116
9.101000,-0.000004,0.000116
9.102000,-0.000005,0.000117
9.103000,-0.000005,0.000117
9.104000,-0.000005,0.000116
9.105000,-0.000005,0.000116
9.106000,-0.000005,0.000116
9.107000,-0.000005,0.000116
9.108000,-0.000006,0.000117
9.109000,-0.000006,0.000117
9.110000,-0.000006,0.000117
9.111000,-0.000005,0.000116
9.112000,-0.000005,0.000117
9.113000,-0.000003,0.000116
9.114000,-0.000003,0.000116
9.115000,-0.000003,0.000116
9.116000,-0.000004,0.000116
9.117000,-0.000004,0.000116
9.118000,-0.000003,0.000116
9.119000,-0.000003,0.000116
9.120000,-0.000003,0.000116
9.121000,-0.000003,0.000117
9.122000,-0.000003,0.000117
9.123000,-0.000003,0.000117
9.124000,-0.000003,0.000117
9.125000,-0.000003,0.000117
9.126000,-0.000003,0.000117
9.127000,-0.000003,0.000116
9.128000,-0.000004,0.000117
9.129000,-0.000004,0.000117
9.130000,-0.000004,0.000117
9.131000,-0.000004,0.000117
9.132000,-0.000005,0.000117
9.133000,-0.000005,0.000116
9.134000,-0.000005,0.000116
9.135000,-0.000005,0.000116
9.136000,-0.000005,0.000115
9.137000,-0.000005,0.000115
9.138000,-0.000004,0.000116
9.139000,-0.000004,0.000116
9.140000,-0.000004,0.000116
9.141000,-0.000005,0.000116
9.142000,-0.000005,0.000116
9.143000,-0.000006,0.000117
9.144000,-0.000006,0.000117
9.145000,-0.000006,0.000118
9.146000,-0.000006,0.000117
9.147000,-0.000007,0.000118
9.148000,-0.000007,0.000117
9.149000,-0.000007,0.000117
9.150000,-0.000007,0.000116
9.151000,-0.000006,0.000117
9.152000,-0.000006,0.000117
9.153000,-0.000006,0.000117
9.154000,-0.000006,0.000117
9.155000,-0.000006,0.000117
9.156000,-0.000006,0.000116
9.157000,-0.000007,0.000116
9.158000,-0.000006,0.000116
9.159000,-0.000007,0.000115
9.160000,-0.000007,0.000115
9.161000,-0.000007,0.000115
9.162000,-0.000007,0.000116
9.163000,-0.000007,0.000115
9.164000,-0.000007,0.000116
9.165000,-0.000006,0.000115
9.166000,-0.000007,0.000116
9.167000,-0.000006,0.000117
9.168000,-0.000006,0.000117
9.169000,-0.000005,0.000117
9.170000,-0.000005,0.000118
9.171000,-0.000005,0.000117
9.172000,-0.000005,0.000118
9.173000,-0.000005,0.000117
9.174000,-0.000006,0.000117
9.175000,-0.000006,0.000117
9.176000,-0.000007,0.000117
9.177000,-0.000007,0.000117
9.178000,-0.000008,0.000116
9.179000,-0.000008,0.000117
9.180000,-0.000008,0.000116
9.181000,-0.000008,0.000117
9.182000,-0.000008,0.000116
9.183000,-0.000008,0.000116
9.184000,-0.000007,0.000116
9.185000,-0.000009,0.000117
9.186000,-0.000008,0.000117
9.187000,-0.000009,0.000117
9.188000,-0.000008,0.000117
9.189000,-0.000008,0.000117
9.190000,-0.000008,0.000117
9.191000,-0.000008,0.000117
9.192000,-0.000008,0.000117
9.193000,-0.000008,0.000117
9.194000,-0.000008,0.000118
9.195000,-0.000007,0.000117
9.196000,-0.000007,0.000118
9.197000,-0.000007,0.000117
9.198000,-0.000007,0.000118
9.199000,-0.000005,0.000117
9.200000,-0.000005,0.000117
9.201000,-0.000004,0.000117
9.202000,-0.000003,0.000116
9.203000,-0.000002,0.000116
9.204000,-0.000001,0.000116
9.205000,-0.000002,0.000117
9.206000,-0.000002,0.000116
9.207000,-0.000003,0.000116
9.208000,-0.000003,0.000115
9.209000,-0.000003,0.000115
9.210000,-0.000002,0.000115
9.211000,-0.000003,0.000116
9.212000,-0.000004,0.000116
9.213000,-0.000004,0.000116
9.214000,-0.000004,0.000117
9.215000,-0.000004,0.000117
9.216000,-0.000004,0.000118
9.217000,-0.000004,0.000117
9.218000,-0.000004,0.000117
9.219000,-0.000004,0.000117
9.220000,-0.000003,0.000117
9.221000,-0.000002,0.000116
9.222000,-0.000001,0.000116
9.223000,-0.000001,0.000118
9.224000,-0.000001,0.000117
9.225000,-0.000001,0.000117
9.226000,-0.000001,0.000116
9.227000,-0.000002,0.000117
9.228000,-0.000001,0.000116
9.229000,-0.000000,0.000117
9.230000,-0.000001,0.000116
9.231000,-0.000001,0.000117
9.232000,-0.000002,0.000116
9.233000,-0.000002,0.000116
9.234000,-0.000001,0.000117
9.235000,-0.000000,0.000115
9.236000,-0.000000,0.000117
9.237000,0.000001,0.000115
9.238000,0.000002,0.000116
9.239000,0.000002,0.000115
9.240000,0.000001,0.000116
9.241000,0.000001,0.000115
9.242000,0.000001,0.000116
9.243000,0.000002,0.000115
9.244000,0.000002,0.000116
9.245000,0.000002,0.000115
9.246000,0.000002,0.000116
9.247000,0.000003,0.000116
9.248000,0.000003,0.000116
9.249000,0.000003,0.000117
9.250000,0.000004,0.000116
9.251000,0.000004,0.000116
9.252000,0.000004,0.000116
9.253000,0.000004,0.000116
9.254000,0.000003,0.000116
9.255000,0.000002,0.000116
9.256000,0.000002,0.000116
9.257000,0.000002,0.000117
9.258000,0.000003,0.000117
9.259000,0.000003,0.000118
9.260000,0.000003,0.000117
9.261000,0.000003,0.000118
9.262000,0.000004,0.000118
9.263000,0.000004,0.000119
9.264000,0.000004,0.000118
9.265000,0.000005,0.000119
9.266000,0.000005,0.000118
9.267000,0.000004,0.000118
9.268000,0.000005,0.000117
9.269000,0.000004,0.000117
9.270000,0.000004,0.000118
9.271000,0.000004,0.000117
9.272000,0.000006,0.000117
9.273000,0.000007,0.000117
9.274000,0.000008,0.000117
9.275000,0.000008,0.000117
9.276000,0.000008,0.000118
9.277000,0.000008,0.000118
9.278000,0.000008,0.000118
9.279000,0.000009,0.000117
9.280000,0.000008,0.000118
9.281000,0.000009,0.000117
9.282000,0.000008,0.000119
9.283000,0.000008,0.000118
9.284000,0.000009,0.000118
9.285000,0.000010,0.000118
9.286000,0.000011,0.000118
9.287000,0.000011,0.000118
9.288000,0.000011,0.000118
9.289000,0.000010,0.000119
9.290000,0.000012,0.000118
9.291000,0.000010,0.000119
9.292000,0.000012,0.000118
9.293000,0.000011,0.000119
9.294000,0.000011,0.000119
9.295000,0.000011,0.000119
9.296000,0.000012,0.000119
9.297000,0.000013,0.000119
9.298000,0.000014,0.000119
9.299000,0.000013,0.000119
9.300000,0.000013,0.000119
9.301000,0.000012,0.000119
9.302000,0.000011,0.000120
9.303000,0.000009,0.000119
9.304000,0.000008,0.000120
9.305000,0.000009,0.000119
9.306000,0.000010,0.000119
9.307000,0.000010,0.000120
9.308000,0.000011,0.000119
9.309000,0.000012,0.000119
9.310000,0.000011,0.000119
9.311000,0.000012,0.000119
9.312000,0.000013,0.000119
9.313000,0.000013,0.000119
9.314000,0.000012,0.000119
9.315000,0.000012,0.000118
9.316000,0.000012,0.000119
9.317000,0.000012,0.000118
9.318000,0.000012,0.000118
9.319000,0.000011,0.000118
9.320000,0.000011,0.000118
9.321000,0.000011,0.000118
9.322000,0.000009,0.000118
9.323000,0.000010,0.000118
9.324000,0.000011,0.000119
9.325000,0.000011,0.000119
9.326000,0.000012,0.000119
9.327000,0.000012,0.000119
9.328000,0.000013,0.000119
9.329000,0.000012,0.000118
9.330000,0.000013,0.000119
9.331000,0.000013,0.000119
9.332000,0.000014,0.000119
9.333000,0.000014,0.000120
9.334000,0.000014,0.000120
9.335000,0.000013,0.000120
9.336000,0.000013,0.000120
9.337000,0.000013,0.000121
9.338000,0.000013,0.000120
9.339000,0.000014,0.000120
9.340000,0.000015,0.000120
9.341000,0.000016,0.000120
9.342000,0.000016,0.000119
9.343000,0.000016,0.000119
9.344000,0.000016,0.000119
9.345000,0.000016,0.000119
9.346000,0.000016,0.000119
9.347000,0.000016,0.000118
9.348000,0.000016,0.000119
9.349000,0.000017,0.000119
9.350000,0.000017,0.000120
9.351000,0.000017,0.000119
9.352000,0.000018,0.000120
9.353000,0.000018,0.000120
9.354000,0.000019,0.000119
9.355000,0.000020,0.000119
9.356000,0.000021,0.000120
9.357000,0.000021,0.000119
9.358000,0.000021,0.000119
9.359000,0.000022,0.000119
9.360000,0.000022,0.000118
9.361000,0.000023,0.000118
9.362000,0.000022,0.000118
9.363000,0.000022,0.000118
9.364000,0.000022,0.000117
9.365000,0.000023,0.000118
9.366000,0.000022,0.000118
9.367000,0.000023,0.000119
9.368000,0.000024,0.000119
9.369000,0.000023,0.000119
9.370000,0.000024,0.000119
9.371000,0.000023,0.000120
9.372000,0.000023,0.000120
9.373000,0.000022,0.000121
9.374000,0.000022,0.000121
9.375000,0.000022,0.000121
9.376000,0.000023,0.000120
9.377000,0.000023,0.000120
9.378000,0.000023,0.000120
9.379000,0.000022,0.000119
9.380000,0.000023,0.000120
9.381000,0.000023,0.000120
9.382000,0.000024,0.000120
9.383000,0.000024,0.000120
9.384000,0.000024,0.000120
9.385000,0.000024,0.000120
9.386000,0.000023,0.000120
9.387000,0.000024,0.000120
9.388000,0.000024,0.000120
9.389000,0.000025,0.000119
9.390000,0.000025,0.000119
9.391000,0.000025,0.000119
9.392000,0.000025,0.000119
9.393000,0.000026,0.000119
9.394000,0.000028,0.000118
9.395000,0.000027,0.000118
9.396000,0.000027,0.000118
9.397000,0.000027,0.000119
9.398000,0.000027,0.000118
9.399000,0.000026,0.000119
9.400000,0.000026,0.000118
9.401000,0.000026,0.000118
9.402000,0.000027,0.000119
9.403000,0.000027,0.000118
9.404000,0.000028,0.000119
9.405000,0.000027,0.000118
9.406000,0.000027,0.000118
9.407000,0.000028,0.000118
9.408000,0.000028,0.000119
9.409000,0.000029,0.000118
9.410000,0.000029,0.000118
9.411000,0.000029,0.000118
9.412000,0.000028,0.000117
9.413000,0.000028,0.000118
9.414000,0.000029,0.000117
9.415000,0.000029,0.000118
9.416000,0.000030,0.000117
9.417000,0.000030,0.000118
9.418000,0.000030,0.000117
9.419000,0.000030,0.000118
9.420000,0.000030,0.000118
9.421000,0.000031,0.000119
9.422000,0.000031,0.000118
9.423000,0.000032,0.000117
9.424000,0.000032,0.000117
9.425000,0.000032,0.000117
9.426000,0.000032,0.000118
9.427000,0.000033,0.000118
9.428000,0.000032,0.000118
9.429000,0.000032,0.000118
9.430000,0.000032,0.000118
9.431000,0.000033,0.000118
9.432000,0.000033,0.000118
9.433000,0.000034,0.000118
9.434000,0.000033,0.000118
9.435000,0.000033,0.000119
9.436000,0.000034,0.000118
9.437000,0.000033,0.000118
9.438000,0.000033,0.000118
9.439000,0.000032,0.000120
9.440000,0.000032,0.000119
9.441000,0.000032,0.000120
9.442000,0.000033,0.000120
9.443000,0.000033,0.000121
9.444000,0.000034,0.000121
9.445000,0.000035,0.000122
9.446000,0.000036,0.000121
9.447000,0.000037,0.000121
9.448000,0.000040,0.000121
9.449000,0.000044,0.000120
9.450000,0.000048,0.000120
9.451000,0.000049,0.000121
9.452000,0.000048,0.000120
9.453000,0.000049,0.000120
9.454000,0.000049,0.000121
9.455000,0.000049,0.000121
9.456000,0.000049,0.000121
9.457000,0.000050,0.000121
9.458000,0.000050,0.000121
9.459000,0.000050,0.000121
9.460000,0.000050,0.000121
9.461000,0.000051,0.000121
9.462000,0.000050,0.000122
9.463000,0.000051,0.000121
9.464000,0.000051,0.000122
9.465000,0.000051,0.000121
9.466000,0.000051,0.000121
9.467000,0.000052,0.000120
9.468000,0.000051,0.000120
9.469000,0.000052,0.000119
9.470000,0.000052,0.000119
9.471000,0.000053,0.000119
9.472000,0.000054,0.000118
9.473000,0.000054,0.000118
9.474000,0.000054,0.000118
9.475000,0.000054,0.000118
9.476000,0.000055,0.000118
9.477000,0.000055,0.000119
9.478000,0.000056,0.000119
9.479000,0.000056,0.000120
9.480000,0.000057,0.000119
9.481000,0.000057,0.000119
9.482000,0.000058,0.000119
9.483000,0.000059,0.000120
9.484000,0.000059,0.000120
9.485000,0.000060,0.000120
9.486000,0.000061,0.000119
9.487000,0.000061,0.000119
9.488000,0.000061,0.000119
9.489000,0.000062,0.000120
9.490000,0.000062,0.000120
9.491000,0.000063,0.000120
9.492000,0.000063,0.000121
9.493000,0.000064,0.000120
9.494000,0.000062,0.000121
9.495000,0.000064,0.000121
9.496000,0.000064,0.000121
9.497000,0.000064,0.000121
9.498000,0.000064,0.000121
9.499000,0.000065,0.000120
9.450000,0.000048,0.000120
9.451000,0.000050,0.000120
9.452000,0.000053,0.000119
9.453000,0.000056,0.000119
9.454000,0.000055,0.000120
9.455000,0.000054,0.000119
9.456000,0.000054,0.000119
9.457000,0.000055,0.000119
9.458000,0.000054,0.000120
9.459000,0.000053,0.000119
9.460000,0.000056,0.000121
9.461000,0.000056,0.000120
9.462000,0.000056,0.000121
9.463000,0.000056,0.000120
9.464000,0.000056,0.000121
9.465000,0.000057,0.000120
9.466000,0.000057,0.000120
9.467000,0.000057,0.000120
9.468000,0.000057,0.000119
9.469000,0.000057,0.000119
9.470000,0.000055,0.000118
9.471000,0.000055,0.000118
9.472000,0.000054,0.000116
9.473000,0.000053,0.000117
9.474000,0.000052,0.000117
9.475000,0.000052,0.000117
9.476000,0.000054,0.000116
9.477000,0.000056,0.000117
9.478000,0.000059,0.000116
9.479000,0.000060,0.000117
9.480000,0.000061,0.000117
9.481000,0.000060,0.000117
9.482000,0.000061,0.000117
9.483000,0.000062,0.000118
9.484000,0.000065,0.000118
9.485000,0.000065,0.000118
9.486000,0.000066,0.000118
9.487000,0.000068,0.000118
9.488000,0.000069,0.000117
9.489000,0.000071,0.000118
9.490000,0.000073,0.000118
9.491000,0.000075,0.000118
9.492000,0.000074,0.000118
9.493000,0.000074,0.000118
9.494000,0.000073,0.000119
9.495000,0.000073,0.000118
9.496000,0.000072,0.000118
9.497000,0.000072,0.000118
9.498000,0.000071,0.000117
9.499000,0.000071,0.000117
9.500000,0.000070,0.000117
9.501000,0.000071,0.000117
9.502000,0.000071,0.000116
9.503000,0.000073,0.000117
9.504000,0.000074,0.000117
9.505000,0.000076,0.000118
9.506000,0.000077,0.000118
9.507000,0.000077,0.000118
9.508000,0.000077,0.000118
9.509000,0.000076,0.000118
9.510000,0.000076,0.000119
9.511000,0.000076,0.000118
9.512000,0.000076,0.000119
9.513000,0.000077,0.000118
9.514000,0.000077,0.000120
9.515000,0.000078,0.000119
9.516000,0.000080,0.000119
9.517000,0.000081,0.000119
9.518000,0.000083,0.000119
9.519000,0.000084,0.000118
9.520000,0.000086,0.000117
9.521000,0.000087,0.000117
9.522000,0.000088,0.000118
9.523000,0.000089,0.000119
9.524000,0.000089,0.000118
9.525000,0.000089,0.000118
9.526000,0.000089,0.000118
9.527000,0.000089,0.000117
9.528000,0.000089,0.000118
9.529000,0.000089,0.000118
9.530000,0.000090,0.000118
9.531000,0.000090,0.000118
9.532000,0.000089,0.000119
9.533000,0.000090,0.000118
9.534000,0.000090,0.000119
9.535000,0.000091,0.000118
9.536000,0.000091,0.000118
9.537000,0.000092,0.000118
9.538000,0.000093,0.000118
9.539000,0.000094,0.000117
9.540000,0.000094,0.000117
9.541000,0.000095,0.000117
9.542000,0.000096,0.000116
9.543000,0.000097,0.000116
9.544000,0.000097,0.000115
9.545000,0.000098,0.000115
9.546000,0.000098,0.000115
9.547000,0.000098,0.000115
9.548000,0.000096,0.000115
9.549000,0.000092,0.000116
9.550000,0.000088,0.000116
9.551000,0.000087,0.000117
9.552000,0.000084,0.000117
9.553000,0.000082,0.000117
9.554000,0.000083,0.000117
9.555000,0.000085,0.000117
9.556000,0.000085,0.000117
9.557000,0.000086,0.000117
9.558000,0.000087,0.000117
9.559000,0.000088,0.000117
9.560000,0.000087,0.000116
9.561000,0.000087,0.000116
9.562000,0.000088,0.000116
9.563000,0.000089,0.000117
9.564000,0.000090,0.000116
9.565000,0.000090,0.000116
9.566000,0.000092,0.000117
9.567000,0.000093,0.000116
9.568000,0.000093,0.000116
9.569000,0.000095,0.000116
9.570000,0.000098,0.000116
9.571000,0.000099,0.000117
9.572000,0.000101,0.000118
9.573000,0.000102,0.000117
9.574000,0.000103,0.000118
9.575000,0.000103,0.000118
9.576000,0.000102,0.000118
9.577000,0.000100,0.000119
9.578000,0.000098,0.000119
9.579000,0.000100,0.000119
9.580000,0.000100,0.000119
9.581000,0.000102,0.000118
9.582000,0.000102,0.000118
9.583000,0.000102,0.000119
9.584000,0.000100,0.000118
9.585000,0.000101,0.000119
9.586000,0.000102,0.000119
9.587000,0.000101,0.000119
9.588000,0.000100,0.000119
9.589000,0.000100,0.000119
9.590000,0.000099,0.000119
9.591000,0.000098,0.000119
9.592000,0.000099,0.000119
9.593000,0.000100,0.000119
9.594000,0.000101,0.000119
9.595000,0.000103,0.000118
9.596000,0.000104,0.000119
9.597000,0.000105,0.000119
9.598000,0.000106,0.000119
9.599000,0.000108,0.000119
9.600000,0.000108,0.000119
9.601000,0.000109,0.000119
9.602000,0.000109,0.000119
9.603000,0.000109,0.000119
9.604000,0.000109,0.000119
9.605000,0.000109,0.000120
9.606000,0.000109,0.000119
9.607000,0.000110,0.000119
9.608000,0.000111,0.000118
9.609000,0.000112,0.000119
9.610000,0.000113,0.000119
9.611000,0.000114,0.000119
9.612000,0.000114,0.000119
9.613000,0.000115,0.000119
9.614000,0.000115,0.000118
9.615000,0.000116,0.000120
9.616000,0.000115,0.000119
9.617000,0.000115,0.000119
9.618000,0.000114,0.000119
9.619000,0.000114,0.000119
9.620000,0.000114,0.000120
9.621000,0.000113,0.000120
9.622000,0.000113,0.000119
9.623000,0.000113,0.000119
9.624000,0.000113,0.000119
9.625000,0.000114,0.000119
9.626000,0.000115,0.000119
9.627000,0.000115,0.000119
9.628000,0.000116,0.000118
9.629000,0.000117,0.000117
9.630000,0.000119,0.000117
9.631000,0.000119,0.000118
9.632000,0.000121,0.000118
9.633000,0.000121,0.000118
9.634000,0.000123,0.000118
9.635000,0.000124,0.000118
9.636000,0.000125,0.000118
9.637000,0.000125,0.000118
9.638000,0.000126,0.000118
9.639000,0.000125,0.000118
9.640000,0.000126,0.000118
9.641000,0.000125,0.000118
9.642000,0.000126,0.000118
9.643000,0.000125,0.000119
9.644000,0.000126,0.000119
9.645000,0.000127,0.000119
9.646000,0.000126,0.000119
9.647000,0.000127,0.000119
9.648000,0.000127,0.000119
9.649000,0.000128,0.000118
9.650000,0.000128,0.000118
9.651000,0.000129,0.000118
9.652000,0.000128,0.000117
9.653000,0.000129,0.000117
9.654000,0.000131,0.000118
9.655000,0.000131,0.000118
9.656000,0.000132,0.000117
9.657000,0.000132,0.000117
9.658000,0.000133,0.000118
9.659000,0.000134,0.000118
9.660000,0.000134,0.000118
9.661000,0.000135,0.000118
9.662000,0.000135,0.000118
9.663000,0.000135,0.000118
9.664000,0.000135,0.000118
9.665000,0.000135,0.000118
9.666000,0.000134,0.000117
9.667000,0.000134,0.000118
9.668000,0.000133,0.000118
9.669000,0.000134,0.000119
9.670000,0.000134,0.000119
9.671000,0.000134,0.000119
9.672000,0.000135,0.000119
9.673000,0.000136,0.000118
9.674000,0.000137,0.000117
9.675000,0.000138,0.000117
9.676000,0.000139,0.000117
9.677000,0.000140,0.000117
9.678000,0.000139,0.000117
9.679000,0.000139,0.000117
9.680000,0.000139,0.000117
9.681000,0.000139,0.000118
9.682000,0.000139,0.000118
9.683000,0.000139,0.000117
9.684000,0.000139,0.000117
9.685000,0.000140,0.000117
9.686000,0.000140,0.000117
9.687000,0.000140,0.000117
9.688000,0.000140,0.000117
9.689000,0.000139,0.000116
9.690000,0.000139,0.000116
9.691000,0.000139,0.000116
9.692000,0.000139,0.000117
9.693000,0.000139,0.000116
9.694000,0.000139,0.000116
9.695000,0.000140,0.000117
9.696000,0.000140,0.000117
9.697000,0.000141,0.000117
9.698000,0.000141,0.000116
9.699000,0.000141,0.000116
9.700000,0.000142,0.000116
9.701000,0.000142,0.000116
9.702000,0.000143,0.000117
9.703000,0.000143,0.000117
9.704000,0.000143,0.000116
9.705000,0.000142,0.000117
9.706000,0.000142,0.000116
9.707000,0.000142,0.000117
9.708000,0.000142,0.000118
9.709000,0.000143,0.000117
9.710000,0.000143,0.000117
9.711000,0.000144,0.000117
9.712000,0.000143,0.000116
9.713000,0.000143,0.000115
9.714000,0.000144,0.000116
9.715000,0.000145,0.000115
9.716000,0.000144,0.000117
9.717000,0.000145,0.000117
9.718000,0.000145,0.000118
9.719000,0.000145,0.000118
9.720000,0.000145,0.000118
9.721000,0.000145,0.000118
9.722000,0.000145,0.000118
9.723000,0.000145,0.000118
9.724000,0.000145,0.000118
9.725000,0.000146,0.000119
9.726000,0.000146,0.000119
9.727000,0.000146,0.000120
9.728000,0.000146,0.000119
9.729000,0.000146,0.000120
9.730000,0.000146,0.000120
9.731000,0.000146,0.000120
9.732000,0.000146,0.000119
9.733000,0.000146,0.000119
9.734000,0.000145,0.000119
9.735000,0.000144,0.000118
9.736000,0.000144,0.000119
9.737000,0.000144,0.000119
9.738000,0.000144,0.000120
9.739000,0.000145,0.000120
9.740000,0.000145,0.000121
9.741000,0.000146,0.000121
9.742000,0.000146,0.000121
9.743000,0.000146,0.000120
9.744000,0.000146,0.000120
9.745000,0.000146,0.000120
9.746000,0.000146,0.000120
9.747000,0.000146,0.000120
9.748000,0.000145,0.000120
9.749000,0.000146,0.000120
9.750000,0.000146,0.000120
9.751000,0.000145,0.000120
9.752000,0.000146,0.000120
9.753000,0.000146,0.000121
9.754000,0.000145,0.000121
9.755000,0.000145,0.000122
9.756000,0.000146,0.000121
9.757000,0.000144,0.000121
9.758000,0.000144,0.000121
9.759000,0.000144,0.000122
9.760000,0.000144,0.000121
9.761000,0.000143,0.000122
9.762000,0.000143,0.000121
9.763000,0.000143,0.000122
9.764000,0.000144,0.000122
9.765000,0.000144,0.000122
9.766000,0.000144,0.000122
9.767000,0.000144,0.000121
9.768000,0.000145,0.000121
9.769000,0.000144,0.000120
9.770000,0.000144,0.000120
9.771000,0.000144,0.000119
9.772000,0.000144,0.000120
9.773000,0.000144,0.000120
9.774000,0.000144,0.000121
9.775000,0.000144,0.000120
9.776000,0.000143,0.000122
9.777000,0.000144,0.000121
9.778000,0.000143,0.000121
9.779000,0.000143,0.000120
9.780000,0.000144,0.000121
9.781000,0.000144,0.000120
9.782000,0.000143,0.000121
9.783000,0.000143,0.000121
9.784000,0.000143,0.000120
9.785000,0.000143,0.000120
9.786000,0.000142,0.000120
9.787000,0.000142,0.000120
9.788000,0.000142,0.000119
9.789000,0.000142,0.000120
9.790000,0.000143,0.000120
9.791000,0.000143,0.000121
9.792000,0.000143,0.000120
9.793000,0.000143,0.000121
9.794000,0.000143,0.000120
9.795000,0.000143,0.000119
9.796000,0.000144,0.000120
9.797000,0.000142,0.000120
9.798000,0.000144,0.000120
9.799000,0.000145,0.000120
9.800000,0.000145,0.000121
9.801000,0.000145,0.000120
9.802000,0.000145,0.000121
9.803000,0.000145,0.000120
9.804000,0.000144,0.000120
9.805000,0.000145,0.000120
9.806000,0.000144,0.000120
9.807000,0.000144,0.000121
9.808000,0.000145,0.000120
9.809000,0.000145,0.000121
9.810000,0.000144,0.000120
9.811000,0.000144,0.000121
9.812000,0.000145,0.000121
9.813000,0.000145,0.000122
9.814000,0.000145,0.000122
9.815000,0.000144,0.000121
9.816000,0.000144,0.000121
9.817000,0.000144,0.000120
9.818000,0.000144,0.000121
9.819000,0.000144,0.000121
9.820000,0.000144,0.000120
9.821000,0.000144,0.000120
9.822000,0.000144,0.000120
9.823000,0.000144,0.000120
9.824000,0.000144,0.000120
9.825000,0.000144,0.000119
9.826000,0.000143,0.000119
9.827000,0.000143,0.000119
9.828000,0.000144,0.000120
9.829000,0.000144,0.000120
9.830000,0.000144,0.000120
9.831000,0.000143,0.000120
9.832000,0.000143,0.000120
9.833000,0.000143,0.000120
9.834000,0.000143,0.000119
9.835000,0.000143,0.000120
9.836000,0.000143,0.000119
9.837000,0.000142,0.000119
9.838000,0.000142,0.000119
9.839000,0.000141,0.000119
9.840000,0.000141,0.000119
9.841000,0.000140,0.000118
9.842000,0.000139,0.000119
9.843000,0.000139,0.000118
9.844000,0.000139,0.000119
9.845000,0.000139,0.000120
9.846000,0.000138,0.000120
9.847000,0.000138,0.000120
9.848000,0.000138,0.000120
9.849000,0.000139,0.000120
9.850000,0.000139,0.000120
9.851000,0.000139,0.000120
9.852000,0.000138,0.000120
9.853000,0.000138,0.000120
9.854000,0.000139,0.000120
9.855000,0.000138,0.000120
9.856000,0.000138,0.000120
9.857000,0.000139,0.000120
9.858000,0.000139,0.000120
9.859000,0.000139,0.000120
9.860000,0.000139,0.000120
9.861000,0.000140,0.000119
9.862000,0.000140,0.000119
9.863000,0.000140,0.000120
9.864000,0.000140,0.000120
9.865000,0.000140,0.000120
9.866000,0.000140,0.000120
9.867000,0.000140,0.000121
9.868000,0.000140,0.000121
9.869000,0.000141,0.000120
9.870000,0.000141,0.000120
9.871000,0.000141,0.000121
9.872000,0.000140,0.000121
9.873000,0.000141,0.000121
9.874000,0.000141,0.000120
9.875000,0.000140,0.000120
9.876000,0.000141,0.000120
9.877000,0.000141,0.000120
9.878000,0.000141,0.000121
9.879000,0.000141,0.000120
9.880000,0.000141,0.000120
9.881000,0.000141,0.000120
9.882000,0.000142,0.000120
9.883000,0.000142,0.000119
9.884000,0.000142,0.000121
9.885000,0.000143,0.000120
9.886000,0.000144,0.000121
9.887000,0.000143,0.000121
9.888000,0.000144,0.000121
9.889000,0.000144,0.000121
9.890000,0.000144,0.000121
9.891000,0.000144,0.000122
9.892000,0.000144,0.000122
9.893000,0.000144,0.000123
9.894000,0.000145,0.000122
9.895000,0.000145,0.000122
9.896000,0.000145,0.000122
9.897000,0.000144,0.000123
9.898000,0.000143,0.000122
9.899000,0.000143,0.000122
9.900000,0.000143,0.000122
9.901000,0.000143,0.000122
9.902000,0.000143,0.000122
9.903000,0.000143,0.000122
9.904000,0.000144,0.000123
9.905000,0.000145,0.000122
9.906000,0.000145,0.000122
9.907000,0.000145,0.000121
9.908000,0.000145,0.000120
9.909000,0.000144,0.000120
9.910000,0.000144,0.000120
9.911000,0.000144,0.000120
9.912000,0.000144,0.000120
9.913000,0.000143,0.000121
9.914000,0.000143,0.000120
9.915000,0.000143,0.000121
9.916000,0.000144,0.000120
9.917000,0.000144,0.000121
9.918000,0.000145,0.000120
9.919000,0.000144,0.000120
9.920000,0.000144,0.000121
9.921000,0.000144,0.000120
9.922000,0.000144,0.000121
9.923000,0.000143,0.000120
9.924000,0.000144,0.000121
9.925000,0.000144,0.000121
9.926000,0.000144,0.000122
9.927000,0.000145,0.000122
9.928000,0.000145,0.000121
9.929000,0.000145,0.000120
9.930000,0.000145,0.000120
9.931000,0.000145,0.000121
9.932000,0.000145,0.000121
9.933000,0.000144,0.000122
9.934000,0.000145,0.000122
9.935000,0.000145,0.000122
9.936000,0.000146,0.000122
9.937000,0.000146,0.000122
9.938000,0.000147,0.000122
9.939000,0.000147,0.000122
9.940000,0.000147,0.000121
9.941000,0.000149,0.000122
9.942000,0.000150,0.000122
9.943000,0.000149,0.000122
9.944000,0.000150,0.000122
9.945000,0.000150,0.000121
9.946000,0.000150,0.000122
9.947000,0.000150,0.000121
9.948000,0.000149,0.000121
9.949000,0.000149,0.000121
9.950000,0.000149,0.000122
9.951000,0.000149,0.000122
9.952000,0.000149,0.000122
9.953000,0.000149,0.000122
9.954000,0.000149,0.000122
9.955000,0.000150,0.000121
9.956000,0.000150,0.000122
9.957000,0.000150,0.000122
9.958000,0.000150,0.000122
9.959000,0.000149,0.000122
9.960000,0.000150,0.000123
9.961000,0.000150,0.000122
9.962000,0.000149,0.000122
9.963000,0.000149,0.000122
9.964000,0.000149,0.000122
9.965000,0.000149,0.000121
9.966000,0.000149,0.000121
9.967000,0.000149,0.000121
9.968000,0.000149,0.000121
9.969000,0.000149,0.000122
9.970000,0.000150,0.000122
9.971000,0.000150,0.000122
9.972000,0.000150,0.000121
9.973000,0.000150,0.000122
9.974000,0.000149,0.000122
9.975000,0.000150,0.000123
9.976000,0.000150,0.000123
9.977000,0.000150,0.000123
9.978000,0.000150,0.000122
9.979000,0.000150,0.000123
9.980000,0.000150,0.000122
9.981000,0.000150,0.000123
9.982000,0.000149,0.000123
9.983000,0.000149,0.000124
9.984000,0.000149,0.000122
9.985000,0.000149,0.000122
9.986000,0.000148,0.000122
9.987000,0.000149,0.000122
9.988000,0.000148,0.000122
9.989000,0.000148,0.000122
9.990000,0.000147,0.000123
9.991000,0.000148,0.000122
9.992000,0.000147,0.000122
9.993000,0.000148,0.000121
9.994000,0.000147,0.000122
9.995000,0.000148,0.000123
9.996000,0.000147,0.000122
9.997000,0.000148,0.000122
9.998000,0.000148,0.000121
9.999000,0.000147,0.000123
9.950000,0.000149,0.000122
9.951000,0.000149,0.000121
9.952000,0.000148,0.000122
9.953000,0.000149,0.000122
9.954000,0.000149,0.000122
9.955000,0.000150,0.000122
9.956000,0.000150,0.000123
9.957000,0.000151,0.000121
9.958000,0.000151,0.000122
9.959000,0.000150,0.000122
9.960000,0.000151,0.000123
9.961000,0.000151,0.000123
9.962000,0.000151,0.000122
9.963000,0.000150,0.000121
9.964000,0.000150,0.000121
9.965000,0.000150,0.000121
9.966000,0.000150,0.000121
9.967000,0.000150,0.000121
9.968000,0.000150,0.000120
9.969000,0.000150,0.000121
9.970000,0.000150,0.000120
9.971000,0.000150,0.000120
9.972000,0.000150,0.000120
9.973000,0.000150,0.000121
9.974000,0.000150,0.000121
9.975000,0.000150,0.000122
9.976000,0.000150,0.000122
9.977000,0.000150,0.000122
9.978000,0.000151,0.000122
9.979000,0.000150,0.000123
9.980000,0.000150,0.000122
9.981000,0.000150,0.000123
9.982000,0.000149,0.000122
9.983000,0.000149,0.000122
9.984000,0.000149,0.000121
9.985000,0.000149,0.000121
9.986000,0.000148,0.000121
9.987000,0.000148,0.000120
9.988000,0.000148,0.000121
9.989000,0.000148,0.000120
9.990000,0.000147,0.000120
9.991000,0.000148,0.000120
9.992000,0.000147,0.000120
9.993000,0.000148,0.000120
9.994000,0.000148,0.000120
9.995000,0.000148,0.000119
9.996000,0.000147,0.000119
9.997000,0.000147,0.000119
9.998000,0.000148,0.000118
9.999000,0.000147,0.000119
10.000000,0.000146,0.000118
10.001000,0.000146,0.000119
10.002000,0.000146,0.000119
10.003000,0.000146,0.000119
10.004000,0.000146,0.000119
10.005000,0.000145,0.000119
10.006000,0.000145,0.000120
10.007000,0.000145,0.000120
10.008000,0.000145,0.000121
10.009000,0.000145,0.000120
10.010000,0.000145,0.000121
10.011000,0.000146,0.000120
10.012000,0.000145,0.000121
10.013000,0.000146,0.000120
10.014000,0.000145,0.000120
10.015000,0.000146,0.000120
10.016000,0.000145,0.000120
10.017000,0.000145,0.000119
10.018000,0.000145,0.000119
10.019000,0.000145,0.000120
10.020000,0.000144,0.000118
10.021000,0.000144,0.000119
10.022000,0.000145,0.000118
10.023000,0.000145,0.000119
10.024000,0.000145,0.000118
10.025000,0.000145,0.000118
10.026000,0.000145,0.000117
10.027000,0.000145,0.000117
10.028000,0.000145,0.000117
10.029000,0.000145,0.000117
10.030000,0.000144,0.000118
10.031000,0.000145,0.000117
10.032000,0.000145,0.000117
10.033000,0.000146,0.000116
10.034000,0.000145,0.000117
10.035000,0.000145,0.000116
10.036000,0.000145,0.000115
10.037000,0.000145,0.000116
10.038000,0.000145,0.000116
10.039000,0.000145,0.000116
10.040000,0.000145,0.000115
10.041000,0.000144,0.000116
10.042000,0.000144,0.000116
10.043000,0.000144,0.000117
10.044000,0.000143,0.000116
10.045000,0.000143,0.000117
10.046000,0.000143,0.000116
10.047000,0.000143,0.000117
10.048000,0.000144,0.000117
10.049000,0.000144,0.000118
10.050000,0.000144,0.000117
10.051000,0.000144,0.000117
10.052000,0.000144,0.000116
10.053000,0.000143,0.000117
10.054000,0.000143,0.000117
10.055000,0.000143,0.000116
10.056000,0.000143,0.000116
10.057000,0.000142,0.000116
10.058000,0.000142,0.000117
10.059000,0.000142,0.000116
10.060000,0.000142,0.000116
10.061000,0.000142,0.000115
10.062000,0.000142,0.000117
10.063000,0.000143,0.000116
10.064000,0.000143,0.000117
10.065000,0.000144,0.000116
10.066000,0.000143,0.000117
10.067000,0.000143,0.000117
10.068000,0.000143,0.000117
10.069000,0.000143,0.000117
10.070000,0.000143,0.000118
10.071000,0.000142,0.000118
10.072000,0.000142,0.000117
10.073000,0.000142,0.000117
10.074000,0.000142,0.000117
10.075000,0.000143,0.000117
10.076000,0.000143,0.000116
10.077000,0.000142,0.000116
10.078000,0.000141,0.000116
10.079000,0.000141,0.000116
10.080000,0.000141,0.000116
10.081000,0.000141,0.000117
10.082000,0.000141,0.000117
10.083000,0.000141,0.000118
10.084000,0.000141,0.000118
10.085000,0.000141,0.000119
10.086000,0.000142,0.000118
10.087000,0.000142,0.000119
10.088000,0.000142,0.000119
10.089000,0.000143,0.000119
10.090000,0.000143,0.000120
10.091000,0.000143,0.000119
10.092000,0.000142,0.000120
10.093000,0.000142,0.000119
10.094000,0.000142,0.000119
10.095000,0.000142,0.000120
10.096000,0.000141,0.000120
10.097000,0.000142,0.000120
10.098000,0.000141,0.000120
10.099000,0.000142,0.000120
10.100000,0.000142,0.000120
10.101000,0.000143,0.000120
10.102000,0.000144,0.000119
10.103000,0.000144,0.000119
10.104000,0.000144,0.000119
10.105000,0.000144,0.000119
10.106000,0.000144,0.000119
10.107000,0.000144,0.000119
10.108000,0.000144,0.000119
10.109000,0.000145,0.000119
10.110000,0.000145,0.000118
10.111000,0.000145,0.000118
10.112000,0.000145,0.000118
10.113000,0.000145,0.000117
10.114000,0.000144,0.000118
10.115000,0.000144,0.000118
10.116000,0.000145,0.000118
10.117000,0.000145,0.000119
10.118000,0.000145,0.000118
10.119000,0.000145,0.000118
10.120000,0.000146,0.000118
10.121000,0.000146,0.000118
10.122000,0.000146,0.000118
10.123000,0.000147,0.000118
10.124000,0.000147,0.000118
10.125000,0.000147,0.000118
10.126000,0.000147,0.000118
10.127000,0.000147,0.000118
10.128000,0.000146,0.000118
10.129000,0.000146,0.000118
10.130000,0.000146,0.000118
10.131000,0.000146,0.000118
10.132000,0.000147,0.000118
10.133000,0.000146,0.000118
10.134000,0.000146,0.000118
10.135000,0.000146,0.000118
10.136000,0.000146,0.000120
10.137000,0.000146,0.000119
10.138000,0.000146,0.000119
10.139000,0.000147,0.000119
10.140000,0.000146,0.000118
10.141000,0.000147,0.000118
10.142000,0.000146,0.000117
10.143000,0.000146,0.000117
10.144000,0.000146,0.000117
10.145000,0.000146,0.000117
10.146000,0.000147,0.000117
10.147000,0.000146,0.000116
10.148000,0.000146,0.000115
10.149000,0.000146,0.000115
10.150000,0.000146,0.000115
10.151000,0.000147,0.000115
10.152000,0.000148,0.000115
10.153000,0.000147,0.000116
10.154000,0.000148,0.000115
10.155000,0.000148,0.000116
10.156000,0.000148,0.000116
10.157000,0.000147,0.000116
10.158000,0.000147,0.000115
10.159000,0.000147,0.000115
10.160000,0.000147,0.000115
10.161000,0.000146,0.000115
10.162000,0.000146,0.000115
10.163000,0.000146,0.000115
10.164000,0.000146,0.000115
10.165000,0.000145,0.000114
10.166000,0.000145,0.000114
10.167000,0.000145,0.000115
10.168000,0.000145,0.000115
10.169000,0.000146,0.000115
10.170000,0.000146,0.000116
10.171000,0.000147,0.000116
10.172000,0.000147,0.000116
10.173000,0.000147,0.000116
10.174000,0.000147,0.000117
10.175000,0.000147,0.000117
10.176000,0.000147,0.000117
10.177000,0.000148,0.000117
10.178000,0.000148,0.000116
10.179000,0.000149,0.000116
10.180000,0.000148,0.000116
10.181000,0.000148,0.000114
10.182000,0.000148,0.000114
10.183000,0.000148,0.000114
10.184000,0.000148,0.000112
10.185000,0.000148,0.000113
10.186000,0.000147,0.000113
10.187000,0.000147,0.000113
10.188000,0.000148,0.000114
10.189000,0.000147,0.000115
10.190000,0.000147,0.000114
10.191000,0.000146,0.000115
10.192000,0.000147,0.000114
10.193000,0.000146,0.000114
10.194000,0.000146,0.000114
10.195000,0.000146,0.000113
10.196000,0.000148,0.000113
10.197000,0.000148,0.000113
10.198000,0.000148,0.000114
10.199000,0.000148,0.000114
10.200000,0.000148,0.000115
10.201000,0.000147,0.000114
10.202000,0.000147,0.000114
10.203000,0.000146,0.000114
10.204000,0.000147,0.000114
10.205000,0.000147,0.000113
10.206000,0.000147,0.000114
10.207000,0.000147,0.000115
10.208000,0.000147,0.000114
10.209000,0.000146,0.000115
10.210000,0.000147,0.000115
10.211000,0.000147,0.000116
10.212000,0.000148,0.000116
10.213000,0.000148,0.000116
10.214000,0.000148,0.000116
10.215000,0.000147,0.000116
10.216000,0.000147,0.000116
10.217000,0.000147,0.000116
10.218000,0.000147,0.000117
10.219000,0.000147,0.000117
10.220000,0.000146,0.000117
10.221000,0.000146,0.000117
10.222000,0.000147,0.000118
10.223000,0.000146,0.000118
10.224000,0.000146,0.000118
10.225000,0.000146,0.000119
10.226000,0.000146,0.000119
10.227000,0.000146,0.000119
10.228000,0.000147,0.000119
10.229000,0.000147,0.000121
10.230000,0.000147,0.000120
10.231000,0.000146,0.000121
10.232000,0.000146,0.000120
10.233000,0.000146,0.000120
10.234000,0.000147,0.000120
10.235000,0.000147,0.000119
10.236000,0.000146,0.000118
10.237000,0.000146,0.000118
10.238000,0.000146,0.000118
10.239000,0.000146,0.000118
10.240000,0.000146,0.000119
10.241000,0.000146,0.000118
10.242000,0.000145,0.000119
10.243000,0.000146,0.000119
10.244000,0.000146,0.000120
10.245000,0.000146,0.000119
10.246000,0.000146,0.000121
10.247000,0.000147,0.000120
10.248000,0.000146,0.000121
10.249000,0.000146,0.000121
10.250000,0.000147,0.000121
10.251000,0.000146,0.000121
10.252000,0.000146,0.000121
10.253000,0.000146,0.000120
10.254000,0.000145,0.000120
10.255000,0.000145,0.000120
10.256000,0.000145,0.000120
10.257000,0.000145,0.000121
10.258000,0.000145,0.000120
10.259000,0.000145,0.000121
10.260000,0.000145,0.000120
10.261000,0.000145,0.000121
10.262000,0.000145,0.000121
10.263000,0.000145,0.000121
10.264000,0.000145,0.000120
10.265000,0.000145,0.000121
10.266000,0.000146,0.000120
10.267000,0.000145,0.000120
10.268000,0.000145,0.000120
10.269000,0.000145,0.000120
10.270000,0.000145,0.000119
10.271000,0.000145,0.000120
10.272000,0.000144,0.000120
10.273000,0.000144,0.000119
10.274000,0.000145,0.000119
10.275000,0.000145,0.000118
10.276000,0.000144,0.000118
10.277000,0.000144,0.000118
10.278000,0.000144,0.000119
10.279000,0.000144,0.000118
10.280000,0.000144,0.000118
10.281000,0.000145,0.000118
10.282000,0.000144,0.000119
10.283000,0.000144,0.000118
10.284000,0.000144,0.000119
10.285000,0.000144,0.000118
10.286000,0.000144,0.000118
10.287000,0.000144,0.000118
10.288000,0.000144,0.000117
10.289000,0.000145,0.000117
10.290000,0.000144,0.000116
10.291000,0.000145,0.000117
10.292000,0.000145,0.000116
10.293000,0.000145,0.000118
10.294000,0.000145,0.000118
10.295000,0.000144,0.000118
10.296000,0.000144,0.000119
10.297000,0.000144,0.000119
10.298000,0.000144,0.000119
10.299000,0.000144,0.000118
10.300000,0.000144,0.000118
10.301000,0.000143,0.000119
10.302000,0.000143,0.000119
10.303000,0.000143,0.000119
10.304000,0.000142,0.000120
10.305000,0.000143,0.000120
10.306000,0.000142,0.000120
10.307000,0.000142,0.000120
10.308000,0.000141,0.000119
10.309000,0.000142,0.000119
10.310000,0.000141,0.000119
10.311000,0.000141,0.000119
10.312000,0.000141,0.000119
10.313000,0.000141,0.000119
10.314000,0.000142,0.000119
10.315000,0.000142,0.000119
10.316000,0.000142,0.000119
10.317000,0.000142,0.000119
10.318000,0.000142,0.000118
10.319000,0.000142,0.000118
10.320000,0.000142,0.000118
10.321000,0.000142,0.000118
10.322000,0.000142,0.000118
10.323000,0.000143,0.000118
10.324000,0.000142,0.000118
10.325000,0.000143,0.000118
10.326000,0.000142,0.000117
10.327000,0.000141,0.000117
10.328000,0.000141,0.000117
10.329000,0.000141,0.000117
10.330000,0.000140,0.000117
10.331000,0.000141,0.000117
10.332000,0.000141,0.000116
10.333000,0.000141,0.000117
10.334000,0.000141,0.000117
10.335000,0.000141,0.000118
10.336000,0.000141,0.000118
10.337000,0.000142,0.000118
10.338000,0.000142,0.000118
10.339000,0.000141,0.000119
10.340000,0.000142,0.000119
10.341000,0.000142,0.000119
10.342000,0.000142,0.000119
10.343000,0.000142,0.000119
10.344000,0.000143,0.000119
10.345000,0.000142,0.000118
10.346000,0.000142,0.000118
10.347000,0.000142,0.000118
10.348000,0.000141,0.000117
10.349000,0.000142,0.000117
10.350000,0.000142,0.000117
10.351000,0.000142,0.000117
10.352000,0.000141,0.000117
10.353000,0.000142,0.000117
10.354000,0.000143,0.000117
10.355000,0.000142,0.000117
10.356000,0.000143,0.000117
10.357000,0.000143,0.000117
10.358000,0.000143,0.000118
10.359000,0.000142,0.000117
10.360000,0.000142,0.000117
10.361000,0.000141,0.000117
10.362000,0.000142,0.000117
10.363000,0.000143,0.000117
10.364000,0.000142,0.000118
10.365000,0.000143,0.000118
10.366000,0.000142,0.000117
10.367000,0.000142,0.000118
10.368000,0.000142,0.000117
10.369000,0.000142,0.000117
10.370000,0.000142,0.000118
10.371000,0.000141,0.000117
10.372000,0.000142,0.000117
10.373000,0.000142,0.000117
10.374000,0.000141,0.000117
10.375000,0.000141,0.000118
10.376000,0.000142,0.000118
10.377000,0.000141,0.000118
10.378000,0.000142,0.000118
10.379000,0.000142,0.000118
10.380000,0.000141,0.000118
10.381000,0.000142,0.000119
10.382000,0.000143,0.000119
10.383000,0.000142,0.000119
10.384000,0.000142,0.000119
10.385000,0.000141,0.000119
10.386000,0.000141,0.000120
10.387000,0.000141,0.000120
10.388000,0.000141,0.000121
10.389000,0.000141,0.000120
10.390000,0.000141,0.000120
10.391000,0.000141,0.000120
10.392000,0.000141,0.000120
10.393000,0.000141,0.000119
10.394000,0.000140,0.000119
10.395000,0.000141,0.000120
10.396000,0.000140,0.000118
10.397000,0.000140,0.000119
10.398000,0.000140,0.000118
10.399000,0.000141,0.000120
10.400000,0.000140,0.000119
10.401000,0.000141,0.000120
10.402000,0.000141,0.000119
10.403000,0.000141,0.000119
10.404000,0.000140,0.000119
10.405000,0.000140,0.000118
10.406000,0.000141,0.000119
10.407000,0.000142,0.000118
10.408000,0.000142,0.000120
10.409000,0.000143,0.000120
10.410000,0.000142,0.000120
10.411000,0.000142,0.000120
10.412000,0.000142,0.000120
10.413000,0.000142,0.000121
10.414000,0.000142,0.000119
10.415000,0.000142,0.000120
10.416000,0.000142,0.000119
10.417000,0.000142,0.000120
10.418000,0.000142,0.000120
10.419000,0.000142,0.000120
10.420000,0.000143,0.000120
10.421000,0.000143,0.000119
10.422000,0.000142,0.000118
10.423000,0.000142,0.000118
10.424000,0.000142,0.000118
10.425000,0.000142,0.000117
10.426000,0.000141,0.000119
10.427000,0.000142,0.000118
10.428000,0.000142,0.000118
10.429000,0.000143,0.000118
10.430000,0.000143,0.000118
10.431000,0.000143,0.000119
10.432000,0.000143,0.000119
10.433000,0.000143,0.000119
10.434000,0.000143,0.000118
10.435000,0.000143,0.000119
10.436000,0.000143,0.000118
10.437000,0.000143,0.000119
10.438000,0.000143,0.000119
10.439000,0.000143,0.000119
10.440000,0.000143,0.000118
10.441000,0.000142,0.000119
10.442000,0.000142,0.000119
10.443000,0.000142,0.000120
10.444000,0.000143,0.000120
10.445000,0.000142,0.000120
10.446000,0.000143,0.000120
10.447000,0.000143,0.000121
10.448000,0.000144,0.000121
10.449000,0.000143,0.000120
10.450000,0.000144,0.000121
10.451000,0.000143,0.000121
10.452000,0.000144,0.000121
10.453000,0.000143,0.000121
10.454000,0.000143,0.000121
10.455000,0.000143,0.000121
10.456000,0.000143,0.000121
10.457000,0.000143,0.000121
10.458000,0.000143,0.000121
10.459000,0.000144,0.000121
10.460000,0.000144,0.000122
10.461000,0.000145,0.000121
10.462000,0.000144,0.000122
10.463000,0.000144,0.000121
10.464000,0.000144,0.000121
10.465000,0.000144,0.000122
10.466000,0.000144,0.000122
10.467000,0.000144,0.000122
10.468000,0.000144,0.000122
10.469000,0.000144,0.000122
10.470000,0.000144,0.000122
10.471000,0.000145,0.000122
10.472000,0.000144,0.000122
10.473000,0.000145,0.000122
10.474000,0.000145,0.000122
10.475000,0.000145,0.000123
10.476000,0.000144,0.000122
10.477000,0.000145,0.000122
10.478000,0.000145,0.000122
10.479000,0.000144,0.000123
10.480000,0.000145,0.000123
10.481000,0.000145,0.000123
10.482000,0.000144,0.000122
10.483000,0.000144,0.000123
10.484000,0.000146,0.000122
10.485000,0.000146,0.000122
10.486000,0.000147,0.000122
10.487000,0.000146,0.000122
10.488000,0.000146,0.000121
10.489000,0.000145,0.000121
10.490000,0.000145,0.000122
10.491000,0.000146,0.000122
10.492000,0.000146,0.000123
10.493000,0.000148,0.000124
10.494000,0.000147,0.000124
10.495000,0.000147,0.000122
10.496000,0.000148,0.000124
10.497000,0.000149,0.000122
10.498000,0.000149,0.000123
10.499000,0.000149,0.000122
10.450000,0.000144,0.000121
10.451000,0.000143,0.000120
10.452000,0.000144,0.000121
10.453000,0.000143,0.000120
10.454000,0.000143,0.000120
10.455000,0.000144,0.000120
10.456000,0.000142,0.000120
10.457000,0.000143,0.000120
10.458000,0.000143,0.000121
10.459000,0.000144,0.000119
10.460000,0.000144,0.000120
10.461000,0.000145,0.000119
10.462000,0.000144,0.000120
10.463000,0.000143,0.000118
10.464000,0.000144,0.000119
10.465000,0.000144,0.000119
10.466000,0.000144,0.000120
10.467000,0.000144,0.000119
10.468000,0.000144,0.000119
10.469000,0.000144,0.000118
10.470000,0.000144,0.000118
10.471000,0.000144,0.000119
10.472000,0.000144,0.000117
10.473000,0.000145,0.000118
10.474000,0.000144,0.000118
10.475000,0.000145,0.000119
10.476000,0.000144,0.000117
10.477000,0.000143,0.000117
10.478000,0.000144,0.000116
10.479000,0.000143,0.000117
10.480000,0.000143,0.000117
10.481000,0.000143,0.000117
10.482000,0.000142,0.000117
10.483000,0.000142,0.000117
10.484000,0.000143,0.000116
10.485000,0.000143,0.000117
10.486000,0.000144,0.000117
10.487000,0.000143,0.000116
10.488000,0.000143,0.000116
10.489000,0.000142,0.000116
10.490000,0.000143,0.000117
10.491000,0.000143,0.000116
10.492000,0.000143,0.000117
10.493000,0.000143,0.000116
10.494000,0.000143,0.000116
10.495000,0.000144,0.000116
10.496000,0.000144,0.000116
10.497000,0.000144,0.000116
10.498000,0.000144,0.000116
10.499000,0.000144,0.000116
10.500000,0.000144,0.000115
10.501000,0.000144,0.000115
10.502000,0.000144,0.000115
10.503000,0.000144,0.000116
10.504000,0.000144,0.000115
10.505000,0.000144,0.000116
10.506000,0.000144,0.000116
10.507000,0.000144,0.000116
10.508000,0.000144,0.000116
10.509000,0.000143,0.000115
10.510000,0.000143,0.000115
10.511000,0.000143,0.000114
10.512000,0.000142,0.000115
10.513000,0.000142,0.000115
10.514000,0.000142,0.000116
10.515000,0.000142,0.000116
10.516000,0.000141,0.000116
10.517000,0.000142,0.000116
10.518000,0.000142,0.000115
10.519000,0.000142,0.000116
10.520000,0.000142,0.000115
10.521000,0.000142,0.000117
10.522000,0.000142,0.000116
10.523000,0.000142,0.000117
10.524000,0.000142,0.000116
10.525000,0.000142,0.000118
10.526000,0.000143,0.000117
10.527000,0.000143,0.000118
10.528000,0.000143,0.000118
10.529000,0.000143,0.000117
10.530000,0.000143,0.000117
10.531000,0.000143,0.000116
10.532000,0.000143,0.000117
10.533000,0.000144,0.000117
10.534000,0.000143,0.000117
10.535000,0.000144,0.000116
10.536000,0.000143,0.000117
10.537000,0.000144,0.000116
10.538000,0.000144,0.000116
10.539000,0.000145,0.000115
10.540000,0.000145,0.000115
10.541000,0.000145,0.000115
10.542000,0.000145,0.000114
10.543000,0.000145,0.000114
10.544000,0.000145,0.000114
10.545000,0.000144,0.000114
10.546000,0.000144,0.000113
10.547000,0.000144,0.000113
10.548000,0.000144,0.000113
10.549000,0.000144,0.000114
10.550000,0.000144,0.000113
10.551000,0.000145,0.000114
10.552000,0.000145,0.000113
10.553000,0.000145,0.000115
10.554000,0.000146,0.000114
10.555000,0.000145,0.000114
10.556000,0.000146,0.000114
10.557000,0.000145,0.000114
10.558000,0.000146,0.000113
10.559000,0.000146,0.000114
10.560000,0.000146,0.000115
10.561000,0.000146,0.000115
10.562000,0.000146,0.000116
10.563000,0.000146,0.000116
10.564000,0.000145,0.000115
10.565000,0.000145,0.000114
10.566000,0.000144,0.000115
10.567000,0.000145,0.000114
10.568000,0.000145,0.000115
10.569000,0.000145,0.000115
10.570000,0.000145,0.000116
10.571000,0.000145,0.000115
10.572000,0.000144,0.000116
10.573000,0.000145,0.000116
10.574000,0.000145,0.000117
10.575000,0.000145,0.000116
10.576000,0.000146,0.000117
10.577000,0.000147,0.000117
10.578000,0.000147,0.000117
10.579000,0.000147,0.000117
10.580000,0.000147,0.000117
10.581000,0.000147,0.000116
10.582000,0.000148,0.000116
10.583000,0.000148,0.000116
10.584000,0.000149,0.000116
10.585000,0.000148,0.000116
10.586000,0.000148,0.000117
10.587000,0.000149,0.000117
10.588000,0.000149,0.000117
10.589000,0.000149,0.000117
10.590000,0.000150,0.000117
10.591000,0.000149,0.000117
10.592000,0.000151,0.000117
10.593000,0.000151,0.000117
10.594000,0.000151,0.000117
10.595000,0.000150,0.000117
10.596000,0.000150,0.000117
10.597000,0.000150,0.000117
10.598000,0.000151,0.000117
10.599000,0.000150,0.000117
10.600000,0.000150,0.000117
10.601000,0.000150,0.000116
10.602000,0.000150,0.000117
10.603000,0.000149,0.000116
10.604000,0.000150,0.000116
10.605000,0.000150,0.000117
10.606000,0.000150,0.000117
10.607000,0.000150,0.000116
10.608000,0.000151,0.000117
10.609000,0.000150,0.000117
10.610000,0.000152,0.000117
10.611000,0.000151,0.000117
10.612000,0.000152,0.000117
10.613000,0.000151,0.000117
10.614000,0.000152,0.000117
10.615000,0.000152,0.000117
10.616000,0.000153,0.000117
10.617000,0.000152,0.000117
10.618000,0.000152,0.000117
10.619000,0.000152,0.000117
10.620000,0.000152,0.000117
10.621000,0.000151,0.000116
10.622000,0.000152,0.000117
10.623000,0.000152,0.000117
10.624000,0.000151,0.000117
10.625000,0.000151,0.000116
10.626000,0.000151,0.000116
10.627000,0.000150,0.000116
10.628000,0.000151,0.000115
10.629000,0.000151,0.000115
10.630000,0.000151,0.000115
10.631000,0.000150,0.000115
10.632000,0.000151,0.000115
10.633000,0.000151,0.000115
10.634000,0.000151,0.000115
10.635000,0.000151,0.000115
10.636000,0.000151,0.000115
10.637000,0.000151,0.000116
10.638000,0.000151,0.000116
10.639000,0.000151,0.000116
10.640000,0.000150,0.000116
10.641000,0.000151,0.000116
10.642000,0.000150,0.000116
10.643000,0.000151,0.000116
10.644000,0.000150,0.000117
10.645000,0.000150,0.000117
10.646000,0.000150,0.000116
10.647000,0.000150,0.000116
10.648000,0.000150,0.000116
10.649000,0.000150,0.000116
10.650000,0.000150,0.000116
10.651000,0.000148,0.000116
10.652000,0.000148,0.000117
10.653000,0.000148,0.000116
10.654000,0.000148,0.000116
10.655000,0.000148,0.000117
10.656000,0.000148,0.000116
10.657000,0.000148,0.000117
10.658000,0.000149,0.000116
10.659000,0.000149,0.000117
10.660000,0.000148,0.000116
10.661000,0.000149,0.000117
10.662000,0.000149,0.000116
10.663000,0.000149,0.000117
10.664000,0.000150,0.000117
10.665000,0.000149,0.000118
10.666000,0.000150,0.000118
10.667000,0.000150,0.000118
10.668000,0.000151,0.000118
10.669000,0.000151,0.000118
10.670000,0.000151,0.000118
10.671000,0.000151,0.000118
10.672000,0.000151,0.000117
10.673000,0.000151,0.000116
10.674000,0.000151,0.000117
10.675000,0.000151,0.000117
10.676000,0.000150,0.000118
10.677000,0.000150,0.000118
10.678000,0.000150,0.000119
10.679000,0.000150,0.000118
10.680000,0.000149,0.000118
10.681000,0.000150,0.000118
10.682000,0.000149,0.000119
10.683000,0.000150,0.000118
10.684000,0.000149,0.000119
10.685000,0.000149,0.000118
10.686000,0.000149,0.000117
10.687000,0.000148,0.000118
10.688000,0.000148,0.000117
10.689000,0.000148,0.000118
10.690000,0.000148,0.000117
10.691000,0.000148,0.000118
10.692000,0.000147,0.000118
10.693000,0.000147,0.000118
10.694000,0.000148,0.000117
10.695000,0.000148,0.000117
10.696000,0.000148,0.000117
10.697000,0.000148,0.000117
10.698000,0.000147,0.000118
10.699000,0.000147,0.000117
10.700000,0.000147,0.000118
10.701000,0.000148,0.000117
10.702000,0.000147,0.000118
10.703000,0.000148,0.000118
10.704000,0.000148,0.000118
10.705000,0.000148,0.000117
10.706000,0.000147,0.000117
10.707000,0.000147,0.000117
10.708000,0.000147,0.000116
10.709000,0.000147,0.000116
10.710000,0.000146,0.000116
10.711000,0.000147,0.000117
10.712000,0.000148,0.000117
10.713000,0.000148,0.000117
10.714000,0.000148,0.000117
10.715000,0.000147,0.000117
10.716000,0.000147,0.000117
10.717000,0.000146,0.000117
10.718000,0.000146,0.000117
10.719000,0.000146,0.000116
10.720000,0.000146,0.000117
10.721000,0.000146,0.000117
10.722000,0.000146,0.000117
10.723000,0.000145,0.000116
10.724000,0.000145,0.000117
10.725000,0.000146,0.000116
10.726000,0.000145,0.000115
10.727000,0.000145,0.000115
10.728000,0.000145,0.000115
10.729000,0.000144,0.000115
10.730000,0.000144,0.000116
10.731000,0.000144,0.000116
10.732000,0.000144,0.000117
10.733000,0.000143,0.000117
10.734000,0.000143,0.000117
10.735000,0.000143,0.000118
10.736000,0.000144,0.000117
10.737000,0.000143,0.000117
10.738000,0.000143,0.000117
10.739000,0.000143,0.000117
10.740000,0.000142,0.000117
10.741000,0.000142,0.000116
10.742000,0.000142,0.000116
10.743000,0.000142,0.000116
10.744000,0.000142,0.000116
10.745000,0.000143,0.000116
10.746000,0.000143,0.000117
10.747000,0.000142,0.000116
10.748000,0.000142,0.000117
10.749000,0.000142,0.000116
10.750000,0.000142,0.000117
10.751000,0.000143,0.000116
10.752000,0.000143,0.000117
10.753000,0.000143,0.000116
10.754000,0.000143,0.000117
10.755000,0.000144,0.000117
10.756000,0.000142,0.000117
10.757000,0.000143,0.000117
10.758000,0.000143,0.000117
10.759000,0.000143,0.000117
10.760000,0.000143,0.000116
10.761000,0.000143,0.000117
10.762000,0.000143,0.000116
10.763000,0.000143,0.000116
10.764000,0.000143,0.000115
10.765000,0.000142,0.000116
10.766000,0.000143,0.000116
10.767000,0.000142,0.000117
10.768000,0.000142,0.000116
10.769000,0.000142,0.000116
10.770000,0.000142,0.000116
10.771000,0.000142,0.000117
10.772000,0.000143,0.000118
10.773000,0.000142,0.000119
10.774000,0.000141,0.000118
10.775000,0.000141,0.000118
10.776000,0.000142,0.000117
10.777000,0.000141,0.000116
10.778000,0.000141,0.000116
10.779000,0.000141,0.000116
10.780000,0.000141,0.000116
10.781000,0.000141,0.000116
10.782000,0.000141,0.000116
10.783000,0.000142,0.000117
10.784000,0.000141,0.000117
10.785000,0.000141,0.000117
10.786000,0.000141,0.000117
10.787000,0.000142,0.000117
10.788000,0.000141,0.000117
10.789000,0.000143,0.000117
10.790000,0.000142,0.000116
10.791000,0.000142,0.000117
10.792000,0.000142,0.000116
10.793000,0.000142,0.000117
10.794000,0.000141,0.000116
10.795000,0.000141,0.000117
10.796000,0.000142,0.000116
10.797000,0.000142,0.000117
10.798000,0.000142,0.000116
10.799000,0.000142,0.000117
10.800000,0.000143,0.000117
10.801000,0.000142,0.000117
10.802000,0.000142,0.000117
10.803000,0.000142,0.000116
10.804000,0.000142,0.000116
10.805000,0.000142,0.000116
10.806000,0.000143,0.000116
10.807000,0.000144,0.000115
10.808000,0.000143,0.000116
10.809000,0.000144,0.000115
10.810000,0.000144,0.000116
10.811000,0.000144,0.000115
10.812000,0.000144,0.000114
10.813000,0.000144,0.000114
10.814000,0.000144,0.000114
10.815000,0.000144,0.000114
10.816000,0.000145,0.000114
10.817000,0.000145,0.000115
10.818000,0.000146,0.000115
10.819000,0.000146,0.000115
10.820000,0.000146,0.000115
10.821000,0.000146,0.000115
10.822000,0.000146,0.000116
10.823000,0.000146,0.000116
10.824000,0.000147,0.000117
10.825000,0.000147,0.000117
10.826000,0.000147,0.000118
10.827000,0.000148,0.000118
10.828000,0.000148,0.000119
10.829000,0.000148,0.000118
10.830000,0.000148,0.000117
10.831000,0.000148,0.000117
10.832000,0.000148,0.000116
10.833000,0.000148,0.000117
10.834000,0.000148,0.000117
10.835000,0.000148,0.000117
10.836000,0.000148,0.000117
10.837000,0.000148,0.000117
10.838000,0.000148,0.000117
10.839000,0.000148,0.000118
10.840000,0.000149,0.000118
10.841000,0.000149,0.000119
10.842000,0.000149,0.000119
10.843000,0.000149,0.000119
10.844000,0.000149,0.000119
10.845000,0.000149,0.000119
10.846000,0.000149,0.000119
10.847000,0.000149,0.000119
10.848000,0.000148,0.000120
10.849000,0.000149,0.000120
10.850000,0.000149,0.000120
10.851000,0.000149,0.000121
10.852000,0.000149,0.000121
10.853000,0.000149,0.000122
10.854000,0.000149,0.000121
10.855000,0.000148,0.000121
10.856000,0.000149,0.000121
10.857000,0.000149,0.000121
10.858000,0.000148,0.000121
10.859000,0.000147,0.000121
10.860000,0.000147,0.000121
10.861000,0.000147,0.000121
10.862000,0.000147,0.000121
10.863000,0.000147,0.000121
10.864000,0.000147,0.000121
10.865000,0.000148,0.000121
10.866000,0.000147,0.000121
10.867000,0.000147,0.000121
10.868000,0.000147,0.000121
10.869000,0.000146,0.000121
10.870000,0.000147,0.000121
10.871000,0.000147,0.000121
10.872000,0.000147,0.000120
10.873000,0.000147,0.000120
10.874000,0.000148,0.000121
10.875000,0.000148,0.000121
10.876000,0.000148,0.000122
10.877000,0.000148,0.000122
10.878000,0.000147,0.000122
10.879000,0.000147,0.000122
10.880000,0.000147,0.000122
10.881000,0.000147,0.000122
10.882000,0.000147,0.000122
10.883000,0.000147,0.000122
10.884000,0.000148,0.000122
10.885000,0.000148,0.000122
10.886000,0.000148,0.000121
10.887000,0.000147,0.000121
10.888000,0.000148,0.000121
10.889000,0.000147,0.000122
10.890000,0.000149,0.000122
10.891000,0.000148,0.000122
10.892000,0.000148,0.000122
10.893000,0.000148,0.000122
10.894000,0.000148,0.000122
10.895000,0.000148,0.000122
10.896000,0.000148,0.000123
10.897000,0.000148,0.000123
10.898000,0.000148,0.000123
10.899000,0.000149,0.000122
10.900000,0.000149,0.000123
10.901000,0.000149,0.000123
10.902000,0.000149,0.000123
10.903000,0.000149,0.000123
10.904000,0.000149,0.000123
10.905000,0.000148,0.000123
10.906000,0.000147,0.000123
10.907000,0.000146,0.000124
10.908000,0.000147,0.000124
10.909000,0.000146,0.000124
10.910000,0.000146,0.000124
10.911000,0.000146,0.000124
10.912000,0.000146,0.000125
10.913000,0.000146,0.000125
10.914000,0.000146,0.000124
10.915000,0.000146,0.000124
10.916000,0.000145,0.000124
10.917000,0.000145,0.000125
10.918000,0.000144,0.000124
10.919000,0.000144,0.000126
10.920000,0.000144,0.000125
10.921000,0.000144,0.000125
10.922000,0.000144,0.000125
10.923000,0.000145,0.000124
10.924000,0.000144,0.000124
10.925000,0.000144,0.000124
10.926000,0.000144,0.000124
10.927000,0.000144,0.000123
10.928000,0.000144,0.000123
10.929000,0.000144,0.000123
10.930000,0.000143,0.000124
10.931000,0.000143,0.000123
10.932000,0.000143,0.000124
10.933000,0.000143,0.000124
10.934000,0.000142,0.000124
10.935000,0.000142,0.000124
10.936000,0.000143,0.000124
10.937000,0.000142,0.000124
10.938000,0.000143,0.000124
10.939000,0.000143,0.000124
10.940000,0.000143,0.000123
10.941000,0.000143,0.000124
10.942000,0.000143,0.000123
10.943000,0.000143,0.000124
10.944000,0.000144,0.000123
10.945000,0.000143,0.000124
10.946000,0.000143,0.000123
10.947000,0.000143,0.000123
10.948000,0.000144,0.000123
10.949000,0.000145,0.000123
10.950000,0.000144,0.000122
10.951000,0.000144,0.000122
10.952000,0.000144,0.000121
10.953000,0.000144,0.000121
10.954000,0.000144,0.000121
10.955000,0.000144,0.000121
10.956000,0.000144,0.000121
10.957000,0.000143,0.000121
10.958000,0.000144,0.000122
10.959000,0.000144,0.000122
10.960000,0.000144,0.000122
10.961000,0.000144,0.000121
10.962000,0.000144,0.000122
10.963000,0.000144,0.000122
10.964000,0.000144,0.000122
10.965000,0.000145,0.000121
10.966000,0.000144,0.000122
10.967000,0.000145,0.000122
10.968000,0.000145,0.000122
10.969000,0.000145,0.000121
10.970000,0.000145,0.000121
10.971000,0.000145,0.000121
10.972000,0.000145,0.000122
10.973000,0.000144,0.000121
10.974000,0.000144,0.000121
10.975000,0.000144,0.000120
10.976000,0.000144,0.000120
10.977000,0.000144,0.000121
10.978000,0.000145,0.000120
10.979000,0.000145,0.000121
10.980000,0.000145,0.000120
10.981000,0.000145,0.000120
10.982000,0.000146,0.000120
10.983000,0.000145,0.000120
10.984000,0.000144,0.000120
10.985000,0.000144,0.000121
10.986000,0.000144,0.000121
10.987000,0.000144,0.000121
10.988000,0.000145,0.000121
10.989000,0.000144,0.000121
10.990000,0.000143,0.000122
10.991000,0.000143,0.000120
10.992000,0.000143,0.000122
10.993000,0.000143,0.000122
10.994000,0.000143,0.000123
10.995000,0.000143,0.000122
10.996000,0.000143,0.000122
10.997000,0.000143,0.000121
10.998000,0.000142,0.000122
10.999000,0.000142,0.000122
10.950000,0.000144,0.000122
10.951000,0.000144,0.000122
10.952000,0.000144,0.000122
10.953000,0.000144,0.000120
10.954000,0.000143,0.000121
10.955000,0.000144,0.000120
10.956000,0.000143,0.000121
10.957000,0.000143,0.000120
10.958000,0.000143,0.000121
10.959000,0.000144,0.000121
10.960000,0.000143,0.000121
10.961000,0.000143,0.000120
10.962000,0.000144,0.000121
10.963000,0.000144,0.000120
10.964000,0.000144,0.000121
10.965000,0.000144,0.000120
10.966000,0.000143,0.000122
10.967000,0.000144,0.000121
10.968000,0.000144,0.000122
10.969000,0.000144,0.000121
10.970000,0.000144,0.000121
10.971000,0.000143,0.000121
10.972000,0.000143,0.000121
10.973000,0.000143,0.000121
10.974000,0.000143,0.000121
10.975000,0.000144,0.000121
10.976000,0.000143,0.000119
10.977000,0.000144,0.000120
10.978000,0.000144,0.000119
10.979000,0.000144,0.000120
10.980000,0.000144,0.000119
10.981000,0.000143,0.000119
10.982000,0.000144,0.000119
10.983000,0.000144,0.000119
10.984000,0.000143,0.000118
10.985000,0.000143,0.000120
10.986000,0.000143,0.000120
10.987000,0.000143,0.000120
10.988000,0.000143,0.000119
10.989000,0.000143,0.000119
10.990000,0.000142,0.000120
10.991000,0.000142,0.000118
10.992000,0.000142,0.000119
10.993000,0.000143,0.000119
10.994000,0.000142,0.000120
10.995000,0.000142,0.000119
10.996000,0.000142,0.000119
10.997000,0.000142,0.000119
10.998000,0.000142,0.000119
10.999000,0.000141,0.000119
11.000000,0.000141,0.000118
11.001000,0.000140,0.000118
11.002000,0.000141,0.000117
11.003000,0.000140,0.000118
11.004000,0.000141,0.000117
11.005000,0.000141,0.000118
11.006000,0.000142,0.000118
11.007000,0.000142,0.000118
11.008000,0.000142,0.000118
11.009000,0.000142,0.000118
11.010000,0.000142,0.000118
11.011000,0.000142,0.000118
11.012000,0.000142,0.000118
11.013000,0.000142,0.000118
11.014000,0.000142,0.000118
11.015000,0.000142,0.000118
11.016000,0.000142,0.000119
11.017000,0.000143,0.000118
11.018000,0.000143,0.000118
11.019000,0.000143,0.000117
11.020000,0.000143,0.000117
11.021000,0.000143,0.000117
11.022000,0.000143,0.000116
11.023000,0.000142,0.000117
11.024000,0.000142,0.000117
11.025000,0.000142,0.000117
11.026000,0.000143,0.000117
11.027000,0.000142,0.000118
11.028000,0.000143,0.000118
11.029000,0.000143,0.000117
11.030000,0.000144,0.000118
11.031000,0.000144,0.000118
11.032000,0.000143,0.000117
11.033000,0.000145,0.000117
11.034000,0.000145,0.000118
11.035000,0.000145,0.000117
11.036000,0.000145,0.000118
11.037000,0.000145,0.000116
11.038000,0.000144,0.000117
11.039000,0.000145,0.000116
11.040000,0.000145,0.000116
11.041000,0.000145,0.000116
11.042000,0.000144,0.000116
11.043000,0.000144,0.000115
11.044000,0.000144,0.000116
11.045000,0.000144,0.000115
11.046000,0.000144,0.000115
11.047000,0.000143,0.000115
11.048000,0.000143,0.000115
11.049000,0.000142,0.000116
11.050000,0.000142,0.000115
11.051000,0.000143,0.000116
11.052000,0.000143,0.000115
11.053000,0.000143,0.000116
11.054000,0.000144,0.000115
11.055000,0.000144,0.000116
11.056000,0.000144,0.000115
11.057000,0.000144,0.000116
11.058000,0.000144,0.000116
11.059000,0.000144,0.000116
11.060000,0.000144,0.000116
11.061000,0.000145,0.000116
11.062000,0.000144,0.000117
11.063000,0.000144,0.000117
11.064000,0.000145,0.000117
11.065000,0.000146,0.000116
11.066000,0.000146,0.000116
11.067000,0.000146,0.000116
11.068000,0.000146,0.000116
11.069000,0.000146,0.000115
11.070000,0.000146,0.000115
11.071000,0.000147,0.000114
11.072000,0.000146,0.000116
11.073000,0.000146,0.000114
11.074000,0.000146,0.000115
11.075000,0.000146,0.000115
11.076000,0.000146,0.000116
11.077000,0.000145,0.000115
11.078000,0.000145,0.000116
11.079000,0.000146,0.000115
11.080000,0.000146,0.000115
11.081000,0.000145,0.000115
11.082000,0.000145,0.000115
11.083000,0.000144,0.000115
11.084000,0.000144,0.000116
11.085000,0.000145,0.000115
11.086000,0.000145,0.000115
11.087000,0.000144,0.000115
11.088000,0.000145,0.000115
11.089000,0.000145,0.000115
11.090000,0.000146,0.000115
11.091000,0.000146,0.000115
11.092000,0.000146,0.000115
11.093000,0.000146,0.000115
11.094000,0.000146,0.000115
11.095000,0.000146,0.000115
11.096000,0.000146,0.000116
11.097000,0.000145,0.000115
11.098000,0.000145,0.000116
11.099000,0.000145,0.000115
11.100000,0.000145,0.000116
11.101000,0.000146,0.000116
11.102000,0.000145,0.000117
11.103000,0.000146,0.000116
11.104000,0.000146,0.000116
11.105000,0.000146,0.000117
11.106000,0.000145,0.000117
11.107000,0.000146,0.000117
11.108000,0.000146,0.000117
11.109000,0.000145,0.000117
11.110000,0.000145,0.000116
11.111000,0.000145,0.000116
11.112000,0.000146,0.000117
11.113000,0.000145,0.000116
11.114000,0.000145,0.000117
11.115000,0.000145,0.000116
11.116000,0.000146,0.000116
11.117000,0.000145,0.000116
11.118000,0.000146,0.000117
11.119000,0.000145,0.000116
11.120000,0.000145,0.000117
11.121000,0.000145,0.000117
11.122000,0.000146,0.000117
11.123000,0.000145,0.000117
11.124000,0.000146,0.000116
11.125000,0.000145,0.000116
11.126000,0.000145,0.000116
11.127000,0.000145,0.000116
11.128000,0.000145,0.000115
11.129000,0.000145,0.000116
11.130000,0.000145,0.000115
11.131000,0.000144,0.000116
11.132000,0.000145,0.000116
11.133000,0.000144,0.000116
11.134000,0.000144,0.000117
11.135000,0.000144,0.000116
11.136000,0.000144,0.000116
11.137000,0.000144,0.000116
11.138000,0.000144,0.000116
11.139000,0.000144,0.000116
11.140000,0.000144,0.000117
11.141000,0.000144,0.000116
11.142000,0.000144,0.000117
11.143000,0.000144,0.000117
11.144000,0.000144,0.000117
11.145000,0.000144,0.000118
11.146000,0.000144,0.000118
11.147000,0.000145,0.000117
11.148000,0.000145,0.000118
11.149000,0.000145,0.000116
11.150000,0.000145,0.000117
11.151000,0.000144,0.000117
11.152000,0.000144,0.000117
11.153000,0.000144,0.000117
11.154000,0.000144,0.000116
11.155000,0.000144,0.000117
11.156000,0.000144,0.000117
11.157000,0.000143,0.000117
11.158000,0.000143,0.000116
11.159000,0.000142,0.000116
11.160000,0.000142,0.000116
11.161000,0.000142,0.000117
11.162000,0.000143,0.000116
11.163000,0.000142,0.000117
11.164000,0.000142,0.000117
11.165000,0.000141,0.000117
11.166000,0.000141,0.000117
11.167000,0.000141,0.000118
11.168000,0.000141,0.000118
11.169000,0.000141,0.000119
11.170000,0.000141,0.000119
11.171000,0.000142,0.000120
11.172000,0.000142,0.000119
11.173000,0.000142,0.000119
11.174000,0.000142,0.000118
11.175000,0.000142,0.000118
11.176000,0.000142,0.000118
11.177000,0.000142,0.000118
11.178000,0.000143,0.000119
11.179000,0.000142,0.000118
11.180000,0.000142,0.000119
11.181000,0.000143,0.000118
11.182000,0.000143,0.000120
11.183000,0.000145,0.000119
11.184000,0.000144,0.000120
11.185000,0.000144,0.000120
11.186000,0.000143,0.000120
11.187000,0.000144,0.000120
11.188000,0.000143,0.000120
11.189000,0.000143,0.000120
11.190000,0.000142,0.000120
11.191000,0.000141,0.000121
11.192000,0.000141,0.000120
11.193000,0.000141,0.000121
11.194000,0.000141,0.000120
11.195000,0.000141,0.000121
11.196000,0.000141,0.000120
11.197000,0.000142,0.000121
11.198000,0.000142,0.000121
11.199000,0.000143,0.000120
11.200000,0.000143,0.000120
11.201000,0.000143,0.000119
11.202000,0.000143,0.000120
11.203000,0.000143,0.000120
11.204000,0.000143,0.000121
11.205000,0.000144,0.000120
11.206000,0.000143,0.000120
11.207000,0.000144,0.000120
11.208000,0.000143,0.000120
11.209000,0.000143,0.000120
11.210000,0.000143,0.000119
11.211000,0.000143,0.000120
11.212000,0.000142,0.000119
11.213000,0.000142,0.000120
11.214000,0.000142,0.000119
11.215000,0.000143,0.000121
11.216000,0.000142,0.000120
11.217000,0.000142,0.000121
11.218000,0.000142,0.000120
11.219000,0.000141,0.000120
11.220000,0.000142,0.000120
11.221000,0.000142,0.000119
11.222000,0.000142,0.000119
11.223000,0.000142,0.000119
11.224000,0.000142,0.000120
11.225000,0.000143,0.000119
11.226000,0.000143,0.000120
11.227000,0.000143,0.000120
11.228000,0.000143,0.000120
11.229000,0.000142,0.000120
11.230000,0.000142,0.000121
11.231000,0.000143,0.000121
11.232000,0.000142,0.000120
11.233000,0.000142,0.000121
11.234000,0.000143,0.000119
11.235000,0.000142,0.000121
11.236000,0.000142,0.000120
11.237000,0.000142,0.000121
11.238000,0.000143,0.000120
11.239000,0.000142,0.000121
11.240000,0.000143,0.000120
11.241000,0.000143,0.000122
11.242000,0.000143,0.000121
11.243000,0.000143,0.000121
11.244000,0.000144,0.000120
11.245000,0.000143,0.000120
11.246000,0.000143,0.000120
11.247000,0.000143,0.000119
11.248000,0.000143,0.000120
11.249000,0.000143,0.000120
11.250000,0.000142,0.000121
11.251000,0.000142,0.000120
11.252000,0.000143,0.000121
11.253000,0.000143,0.000121
11.254000,0.000143,0.000122
11.255000,0.000143,0.000121
11.256000,0.000143,0.000122
11.257000,0.000143,0.000121
11.258000,0.000143,0.000122
11.259000,0.000144,0.000121
11.260000,0.000144,0.000122
11.261000,0.000144,0.000121
11.262000,0.000143,0.000121
11.263000,0.000144,0.000120
11.264000,0.000144,0.000120
11.265000,0.000145,0.000120
11.266000,0.000145,0.000120
11.267000,0.000145,0.000120
11.268000,0.000145,0.000120
11.269000,0.000145,0.000121
11.270000,0.000145,0.000120
11.271000,0.000143,0.000120
11.272000,0.000143,0.000120
11.273000,0.000143,0.000121
11.274000,0.000142,0.000120
11.275000,0.000142,0.000122
11.276000,0.000143,0.000121
11.277000,0.000143,0.000122
11.278000,0.000142,0.000121
11.279000,0.000142,0.000121
11.280000,0.000143,0.000121
11.281000,0.000143,0.000122
11.282000,0.000143,0.000121
11.283000,0.000143,0.000121
11.284000,0.000143,0.000121
11.285000,0.000143,0.000121
11.286000,0.000144,0.000121
11.287000,0.000144,0.000120
11.288000,0.000143,0.000121
11.289000,0.000143,0.000120
11.290000,0.000143,0.000121
11.291000,0.000144,0.000120
11.292000,0.000144,0.000121
11.293000,0.000145,0.000120
11.294000,0.000145,0.000121
11.295000,0.000145,0.000120
11.296000,0.000145,0.000120
11.297000,0.000145,0.000120
11.298000,0.000145,0.000120
11.299000,0.000145,0.000121
11.300000,0.000145,0.000121
11.301000,0.000144,0.000122
11.302000,0.000145,0.000121
11.303000,0.000144,0.000122
11.304000,0.000145,0.000121
11.305000,0.000144,0.000122
11.306000,0.000144,0.000122
11.307000,0.000144,0.000122
11.308000,0.000144,0.000122
11.309000,0.000144,0.000121
11.310000,0.000145,0.000122
11.311000,0.000145,0.000121
11.312000,0.000145,0.000122
11.313000,0.000145,0.000121
11.314000,0.000145,0.000122
11.315000,0.000145,0.000121
11.316000,0.000144,0.000121
11.317000,0.000144,0.000121
11.318000,0.000145,0.000121
11.319000,0.000145,0.000121
11.320000,0.000145,0.000121
11.321000,0.000144,0.000122
11.322000,0.000145,0.000122
11.323000,0.000145,0.000123
11.324000,0.000145,0.000122
11.325000,0.000145,0.000122
11.326000,0.000146,0.000122
11.327000,0.000146,0.000121
11.328000,0.000146,0.000122
11.329000,0.000147,0.000121
11.330000,0.000147,0.000122
11.331000,0.000146,0.000121
11.332000,0.000146,0.000122
11.333000,0.000146,0.000122
11.334000,0.000146,0.000122
11.335000,0.000146,0.000122
11.336000,0.000146,0.000122
11.337000,0.000146,0.000122
11.338000,0.000145,0.000122
11.339000,0.000145,0.000122
11.340000,0.000145,0.000121
11.341000,0.000145,0.000121
11.342000,0.000144,0.000121
11.343000,0.000144,0.000122
11.344000,0.000144,0.000122
11.345000,0.000144,0.000122
11.346000,0.000144,0.000122
11.347000,0.000144,0.000123
11.348000,0.000144,0.000123
11.349000,0.000144,0.000123
11.350000,0.000145,0.000122
11.351000,0.000145,0.000123
11.352000,0.000145,0.000123
11.353000,0.000145,0.000123
11.354000,0.000145,0.000122
11.355000,0.000145,0.000122
11.356000,0.000146,0.000122
11.357000,0.000146,0.000121
11.358000,0.000146,0.000121
11.359000,0.000146,0.000122
11.360000,0.000145,0.000122
11.361000,0.000145,0.000121
11.362000,0.000145,0.000121
11.363000,0.000145,0.000120
11.364000,0.000144,0.000121
11.365000,0.000145,0.000121
11.366000,0.000144,0.000121
11.367000,0.000144,0.000121
11.368000,0.000145,0.000121
11.369000,0.000145,0.000121
11.370000,0.000144,0.000121
11.371000,0.000145,0.000121
11.372000,0.000146,0.000121
11.373000,0.000146,0.000120
11.374000,0.000147,0.000120
11.375000,0.000146,0.000119
11.376000,0.000146,0.000118
11.377000,0.000146,0.000118
11.378000,0.000146,0.000117
11.379000,0.000145,0.000118
11.380000,0.000145,0.000117
11.381000,0.000145,0.000117
11.382000,0.000145,0.000117
11.383000,0.000146,0.000118
11.384000,0.000146,0.000117
11.385000,0.000146,0.000117
11.386000,0.000146,0.000117
11.387000,0.000146,0.000118
11.388000,0.000146,0.000117
11.389000,0.000147,0.000118
11.390000,0.000147,0.000117
11.391000,0.000148,0.000117
11.392000,0.000147,0.000117
11.393000,0.000147,0.000117
11.394000,0.000146,0.000117
11.395000,0.000147,0.000116
11.396000,0.000146,0.000116
11.397000,0.000146,0.000116
11.398000,0.000146,0.000117
11.399000,0.000147,0.000117
11.400000,0.000146,0.000116
11.401000,0.000147,0.000116
11.402000,0.000146,0.000116
11.403000,0.000146,0.000116
11.404000,0.000146,0.000115
11.405000,0.000146,0.000116
11.406000,0.000146,0.000116
11.407000,0.000147,0.000116
11.408000,0.000146,0.000116
11.409000,0.000146,0.000117
11.410000,0.000146,0.000116
11.411000,0.000147,0.000115
11.412000,0.000146,0.000115
11.413000,0.000147,0.000115
11.414000,0.000147,0.000115
11.415000,0.000148,0.000114
11.416000,0.000148,0.000115
11.417000,0.000149,0.000115
11.418000,0.000148,0.000115
11.419000,0.000148,0.000115
11.420000,0.000148,0.000115
11.421000,0.000149,0.000114
11.422000,0.000148,0.000114
11.423000,0.000148,0.000114
11.424000,0.000148,0.000114
11.425000,0.000148,0.000115
11.426000,0.000148,0.000115
11.427000,0.000148,0.000116
11.428000,0.000148,0.000115
11.429000,0.000148,0.000116
11.430000,0.000148,0.000115
11.431000,0.000149,0.000115
11.432000,0.000149,0.000115
11.433000,0.000149,0.000115
11.434000,0.000148,0.000115
11.435000,0.000148,0.000115
11.436000,0.000148,0.000115
11.437000,0.000149,0.000115
11.438000,0.000149,0.000116
11.439000,0.000149,0.000115
11.440000,0.000149,0.000116
11.441000,0.000149,0.000115
11.442000,0.000150,0.000115
11.443000,0.000150,0.000115
11.444000,0.000150,0.000115
11.445000,0.000150,0.000115
11.446000,0.000149,0.000114
11.447000,0.000150,0.000114
11.448000,0.000149,0.000114
11.449000,0.000150,0.000115
11.450000,0.000149,0.000114
11.451000,0.000150,0.000114
11.452000,0.000150,0.000114
11.453000,0.000150,0.000114
11.454000,0.000150,0.000114
11.455000,0.000150,0.000115
11.456000,0.000149,0.000115
11.457000,0.000150,0.000115
11.458000,0.000150,0.000115
11.459000,0.000149,0.000115
11.460000,0.000150,0.000115
11.461000,0.000150,0.000115
11.462000,0.000150,0.000115
11.463000,0.000150,0.000116
11.464000,0.000151,0.000115
11.465000,0.000150,0.000115
11.466000,0.000150,0.000114
11.467000,0.000150,0.000114
11.468000,0.000150,0.000114
11.469000,0.000150,0.000114
11.470000,0.000150,0.000114
11.471000,0.000150,0.000114
11.472000,0.000150,0.000114
11.473000,0.000150,0.000114
11.474000,0.000149,0.000114
11.475000,0.000151,0.000115
11.476000,0.000151,0.000116
11.477000,0.000151,0.000116
11.478000,0.000151,0.000117
11.479000,0.000152,0.000117
11.480000,0.000151,0.000117
11.481000,0.000151,0.000117
11.482000,0.000151,0.000117
11.483000,0.000151,0.000116
11.484000,0.000151,0.000117
11.485000,0.000150,0.000116
11.486000,0.000150,0.000116
11.487000,0.000150,0.000117
11.488000,0.000151,0.000117
11.489000,0.000151,0.000118
11.490000,0.000150,0.000118
11.491000,0.000149,0.000119
11.492000,0.000150,0.000118
11.493000,0.000150,0.000118
11.494000,0.000151,0.000117
11.495000,0.000149,0.000118
11.496000,0.000150,0.000118
11.497000,0.000149,0.000117
11.498000,0.000150,0.000118
11.499000,0.000149,0.000117
11.450000,0.000149,0.000114
11.451000,0.000150,0.000115
11.452000,0.000150,0.000113
11.453000,0.000149,0.000113
11.454000,0.000150,0.000114
11.455000,0.000149,0.000115
11.456000,0.000149,0.000114
11.457000,0.000149,0.000115
11.458000,0.000149,0.000115
11.459000,0.000148,0.000116
11.460000,0.000150,0.000115
11.461000,0.000150,0.000116
11.462000,0.000150,0.000115
11.463000,0.000150,0.000116
11.464000,0.000150,0.000115
11.465000,0.000149,0.000115
11.466000,0.000149,0.000114
11.467000,0.000149,0.000114
11.468000,0.000149,0.000114
11.469000,0.000149,0.000113
11.470000,0.000149,0.000114
11.471000,0.000149,0.000113
11.472000,0.000149,0.000113
11.473000,0.000148,0.000113
11.474000,0.000148,0.000115
11.475000,0.000149,0.000114
11.476000,0.000149,0.000116
11.477000,0.000149,0.000116
11.478000,0.000149,0.000117
11.479000,0.000150,0.000116
11.480000,0.000149,0.000118
11.481000,0.000149,0.000116
11.482000,0.000148,0.000117
11.483000,0.000148,0.000116
11.484000,0.000148,0.000116
11.485000,0.000148,0.000116
11.486000,0.000148,0.000115
11.487000,0.000148,0.000116
11.488000,0.000147,0.000116
11.489000,0.000147,0.000116
11.490000,0.000146,0.000116
11.491000,0.000146,0.000117
11.492000,0.000146,0.000116
11.493000,0.000146,0.000117
11.494000,0.000146,0.000117
11.495000,0.000145,0.000117
11.496000,0.000145,0.000116
11.497000,0.000145,0.000116
11.498000,0.000145,0.000116
11.499000,0.000145,0.000115
11.500000,0.000145,0.000116
11.501000,0.000145,0.000116
11.502000,0.000145,0.000117
11.503000,0.000145,0.000116
11.504000,0.000145,0.000117
11.505000,0.000145,0.000115
11.506000,0.000145,0.000116
11.507000,0.000144,0.000115
11.508000,0.000145,0.000115
11.509000,0.000145,0.000116
11.510000,0.000145,0.000115
11.511000,0.000144,0.000117
11.512000,0.000145,0.000117
11.513000,0.000144,0.000118
11.514000,0.000144,0.000117
11.515000,0.000144,0.000118
11.516000,0.000145,0.000117
11.517000,0.000144,0.000117
11.518000,0.000144,0.000118
11.519000,0.000144,0.000117
11.520000,0.000145,0.000118
11.521000,0.000145,0.000117
11.522000,0.000145,0.000118
11.523000,0.000145,0.000117
11.524000,0.000145,0.000118
11.525000,0.000145,0.000116
11.526000,0.000144,0.000117
11.527000,0.000144,0.000117
11.528000,0.000144,0.000116
11.529000,0.000145,0.000117
11.530000,0.000145,0.000117
11.531000,0.000145,0.000118
11.532000,0.000145,0.000117
11.533000,0.000145,0.000118
11.534000,0.000146,0.000117
11.535000,0.000145,0.000118
11.536000,0.000146,0.000117
11.537000,0.000146,0.000118
11.538000,0.000146,0.000117
11.539000,0.000145,0.000117
11.540000,0.000146,0.000118
11.541000,0.000146,0.000118
11.542000,0.000146,0.000118
11.543000,0.000145,0.000118
11.544000,0.000145,0.000119
11.545000,0.000145,0.000118
11.546000,0.000146,0.000119
11.547000,0.000146,0.000118
11.548000,0.000146,0.000118
11.549000,0.000145,0.000117
11.550000,0.000146,0.000118
11.551000,0.000146,0.000117
11.552000,0.000146,0.000118
11.553000,0.000147,0.000118
11.554000,0.000146,0.000118
11.555000,0.000146,0.000118
11.556000,0.000146,0.000118
11.557000,0.000146,0.000117
11.558000,0.000147,0.000117
11.559000,0.000146,0.000116
11.560000,0.000146,0.000116
11.561000,0.000145,0.000116
11.562000,0.000145,0.000116
11.563000,0.000145,0.000116
11.564000,0.000145,0.000115
11.565000,0.000145,0.000116
11.566000,0.000145,0.000116
11.567000,0.000145,0.000116
11.568000,0.000145,0.000116
11.569000,0.000144,0.000117
11.570000,0.000144,0.000116
11.571000,0.000145,0.000117
11.572000,0.000145,0.000117
11.573000,0.000145,0.000117
11.574000,0.000144,0.000116
11.575000,0.000145,0.000117
11.576000,0.000146,0.000116
11.577000,0.000145,0.000116
11.578000,0.000146,0.000116
11.579000,0.000145,0.000116
11.580000,0.000145,0.000116
11.581000,0.000146,0.000116
11.582000,0.000146,0.000117
11.583000,0.000146,0.000116
11.584000,0.000147,0.000117
11.585000,0.000147,0.000117
11.586000,0.000147,0.000117
11.587000,0.000147,0.000117
11.588000,0.000147,0.000117
11.589000,0.000148,0.000118
11.590000,0.000148,0.000118
11.591000,0.000148,0.000118
11.592000,0.000148,0.000118
11.593000,0.000149,0.000117
11.594000,0.000148,0.000117
11.595000,0.000148,0.000117
11.596000,0.000149,0.000117
11.597000,0.000149,0.000118
11.598000,0.000149,0.000117
11.599000,0.000149,0.000117
11.600000,0.000150,0.000117
11.601000,0.000149,0.000116
11.602000,0.000150,0.000116
11.603000,0.000150,0.000116
11.604000,0.000150,0.000116
11.605000,0.000150,0.000116
11.606000,0.000151,0.000117
11.607000,0.000151,0.000116
11.608000,0.000151,0.000117
11.609000,0.000151,0.000116
11.610000,0.000151,0.000117
11.611000,0.000151,0.000116
11.612000,0.000151,0.000116
11.613000,0.000150,0.000116
11.614000,0.000150,0.000116
11.615000,0.000149,0.000116
11.616000,0.000150,0.000116
11.617000,0.000149,0.000115
11.618000,0.000150,0.000115
11.619000,0.000149,0.000115
11.620000,0.000149,0.000115
11.621000,0.000148,0.000115
11.622000,0.000149,0.000115
11.623000,0.000149,0.000115
11.624000,0.000149,0.000116
11.625000,0.000149,0.000116
11.626000,0.000150,0.000117
11.627000,0.000149,0.000116
11.628000,0.000150,0.000116
11.629000,0.000149,0.000115
11.630000,0.000149,0.000116
11.631000,0.000149,0.000115
11.632000,0.000148,0.000115
11.633000,0.000148,0.000115
11.634000,0.000148,0.000115
11.635000,0.000148,0.000115
11.636000,0.000148,0.000115
11.637000,0.000148,0.000115
11.638000,0.000148,0.000116
11.639000,0.000148,0.000116
11.640000,0.000148,0.000115
11.641000,0.000147,0.000116
11.642000,0.000148,0.000115
11.643000,0.000148,0.000116
11.644000,0.000148,0.000116
11.645000,0.000148,0.000115
11.646000,0.000147,0.000115
11.647000,0.000147,0.000115
11.648000,0.000148,0.000115
11.649000,0.000148,0.000115
11.650000,0.000147,0.000115
11.651000,0.000147,0.000115
11.652000,0.000148,0.000115
11.653000,0.000147,0.000114
11.654000,0.000147,0.000114
11.655000,0.000147,0.000114
11.656000,0.000147,0.000115
11.657000,0.000147,0.000115
11.658000,0.000147,0.000115
11.659000,0.000148,0.000116
11.660000,0.000148,0.000117
11.661000,0.000148,0.000117
11.662000,0.000148,0.000118
11.663000,0.000149,0.000118
11.664000,0.000149,0.000119
11.665000,0.000150,0.000119
11.666000,0.000150,0.000119
11.667000,0.000150,0.000118
11.668000,0.000150,0.000118
11.669000,0.000151,0.000118
11.670000,0.000151,0.000118
11.671000,0.000151,0.000118
11.672000,0.000151,0.000118
11.673000,0.000151,0.000119
11.674000,0.000152,0.000119
11.675000,0.000151,0.000119
11.676000,0.000150,0.000118
11.677000,0.000150,0.000119
11.678000,0.000150,0.000118
11.679000,0.000150,0.000118
11.680000,0.000150,0.000118
11.681000,0.000150,0.000119
11.682000,0.000150,0.000118
11.683000,0.000150,0.000119
11.684000,0.000149,0.000119
11.685000,0.000149,0.000119
11.686000,0.000149,0.000119
11.687000,0.000148,0.000119
11.688000,0.000149,0.000120
11.689000,0.000149,0.000118
11.690000,0.000150,0.000120
11.691000,0.000149,0.000119
11.692000,0.000149,0.000120
11.693000,0.000149,0.000119
11.694000,0.000150,0.000120
11.695000,0.000150,0.000120
11.696000,0.000149,0.000119
11.697000,0.000149,0.000119
11.698000,0.000149,0.000118
11.699000,0.000148,0.000119
11.700000,0.000148,0.000118
11.701000,0.000148,0.000119
11.702000,0.000148,0.000119
11.703000,0.000147,0.000119
11.704000,0.000148,0.000119
11.705000,0.000146,0.000120
11.706000,0.000147,0.000119
11.707000,0.000146,0.000120
11.708000,0.000146,0.000120
11.709000,0.000146,0.000119
11.710000,0.000146,0.000120
11.711000,0.000146,0.000119
11.712000,0.000145,0.000120
11.713000,0.000146,0.000119
11.714000,0.000146,0.000120
11.715000,0.000146,0.000120
11.716000,0.000145,0.000120
11.717000,0.000146,0.000120
11.718000,0.000145,0.000119
11.719000,0.000146,0.000120
11.720000,0.000145,0.000119
11.721000,0.000145,0.000120
11.722000,0.000146,0.000119
11.723000,0.000145,0.000120
11.724000,0.000146,0.000119
11.725000,0.000145,0.000119
11.726000,0.000145,0.000119
11.727000,0.000145,0.000119
11.728000,0.000144,0.000119
11.729000,0.000144,0.000118
11.730000,0.000144,0.000118
11.731000,0.000144,0.000118
11.732000,0.000144,0.000119
11.733000,0.000145,0.000118
11.734000,0.000144,0.000118
11.735000,0.000145,0.000118
11.736000,0.000146,0.000118
11.737000,0.000146,0.000117
11.738000,0.000146,0.000117
11.739000,0.000146,0.000117
11.740000,0.000145,0.000117
11.741000,0.000146,0.000117
11.742000,0.000146,0.000117
11.743000,0.000146,0.000116
11.744000,0.000146,0.000115
11.745000,0.000146,0.000116
11.746000,0.000147,0.000117
11.747000,0.000147,0.000117
11.748000,0.000147,0.000117
11.749000,0.000146,0.000118
11.750000,0.000147,0.000117
11.751000,0.000147,0.000119
11.752000,0.000146,0.000118
11.753000,0.000146,0.000118
11.754000,0.000147,0.000118
11.755000,0.000146,0.000119
11.756000,0.000146,0.000118
11.757000,0.000146,0.000118
11.758000,0.000147,0.000118
11.759000,0.000145,0.000117
11.760000,0.000146,0.000117
11.761000,0.000146,0.000116
11.762000,0.000145,0.000117
11.763000,0.000145,0.000116
11.764000,0.000145,0.000116
11.765000,0.000145,0.000115
11.766000,0.000144,0.000115
11.767000,0.000144,0.000115
11.768000,0.000144,0.000116
11.769000,0.000144,0.000116
11.770000,0.000144,0.000117
11.771000,0.000144,0.000116
11.772000,0.000144,0.000117
11.773000,0.000144,0.000116
11.774000,0.000144,0.000117
11.775000,0.000143,0.000116
11.776000,0.000144,0.000118
11.777000,0.000145,0.000117
11.778000,0.000144,0.000118
11.779000,0.000145,0.000117
11.780000,0.000145,0.000117
11.781000,0.000145,0.000116
11.782000,0.000145,0.000116
11.783000,0.000145,0.000116
11.784000,0.000145,0.000115
11.785000,0.000145,0.000115
11.786000,0.000145,0.000115
11.787000,0.000146,0.000116
11.788000,0.000145,0.000115
11.789000,0.000145,0.000116
11.790000,0.000145,0.000114
11.791000,0.000145,0.000116
11.792000,0.000145,0.000115
11.793000,0.000145,0.000116
11.794000,0.000145,0.000115
11.795000,0.000145,0.000115
11.796000,0.000145,0.000116
11.797000,0.000145,0.000116
11.798000,0.000144,0.000118
11.799000,0.000146,0.000118
11.800000,0.000145,0.000119
11.801000,0.000146,0.000119
11.802000,0.000145,0.000119
11.803000,0.000147,0.000119
11.804000,0.000145,0.000118
11.805000,0.000146,0.000118
11.806000,0.000145,0.000118
11.807000,0.000146,0.000118
11.808000,0.000146,0.000117
11.809000,0.000147,0.000118
11.810000,0.000147,0.000117
11.811000,0.000147,0.000118
11.812000,0.000148,0.000117
11.813000,0.000148,0.000117
11.814000,0.000148,0.000118
11.815000,0.000148,0.000117
11.816000,0.000148,0.000117
11.817000,0.000148,0.000117
11.818000,0.000148,0.000118
11.819000,0.000149,0.000118
11.820000,0.000149,0.000119
11.821000,0.000149,0.000119
11.822000,0.000149,0.000119
11.823000,0.000149,0.000119
11.824000,0.000148,0.000119
11.825000,0.000148,0.000120
11.826000,0.000148,0.000119
11.827000,0.000148,0.000120
11.828000,0.000148,0.000119
11.829000,0.000148,0.000120
11.830000,0.000148,0.000120
11.831000,0.000148,0.000120
11.832000,0.000148,0.000120
11.833000,0.000148,0.000120
11.834000,0.000148,0.000119
11.835000,0.000147,0.000119
11.836000,0.000146,0.000119
11.837000,0.000146,0.000119
11.838000,0.000146,0.000119
11.839000,0.000146,0.000119
11.840000,0.000146,0.000119
11.841000,0.000146,0.000119
11.842000,0.000146,0.000120
11.843000,0.000146,0.000119
11.844000,0.000146,0.000121
11.845000,0.000146,0.000120
11.846000,0.000146,0.000120
11.847000,0.000146,0.000119
11.848000,0.000146,0.000120
11.849000,0.000147,0.000119
11.850000,0.000147,0.000119
11.851000,0.000146,0.000119
11.852000,0.000147,0.000119
11.853000,0.000146,0.000119
11.854000,0.000146,0.000119
11.855000,0.000146,0.000119
11.856000,0.000146,0.000118
11.857000,0.000146,0.000119
11.858000,0.000146,0.000118
11.859000,0.000146,0.000119
11.860000,0.000146,0.000118
11.861000,0.000146,0.000118
11.862000,0.000146,0.000118
11.863000,0.000146,0.000119
11.864000,0.000146,0.000119
11.865000,0.000146,0.000119
11.866000,0.000146,0.000120
11.867000,0.000146,0.000119
11.868000,0.000146,0.000119
11.869000,0.000147,0.000118
11.870000,0.000146,0.000119
11.871000,0.000146,0.000119
11.872000,0.000146,0.000119
11.873000,0.000146,0.000120
11.874000,0.000146,0.000119
11.875000,0.000146,0.000119
11.876000,0.000146,0.000119
11.877000,0.000146,0.000119
11.878000,0.000146,0.000120
11.879000,0.000146,0.000120
11.880000,0.000145,0.000120
11.881000,0.000145,0.000120
11.882000,0.000146,0.000120
11.883000,0.000146,0.000120
11.884000,0.000146,0.000121
11.885000,0.000145,0.000121
11.886000,0.000146,0.000121
11.887000,0.000145,0.000121
11.888000,0.000146,0.000121
11.889000,0.000146,0.000121
11.890000,0.000145,0.000122
11.891000,0.000145,0.000122
11.892000,0.000146,0.000122
11.893000,0.000145,0.000121
11.894000,0.000146,0.000122
11.895000,0.000145,0.000121
11.896000,0.000146,0.000122
11.897000,0.000145,0.000121
11.898000,0.000145,0.000120
11.899000,0.000144,0.000119
11.900000,0.000145,0.000119
11.901000,0.000144,0.000119
11.902000,0.000144,0.000119
11.903000,0.000145,0.000118
11.904000,0.000146,0.000119
11.905000,0.000146,0.000118
11.906000,0.000146,0.000118
11.907000,0.000146,0.000119
11.908000,0.000146,0.000118
11.909000,0.000145,0.000118
11.910000,0.000145,0.000118
11.911000,0.000145,0.000119
11.912000,0.000143,0.000119
11.913000,0.000143,0.000119
11.914000,0.000143,0.000119
11.915000,0.000142,0.000119
11.916000,0.000143,0.000119
11.917000,0.000142,0.000119
11.918000,0.000142,0.000118
11.919000,0.000142,0.000117
11.920000,0.000143,0.000117
11.921000,0.000142,0.000117
11.922000,0.000143,0.000118
11.923000,0.000143,0.000118
11.924000,0.000143,0.000118
11.925000,0.000143,0.000117
11.926000,0.000143,0.000117
11.927000,0.000142,0.000117
11.928000,0.000142,0.000117
11.929000,0.000142,0.000118
11.930000,0.000142,0.000118
11.931000,0.000142,0.000118
11.932000,0.000143,0.000118
11.933000,0.000143,0.000119
11.934000,0.000142,0.000119
11.935000,0.000143,0.000119
11.936000,0.000143,0.000119
11.937000,0.000143,0.000119
11.938000,0.000143,0.000119
11.939000,0.000142,0.000118
11.940000,0.000143,0.000119
11.941000,0.000143,0.000118
11.942000,0.000143,0.000118
11.943000,0.000143,0.000117
11.944000,0.000143,0.000118
11.945000,0.000142,0.000118
11.946000,0.000142,0.000118
11.947000,0.000143,0.000118
11.948000,0.000142,0.000119
11.949000,0.000143,0.000118
11.950000,0.000143,0.000119
11.951000,0.000143,0.000118
11.952000,0.000143,0.000119
11.953000,0.000143,0.000118
11.954000,0.000143,0.000119
11.955000,0.000143,0.000118
11.956000,0.000142,0.000119
11.957000,0.000143,0.000119
11.958000,0.000143,0.000119
11.959000,0.000143,0.000119
11.960000,0.000143,0.000119
11.961000,0.000143,0.000119
11.962000,0.000144,0.000119
11.963000,0.000143,0.000119
11.964000,0.000144,0.000119
11.965000,0.000144,0.000119
11.966000,0.000144,0.000118
11.967000,0.000143,0.000119
11.968000,0.000144,0.000119
11.969000,0.000143,0.000119
11.970000,0.000143,0.000118
11.971000,0.000143,0.000118
11.972000,0.000143,0.000118
11.973000,0.000143,0.000118
11.974000,0.000143,0.000118
11.975000,0.000143,0.000118
11.976000,0.000143,0.000117
11.977000,0.000142,0.000117
11.978000,0.000142,0.000117
11.979000,0.000142,0.000116
11.980000,0.000143,0.000116
11.981000,0.000142,0.000116
11.982000,0.000142,0.000117
11.983000,0.000142,0.000116
11.984000,0.000142,0.000116
11.985000,0.000142,0.000116
11.986000,0.000142,0.000116
11.987000,0.000142,0.000115
11.988000,0.000141,0.000116
11.989000,0.000141,0.000115
11.990000,0.000141,0.000115
11.991000,0.000141,0.000114
11.992000,0.000141,0.000113
11.993000,0.000141,0.000113
11.994000,0.000141,0.000112
11.995000,0.000141,0.000113
11.996000,0.000141,0.000113
11.997000,0.000142,0.000115
11.998000,0.000142,0.000114
11.999000,0.000143,0.000115
11.950000,0.000143,0.000119
11.951000,0.000143,0.000118
11.952000,0.000142,0.000118
11.953000,0.000143,0.000118
11.954000,0.000142,0.000119
11.955000,0.000142,0.000118
11.956000,0.000141,0.000118
11.957000,0.000142,0.000118
11.958000,0.000142,0.000118
11.959000,0.000142,0.000118
11.960000,0.000142,0.000118
11.961000,0.000143,0.000118
11.962000,0.000143,0.000118
11.963000,0.000142,0.000118
11.964000,0.000142,0.000117
11.965000,0.000142,0.000118
11.966000,0.000142,0.000117
11.967000,0.000142,0.000118
11.968000,0.000143,0.000117
11.969000,0.000142,0.000118
11.970000,0.000142,0.000117
11.971000,0.000142,0.000117
11.972000,0.000143,0.000117
11.973000,0.000142,0.000117
11.974000,0.000142,0.000117
11.975000,0.000142,0.000117
11.976000,0.000143,0.000117
11.977000,0.000142,0.000117
11.978000,0.000142,0.000117
11.979000,0.000142,0.000115
11.980000,0.000142,0.000115
11.981000,0.000142,0.000116
11.982000,0.000142,0.000116
11.983000,0.000141,0.000115
11.984000,0.000141,0.000116
11.985000,0.000142,0.000115
11.986000,0.000142,0.000116
11.987000,0.000141,0.000115
11.988000,0.000142,0.000116
11.989000,0.000141,0.000115
11.990000,0.000142,0.000115
11.991000,0.000142,0.000114
11.992000,0.000142,0.000114
11.993000,0.000141,0.000114
11.994000,0.000141,0.000114
11.995000,0.000141,0.000115
11.996000,0.000142,0.000114
11.997000,0.000142,0.000116
11.998000,0.000142,0.000115
11.999000,0.000143,0.000116
12.000000,0.000143,0.000115
12.001000,0.000144,0.000115
12.002000,0.000144,0.000115
12.003000,0.000143,0.000116
12.004000,0.000142,0.000116
12.005000,0.000142,0.000116
12.006000,0.000142,0.000116
12.007000,0.000142,0.000116
12.008000,0.000142,0.000117
12.009000,0.000143,0.000117
12.010000,0.000143,0.000117
12.011000,0.000143,0.000117
12.012000,0.000144,0.000117
12.013000,0.000144,0.000117
12.014000,0.000144,0.000117
12.015000,0.000145,0.000117
12.016000,0.000145,0.000116
12.017000,0.000145,0.000118
12.018000,0.000146,0.000118
12.019000,0.000145,0.000118
12.020000,0.000145,0.000118
12.021000,0.000144,0.000118
12.022000,0.000144,0.000118
12.023000,0.000145,0.000117
12.024000,0.000145,0.000118
12.025000,0.000145,0.000117
12.026000,0.000145,0.000119
12.027000,0.000146,0.000118
12.028000,0.000145,0.000119
12.029000,0.000146,0.000118
12.030000,0.000146,0.000119
12.031000,0.000146,0.000118
12.032000,0.000146,0.000118
12.033000,0.000147,0.000118
12.034000,0.000147,0.000117
12.035000,0.000147,0.000117
12.036000,0.000146,0.000117
12.037000,0.000146,0.000118
12.038000,0.000145,0.000116
12.039000,0.000146,0.000117
12.040000,0.000146,0.000117
12.041000,0.000146,0.000118
12.042000,0.000146,0.000118
12.043000,0.000146,0.000119
12.044000,0.000147,0.000118
12.045000,0.000147,0.000119
12.046000,0.000148,0.000119
12.047000,0.000147,0.000119
12.048000,0.000147,0.000119
12.049000,0.000146,0.000119
12.050000,0.000147,0.000119
12.051000,0.000147,0.000119
12.052000,0.000148,0.000119
12.053000,0.000148,0.000118
12.054000,0.000148,0.000118
12.055000,0.000148,0.000117
12.056000,0.000149,0.000118
12.057000,0.000149,0.000117
12.058000,0.000149,0.000118
12.059000,0.000149,0.000117
12.060000,0.000149,0.000119
12.061000,0.000148,0.000117
12.062000,0.000148,0.000119
12.063000,0.000149,0.000118
12.064000,0.000149,0.000119
12.065000,0.000149,0.000118
12.066000,0.000149,0.000119
12.067000,0.000150,0.000119
12.068000,0.000149,0.000119
12.069000,0.000150,0.000119
12.070000,0.000149,0.000119
12.071000,0.000149,0.000120
12.072000,0.000148,0.000120
12.073000,0.000148,0.000120
12.074000,0.000149,0.000119
12.075000,0.000148,0.000120
12.076000,0.000148,0.000119
12.077000,0.000148,0.000120
12.078000,0.000148,0.000119
12.079000,0.000148,0.000119
12.080000,0.000148,0.000118
12.081000,0.000148,0.000118
12.082000,0.000148,0.000118
12.083000,0.000148,0.000120
12.084000,0.000148,0.000119
12.085000,0.000148,0.000119
12.086000,0.000149,0.000119
12.087000,0.000149,0.000119
12.088000,0.000148,0.000119
12.089000,0.000149,0.000118
12.090000,0.000148,0.000118
12.091000,0.000148,0.000118
12.092000,0.000148,0.000118
12.093000,0.000149,0.000118
12.094000,0.000149,0.000118
12.095000,0.000149,0.000118
12.096000,0.000149,0.000118
12.097000,0.000149,0.000118
12.098000,0.000149,0.000118
12.099000,0.000149,0.000118
12.100000,0.000149,0.000118
12.101000,0.000148,0.000118
12.102000,0.000148,0.000118
12.103000,0.000148,0.000118
12.104000,0.000148,0.000117
12.105000,0.000147,0.000118
12.106000,0.000147,0.000118
12.107000,0.000148,0.000117
12.108000,0.000148,0.000117
12.109000,0.000148,0.000117
12.110000,0.000148,0.000117
12.111000,0.000147,0.000116
12.112000,0.000147,0.000116
12.113000,0.000146,0.000116
12.114000,0.000146,0.000116
12.115000,0.000146,0.000116
12.116000,0.000146,0.000116
12.117000,0.000145,0.000116
12.118000,0.000145,0.000115
12.119000,0.000145,0.000115
12.120000,0.000145,0.000115
12.121000,0.000145,0.000115
12.122000,0.000145,0.000115
12.123000,0.000145,0.000115
12.124000,0.000145,0.000115
12.125000,0.000144,0.000115
12.126000,0.000144,0.000115
12.127000,0.000144,0.000115
12.128000,0.000144,0.000114
12.129000,0.000144,0.000114
12.130000,0.000144,0.000114
12.131000,0.000143,0.000114
12.132000,0.000143,0.000114
12.133000,0.000143,0.000114
12.134000,0.000143,0.000115
12.135000,0.000144,0.000114
12.136000,0.000145,0.000115
12.137000,0.000145,0.000115
12.138000,0.000145,0.000115
12.139000,0.000145,0.000115
12.140000,0.000145,0.000115
12.141000,0.000145,0.000114
12.142000,0.000145,0.000114
12.143000,0.000144,0.000115
12.144000,0.000144,0.000114
12.145000,0.000144,0.000114
12.146000,0.000144,0.000114
12.147000,0.000144,0.000114
12.148000,0.000144,0.000114
12.149000,0.000145,0.000114
12.150000,0.000144,0.000114
12.151000,0.000143,0.000114
12.152000,0.000143,0.000114
12.153000,0.000143,0.000115
12.154000,0.000144,0.000115
12.155000,0.000144,0.000115
12.156000,0.000145,0.000115
12.157000,0.000144,0.000115
12.158000,0.000144,0.000116
12.159000,0.000145,0.000115
12.160000,0.000145,0.000115
12.161000,0.000144,0.000115
12.162000,0.000145,0.000115
12.163000,0.000145,0.000115
12.164000,0.000144,0.000116
12.165000,0.000145,0.000116
12.166000,0.000145,0.000117
12.167000,0.000145,0.000116
12.168000,0.000146,0.000117
12.169000,0.000146,0.000117
12.170000,0.000146,0.000117
12.171000,0.000146,0.000116
12.172000,0.000146,0.000116
12.173000,0.000147,0.000116
12.174000,0.000147,0.000116
12.175000,0.000147,0.000116
12.176000,0.000146,0.000116
12.177000,0.000146,0.000116
12.178000,0.000146,0.000117
12.179000,0.000146,0.000118
12.180000,0.000146,0.000118
12.181000,0.000146,0.000118
12.182000,0.000145,0.000117
12.183000,0.000145,0.000117
12.184000,0.000145,0.000116
12.185000,0.000144,0.000117
12.186000,0.000145,0.000117
12.187000,0.000144,0.000117
12.188000,0.000145,0.000117
12.189000,0.000145,0.000118
12.190000,0.000146,0.000117
12.191000,0.000145,0.000118
12.192000,0.000146,0.000118
12.193000,0.000145,0.000117
12.194000,0.000145,0.000118
12.195000,0.000145,0.000117
12.196000,0.000145,0.000118
12.197000,0.000145,0.000118
12.198000,0.000145,0.000118
12.199000,0.000145,0.000118
12.200000,0.000144,0.000118
12.201000,0.000144,0.000117
12.202000,0.000144,0.000116
12.203000,0.000144,0.000117
12.204000,0.000145,0.000117
12.205000,0.000144,0.000117
12.206000,0.000145,0.000117
12.207000,0.000144,0.000118
12.208000,0.000145,0.000117
12.209000,0.000144,0.000118
12.210000,0.000145,0.000118
12.211000,0.000144,0.000118
12.212000,0.000145,0.000118
12.213000,0.000145,0.000118
12.214000,0.000145,0.000118
12.215000,0.000145,0.000118
12.216000,0.000145,0.000118
12.217000,0.000145,0.000118
12.218000,0.000145,0.000119
12.219000,0.000146,0.000119
12.220000,0.000145,0.000119
12.221000,0.000146,0.000119
12.222000,0.000145,0.000118
12.223000,0.000145,0.000119
12.224000,0.000146,0.000118
12.225000,0.000145,0.000119
12.226000,0.000145,0.000118
12.227000,0.000145,0.000120
12.228000,0.000145,0.000119
12.229000,0.000145,0.000120
12.230000,0.000145,0.000119
12.231000,0.000146,0.000119
12.232000,0.000145,0.000120
12.233000,0.000146,0.000119
12.234000,0.000145,0.000120
12.235000,0.000145,0.000119
12.236000,0.000144,0.000120
12.237000,0.000144,0.000119
12.238000,0.000144,0.000120
12.239000,0.000144,0.000120
12.240000,0.000144,0.000122
12.241000,0.000144,0.000121
12.242000,0.000144,0.000122
12.243000,0.000145,0.000122
12.244000,0.000144,0.000122
12.245000,0.000145,0.000122
12.246000,0.000145,0.000121
12.247000,0.000145,0.000122
12.248000,0.000144,0.000122
12.249000,0.000144,0.000121
12.250000,0.000144,0.000121
12.251000,0.000144,0.000121
12.252000,0.000144,0.000121
12.253000,0.000144,0.000121
12.254000,0.000144,0.000121
12.255000,0.000143,0.000122
12.256000,0.000142,0.000120
12.257000,0.000141,0.000121
12.258000,0.000142,0.000120
12.259000,0.000141,0.000121
12.260000,0.000142,0.000121
12.261000,0.000142,0.000122
12.262000,0.000142,0.000121
12.263000,0.000141,0.000120
12.264000,0.000141,0.000120
12.265000,0.000140,0.000120
12.266000,0.000140,0.000119
12.267000,0.000139,0.000120
12.268000,0.000139,0.000119
12.269000,0.000139,0.000119
12.270000,0.000139,0.000119
12.271000,0.000139,0.000118
12.272000,0.000140,0.000119
12.273000,0.000140,0.000119
12.274000,0.000139,0.000119
12.275000,0.000139,0.000118
12.276000,0.000139,0.000119
12.277000,0.000139,0.000118
12.278000,0.000139,0.000119
12.279000,0.000140,0.000118
12.280000,0.000140,0.000119
12.281000,0.000140,0.000119
12.282000,0.000140,0.000119
12.283000,0.000141,0.000119
12.284000,0.000140,0.000119
12.285000,0.000141,0.000119
12.286000,0.000140,0.000119
12.287000,0.000141,0.000119
12.288000,0.000140,0.000119
12.289000,0.000140,0.000120
12.290000,0.000139,0.000120
12.291000,0.000139,0.000121
12.292000,0.000139,0.000119
12.293000,0.000139,0.000120
12.294000,0.000139,0.000119
12.295000,0.000139,0.000119
12.296000,0.000139,0.000118
12.297000,0.000139,0.000119
12.298000,0.000139,0.000119
12.299000,0.000140,0.000119
12.300000,0.000140,0.000120
12.301000,0.000141,0.000119
12.302000,0.000140,0.000121
12.303000,0.000140,0.000120
12.304000,0.000140,0.000121
12.305000,0.000141,0.000121
12.306000,0.000140,0.000121
12.307000,0.000140,0.000121
12.308000,0.000140,0.000120
12.309000,0.000141,0.000120
12.310000,0.000141,0.000120
12.311000,0.000141,0.000121
12.312000,0.000141,0.000120
12.313000,0.000141,0.000121
12.314000,0.000141,0.000120
12.315000,0.000141,0.000121
12.316000,0.000141,0.000120
12.317000,0.000141,0.000120
12.318000,0.000141,0.000120
12.319000,0.000141,0.000119
12.320000,0.000141,0.000120
12.321000,0.000141,0.000120
12.322000,0.000141,0.000120
12.323000,0.000142,0.000120
12.324000,0.000142,0.000121
12.325000,0.000143,0.000120
12.326000,0.000143,0.000121
12.327000,0.000144,0.000120
12.328000,0.000143,0.000120
12.329000,0.000144,0.000120
12.330000,0.000144,0.000119
12.331000,0.000144,0.000120
12.332000,0.000144,0.000119
12.333000,0.000144,0.000120
12.334000,0.000144,0.000119
12.335000,0.000144,0.000121
12.336000,0.000145,0.000120
12.337000,0.000144,0.000121
12.338000,0.000145,0.000120
12.339000,0.000145,0.000120
12.340000,0.000145,0.000119
12.341000,0.000145,0.000120
12.342000,0.000145,0.000119
12.343000,0.000145,0.000119
12.344000,0.000145,0.000118
12.345000,0.000144,0.000117
12.346000,0.000144,0.000119
12.347000,0.000144,0.000118
12.348000,0.000144,0.000119
12.349000,0.000145,0.000119
12.350000,0.000145,0.000120
12.351000,0.000145,0.000120
12.352000,0.000145,0.000121
12.353000,0.000146,0.000120
12.354000,0.000146,0.000121
12.355000,0.000146,0.000120
12.356000,0.000146,0.000121
12.357000,0.000147,0.000121
12.358000,0.000147,0.000122
12.359000,0.000147,0.000121
12.360000,0.000146,0.000121
12.361000,0.000146,0.000120
12.362000,0.000146,0.000120
12.363000,0.000146,0.000120
12.364000,0.000147,0.000120
12.365000,0.000147,0.000120
12.366000,0.000147,0.000120
12.367000,0.000147,0.000121
12.368000,0.000146,0.000121
12.369000,0.000147,0.000121
12.370000,0.000146,0.000121
12.371000,0.000146,0.000121
12.372000,0.000146,0.000121
12.373000,0.000146,0.000121
12.374000,0.000146,0.000120
12.375000,0.000147,0.000121
12.376000,0.000147,0.000121
12.377000,0.000147,0.000121
12.378000,0.000147,0.000121
12.379000,0.000147,0.000120
12.380000,0.000146,0.000120
12.381000,0.000147,0.000120
12.382000,0.000147,0.000119
12.383000,0.000147,0.000120
12.384000,0.000147,0.000120
12.385000,0.000147,0.000120
12.386000,0.000147,0.000120
12.387000,0.000147,0.000120
12.388000,0.000148,0.000120
12.389000,0.000149,0.000119
12.390000,0.000149,0.000120
12.391000,0.000149,0.000119
12.392000,0.000149,0.000119
12.393000,0.000149,0.000120
12.394000,0.000150,0.000120
12.395000,0.000150,0.000120
12.396000,0.000150,0.000120
12.397000,0.000150,0.000120
12.398000,0.000150,0.000120
12.399000,0.000150,0.000120
12.400000,0.000150,0.000120
12.401000,0.000150,0.000120
12.402000,0.000150,0.000120
12.403000,0.000150,0.000120
12.404000,0.000149,0.000120
12.405000,0.000149,0.000119
12.406000,0.000149,0.000119
12.407000,0.000150,0.000119
12.408000,0.000150,0.000120
12.409000,0.000150,0.000120
12.410000,0.000150,0.000120
12.411000,0.000150,0.000119
12.412000,0.000149,0.000119
12.413000,0.000149,0.000119
12.414000,0.000149,0.000118
12.415000,0.000150,0.000118
12.416000,0.000150,0.000118
12.417000,0.000150,0.000119
12.418000,0.000151,0.000118
12.419000,0.000151,0.000118
12.420000,0.000151,0.000118
12.421000,0.000151,0.000119
12.422000,0.000150,0.000118
12.423000,0.000150,0.000118
12.424000,0.000150,0.000118
12.425000,0.000150,0.000119
12.426000,0.000150,0.000118
12.427000,0.000149,0.000118
12.428000,0.000149,0.000118
12.429000,0.000149,0.000118
12.430000,0.000149,0.000118
12.431000,0.000149,0.000119
12.432000,0.000149,0.000119
12.433000,0.000149,0.000119
12.434000,0.000149,0.000118
12.435000,0.000149,0.000118
12.436000,0.000148,0.000117
12.437000,0.000148,0.000117
12.438000,0.000148,0.000118
12.439000,0.000148,0.000118
12.440000,0.000148,0.000118
12.441000,0.000148,0.000118
12.442000,0.000148,0.000118
12.443000,0.000148,0.000117
12.444000,0.000148,0.000118
12.445000,0.000148,0.000119
12.446000,0.000148,0.000118
12.447000,0.000148,0.000118
12.448000,0.000148,0.000117
12.449000,0.000148,0.000116
12.450000,0.000148,0.000117
12.451000,0.000147,0.000117
12.452000,0.000147,0.000116
12.453000,0.000147,0.000116
12.454000,0.000147,0.000116
12.455000,0.000147,0.000116
12.456000,0.000147,0.000116
12.457000,0.000148,0.000116
12.458000,0.000147,0.000116
12.459000,0.000148,0.000116
12.460000,0.000148,0.000116
12.461000,0.000148,0.000116
12.462000,0.000149,0.000117
12.463000,0.000149,0.000116
12.464000,0.000148,0.000117
12.465000,0.000149,0.000116
12.466000,0.000149,0.000116
12.467000,0.000149,0.000115
12.468000,0.000149,0.000116
12.469000,0.000149,0.000115
12.470000,0.000149,0.000115
12.471000,0.000149,0.000115
12.472000,0.000149,0.000115
12.473000,0.000149,0.000115
12.474000,0.000149,0.000116
12.475000,0.000149,0.000115
12.476000,0.000149,0.000115
12.477000,0.000149,0.000115
12.478000,0.000150,0.000115
12.479000,0.000149,0.000116
12.480000,0.000150,0.000116
12.481000,0.000150,0.000116
12.482000,0.000149,0.000116
12.483000,0.000149,0.000117
12.484000,0.000150,0.000116
12.485000,0.000150,0.000116
12.486000,0.000150,0.000115
12.487000,0.000149,0.000115
12.488000,0.000149,0.000114
12.489000,0.000148,0.000115
12.490000,0.000148,0.000115
12.491000,0.000148,0.000114
12.492000,0.000147,0.000115
12.493000,0.000148,0.000114
12.494000,0.000147,0.000116
12.495000,0.000147,0.000115
12.496000,0.000147,0.000115
12.497000,0.000147,0.000115
12.498000,0.000146,0.000115
12.499000,0.000146,0.000115
12.450000,0.000148,0.000117
12.451000,0.000148,0.000117
12.452000,0.000147,0.000116
12.453000,0.000146,0.000116
12.454000,0.000146,0.000116
12.455000,0.000146,0.000115
12.456000,0.000146,0.000115
12.457000,0.000147,0.000115
12.458000,0.000147,0.000116
12.459000,0.000147,0.000116
12.460000,0.000147,0.000117
12.461000,0.000148,0.000117
12.462000,0.000148,0.000118
12.463000,0.000148,0.000117
12.464000,0.000147,0.000118
12.465000,0.000147,0.000117
12.466000,0.000147,0.000117
12.467000,0.000148,0.000117
12.468000,0.000148,0.000117
12.469000,0.000148,0.000116
12.470000,0.000148,0.000117
12.471000,0.000148,0.000117
12.472000,0.000148,0.000116
12.473000,0.000148,0.000117
12.474000,0.000149,0.000117
12.475000,0.000149,0.000117
12.476000,0.000149,0.000117
12.477000,0.000149,0.000118
12.478000,0.000150,0.000117
12.479000,0.000149,0.000118
12.480000,0.000150,0.000118
12.481000,0.000150,0.000119
12.482000,0.000149,0.000119
12.483000,0.000149,0.000120
12.484000,0.000149,0.000119
12.485000,0.000150,0.000118
12.486000,0.000150,0.000118
12.487000,0.000149,0.000117
12.488000,0.000148,0.000117
12.489000,0.000148,0.000117
12.490000,0.000147,0.000117
12.491000,0.000148,0.000116
12.492000,0.000148,0.000118
12.493000,0.000148,0.000118
12.494000,0.000147,0.000118
12.495000,0.000147,0.000118
12.496000,0.000148,0.000117
12.497000,0.000147,0.000118
12.498000,0.000147,0.000117
12.499000,0.000146,0.000118
12.500000,0.000147,0.000117
12.501000,0.000146,0.000118
12.502000,0.000147,0.000117
12.503000,0.000147,0.000119
12.504000,0.000148,0.000118
12.505000,0.000148,0.000119
12.506000,0.000148,0.000119
12.507000,0.000147,0.000118
12.508000,0.000147,0.000118
12.509000,0.000146,0.000118
12.510000,0.000147,0.000119
12.511000,0.000146,0.000118
12.512000,0.000147,0.000119
12.513000,0.000146,0.000119
12.514000,0.000146,0.000120
12.515000,0.000146,0.000120
12.516000,0.000146,0.000120
12.517000,0.000145,0.000120
12.518000,0.000145,0.000120
12.519000,0.000144,0.000120
12.520000,0.000145,0.000120
12.521000,0.000146,0.000120
12.522000,0.000146,0.000120
12.523000,0.000146,0.000120
12.524000,0.000146,0.000119
12.525000,0.000146,0.000120
12.526000,0.000147,0.000120
12.527000,0.000146,0.000120
12.528000,0.000146,0.000119
12.529000,0.000146,0.000119
12.530000,0.000146,0.000120
12.531000,0.000147,0.000119
12.532000,0.000146,0.000120
12.533000,0.000147,0.000120
12.534000,0.000147,0.000121
12.535000,0.000147,0.000120
12.536000,0.000147,0.000121
12.537000,0.000147,0.000120
12.538000,0.000147,0.000120
12.539000,0.000147,0.000120
12.540000,0.000147,0.000120
12.541000,0.000147,0.000120
12.542000,0.000146,0.000120
12.543000,0.000146,0.000120
12.544000,0.000146,0.000119
12.545000,0.000146,0.000119
12.546000,0.000147,0.000119
12.547000,0.000147,0.000120
12.548000,0.000147,0.000119
12.549000,0.000147,0.000120
12.550000,0.000147,0.000119
12.551000,0.000146,0.000120
12.552000,0.000147,0.000119
12.553000,0.000147,0.000121
12.554000,0.000147,0.000120
12.555000,0.000147,0.000122
12.556000,0.000147,0.000121
12.557000,0.000147,0.000121
12.558000,0.000147,0.000120
12.559000,0.000147,0.000120
12.560000,0.000147,0.000119
12.561000,0.000146,0.000119
12.562000,0.000147,0.000119
12.563000,0.000146,0.000119
12.564000,0.000146,0.000118
12.565000,0.000146,0.000118
12.566000,0.000146,0.000118
12.567000,0.000146,0.000117
12.568000,0.000145,0.000118
12.569000,0.000146,0.000117
12.570000,0.000145,0.000118
12.571000,0.000146,0.000117
12.572000,0.000145,0.000119
12.573000,0.000146,0.000118
12.574000,0.000145,0.000118
12.575000,0.000146,0.000117
12.576000,0.000145,0.000118
12.577000,0.000145,0.000116
12.578000,0.000144,0.000117
12.579000,0.000145,0.000117
12.580000,0.000145,0.000117
12.581000,0.000144,0.000117
12.582000,0.000144,0.000116
12.583000,0.000144,0.000115
12.584000,0.000144,0.000115
12.585000,0.000144,0.000116
12.586000,0.000144,0.000116
12.587000,0.000143,0.000117
12.588000,0.000145,0.000117
12.589000,0.000144,0.000118
12.590000,0.000145,0.000117
12.591000,0.000144,0.000117
12.592000,0.000144,0.000117
12.593000,0.000143,0.000116
12.594000,0.000143,0.000117
12.595000,0.000143,0.000117
12.596000,0.000143,0.000117
12.597000,0.000144,0.000117
12.598000,0.000143,0.000117
12.599000,0.000144,0.000116
12.600000,0.000143,0.000117
12.601000,0.000144,0.000117
12.602000,0.000143,0.000116
12.603000,0.000143,0.000115
12.604000,0.000143,0.000115
12.605000,0.000143,0.000115
12.606000,0.000143,0.000115
12.607000,0.000143,0.000116
12.608000,0.000144,0.000114
12.609000,0.000144,0.000114
12.610000,0.000144,0.000113
12.611000,0.000144,0.000114
12.612000,0.000144,0.000113
12.613000,0.000144,0.000113
12.614000,0.000144,0.000113
12.615000,0.000144,0.000112
12.616000,0.000144,0.000113
12.617000,0.000144,0.000113
12.618000,0.000144,0.000113
12.619000,0.000145,0.000112
12.620000,0.000144,0.000113
12.621000,0.000143,0.000113
12.622000,0.000143,0.000113
12.623000,0.000144,0.000113
12.624000,0.000143,0.000113
12.625000,0.000143,0.000113
12.626000,0.000142,0.000113
12.627000,0.000142,0.000113
12.628000,0.000142,0.000113
12.629000,0.000141,0.000113
12.630000,0.000142,0.000113
12.631000,0.000141,0.000113
12.632000,0.000141,0.000113
12.633000,0.000141,0.000112
12.634000,0.000140,0.000112
12.635000,0.000140,0.000112
12.636000,0.000141,0.000113
12.637000,0.000142,0.000113
12.638000,0.000141,0.000113
12.639000,0.000142,0.000112
12.640000,0.000142,0.000113
12.641000,0.000141,0.000113
12.642000,0.000141,0.000113
12.643000,0.000142,0.000113
12.644000,0.000142,0.000114
12.645000,0.000141,0.000113
12.646000,0.000141,0.000114
12.647000,0.000141,0.000114
12.648000,0.000140,0.000114
12.649000,0.000141,0.000114
12.650000,0.000140,0.000114
12.651000,0.000141,0.000115
12.652000,0.000141,0.000115
12.653000,0.000141,0.000114
12.654000,0.000140,0.000113
12.655000,0.000140,0.000113
12.656000,0.000140,0.000114
12.657000,0.000139,0.000113
12.658000,0.000140,0.000113
12.659000,0.000140,0.000114
12.660000,0.000141,0.000113
12.661000,0.000140,0.000113
12.662000,0.000140,0.000113
12.663000,0.000141,0.000114
12.664000,0.000141,0.000115
12.665000,0.000141,0.000115
12.666000,0.000141,0.000115
12.667000,0.000141,0.000116
12.668000,0.000142,0.000116
12.669000,0.000142,0.000116
12.670000,0.000142,0.000116
12.671000,0.000141,0.000116
12.672000,0.000142,0.000115
12.673000,0.000140,0.000115
12.674000,0.000141,0.000115
12.675000,0.000140,0.000116
12.676000,0.000140,0.000116
12.677000,0.000140,0.000116
12.678000,0.000140,0.000116
12.679000,0.000140,0.000116
12.680000,0.000140,0.000117
12.681000,0.000141,0.000117
12.682000,0.000141,0.000117
12.683000,0.000141,0.000118
12.684000,0.000141,0.000118
12.685000,0.000142,0.000118
12.686000,0.000142,0.000118
12.687000,0.000142,0.000118
12.688000,0.000141,0.000117
12.689000,0.000142,0.000117
12.690000,0.000141,0.000117
12.691000,0.000142,0.000118
12.692000,0.000142,0.000116
12.693000,0.000142,0.000118
12.694000,0.000142,0.000117
12.695000,0.000143,0.000118
12.696000,0.000143,0.000117
12.697000,0.000143,0.000117
12.698000,0.000143,0.000118
12.699000,0.000142,0.000118
12.700000,0.000142,0.000118
12.701000,0.000142,0.000117
12.702000,0.000142,0.000118
12.703000,0.000143,0.000118
12.704000,0.000142,0.000119
12.705000,0.000143,0.000118
12.706000,0.000143,0.000118
12.707000,0.000143,0.000118
12.708000,0.000143,0.000119
12.709000,0.000143,0.000119
12.710000,0.000143,0.000119
12.711000,0.000143,0.000120
12.712000,0.000143,0.000120
12.713000,0.000142,0.000121
12.714000,0.000142,0.000121
12.715000,0.000142,0.000120
12.716000,0.000143,0.000120
12.717000,0.000143,0.000121
12.718000,0.000142,0.000120
12.719000,0.000142,0.000120
12.720000,0.000142,0.000121
12.721000,0.000143,0.000120
12.722000,0.000142,0.000121
12.723000,0.000143,0.000120
12.724000,0.000143,0.000121
12.725000,0.000143,0.000121
12.726000,0.000143,0.000122
12.727000,0.000144,0.000121
12.728000,0.000144,0.000121
12.729000,0.000144,0.000122
12.730000,0.000143,0.000121
12.731000,0.000143,0.000122
12.732000,0.000144,0.000121
12.733000,0.000144,0.000122
12.734000,0.000145,0.000121
12.735000,0.000145,0.000121
12.736000,0.000145,0.000120
12.737000,0.000144,0.000120
12.738000,0.000145,0.000120
12.739000,0.000145,0.000120
12.740000,0.000145,0.000120
12.741000,0.000145,0.000119
12.742000,0.000145,0.000120
12.743000,0.000146,0.000120
12.744000,0.000145,0.000120
12.745000,0.000145,0.000120
12.746000,0.000145,0.000120
12.747000,0.000145,0.000119
12.748000,0.000146,0.000119
12.749000,0.000146,0.000118
12.750000,0.000146,0.000119
12.751000,0.000146,0.000118
12.752000,0.000146,0.000119
12.753000,0.000146,0.000118
12.754000,0.000146,0.000119
12.755000,0.000147,0.000119
12.756000,0.000146,0.000119
12.757000,0.000147,0.000119
12.758000,0.000146,0.000120
12.759000,0.000147,0.000120
12.760000,0.000146,0.000121
12.761000,0.000146,0.000121
12.762000,0.000146,0.000121
12.763000,0.000147,0.000120
12.764000,0.000147,0.000119
12.765000,0.000146,0.000119
12.766000,0.000147,0.000118
12.767000,0.000146,0.000119
12.768000,0.000146,0.000118
12.769000,0.000145,0.000119
12.770000,0.000145,0.000118
12.771000,0.000145,0.000119
12.772000,0.000145,0.000119
12.773000,0.000145,0.000120
12.774000,0.000146,0.000119
12.775000,0.000146,0.000120
12.776000,0.000146,0.000119
12.777000,0.000146,0.000120
12.778000,0.000146,0.000120
12.779000,0.000146,0.000120
12.780000,0.000147,0.000119
12.781000,0.000146,0.000119
12.782000,0.000146,0.000118
12.783000,0.000146,0.000117
12.784000,0.000146,0.000117
12.785000,0.000145,0.000117
12.786000,0.000146,0.000118
12.787000,0.000145,0.000117
12.788000,0.000146,0.000117
12.789000,0.000146,0.000117
12.790000,0.000146,0.000117
12.791000,0.000146,0.000117
12.792000,0.000146,0.000118
12.793000,0.000146,0.000118
12.794000,0.000146,0.000118
12.795000,0.000146,0.000117
12.796000,0.000147,0.000116
12.797000,0.000145,0.000117
12.798000,0.000146,0.000116
12.799000,0.000147,0.000117
12.800000,0.000147,0.000117
12.801000,0.000146,0.000118
12.802000,0.000147,0.000118
12.803000,0.000147,0.000118
12.804000,0.000147,0.000118
12.805000,0.000147,0.000117
12.806000,0.000147,0.000118
12.807000,0.000147,0.000117
12.808000,0.000147,0.000118
12.809000,0.000147,0.000117
12.810000,0.000147,0.000118
12.811000,0.000148,0.000117
12.812000,0.000148,0.000117
12.813000,0.000148,0.000117
12.814000,0.000149,0.000117
12.815000,0.000149,0.000117
12.816000,0.000148,0.000117
12.817000,0.000148,0.000117
12.818000,0.000148,0.000116
12.819000,0.000148,0.000118
12.820000,0.000148,0.000116
12.821000,0.000148,0.000117
12.822000,0.000148,0.000116
12.823000,0.000148,0.000116
12.824000,0.000148,0.000116
12.825000,0.000148,0.000115
12.826000,0.000148,0.000115
12.827000,0.000148,0.000115
12.828000,0.000148,0.000115
12.829000,0.000149,0.000114
12.830000,0.000149,0.000116
12.831000,0.000150,0.000116
12.832000,0.000149,0.000116
12.833000,0.000149,0.000116
12.834000,0.000149,0.000116
12.835000,0.000149,0.000117
12.836000,0.000148,0.000117
12.837000,0.000148,0.000117
12.838000,0.000148,0.000117
12.839000,0.000147,0.000117
12.840000,0.000148,0.000116
12.841000,0.000147,0.000118
12.842000,0.000147,0.000116
12.843000,0.000147,0.000117
12.844000,0.000148,0.000117
12.845000,0.000147,0.000118
12.846000,0.000148,0.000118
12.847000,0.000147,0.000119
12.848000,0.000147,0.000119
12.849000,0.000146,0.000119
12.850000,0.000147,0.000119
12.851000,0.000147,0.000119
12.852000,0.000147,0.000118
12.853000,0.000148,0.000118
12.854000,0.000148,0.000119
12.855000,0.000148,0.000118
12.856000,0.000148,0.000119
12.857000,0.000147,0.000118
12.858000,0.000148,0.000118
12.859000,0.000148,0.000117
12.860000,0.000148,0.000117
12.861000,0.000148,0.000117
12.862000,0.000148,0.000117
12.863000,0.000148,0.000117
12.864000,0.000148,0.000118
12.865000,0.000149,0.000117
12.866000,0.000147,0.000117
12.867000,0.000149,0.000117
12.868000,0.000148,0.000117
12.869000,0.000149,0.000117
12.870000,0.000149,0.000117
12.871000,0.000149,0.000116
12.872000,0.000148,0.000116
12.873000,0.000149,0.000116
12.874000,0.000149,0.000116
12.875000,0.000149,0.000115
12.876000,0.000149,0.000115
12.877000,0.000148,0.000115
12.878000,0.000148,0.000114
12.879000,0.000148,0.000114
12.880000,0.000147,0.000115
12.881000,0.000147,0.000116
12.882000,0.000148,0.000117
12.883000,0.000148,0.000117
12.884000,0.000148,0.000117
12.885000,0.000148,0.000117
12.886000,0.000148,0.000117
12.887000,0.000148,0.000117
12.888000,0.000147,0.000117
12.889000,0.000147,0.000117
12.890000,0.000147,0.000117
12.891000,0.000147,0.000117
12.892000,0.000147,0.000117
12.893000,0.000147,0.000117
12.894000,0.000147,0.000117
12.895000,0.000147,0.000118
12.896000,0.000146,0.000118
12.897000,0.000146,0.000118
12.898000,0.000146,0.000117
12.899000,0.000145,0.000118
12.900000,0.000145,0.000117
12.901000,0.000145,0.000117
12.902000,0.000145,0.000117
12.903000,0.000145,0.000117
12.904000,0.000146,0.000116
12.905000,0.000146,0.000117
12.906000,0.000145,0.000116
12.907000,0.000146,0.000116
12.908000,0.000146,0.000116
12.909000,0.000146,0.000116
12.910000,0.000145,0.000117
12.911000,0.000144,0.000117
12.912000,0.000144,0.000117
12.913000,0.000143,0.000116
12.914000,0.000143,0.000116
12.915000,0.000144,0.000116
12.916000,0.000144,0.000116
12.917000,0.000144,0.000117
12.918000,0.000144,0.000117
12.919000,0.000144,0.000117
12.920000,0.000145,0.000117
12.921000,0.000145,0.000117
12.922000,0.000145,0.000117
12.923000,0.000144,0.000118
12.924000,0.000145,0.000118
12.925000,0.000144,0.000118
12.926000,0.000144,0.000118
12.927000,0.000144,0.000118
12.928000,0.000144,0.000118
12.929000,0.000144,0.000118
12.930000,0.000144,0.000117
12.931000,0.000144,0.000117
12.932000,0.000144,0.000117
12.933000,0.000144,0.000116
12.934000,0.000145,0.000117
12.935000,0.000144,0.000117
12.936000,0.000145,0.000117
12.937000,0.000145,0.000117
12.938000,0.000145,0.000117
12.939000,0.000146,0.000117
12.940000,0.000145,0.000117
12.941000,0.000145,0.000116
12.942000,0.000147,0.000116
12.943000,0.000147,0.000116
12.944000,0.000146,0.000115
12.945000,0.000147,0.000116
12.946000,0.000147,0.000115
12.947000,0.000147,0.000115
12.948000,0.000148,0.000115
12.949000,0.000148,0.000115
12.950000,0.000149,0.000115
12.951000,0.000148,0.000115
12.952000,0.000149,0.000115
12.953000,0.000148,0.000115
12.954000,0.000148,0.000115
12.955000,0.000148,0.000115
12.956000,0.000148,0.000115
12.957000,0.000148,0.000115
12.958000,0.000148,0.000115
12.959000,0.000148,0.000115
12.960000,0.000149,0.000115
12.961000,0.000149,0.000115
12.962000,0.000149,0.000115
12.963000,0.000148,0.000115
12.964000,0.000148,0.000115
12.965000,0.000148,0.000115
12.966000,0.000149,0.000116
12.967000,0.000148,0.000115
12.968000,0.000149,0.000116
12.969000,0.000149,0.000115
12.970000,0.000149,0.000116
12.971000,0.000150,0.000116
12.972000,0.000150,0.000116
12.973000,0.000150,0.000116
12.974000,0.000149,0.000117
12.975000,0.000150,0.000117
12.976000,0.000150,0.000117
12.977000,0.000150,0.000117
12.978000,0.000150,0.000118
12.979000,0.000150,0.000117
12.980000,0.000151,0.000117
12.981000,0.000151,0.000116
12.982000,0.000150,0.000115
12.983000,0.000150,0.000115
12.984000,0.000151,0.000115
12.985000,0.000150,0.000116
12.986000,0.000151,0.000115
12.987000,0.000150,0.000115
12.988000,0.000152,0.000115
12.989000,0.000152,0.000116
12.990000,0.000153,0.000116
12.991000,0.000152,0.000116
12.992000,0.000153,0.000115
12.993000,0.000152,0.000115
12.994000,0.000152,0.000114
12.995000,0.000152,0.000113
12.996000,0.000153,0.000114
12.997000,0.000154,0.000113
12.998000,0.000154,0.000116
12.999000,0.000155,0.000114
12.950000,0.000149,0.000115
12.951000,0.000148,0.000115
12.952000,0.000148,0.000115
12.953000,0.000147,0.000115
12.954000,0.000148,0.000115
12.955000,0.000148,0.000115
12.956000,0.000148,0.000115
12.957000,0.000148,0.000116
12.958000,0.000148,0.000115
12.959000,0.000148,0.000116
12.960000,0.000149,0.000116
12.961000,0.000149,0.000115
12.962000,0.000149,0.000115
12.963000,0.000148,0.000115
12.964000,0.000148,0.000116
12.965000,0.000148,0.000115
12.966000,0.000148,0.000116
12.967000,0.000148,0.000115
12.968000,0.000148,0.000116
12.969000,0.000148,0.000115
12.970000,0.000148,0.000116
12.971000,0.000149,0.000116
12.972000,0.000148,0.000117
12.973000,0.000149,0.000116
12.974000,0.000148,0.000117
12.975000,0.000149,0.000117
12.976000,0.000149,0.000117
12.977000,0.000149,0.000117
12.978000,0.000149,0.000118
12.979000,0.000149,0.000118
12.980000,0.000150,0.000117
12.981000,0.000150,0.000117
12.982000,0.000150,0.000117
12.983000,0.000149,0.000117
12.984000,0.000149,0.000117
12.985000,0.000149,0.000118
12.986000,0.000149,0.000117
12.987000,0.000149,0.000118
12.988000,0.000149,0.000118
12.989000,0.000149,0.000119
12.990000,0.000150,0.000119
12.991000,0.000149,0.000119
12.992000,0.000149,0.000119
12.993000,0.000148,0.000118
12.994000,0.000148,0.000119
12.995000,0.000148,0.000117
12.996000,0.000148,0.000118
12.997000,0.000149,0.000118
12.998000,0.000148,0.000119
12.999000,0.000149,0.000118
13.000000,0.000149,0.000119
13.001000,0.000149,0.000119
13.002000,0.000149,0.000119
13.003000,0.000149,0.000119
13.004000,0.000149,0.000118
13.005000,0.000149,0.000120
13.006000,0.000150,0.000119
13.007000,0.000149,0.000120
13.008000,0.000149,0.000119
13.009000,0.000149,0.000119
13.010000,0.000150,0.000119
13.011000,0.000150,0.000119
13.012000,0.000151,0.000119
13.013000,0.000151,0.000119
13.014000,0.000151,0.000119
13.015000,0.000151,0.000118
13.016000,0.000150,0.000119
13.017000,0.000150,0.000118
13.018000,0.000150,0.000119
13.019000,0.000151,0.000118
13.020000,0.000150,0.000119
13.021000,0.000151,0.000119
13.022000,0.000151,0.000118
13.023000,0.000152,0.000118
13.024000,0.000152,0.000117
13.025000,0.000152,0.000117
13.026000,0.000153,0.000117
13.027000,0.000152,0.000118
13.028000,0.000153,0.000117
13.029000,0.000153,0.000118
13.030000,0.000153,0.000118
13.031000,0.000153,0.000118
13.032000,0.000153,0.000118
13.033000,0.000153,0.000119
13.034000,0.000153,0.000118
13.035000,0.000152,0.000117
13.036000,0.000152,0.000118
13.037000,0.000151,0.000117
13.038000,0.000151,0.000118
13.039000,0.000152,0.000118
13.040000,0.000152,0.000120
13.041000,0.000152,0.000119
13.042000,0.000151,0.000121
13.043000,0.000151,0.000120
13.044000,0.000150,0.000121
13.045000,0.000150,0.000121
13.046000,0.000149,0.000121
13.047000,0.000149,0.000120
13.048000,0.000148,0.000120
13.049000,0.000150,0.000121
13.050000,0.000148,0.000120
13.051000,0.000148,0.000120
13.052000,0.000148,0.000121
13.053000,0.000148,0.000121
13.054000,0.000148,0.000120
13.055000,0.000147,0.000120
13.056000,0.000148,0.000120
13.057000,0.000148,0.000120
13.058000,0.000148,0.000120
13.059000,0.000148,0.000121
13.060000,0.000147,0.000120
13.061000,0.000147,0.000121
13.062000,0.000148,0.000121
13.063000,0.000148,0.000122
13.064000,0.000148,0.000121
13.065000,0.000147,0.000123
13.066000,0.000148,0.000122
13.067000,0.000149,0.000123
13.068000,0.000149,0.000123
13.069000,0.000149,0.000123
13.070000,0.000150,0.000122
13.071000,0.000149,0.000122
13.072000,0.000149,0.000122
13.073000,0.000149,0.000122
13.074000,0.000148,0.000122
13.075000,0.000147,0.000121
13.076000,0.000148,0.000121
13.077000,0.000148,0.000121
13.078000,0.000148,0.000121
13.079000,0.000147,0.000120
13.080000,0.000147,0.000121
13.081000,0.000147,0.000120
13.082000,0.000146,0.000121
13.083000,0.000146,0.000120
13.084000,0.000146,0.000121
13.085000,0.000147,0.000121
13.086000,0.000148,0.000121
13.087000,0.000148,0.000120
13.088000,0.000147,0.000120
13.089000,0.000147,0.000120
13.090000,0.000147,0.000119
13.091000,0.000147,0.000120
13.092000,0.000147,0.000119
13.093000,0.000147,0.000120
13.094000,0.000148,0.000119
13.095000,0.000147,0.000120
13.096000,0.000148,0.000119
13.097000,0.000147,0.000119
13.098000,0.000148,0.000119
13.099000,0.000147,0.000119
13.100000,0.000147,0.000119
13.101000,0.000147,0.000118
13.102000,0.000147,0.000118
13.103000,0.000147,0.000117
13.104000,0.000147,0.000119
13.105000,0.000147,0.000118
13.106000,0.000147,0.000118
13.107000,0.000147,0.000118
13.108000,0.000147,0.000118
13.109000,0.000146,0.000118
13.110000,0.000146,0.000117
13.111000,0.000146,0.000118
13.112000,0.000146,0.000118
13.113000,0.000146,0.000119
13.114000,0.000146,0.000119
13.115000,0.000146,0.000119
13.116000,0.000146,0.000119
13.117000,0.000146,0.000119
13.118000,0.000146,0.000119
13.119000,0.000145,0.000118
13.120000,0.000145,0.000118
13.121000,0.000144,0.000118
13.122000,0.000144,0.000118
13.123000,0.000143,0.000118
13.124000,0.000143,0.000120
13.125000,0.000143,0.000119
13.126000,0.000143,0.000119
13.127000,0.000143,0.000119
13.128000,0.000142,0.000119
13.129000,0.000142,0.000119
13.130000,0.000141,0.000119
13.131000,0.000141,0.000119
13.132000,0.000141,0.000118
13.133000,0.000141,0.000119
13.134000,0.000141,0.000118
13.135000,0.000141,0.000118
13.136000,0.000142,0.000118
13.137000,0.000143,0.000119
13.138000,0.000142,0.000118
13.139000,0.000143,0.000118
13.140000,0.000142,0.000117
13.141000,0.000142,0.000117
13.142000,0.000142,0.000117
13.143000,0.000143,0.000117
13.144000,0.000143,0.000116
13.145000,0.000143,0.000116
13.146000,0.000143,0.000116
13.147000,0.000143,0.000116
13.148000,0.000143,0.000116
13.149000,0.000142,0.000116
13.150000,0.000142,0.000116
13.151000,0.000143,0.000116
13.152000,0.000143,0.000116
13.153000,0.000144,0.000116
13.154000,0.000143,0.000116
13.155000,0.000144,0.000116
13.156000,0.000143,0.000115
13.157000,0.000142,0.000115
13.158000,0.000141,0.000115
13.159000,0.000141,0.000114
13.160000,0.000142,0.000114
13.161000,0.000141,0.000114
13.162000,0.000141,0.000113
13.163000,0.000141,0.000113
13.164000,0.000141,0.000112
13.165000,0.000141,0.000112
13.166000,0.000141,0.000112
13.167000,0.000140,0.000112
13.168000,0.000140,0.000111
13.169000,0.000140,0.000112
13.170000,0.000141,0.000112
13.171000,0.000141,0.000112
13.172000,0.000141,0.000112
13.173000,0.000140,0.000113
13.174000,0.000141,0.000113
13.175000,0.000141,0.000113
13.176000,0.000141,0.000113
13.177000,0.000141,0.000113
13.178000,0.000141,0.000113
13.179000,0.000141,0.000113
13.180000,0.000141,0.000112
13.181000,0.000142,0.000113
13.182000,0.000141,0.000113
13.183000,0.000142,0.000114
13.184000,0.000142,0.000113
13.185000,0.000142,0.000112
13.186000,0.000141,0.000113
13.187000,0.000141,0.000113
13.188000,0.000141,0.000113
13.189000,0.000142,0.000113
13.190000,0.000142,0.000113
13.191000,0.000143,0.000113
13.192000,0.000142,0.000113
13.193000,0.000142,0.000112
13.194000,0.000142,0.000112
13.195000,0.000142,0.000112
13.196000,0.000142,0.000112
13.197000,0.000142,0.000114
13.198000,0.000142,0.000114
13.199000,0.000142,0.000114
13.200000,0.000142,0.000114
13.201000,0.000142,0.000114
13.202000,0.000142,0.000114
13.203000,0.000141,0.000115
13.204000,0.000141,0.000115
13.205000,0.000141,0.000115
13.206000,0.000141,0.000116
13.207000,0.000141,0.000116
13.208000,0.000141,0.000117
13.209000,0.000141,0.000116
13.210000,0.000140,0.000116
13.211000,0.000141,0.000116
13.212000,0.000141,0.000116
13.213000,0.000141,0.000116
13.214000,0.000141,0.000114
13.215000,0.000141,0.000115
13.216000,0.000141,0.000115
13.217000,0.000140,0.000115
13.218000,0.000141,0.000115
13.219000,0.000141,0.000116
13.220000,0.000141,0.000116
13.221000,0.000141,0.000116
13.222000,0.000140,0.000115
13.223000,0.000140,0.000114
13.224000,0.000139,0.000115
13.225000,0.000139,0.000114
13.226000,0.000139,0.000115
13.227000,0.000140,0.000114
13.228000,0.000139,0.000115
13.229000,0.000139,0.000115
13.230000,0.000139,0.000114
13.231000,0.000139,0.000114
13.232000,0.000139,0.000114
13.233000,0.000139,0.000114
13.234000,0.000138,0.000114
13.235000,0.000138,0.000114
13.236000,0.000138,0.000113
13.237000,0.000138,0.000114
13.238000,0.000138,0.000114
13.239000,0.000138,0.000115
13.240000,0.000139,0.000115
13.241000,0.000139,0.000115
13.242000,0.000139,0.000114
13.243000,0.000139,0.000115
13.244000,0.000140,0.000115
13.245000,0.000140,0.000115
13.246000,0.000141,0.000115
13.247000,0.000141,0.000115
13.248000,0.000141,0.000115
13.249000,0.000140,0.000115
13.250000,0.000141,0.000115
13.251000,0.000140,0.000115
13.252000,0.000140,0.000115
13.253000,0.000140,0.000114
13.254000,0.000140,0.000115
13.255000,0.000140,0.000114
13.256000,0.000140,0.000115
13.257000,0.000141,0.000115
13.258000,0.000142,0.000116
13.259000,0.000142,0.000116
13.260000,0.000142,0.000117
13.261000,0.000144,0.000117
13.262000,0.000143,0.000117
13.263000,0.000143,0.000117
13.264000,0.000143,0.000117
13.265000,0.000143,0.000117
13.266000,0.000143,0.000117
13.267000,0.000142,0.000117
13.268000,0.000143,0.000117
13.269000,0.000142,0.000117
13.270000,0.000141,0.000116
13.271000,0.000141,0.000117
13.272000,0.000142,0.000117
13.273000,0.000142,0.000117
13.274000,0.000141,0.000117
13.275000,0.000142,0.000118
13.276000,0.000142,0.000117
13.277000,0.000141,0.000118
13.278000,0.000142,0.000118
13.279000,0.000141,0.000118
13.280000,0.000141,0.000118
13.281000,0.000141,0.000117
13.282000,0.000142,0.000117
13.283000,0.000141,0.000117
13.284000,0.000142,0.000117
13.285000,0.000141,0.000117
13.286000,0.000142,0.000118
13.287000,0.000142,0.000118
13.288000,0.000142,0.000118
13.289000,0.000142,0.000117
13.290000,0.000142,0.000117
13.291000,0.000142,0.000117
13.292000,0.000142,0.000118
13.293000,0.000142,0.000118
13.294000,0.000141,0.000118
13.295000,0.000142,0.000118
13.296000,0.000141,0.000117
13.297000,0.000141,0.000117
13.298000,0.000140,0.000117
13.299000,0.000141,0.000118
13.300000,0.000140,0.000117
13.301000,0.000140,0.000117
13.302000,0.000140,0.000116
13.303000,0.000141,0.000117
13.304000,0.000141,0.000116
13.305000,0.000141,0.000117
13.306000,0.000141,0.000116
13.307000,0.000141,0.000116
13.308000,0.000141,0.000115
13.309000,0.000142,0.000115
13.310000,0.000142,0.000116
13.311000,0.000142,0.000116
13.312000,0.000142,0.000117
13.313000,0.000143,0.000116
13.314000,0.000142,0.000117
13.315000,0.000142,0.000116
13.316000,0.000142,0.000117
13.317000,0.000143,0.000117
13.318000,0.000143,0.000116
13.319000,0.000143,0.000117
13.320000,0.000143,0.000117
13.321000,0.000144,0.000118
13.322000,0.000145,0.000117
13.323000,0.000145,0.000119
13.324000,0.000146,0.000118
13.325000,0.000146,0.000118
13.326000,0.000147,0.000117
13.327000,0.000147,0.000117
13.328000,0.000147,0.000118
13.329000,0.000147,0.000117
13.330000,0.000147,0.000117
13.331000,0.000148,0.000117
13.332000,0.000147,0.000119
13.333000,0.000148,0.000119
13.334000,0.000147,0.000119
13.335000,0.000148,0.000118
13.336000,0.000148,0.000119
13.337000,0.000148,0.000119
13.338000,0.000147,0.000119
13.339000,0.000147,0.000119
13.340000,0.000146,0.000118
13.341000,0.000146,0.000118
13.342000,0.000146,0.000117
13.343000,0.000146,0.000117
13.344000,0.000146,0.000117
13.345000,0.000145,0.000117
13.346000,0.000145,0.000116
13.347000,0.000145,0.000118
13.348000,0.000145,0.000117
13.349000,0.000145,0.000117
13.350000,0.000146,0.000117
13.351000,0.000146,0.000118
13.352000,0.000146,0.000117
13.353000,0.000146,0.000119
13.354000,0.000146,0.000118
13.355000,0.000146,0.000119
13.356000,0.000147,0.000119
13.357000,0.000146,0.000118
13.358000,0.000146,0.000118
13.359000,0.000145,0.000118
13.360000,0.000145,0.000117
13.361000,0.000144,0.000116
13.362000,0.000144,0.000116
13.363000,0.000144,0.000116
13.364000,0.000144,0.000117
13.365000,0.000144,0.000116
13.366000,0.000144,0.000117
13.367000,0.000145,0.000117
13.368000,0.000144,0.000117
13.369000,0.000144,0.000117
13.370000,0.000144,0.000118
13.371000,0.000145,0.000118
13.372000,0.000144,0.000118
13.373000,0.000144,0.000118
13.374000,0.000144,0.000118
13.375000,0.000144,0.000118
13.376000,0.000144,0.000118
13.377000,0.000144,0.000117
13.378000,0.000144,0.000117
13.379000,0.000145,0.000118
13.380000,0.000145,0.000118
13.381000,0.000145,0.000118
13.382000,0.000145,0.000118
13.383000,0.000144,0.000119
13.384000,0.000145,0.000118
13.385000,0.000144,0.000118
13.386000,0.000145,0.000117
13.387000,0.000145,0.000118
13.388000,0.000145,0.000117
13.389000,0.000144,0.000118
13.390000,0.000144,0.000118
13.391000,0.000144,0.000118
13.392000,0.000145,0.000118
13.393000,0.000144,0.000118
13.394000,0.000145,0.000118
13.395000,0.000144,0.000118
13.396000,0.000144,0.000119
13.397000,0.000145,0.000118
13.398000,0.000146,0.000118
13.399000,0.000145,0.000117
13.400000,0.000146,0.000118
13.401000,0.000146,0.000117
13.402000,0.000147,0.000118
13.403000,0.000146,0.000118
13.404000,0.000146,0.000118
13.405000,0.000146,0.000118
13.406000,0.000146,0.000118
13.407000,0.000146,0.000117
13.408000,0.000147,0.000118
13.409000,0.000146,0.000117
13.410000,0.000146,0.000117
13.411000,0.000146,0.000116
13.412000,0.000147,0.000117
13.413000,0.000146,0.000117
13.414000,0.000146,0.000117
13.415000,0.000147,0.000117
13.416000,0.000146,0.000117
13.417000,0.000146,0.000116
13.418000,0.000146,0.000117
13.419000,0.000146,0.000117
13.420000,0.000146,0.000116
13.421000,0.000145,0.000117
13.422000,0.000145,0.000117
13.423000,0.000145,0.000117
13.424000,0.000144,0.000116
13.425000,0.000145,0.000117
13.426000,0.000143,0.000117
13.427000,0.000144,0.000117
13.428000,0.000143,0.000117
13.429000,0.000144,0.000117
13.430000,0.000144,0.000117
13.431000,0.000144,0.000117
13.432000,0.000144,0.000116
13.433000,0.000144,0.000116
13.434000,0.000145,0.000117
13.435000,0.000145,0.000118
13.436000,0.000146,0.000119
13.437000,0.000146,0.000118
13.438000,0.000146,0.000118
13.439000,0.000146,0.000118
13.440000,0.000146,0.000118
13.441000,0.000146,0.000119
13.442000,0.000147,0.000119
13.443000,0.000147,0.000119
13.444000,0.000147,0.000120
13.445000,0.000146,0.000119
13.446000,0.000147,0.000120
13.447000,0.000147,0.000120
13.448000,0.000147,0.000120
13.449000,0.000146,0.000120
13.450000,0.000146,0.000121
13.451000,0.000146,0.000120
13.452000,0.000146,0.000120
13.453000,0.000146,0.000120
13.454000,0.000147,0.000120
13.455000,0.000146,0.000120
13.456000,0.000146,0.000119
13.457000,0.000146,0.000120
13.458000,0.000146,0.000120
13.459000,0.000147,0.000121
13.460000,0.000147,0.000121
13.461000,0.000147,0.000122
13.462000,0.000147,0.000122
13.463000,0.000148,0.000122
13.464000,0.000147,0.000121
13.465000,0.000148,0.000122
13.466000,0.000148,0.000122
13.467000,0.000147,0.000121
13.468000,0.000148,0.000121
13.469000,0.000148,0.000121
13.470000,0.000148,0.000121
13.471000,0.000148,0.000121
13.472000,0.000148,0.000121
13.473000,0.000148,0.000121
13.474000,0.000149,0.000120
13.475000,0.000149,0.000120
13.476000,0.000149,0.000120
13.477000,0.000149,0.000120
13.478000,0.000149,0.000121
13.479000,0.000149,0.000120
13.480000,0.000149,0.000120
13.481000,0.000150,0.000119
13.482000,0.000149,0.000119
13.483000,0.000150,0.000118
13.484000,0.000150,0.000119
13.485000,0.000150,0.000119
13.486000,0.000150,0.000119
13.487000,0.000150,0.000120
13.488000,0.000150,0.000119
13.489000,0.000151,0.000120
13.490000,0.000151,0.000119
13.491000,0.000151,0.000120
13.492000,0.000151,0.000119
13.493000,0.000151,0.000119
13.494000,0.000152,0.000119
13.495000,0.000152,0.000120
13.496000,0.000153,0.000120
13.497000,0.000152,0.000120
13.498000,0.000153,0.000121
13.499000,0.000153,0.000120
13.450000,0.000146,0.000121
13.451000,0.000146,0.000120
13.452000,0.000146,0.000120
13.453000,0.000146,0.000120
13.454000,0.000147,0.000120
13.455000,0.000146,0.000120
13.456000,0.000146,0.000119
13.457000,0.000147,0.000120
13.458000,0.000147,0.000120
13.459000,0.000147,0.000120
13.460000,0.000148,0.000121
13.461000,0.000148,0.000122
13.462000,0.000148,0.000121
13.463000,0.000149,0.000121
13.464000,0.000149,0.000121
13.465000,0.000149,0.000120
13.466000,0.000149,0.000120
13.467000,0.000149,0.000119
13.468000,0.000149,0.000120
13.469000,0.000149,0.000118
13.470000,0.000149,0.000119
13.471000,0.000149,0.000118
13.472000,0.000149,0.000118
13.473000,0.000149,0.000118
13.474000,0.000150,0.000118
13.475000,0.000150,0.000118
13.476000,0.000149,0.000118
13.477000,0.000149,0.000118
13.478000,0.000149,0.000119
13.479000,0.000149,0.000118
13.480000,0.000149,0.000117
13.481000,0.000149,0.000117
13.482000,0.000149,0.000116
13.483000,0.000149,0.000116
13.484000,0.000149,0.000116
13.485000,0.000149,0.000116
13.486000,0.000149,0.000116
13.487000,0.000149,0.000116
13.488000,0.000149,0.000116
13.489000,0.000149,0.000116
13.490000,0.000150,0.000115
13.491000,0.000150,0.000116
13.492000,0.000151,0.000116
13.493000,0.000151,0.000115
13.494000,0.000151,0.000115
13.495000,0.000151,0.000116
13.496000,0.000151,0.000116
13.497000,0.000151,0.000116
13.498000,0.000151,0.000117
13.499000,0.000151,0.000116
13.500000,0.000151,0.000117
13.501000,0.000151,0.000117
13.502000,0.000150,0.000118
13.503000,0.000151,0.000117
13.504000,0.000151,0.000117
13.505000,0.000150,0.000117
13.506000,0.000150,0.000116
13.507000,0.000150,0.000117
13.508000,0.000149,0.000116
13.509000,0.000149,0.000117
13.510000,0.000149,0.000117
13.511000,0.000149,0.000118
13.512000,0.000149,0.000118
13.513000,0.000148,0.000118
13.514000,0.000149,0.000117
13.515000,0.000148,0.000118
13.516000,0.000149,0.000118
13.517000,0.000149,0.000118
13.518000,0.000149,0.000118
13.519000,0.000149,0.000117
13.520000,0.000150,0.000118
13.521000,0.000149,0.000117
13.522000,0.000149,0.000118
13.523000,0.000150,0.000117
13.524000,0.000150,0.000118
13.525000,0.000149,0.000117
13.526000,0.000149,0.000117
13.527000,0.000149,0.000116
13.528000,0.000150,0.000115
13.529000,0.000149,0.000116
13.530000,0.000149,0.000116
13.531000,0.000149,0.000117
13.532000,0.000150,0.000116
13.533000,0.000149,0.000116
13.534000,0.000149,0.000115
13.535000,0.000149,0.000115
13.536000,0.000149,0.000114
13.537000,0.000149,0.000114
13.538000,0.000149,0.000114
13.539000,0.000149,0.000114
13.540000,0.000148,0.000114
13.541000,0.000148,0.000113
13.542000,0.000148,0.000114
13.543000,0.000148,0.000113
13.544000,0.000148,0.000114
13.545000,0.000148,0.000113
13.546000,0.000148,0.000114
13.547000,0.000147,0.000113
13.548000,0.000147,0.000114
13.549000,0.000148,0.000113
13.550000,0.000147,0.000114
13.551000,0.000147,0.000113
13.552000,0.000148,0.000115
13.553000,0.000148,0.000114
13.554000,0.000147,0.000114
13.555000,0.000148,0.000114
13.556000,0.000148,0.000114
13.557000,0.000148,0.000114
13.558000,0.000148,0.000114
13.559000,0.000147,0.000114
13.560000,0.000147,0.000114
13.561000,0.000148,0.000114
13.562000,0.000148,0.000113
13.563000,0.000149,0.000114
13.564000,0.000148,0.000113
13.565000,0.000148,0.000114
13.566000,0.000148,0.000114
13.567000,0.000148,0.000115
13.568000,0.000148,0.000114
13.569000,0.000148,0.000116
13.570000,0.000149,0.000115
13.571000,0.000148,0.000116
13.572000,0.000149,0.000116
13.573000,0.000149,0.000116
13.574000,0.000149,0.000116
13.575000,0.000149,0.000116
13.576000,0.000150,0.000116
13.577000,0.000150,0.000116
13.578000,0.000150,0.000116
13.579000,0.000151,0.000115
13.580000,0.000151,0.000116
13.581000,0.000152,0.000116
13.582000,0.000151,0.000115
13.583000,0.000152,0.000115
13.584000,0.000151,0.000115
13.585000,0.000150,0.000115
13.586000,0.000150,0.000116
13.587000,0.000151,0.000116
13.588000,0.000150,0.000117
13.589000,0.000150,0.000117
13.590000,0.000150,0.000117
13.591000,0.000150,0.000117
13.592000,0.000150,0.000117
13.593000,0.000150,0.000117
13.594000,0.000150,0.000117
13.595000,0.000149,0.000116
13.596000,0.000151,0.000115
13.597000,0.000150,0.000115
13.598000,0.000151,0.000115
13.599000,0.000150,0.000115
13.600000,0.000151,0.000115
13.601000,0.000150,0.000115
13.602000,0.000151,0.000115
13.603000,0.000150,0.000115
13.604000,0.000150,0.000115
13.605000,0.000150,0.000114
13.606000,0.000150,0.000115
13.607000,0.000150,0.000115
13.608000,0.000150,0.000116
13.609000,0.000151,0.000116
13.610000,0.000151,0.000116
13.611000,0.000152,0.000116
13.612000,0.000151,0.000115
13.613000,0.000152,0.000116
13.614000,0.000151,0.000116
13.615000,0.000151,0.000116
13.616000,0.000150,0.000114
13.617000,0.000150,0.000115
13.618000,0.000150,0.000115
13.619000,0.000150,0.000117
13.620000,0.000150,0.000116
13.621000,0.000150,0.000116
13.622000,0.000150,0.000116
13.623000,0.000149,0.000115
13.624000,0.000149,0.000115
13.625000,0.000149,0.000115
13.626000,0.000149,0.000116
13.627000,0.000149,0.000116
13.628000,0.000149,0.000116
13.629000,0.000149,0.000116
13.630000,0.000149,0.000116
13.631000,0.000149,0.000116
13.632000,0.000149,0.000116
13.633000,0.000148,0.000115
13.634000,0.000149,0.000115
13.635000,0.000148,0.000115
13.636000,0.000148,0.000115
13.637000,0.000147,0.000116
13.638000,0.000147,0.000116
13.639000,0.000147,0.000116
13.640000,0.000149,0.000116
13.641000,0.000148,0.000117
13.642000,0.000148,0.000116
13.643000,0.000149,0.000117
13.644000,0.000148,0.000116
13.645000,0.000149,0.000116
13.646000,0.000149,0.000116
13.647000,0.000149,0.000115
13.648000,0.000149,0.000115
13.649000,0.000148,0.000115
13.650000,0.000148,0.000114
13.651000,0.000149,0.000114
13.652000,0.000148,0.000114
13.653000,0.000148,0.000113
13.654000,0.000148,0.000114
13.655000,0.000148,0.000113
13.656000,0.000147,0.000114
13.657000,0.000147,0.000114
13.658000,0.000148,0.000114
13.659000,0.000148,0.000114
13.660000,0.000148,0.000114
13.661000,0.000148,0.000114
13.662000,0.000147,0.000114
13.663000,0.000146,0.000114
13.664000,0.000146,0.000115
13.665000,0.000146,0.000115
13.666000,0.000146,0.000114
13.667000,0.000146,0.000115
13.668000,0.000145,0.000114
13.669000,0.000145,0.000113
13.670000,0.000144,0.000113
13.671000,0.000145,0.000113
13.672000,0.000144,0.000112
13.673000,0.000144,0.000112
13.674000,0.000144,0.000112
13.675000,0.000144,0.000112
13.676000,0.000143,0.000112
13.677000,0.000143,0.000112
13.678000,0.000143,0.000112
13.679000,0.000143,0.000113
13.680000,0.000143,0.000112
13.681000,0.000142,0.000113
13.682000,0.000143,0.000113
13.683000,0.000142,0.000114
13.684000,0.000143,0.000114
13.685000,0.000142,0.000113
13.686000,0.000143,0.000112
13.687000,0.000142,0.000113
13.688000,0.000142,0.000113
13.689000,0.000142,0.000113
13.690000,0.000142,0.000113
13.691000,0.000142,0.000112
13.692000,0.000142,0.000113
13.693000,0.000143,0.000113
13.694000,0.000142,0.000113
13.695000,0.000143,0.000113
13.696000,0.000142,0.000113
13.697000,0.000142,0.000114
13.698000,0.000142,0.000113
13.699000,0.000142,0.000113
13.700000,0.000142,0.000113
13.701000,0.000141,0.000114
13.702000,0.000141,0.000113
13.703000,0.000141,0.000114
13.704000,0.000141,0.000114
13.705000,0.000141,0.000114
13.706000,0.000141,0.000114
13.707000,0.000141,0.000114
13.708000,0.000141,0.000114
13.709000,0.000141,0.000114
13.710000,0.000141,0.000114
13.711000,0.000141,0.000113
13.712000,0.000140,0.000113
13.713000,0.000140,0.000113
13.714000,0.000140,0.000113
13.715000,0.000142,0.000112
13.716000,0.000142,0.000113
13.717000,0.000143,0.000113
13.718000,0.000143,0.000113
13.719000,0.000143,0.000112
13.720000,0.000142,0.000112
13.721000,0.000142,0.000113
13.722000,0.000142,0.000113
13.723000,0.000143,0.000114
13.724000,0.000144,0.000114
13.725000,0.000143,0.000114
13.726000,0.000143,0.000114
13.727000,0.000143,0.000114
13.728000,0.000143,0.000115
13.729000,0.000143,0.000114
13.730000,0.000143,0.000114
13.731000,0.000143,0.000114
13.732000,0.000143,0.000115
13.733000,0.000143,0.000114
13.734000,0.000143,0.000115
13.735000,0.000143,0.000114
13.736000,0.000143,0.000115
13.737000,0.000144,0.000115
13.738000,0.000143,0.000115
13.739000,0.000143,0.000114
13.740000,0.000143,0.000114
13.741000,0.000143,0.000114
13.742000,0.000142,0.000114
13.743000,0.000143,0.000114
13.744000,0.000143,0.000114
13.745000,0.000142,0.000115
13.746000,0.000142,0.000114
13.747000,0.000142,0.000115
13.748000,0.000142,0.000114
13.749000,0.000142,0.000115
13.750000,0.000143,0.000115
13.751000,0.000142,0.000116
13.752000,0.000143,0.000115
13.753000,0.000142,0.000115
13.754000,0.000142,0.000115
13.755000,0.000142,0.000115
13.756000,0.000143,0.000114
13.757000,0.000143,0.000114
13.758000,0.000143,0.000114
13.759000,0.000142,0.000114
13.760000,0.000142,0.000114
13.761000,0.000142,0.000113
13.762000,0.000142,0.000114
13.763000,0.000143,0.000113
13.764000,0.000142,0.000114
13.765000,0.000143,0.000112
13.766000,0.000143,0.000113
13.767000,0.000143,0.000112
13.768000,0.000143,0.000113
13.769000,0.000144,0.000113
13.770000,0.000144,0.000114
13.771000,0.000144,0.000113
13.772000,0.000144,0.000114
13.773000,0.000145,0.000114
13.774000,0.000145,0.000114
13.775000,0.000145,0.000113
13.776000,0.000145,0.000114
13.777000,0.000145,0.000113
13.778000,0.000145,0.000113
13.779000,0.000145,0.000112
13.780000,0.000145,0.000113
13.781000,0.000145,0.000112
13.782000,0.000145,0.000112
13.783000,0.000145,0.000112
13.784000,0.000146,0.000111
13.785000,0.000146,0.000113
13.786000,0.000146,0.000112
13.787000,0.000147,0.000113
13.788000,0.000147,0.000112
13.789000,0.000148,0.000113
13.790000,0.000148,0.000112
13.791000,0.000148,0.000113
13.792000,0.000147,0.000112
13.793000,0.000147,0.000111
13.794000,0.000146,0.000112
13.795000,0.000147,0.000112
13.796000,0.000146,0.000112
13.797000,0.000147,0.000112
13.798000,0.000146,0.000113
13.799000,0.000147,0.000113
13.800000,0.000146,0.000113
13.801000,0.000148,0.000112
13.802000,0.000147,0.000112
13.803000,0.000148,0.000112
13.804000,0.000147,0.000111
13.805000,0.000147,0.000111
13.806000,0.000147,0.000110
13.807000,0.000147,0.000111
13.808000,0.000148,0.000109
13.809000,0.000148,0.000110
13.810000,0.000148,0.000110
13.811000,0.000148,0.000110
13.812000,0.000148,0.000110
13.813000,0.000148,0.000111
13.814000,0.000147,0.000111
13.815000,0.000147,0.000111
13.816000,0.000146,0.000111
13.817000,0.000146,0.000110
13.818000,0.000146,0.000111
13.819000,0.000146,0.000111
13.820000,0.000146,0.000112
13.821000,0.000148,0.000111
13.822000,0.000147,0.000112
13.823000,0.000147,0.000111
13.824000,0.000147,0.000111
13.825000,0.000147,0.000112
13.826000,0.000147,0.000111
13.827000,0.000147,0.000111
13.828000,0.000147,0.000110
13.829000,0.000147,0.000111
13.830000,0.000147,0.000111
13.831000,0.000147,0.000112
13.832000,0.000148,0.000111
13.833000,0.000147,0.000111
13.834000,0.000147,0.000111
13.835000,0.000147,0.000111
13.836000,0.000146,0.000111
13.837000,0.000146,0.000111
13.838000,0.000146,0.000111
13.839000,0.000146,0.000110
13.840000,0.000146,0.000111
13.841000,0.000146,0.000111
13.842000,0.000147,0.000111
13.843000,0.000147,0.000110
13.844000,0.000147,0.000112
13.845000,0.000147,0.000112
13.846000,0.000147,0.000112
13.847000,0.000147,0.000112
13.848000,0.000146,0.000113
13.849000,0.000147,0.000112
13.850000,0.000147,0.000113
13.851000,0.000147,0.000112
13.852000,0.000146,0.000113
13.853000,0.000147,0.000112
13.854000,0.000148,0.000112
13.855000,0.000147,0.000112
13.856000,0.000147,0.000112
13.857000,0.000147,0.000113
13.858000,0.000147,0.000112
13.859000,0.000147,0.000114
13.860000,0.000147,0.000113
13.861000,0.000147,0.000114
13.862000,0.000147,0.000114
13.863000,0.000146,0.000115
13.864000,0.000146,0.000114
13.865000,0.000146,0.000116
13.866000,0.000147,0.000115
13.867000,0.000146,0.000116
13.868000,0.000147,0.000115
13.869000,0.000146,0.000115
13.870000,0.000146,0.000114
13.871000,0.000146,0.000114
13.872000,0.000146,0.000114
13.873000,0.000145,0.000114
13.874000,0.000146,0.000115
13.875000,0.000146,0.000114
13.876000,0.000146,0.000114
13.877000,0.000146,0.000114
13.878000,0.000146,0.000114
13.879000,0.000145,0.000114
13.880000,0.000145,0.000115
13.881000,0.000145,0.000114
13.882000,0.000145,0.000115
13.883000,0.000146,0.000115
13.884000,0.000145,0.000116
13.885000,0.000145,0.000116
13.886000,0.000145,0.000116
13.887000,0.000143,0.000115
13.888000,0.000143,0.000114
13.889000,0.000143,0.000114
13.890000,0.000143,0.000114
13.891000,0.000142,0.000114
13.892000,0.000143,0.000114
13.893000,0.000142,0.000114
13.894000,0.000143,0.000114
13.895000,0.000143,0.000114
13.896000,0.000143,0.000114
13.897000,0.000142,0.000113
13.898000,0.000144,0.000113
13.899000,0.000143,0.000113
13.900000,0.000143,0.000113
13.901000,0.000143,0.000114
13.902000,0.000144,0.000115
13.903000,0.000143,0.000114
13.904000,0.000144,0.000115
13.905000,0.000145,0.000116
13.906000,0.000144,0.000116
13.907000,0.000144,0.000116
13.908000,0.000144,0.000116
13.909000,0.000143,0.000116
13.910000,0.000143,0.000116
13.911000,0.000142,0.000116
13.912000,0.000142,0.000117
13.913000,0.000142,0.000116
13.914000,0.000143,0.000116
13.915000,0.000142,0.000117
13.916000,0.000142,0.000116
13.917000,0.000142,0.000116
13.918000,0.000142,0.000117
13.919000,0.000142,0.000116
13.920000,0.000142,0.000116
13.921000,0.000142,0.000115
13.922000,0.000142,0.000116
13.923000,0.000142,0.000116
13.924000,0.000142,0.000116
13.925000,0.000142,0.000116
13.926000,0.000142,0.000116
13.927000,0.000143,0.000117
13.928000,0.000143,0.000116
13.929000,0.000142,0.000116
13.930000,0.000142,0.000116
13.931000,0.000142,0.000116
13.932000,0.000142,0.000117
13.933000,0.000142,0.000116
13.934000,0.000142,0.000117
13.935000,0.000142,0.000117
13.936000,0.000143,0.000117
13.937000,0.000143,0.000116
13.938000,0.000143,0.000117
13.939000,0.000143,0.000117
13.940000,0.000143,0.000117
13.941000,0.000143,0.000117
13.942000,0.000143,0.000116
13.943000,0.000143,0.000117
13.944000,0.000142,0.000116
13.945000,0.000143,0.000116
13.946000,0.000143,0.000117
13.947000,0.000143,0.000117
13.948000,0.000144,0.000117
13.949000,0.000144,0.000116
13.950000,0.000144,0.000117
13.951000,0.000144,0.000117
13.952000,0.000144,0.000117
13.953000,0.000143,0.000117
13.954000,0.000143,0.000117
13.955000,0.000144,0.000117
13.956000,0.000143,0.000117
13.957000,0.000144,0.000117
13.958000,0.000143,0.000117
13.959000,0.000143,0.000116
13.960000,0.000143,0.000117
13.961000,0.000143,0.000117
13.962000,0.000143,0.000117
13.963000,0.000144,0.000116
13.964000,0.000144,0.000117
13.965000,0.000143,0.000116
13.966000,0.000143,0.000116
13.967000,0.000144,0.000115
13.968000,0.000143,0.000116
13.969000,0.000143,0.000117
13.970000,0.000144,0.000117
13.971000,0.000144,0.000117
13.972000,0.000144,0.000117
13.973000,0.000143,0.000117
13.974000,0.000143,0.000116
13.975000,0.000143,0.000118
13.976000,0.000143,0.000117
13.977000,0.000143,0.000118
13.978000,0.000143,0.000118
13.979000,0.000144,0.000118
13.980000,0.000144,0.000117
13.981000,0.000143,0.000119
13.982000,0.000143,0.000118
13.983000,0.000142,0.000117
13.984000,0.000143,0.000118
13.985000,0.000142,0.000117
13.986000,0.000143,0.000118
13.987000,0.000144,0.000118
13.988000,0.000144,0.000119
13.989000,0.000144,0.000119
13.990000,0.000144,0.000120
13.991000,0.000145,0.000120
13.992000,0.000144,0.000120
13.993000,0.000145,0.000120
13.994000,0.000144,0.000121
13.995000,0.000145,0.000122
13.996000,0.000144,0.000121
13.997000,0.000144,0.000123
13.998000,0.000144,0.000122
13.999000,0.000144,0.000123
13.950000,0.000144,0.000117
13.951000,0.000144,0.000116
13.952000,0.000145,0.000117
13.953000,0.000145,0.000117
13.954000,0.000145,0.000117
13.955000,0.000147,0.000117
13.956000,0.000146,0.000117
13.957000,0.000146,0.000117
13.958000,0.000146,0.000116
13.959000,0.000146,0.000116
13.960000,0.000145,0.000115
13.961000,0.000145,0.000116
13.962000,0.000145,0.000116
13.963000,0.000145,0.000115
13.964000,0.000145,0.000115
13.965000,0.000145,0.000114
13.966000,0.000145,0.000114
13.967000,0.000145,0.000115
13.968000,0.000145,0.000115
13.969000,0.000145,0.000116
13.970000,0.000145,0.000116
13.971000,0.000145,0.000117
13.972000,0.000145,0.000116
13.973000,0.000145,0.000117
13.974000,0.000144,0.000116
13.975000,0.000144,0.000117
13.976000,0.000145,0.000117
13.977000,0.000144,0.000117
13.978000,0.000145,0.000116
13.979000,0.000146,0.000116
13.980000,0.000146,0.000116
13.981000,0.000146,0.000115
13.982000,0.000145,0.000115
13.983000,0.000145,0.000114
13.984000,0.000146,0.000115
13.985000,0.000145,0.000115
13.986000,0.000145,0.000115
13.987000,0.000146,0.000115
13.988000,0.000146,0.000116
13.989000,0.000147,0.000116
13.990000,0.000146,0.000116
13.991000,0.000147,0.000116
13.992000,0.000146,0.000116
13.993000,0.000146,0.000116
13.994000,0.000146,0.000116
13.995000,0.000146,0.000117
13.996000,0.000146,0.000117
13.997000,0.000146,0.000118
13.998000,0.000145,0.000117
13.999000,0.000146,0.000117
14.000000,0.000147,0.000117
14.001000,0.000146,0.000117
14.002000,0.000146,0.000117
14.003000,0.000146,0.000116
14.004000,0.000146,0.000117
14.005000,0.000145,0.000115
14.006000,0.000145,0.000116
14.007000,0.000146,0.000116
14.008000,0.000146,0.000117
14.009000,0.000146,0.000115
14.010000,0.000146,0.000115
14.011000,0.000148,0.000115
14.012000,0.000148,0.000114
14.013000,0.000147,0.000115
14.014000,0.000147,0.000114
14.015000,0.000146,0.000114
14.016000,0.000147,0.000114
14.017000,0.000146,0.000116
14.018000,0.000147,0.000115
14.019000,0.000145,0.000116
14.020000,0.000145,0.000115
14.021000,0.000145,0.000116
14.022000,0.000145,0.000115
14.023000,0.000145,0.000114
14.024000,0.000145,0.000114
14.025000,0.000145,0.000113
14.026000,0.000146,0.000114
14.027000,0.000146,0.000113
14.028000,0.000145,0.000114
14.029000,0.000147,0.000114
14.030000,0.000146,0.000115
14.031000,0.000147,0.000114
14.032000,0.000146,0.000113
14.033000,0.000147,0.000114
14.034000,0.000147,0.000113
14.035000,0.000148,0.000114
14.036000,0.000148,0.000113
14.037000,0.000148,0.000114
14.038000,0.000148,0.000113
14.039000,0.000148,0.000113
14.040000,0.000148,0.000113
14.041000,0.000147,0.000113
14.042000,0.000148,0.000113
14.043000,0.000147,0.000113
14.044000,0.000147,0.000112
14.045000,0.000147,0.000113
14.046000,0.000147,0.000113
14.047000,0.000147,0.000113
14.048000,0.000147,0.000112
14.049000,0.000147,0.000112
14.050000,0.000147,0.000112
14.051000,0.000147,0.000112
14.052000,0.000145,0.000112
14.053000,0.000146,0.000111
14.054000,0.000146,0.000112
14.055000,0.000144,0.000112
14.056000,0.000144,0.000113
14.057000,0.000144,0.000112
14.058000,0.000145,0.000114
14.059000,0.000145,0.000113
14.060000,0.000145,0.000114
14.061000,0.000145,0.000112
14.062000,0.000146,0.000113
14.063000,0.000146,0.000114
14.064000,0.000146,0.000115
14.065000,0.000146,0.000114
14.066000,0.000146,0.000114
14.067000,0.000146,0.000114
14.068000,0.000146,0.000113
14.069000,0.000146,0.000113
14.070000,0.000146,0.000113
14.071000,0.000146,0.000113
14.072000,0.000146,0.000113
14.073000,0.000146,0.000113
14.074000,0.000146,0.000112
14.075000,0.000146,0.000112
14.076000,0.000146,0.000112
14.077000,0.000145,0.000113
14.078000,0.000145,0.000113
14.079000,0.000145,0.000114
14.080000,0.000145,0.000113
14.081000,0.000144,0.000115
14.082000,0.000145,0.000114
14.083000,0.000145,0.000115
14.084000,0.000145,0.000114
14.085000,0.000145,0.000114
14.086000,0.000145,0.000114
14.087000,0.000145,0.000114
14.088000,0.000144,0.000114
14.089000,0.000144,0.000114
14.090000,0.000143,0.000114
14.091000,0.000144,0.000114
14.092000,0.000144,0.000115
14.093000,0.000145,0.000114
14.094000,0.000144,0.000114
14.095000,0.000145,0.000114
14.096000,0.000145,0.000114
14.097000,0.000145,0.000114
14.098000,0.000145,0.000113
14.099000,0.000144,0.000114
14.100000,0.000144,0.000113
14.101000,0.000144,0.000114
14.102000,0.000145,0.000113
14.103000,0.000145,0.000115
14.104000,0.000145,0.000114
14.105000,0.000145,0.000115
14.106000,0.000146,0.000114
14.107000,0.000145,0.000114
14.108000,0.000144,0.000113
14.109000,0.000144,0.000113
14.110000,0.000144,0.000114
14.111000,0.000144,0.000113
14.112000,0.000145,0.000114
14.113000,0.000146,0.000114
14.114000,0.000146,0.000114
14.115000,0.000147,0.000114
14.116000,0.000147,0.000115
14.117000,0.000148,0.000114
14.118000,0.000148,0.000113
14.119000,0.000148,0.000114
14.120000,0.000148,0.000113
14.121000,0.000148,0.000114
14.122000,0.000147,0.000113
14.123000,0.000147,0.000115
14.124000,0.000148,0.000114
14.125000,0.000148,0.000115
14.126000,0.000148,0.000115
14.127000,0.000148,0.000114
14.128000,0.000149,0.000114
14.129000,0.000148,0.000113
14.130000,0.000147,0.000113
14.131000,0.000147,0.000113
14.132000,0.000147,0.000114
14.133000,0.000147,0.000113
14.134000,0.000147,0.000114
14.135000,0.000146,0.000114
14.136000,0.000146,0.000114
14.137000,0.000146,0.000114
14.138000,0.000146,0.000114
14.139000,0.000146,0.000114
14.140000,0.000146,0.000114
14.141000,0.000147,0.000115
14.142000,0.000146,0.000115
14.143000,0.000147,0.000115
14.144000,0.000147,0.000115
14.145000,0.000147,0.000115
14.146000,0.000147,0.000115
14.147000,0.000147,0.000115
14.148000,0.000147,0.000115
14.149000,0.000147,0.000115
14.150000,0.000147,0.000115
14.151000,0.000146,0.000115
14.152000,0.000147,0.000115
14.153000,0.000146,0.000116
14.154000,0.000146,0.000115
14.155000,0.000147,0.000115
14.156000,0.000146,0.000115
14.157000,0.000147,0.000115
14.158000,0.000147,0.000115
14.159000,0.000147,0.000114
14.160000,0.000146,0.000115
14.161000,0.000146,0.000116
14.162000,0.000146,0.000115
14.163000,0.000146,0.000115
14.164000,0.000146,0.000118
14.165000,0.000146,0.000120
14.166000,0.000147,0.000122
14.167000,0.000147,0.000124
14.168000,0.000147,0.000126
14.169000,0.000148,0.000127
14.170000,0.000148,0.000129
14.171000,0.000148,0.000131
14.172000,0.000147,0.000132
14.173000,0.000148,0.000134
14.174000,0.000148,0.000136
14.175000,0.000148,0.000138
14.176000,0.000148,0.000139
14.177000,0.000149,0.000140
14.178000,0.000148,0.000140
14.179000,0.000148,0.000141
14.180000,0.000148,0.000140
14.181000,0.000148,0.000140
14.182000,0.000148,0.000140
14.183000,0.000148,0.000141
14.184000,0.000148,0.000141
14.185000,0.000148,0.000141
14.186000,0.000149,0.000142
14.187000,0.000149,0.000142
14.188000,0.000149,0.000143
14.189000,0.000149,0.000143
14.190000,0.000149,0.000143
14.191000,0.000149,0.000144
14.192000,0.000149,0.000144
14.193000,0.000149,0.000145
14.194000,0.000149,0.000146
14.195000,0.000149,0.000146
14.196000,0.000148,0.000148
14.197000,0.000148,0.000148
14.198000,0.000149,0.000149
14.199000,0.000149,0.000149
14.200000,0.000149,0.000150
14.201000,0.000149,0.000150
14.202000,0.000149,0.000151
14.203000,0.000148,0.000151
14.204000,0.000148,0.000152
14.205000,0.000148,0.000153
14.206000,0.000148,0.000154
14.207000,0.000148,0.000157
14.208000,0.000149,0.000158
14.209000,0.000149,0.000161
14.210000,0.000149,0.000162
14.211000,0.000149,0.000163
14.212000,0.000148,0.000165
14.213000,0.000147,0.000166
14.214000,0.000147,0.000168
14.215000,0.000146,0.000168
14.216000,0.000146,0.000170
14.217000,0.000145,0.000171
14.218000,0.000144,0.000172
14.219000,0.000145,0.000173
14.220000,0.000145,0.000174
14.221000,0.000145,0.000175
14.222000,0.000145,0.000177
14.223000,0.000145,0.000177
14.224000,0.000145,0.000178
14.225000,0.000144,0.000180
14.226000,0.000144,0.000181
14.227000,0.000144,0.000183
14.228000,0.000144,0.000184
14.229000,0.000144,0.000186
14.230000,0.000145,0.000187
14.231000,0.000144,0.000188
14.232000,0.000144,0.000190
14.233000,0.000144,0.000190
14.234000,0.000144,0.000192
14.235000,0.000143,0.000193
14.236000,0.000143,0.000195
14.237000,0.000144,0.000197
14.238000,0.000144,0.000198
14.239000,0.000144,0.000199
14.240000,0.000144,0.000200
14.241000,0.000144,0.000201
14.242000,0.000145,0.000203
14.243000,0.000145,0.000204
14.244000,0.000144,0.000205
14.245000,0.000145,0.000206
14.246000,0.000145,0.000206
14.247000,0.000145,0.000208
14.248000,0.000145,0.000209
14.249000,0.000145,0.000211
14.250000,0.000145,0.000212
14.251000,0.000145,0.000214
14.252000,0.000145,0.000215
14.253000,0.000145,0.000217
14.254000,0.000146,0.000218
14.255000,0.000145,0.000220
14.256000,0.000146,0.000221
14.257000,0.000145,0.000223
14.258000,0.000146,0.000223
14.259000,0.000145,0.000226
14.260000,0.000145,0.000227
14.261000,0.000145,0.000229
14.262000,0.000146,0.000230
14.263000,0.000145,0.000231
14.264000,0.000146,0.000230
14.265000,0.000146,0.000229
14.266000,0.000145,0.000228
14.267000,0.000144,0.000227
14.268000,0.000144,0.000227
14.269000,0.000144,0.000226
14.270000,0.000143,0.000226
14.271000,0.000144,0.000224
14.272000,0.000144,0.000225
14.273000,0.000143,0.000224
14.274000,0.000143,0.000224
14.275000,0.000144,0.000224
14.276000,0.000145,0.000225
14.277000,0.000145,0.000225
14.278000,0.000145,0.000227
14.279000,0.000146,0.000227
14.280000,0.000146,0.000230
14.281000,0.000148,0.000231
14.282000,0.000147,0.000232
14.283000,0.000148,0.000233
14.284000,0.000147,0.000235
14.285000,0.000148,0.000236
14.286000,0.000147,0.000238
14.287000,0.000147,0.000240
14.288000,0.000147,0.000240
14.289000,0.000147,0.000241
14.290000,0.000147,0.000242
14.291000,0.000147,0.000243
14.292000,0.000147,0.000244
14.293000,0.000146,0.000246
14.294000,0.000146,0.000247
14.295000,0.000147,0.000248
14.296000,0.000146,0.000249
14.297000,0.000146,0.000250
14.298000,0.000146,0.000251
14.299000,0.000146,0.000251
14.300000,0.000145,0.000253
14.301000,0.000146,0.000254
14.302000,0.000146,0.000255
14.303000,0.000146,0.000256
14.304000,0.000145,0.000256
14.305000,0.000146,0.000256
14.306000,0.000145,0.000256
14.307000,0.000145,0.000256
14.308000,0.000145,0.000256
14.309000,0.000145,0.000256
14.310000,0.000145,0.000256
14.311000,0.000145,0.000256
14.312000,0.000146,0.000257
14.313000,0.000146,0.000258
14.314000,0.000146,0.000257
14.315000,0.000146,0.000258
14.316000,0.000146,0.000258
14.317000,0.000147,0.000258
14.318000,0.000147,0.000259
14.319000,0.000147,0.000259
14.320000,0.000147,0.000260
14.321000,0.000147,0.000261
14.322000,0.000147,0.000262
14.323000,0.000147,0.000261
14.324000,0.000147,0.000262
14.325000,0.000148,0.000262
14.326000,0.000148,0.000263
14.327000,0.000148,0.000263
14.328000,0.000148,0.000264
14.329000,0.000148,0.000265
14.330000,0.000149,0.000265
14.331000,0.000148,0.000266
14.332000,0.000149,0.000265
14.333000,0.000149,0.000266
14.334000,0.000150,0.000266
14.335000,0.000150,0.000266
14.336000,0.000150,0.000266
14.337000,0.000150,0.000267
14.338000,0.000150,0.000267
14.339000,0.000149,0.000267
14.340000,0.000149,0.000267
14.341000,0.000148,0.000267
14.342000,0.000148,0.000268
14.343000,0.000148,0.000268
14.344000,0.000148,0.000269
14.345000,0.000148,0.000270
14.346000,0.000147,0.000271
14.347000,0.000147,0.000270
14.348000,0.000147,0.000271
14.349000,0.000148,0.000271
14.350000,0.000148,0.000272
14.351000,0.000148,0.000271
14.352000,0.000148,0.000272
14.353000,0.000148,0.000271
14.354000,0.000148,0.000273
14.355000,0.000148,0.000272
14.356000,0.000148,0.000273
14.357000,0.000148,0.000272
14.358000,0.000147,0.000272
14.359000,0.000148,0.000272
14.360000,0.000148,0.000272
14.361000,0.000147,0.000272
14.362000,0.000147,0.000272
14.363000,0.000147,0.000273
14.364000,0.000146,0.000272
14.365000,0.000145,0.000273
14.366000,0.000147,0.000274
14.367000,0.000146,0.000274
14.368000,0.000146,0.000274
14.369000,0.000146,0.000275
14.370000,0.000147,0.000275
14.371000,0.000147,0.000277
14.372000,0.000147,0.000276
14.373000,0.000148,0.000278
14.374000,0.000148,0.000277
14.375000,0.000147,0.000279
14.376000,0.000147,0.000279
14.377000,0.000148,0.000279
14.378000,0.000147,0.000279
14.379000,0.000146,0.000279
14.380000,0.000146,0.000279
14.381000,0.000146,0.000279
14.382000,0.000147,0.000279
14.383000,0.000146,0.000279
14.384000,0.000147,0.000280
14.385000,0.000146,0.000279
14.386000,0.000146,0.000279
14.387000,0.000146,0.000278
14.388000,0.000147,0.000280
14.389000,0.000147,0.000280
14.390000,0.000147,0.000280
14.391000,0.000147,0.000281
14.392000,0.000147,0.000280
14.393000,0.000147,0.000281
14.394000,0.000147,0.000280
14.395000,0.000148,0.000280
14.396000,0.000148,0.000280
14.397000,0.000148,0.000281
14.398000,0.000149,0.000280
14.399000,0.000149,0.000280
14.400000,0.000149,0.000280
14.401000,0.000148,0.000280
14.402000,0.000149,0.000280
14.403000,0.000150,0.000280
14.404000,0.000150,0.000281
14.405000,0.000150,0.000281
14.406000,0.000149,0.000282
14.407000,0.000151,0.000281
14.408000,0.000151,0.000282
14.409000,0.000151,0.000282
14.410000,0.000151,0.000282
14.411000,0.000151,0.000283
14.412000,0.000151,0.000282
14.413000,0.000151,0.000282
14.414000,0.000151,0.000282
14.415000,0.000150,0.000283
14.416000,0.000150,0.000282
14.417000,0.000151,0.000283
14.418000,0.000151,0.000284
14.419000,0.000150,0.000284
14.420000,0.000151,0.000284
14.421000,0.000151,0.000284
14.422000,0.000150,0.000284
14.423000,0.000151,0.000285
14.424000,0.000149,0.000286
14.425000,0.000150,0.000286
14.426000,0.000148,0.000286
14.427000,0.000148,0.000286
14.428000,0.000148,0.000285
14.429000,0.000149,0.000285
14.430000,0.000148,0.000285
14.431000,0.000148,0.000286
14.432000,0.000148,0.000286
14.433000,0.000148,0.000287
14.434000,0.000147,0.000287
14.435000,0.000148,0.000286
14.436000,0.000148,0.000287
14.437000,0.000147,0.000287
14.438000,0.000148,0.000288
14.439000,0.000148,0.000288
14.440000,0.000148,0.000289
14.441000,0.000148,0.000289
14.442000,0.000149,0.000289
14.443000,0.000148,0.000288
14.444000,0.000148,0.000288
14.445000,0.000149,0.000288
14.446000,0.000149,0.000288
14.447000,0.000149,0.000288
14.448000,0.000148,0.000288
14.449000,0.000149,0.000288
14.450000,0.000148,0.000288
14.451000,0.000148,0.000289
14.452000,0.000148,0.000288
14.453000,0.000147,0.000289
14.454000,0.000147,0.000288
14.455000,0.000147,0.000288
14.456000,0.000147,0.000289
14.457000,0.000147,0.000289
14.458000,0.000147,0.000290
14.459000,0.000147,0.000290
14.460000,0.000148,0.000290
14.461000,0.000149,0.000290
14.462000,0.000149,0.000290
14.463000,0.000149,0.000290
14.464000,0.000149,0.000291
14.465000,0.000150,0.000291
14.466000,0.000149,0.000290
14.467000,0.000150,0.000290
14.468000,0.000150,0.000291
14.469000,0.000150,0.000290
14.470000,0.000150,0.000291
14.471000,0.000150,0.000290
14.472000,0.000150,0.000291
14.473000,0.000150,0.000290
14.474000,0.000149,0.000291
14.475000,0.000149,0.000290
14.476000,0.000149,0.000289
14.477000,0.000148,0.000290
14.478000,0.000148,0.000290
14.479000,0.000148,0.000291
14.480000,0.000147,0.000290
14.481000,0.000147,0.000292
14.482000,0.000146,0.000291
14.483000,0.000146,0.000292
14.484000,0.000146,0.000291
14.485000,0.000146,0.000292
14.486000,0.000146,0.000292
14.487000,0.000146,0.000292
14.488000,0.000146,0.000292
14.489000,0.000147,0.000291
14.490000,0.000147,0.000291
14.491000,0.000146,0.000291
14.492000,0.000147,0.000291
14.493000,0.000146,0.000290
14.494000,0.000146,0.000292
14.495000,0.000144,0.000291
14.496000,0.000144,0.000291
14.497000,0.000145,0.000291
14.498000,0.000144,0.000292
14.499000,0.000144,0.000292
14.450000,0.000148,0.000288
14.451000,0.000148,0.000288
14.452000,0.000148,0.000288
14.453000,0.000147,0.000288
14.454000,0.000147,0.000288
14.455000,0.000148,0.000288
14.456000,0.000147,0.000289
14.457000,0.000148,0.000289
14.458000,0.000148,0.000290
14.459000,0.000148,0.000290
14.460000,0.000148,0.000290
14.461000,0.000149,0.000290
14.462000,0.000149,0.000290
14.463000,0.000150,0.000290
14.464000,0.000149,0.000289
14.465000,0.000150,0.000289
14.466000,0.000149,0.000289
14.467000,0.000149,0.000289
14.468000,0.000149,0.000289
14.469000,0.000149,0.000289
14.470000,0.000149,0.000289
14.471000,0.000150,0.000289
14.472000,0.000151,0.000289
14.473000,0.000150,0.000289
14.474000,0.000150,0.000289
14.475000,0.000150,0.000289
14.476000,0.000150,0.000288
14.477000,0.000149,0.000288
14.478000,0.000150,0.000288
14.479000,0.000150,0.000288
14.480000,0.000149,0.000288
14.481000,0.000149,0.000289
14.482000,0.000148,0.000289
14.483000,0.000148,0.000288
14.484000,0.000148,0.000287
14.485000,0.000148,0.000287
14.486000,0.000147,0.000288
14.487000,0.000148,0.000288
14.488000,0.000147,0.000288
14.489000,0.000148,0.000287
14.490000,0.000148,0.000288
14.491000,0.000148,0.000287
14.492000,0.000148,0.000287
14.493000,0.000147,0.000286
14.494000,0.000147,0.000287
14.495000,0.000146,0.000287
14.496000,0.000146,0.000287
14.497000,0.000146,0.000287
14.498000,0.000146,0.000287
14.499000,0.000145,0.000288
14.500000,0.000145,0.000289
14.501000,0.000145,0.000289
14.502000,0.000144,0.000289
14.503000,0.000144,0.000289
14.504000,0.000145,0.000288
14.505000,0.000144,0.000288
14.506000,0.000144,0.000288
14.507000,0.000143,0.000288
14.508000,0.000142,0.000289
14.509000,0.000142,0.000288
14.510000,0.000142,0.000288
14.511000,0.000143,0.000288
14.512000,0.000143,0.000288
14.513000,0.000143,0.000289
14.514000,0.000143,0.000288
14.515000,0.000144,0.000287
14.516000,0.000144,0.000288
14.517000,0.000143,0.000288
14.518000,0.000144,0.000287
14.519000,0.000145,0.000288
14.520000,0.000146,0.000286
14.521000,0.000145,0.000287
14.522000,0.000146,0.000286
14.523000,0.000145,0.000286
14.524000,0.000147,0.000285
14.525000,0.000147,0.000284
14.526000,0.000147,0.000285
14.527000,0.000146,0.000284
14.528000,0.000146,0.000284
14.529000,0.000146,0.000283
14.530000,0.000146,0.000284
14.531000,0.000147,0.000283
14.532000,0.000146,0.000284
14.533000,0.000146,0.000284
14.534000,0.000145,0.000283
14.535000,0.000146,0.000284
14.536000,0.000146,0.000284
14.537000,0.000146,0.000283
14.538000,0.000147,0.000282
14.539000,0.000146,0.000283
14.540000,0.000146,0.000282
14.541000,0.000146,0.000283
14.542000,0.000146,0.000282
14.543000,0.000146,0.000283
14.544000,0.000146,0.000282
14.545000,0.000146,0.000283
14.546000,0.000145,0.000282
14.547000,0.000145,0.000284
14.548000,0.000146,0.000283
14.549000,0.000146,0.000284
14.550000,0.000146,0.000284
14.551000,0.000146,0.000284
14.552000,0.000146,0.000284
14.553000,0.000146,0.000284
14.554000,0.000146,0.000283
14.555000,0.000147,0.000283
14.556000,0.000146,0.000283
14.557000,0.000147,0.000283
14.558000,0.000146,0.000283
14.559000,0.000147,0.000283
14.560000,0.000147,0.000282
14.561000,0.000147,0.000282
14.562000,0.000147,0.000283
14.563000,0.000147,0.000283
14.564000,0.000147,0.000285
14.565000,0.000147,0.000284
14.566000,0.000147,0.000285
14.567000,0.000147,0.000284
14.568000,0.000147,0.000285
14.569000,0.000147,0.000284
14.570000,0.000147,0.000285
14.571000,0.000147,0.000284
14.572000,0.000146,0.000285
14.573000,0.000147,0.000284
14.574000,0.000146,0.000284
14.575000,0.000146,0.000283
14.576000,0.000146,0.000283
14.577000,0.000146,0.000283
14.578000,0.000145,0.000283
14.579000,0.000146,0.000284
14.580000,0.000146,0.000283
14.581000,0.000145,0.000284
14.582000,0.000146,0.000283
14.583000,0.000146,0.000285
14.584000,0.000146,0.000285
14.585000,0.000146,0.000287
14.586000,0.000147,0.000286
14.587000,0.000146,0.000287
14.588000,0.000147,0.000286
14.589000,0.000147,0.000286
14.590000,0.000147,0.000286
14.591000,0.000146,0.000286
14.592000,0.000146,0.000286
14.593000,0.000146,0.000286
14.594000,0.000146,0.000287
14.595000,0.000146,0.000286
14.596000,0.000146,0.000287
14.597000,0.000146,0.000286
14.598000,0.000146,0.000287
14.599000,0.000147,0.000286
14.600000,0.000148,0.000286
14.601000,0.000148,0.000287
14.602000,0.000148,0.000286
14.603000,0.000148,0.000287
14.604000,0.000148,0.000287
14.605000,0.000148,0.000288
14.606000,0.000149,0.000287
14.607000,0.000149,0.000288
14.608000,0.000150,0.000288
14.609000,0.000149,0.000288
14.610000,0.000149,0.000288
14.611000,0.000148,0.000287
14.612000,0.000148,0.000288
14.613000,0.000148,0.000287
14.614000,0.000148,0.000288
14.615000,0.000148,0.000288
14.616000,0.000148,0.000288
14.617000,0.000148,0.000288
14.618000,0.000148,0.000289
14.619000,0.000148,0.000289
14.620000,0.000147,0.000289
14.621000,0.000146,0.000289
14.622000,0.000147,0.000289
14.623000,0.000146,0.000290
14.624000,0.000146,0.000290
14.625000,0.000145,0.000291
14.626000,0.000146,0.000290
14.627000,0.000146,0.000291
14.628000,0.000147,0.000292
14.629000,0.000146,0.000292
14.630000,0.000147,0.000291
14.631000,0.000146,0.000291
14.632000,0.000147,0.000291
14.633000,0.000147,0.000291
14.634000,0.000148,0.000292
14.635000,0.000147,0.000292
14.636000,0.000147,0.000292
14.637000,0.000147,0.000292
14.638000,0.000147,0.000294
14.639000,0.000147,0.000293
14.640000,0.000147,0.000293
14.641000,0.000148,0.000293
14.642000,0.000148,0.000293
14.643000,0.000149,0.000294
14.644000,0.000148,0.000294
14.645000,0.000148,0.000293
14.646000,0.000148,0.000292
14.647000,0.000148,0.000292
14.648000,0.000148,0.000291
14.649000,0.000148,0.000291
14.650000,0.000148,0.000290
14.651000,0.000148,0.000291
14.652000,0.000149,0.000290
14.653000,0.000149,0.000290
14.654000,0.000149,0.000290
14.655000,0.000148,0.000292
14.656000,0.000149,0.000292
14.657000,0.000148,0.000292
14.658000,0.000149,0.000292
14.659000,0.000148,0.000292
14.660000,0.000148,0.000293
14.661000,0.000148,0.000293
14.662000,0.000148,0.000292
14.663000,0.000148,0.000291
14.664000,0.000148,0.000291
14.665000,0.000148,0.000291
14.666000,0.000148,0.000291
14.667000,0.000149,0.000291
14.668000,0.000148,0.000291
14.669000,0.000149,0.000291
14.670000,0.000149,0.000291
14.671000,0.000149,0.000292
14.672000,0.000149,0.000292
14.673000,0.000148,0.000292
14.674000,0.000149,0.000293
14.675000,0.000149,0.000293
14.676000,0.000149,0.000294
14.677000,0.000149,0.000294
14.678000,0.000150,0.000294
14.679000,0.000148,0.000294
14.680000,0.000149,0.000294
14.681000,0.000149,0.000293
14.682000,0.000149,0.000293
14.683000,0.000149,0.000293
14.684000,0.000149,0.000292
14.685000,0.000148,0.000292
14.686000,0.000148,0.000291
14.687000,0.000149,0.000292
14.688000,0.000148,0.000290
14.689000,0.000148,0.000291
14.690000,0.000148,0.000291
14.691000,0.000149,0.000292
14.692000,0.000149,0.000292
14.693000,0.000149,0.000291
14.694000,0.000149,0.000292
14.695000,0.000149,0.000291
14.696000,0.000149,0.000292
14.697000,0.000150,0.000291
14.698000,0.000150,0.000291
14.699000,0.000149,0.000291
14.700000,0.000149,0.000290
14.701000,0.000149,0.000289
14.702000,0.000149,0.000289
14.703000,0.000148,0.000289
14.704000,0.000149,0.000289
14.705000,0.000148,0.000289
14.706000,0.000147,0.000290
14.707000,0.000147,0.000290
14.708000,0.000147,0.000290
14.709000,0.000147,0.000290
14.710000,0.000148,0.000290
14.711000,0.000148,0.000290
14.712000,0.000148,0.000290
14.713000,0.000148,0.000290
14.714000,0.000148,0.000290
14.715000,0.000148,0.000289
14.716000,0.000149,0.000289
14.717000,0.000149,0.000289
14.718000,0.000149,0.000289
14.719000,0.000149,0.000289
14.720000,0.000149,0.000289
14.721000,0.000149,0.000288
14.722000,0.000149,0.000288
14.723000,0.000149,0.000288
14.724000,0.000149,0.000287
14.725000,0.000149,0.000287
14.726000,0.000149,0.000287
14.727000,0.000148,0.000287
14.728000,0.000149,0.000286
14.729000,0.000149,0.000287
14.730000,0.000149,0.000287
14.731000,0.000149,0.000287
14.732000,0.000149,0.000287
14.733000,0.000148,0.000287
14.734000,0.000148,0.000286
14.735000,0.000148,0.000286
14.736000,0.000148,0.000285
14.737000,0.000148,0.000285
14.738000,0.000149,0.000286
14.739000,0.000149,0.000286
14.740000,0.000148,0.000287
14.741000,0.000148,0.000287
14.742000,0.000148,0.000287
14.743000,0.000148,0.000286
14.744000,0.000148,0.000287
14.745000,0.000149,0.000287
14.746000,0.000148,0.000288
14.747000,0.000148,0.000288
14.748000,0.000148,0.000288
14.749000,0.000148,0.000288
14.750000,0.000148,0.000288
14.751000,0.000148,0.000288
14.752000,0.000148,0.000288
14.753000,0.000147,0.000288
14.754000,0.000147,0.000288
14.755000,0.000147,0.000288
14.756000,0.000147,0.000287
14.757000,0.000148,0.000288
14.758000,0.000148,0.000287
14.759000,0.000148,0.000287
14.760000,0.000148,0.000286
14.761000,0.000148,0.000288
14.762000,0.000148,0.000287
14.763000,0.000148,0.000289
14.764000,0.000148,0.000288
14.765000,0.000148,0.000289
14.766000,0.000149,0.000289
14.767000,0.000148,0.000289
14.768000,0.000148,0.000288
14.769000,0.000148,0.000288
14.770000,0.000148,0.000288
14.771000,0.000147,0.000287
14.772000,0.000147,0.000287
14.773000,0.000148,0.000286
14.774000,0.000148,0.000287
14.775000,0.000147,0.000286
14.776000,0.000147,0.000286
14.777000,0.000147,0.000286
14.778000,0.000145,0.000287
14.779000,0.000146,0.000286
14.780000,0.000145,0.000288
14.781000,0.000145,0.000287
14.782000,0.000145,0.000288
14.783000,0.000146,0.000288
14.784000,0.000145,0.000288
14.785000,0.000145,0.000287
14.786000,0.000145,0.000288
14.787000,0.000145,0.000288
14.788000,0.000145,0.000288
14.789000,0.000145,0.000289
14.790000,0.000145,0.000287
14.791000,0.000144,0.000288
14.792000,0.000145,0.000288
14.793000,0.000145,0.000289
14.794000,0.000146,0.000288
14.795000,0.000145,0.000289
14.796000,0.000146,0.000289
14.797000,0.000145,0.000289
14.798000,0.000145,0.000289
14.799000,0.000145,0.000288
14.800000,0.000145,0.000289
14.801000,0.000145,0.000289
14.802000,0.000145,0.000290
14.803000,0.000145,0.000289
14.804000,0.000144,0.000290
14.805000,0.000145,0.000289
14.806000,0.000145,0.000290
14.807000,0.000145,0.000289
14.808000,0.000145,0.000289
14.809000,0.000145,0.000289
14.810000,0.000145,0.000288
14.811000,0.000145,0.000289
14.812000,0.000145,0.000289
14.813000,0.000145,0.000290
14.814000,0.000146,0.000290
14.815000,0.000145,0.000290
14.816000,0.000145,0.000290
14.817000,0.000145,0.000290
14.818000,0.000145,0.000290
14.819000,0.000146,0.000289
14.820000,0.000146,0.000290
14.821000,0.000146,0.000290
14.822000,0.000146,0.000291
14.823000,0.000146,0.000290
14.824000,0.000146,0.000290
14.825000,0.000146,0.000290
14.826000,0.000146,0.000291
14.827000,0.000146,0.000290
14.828000,0.000146,0.000290
14.829000,0.000145,0.000289
14.830000,0.000146,0.000289
14.831000,0.000146,0.000290
14.832000,0.000146,0.000288
14.833000,0.000145,0.000290
14.834000,0.000146,0.000289
14.835000,0.000146,0.000290
14.836000,0.000147,0.000290
14.837000,0.000146,0.000291
14.838000,0.000146,0.000290
14.839000,0.000146,0.000290
14.840000,0.000147,0.000290
14.841000,0.000146,0.000290
14.842000,0.000146,0.000290
14.843000,0.000146,0.000289
14.844000,0.000146,0.000289
14.845000,0.000146,0.000289
14.846000,0.000146,0.000290
14.847000,0.000147,0.000290
14.848000,0.000146,0.000291
14.849000,0.000146,0.000291
14.850000,0.000146,0.000291
14.851000,0.000146,0.000291
14.852000,0.000145,0.000291
14.853000,0.000146,0.000291
14.854000,0.000145,0.000292
14.855000,0.000146,0.000292
14.856000,0.000146,0.000293
14.857000,0.000146,0.000292
14.858000,0.000145,0.000292
14.859000,0.000146,0.000292
14.860000,0.000146,0.000292
14.861000,0.000146,0.000292
14.862000,0.000145,0.000292
14.863000,0.000146,0.000292
14.864000,0.000145,0.000291
14.865000,0.000145,0.000292
14.866000,0.000145,0.000290
14.867000,0.000144,0.000291
14.868000,0.000146,0.000291
14.869000,0.000145,0.000292
14.870000,0.000145,0.000291
14.871000,0.000145,0.000292
14.872000,0.000146,0.000291
14.873000,0.000145,0.000292
14.874000,0.000145,0.000291
14.875000,0.000146,0.000292
14.876000,0.000146,0.000292
14.877000,0.000146,0.000292
14.878000,0.000148,0.000291
14.879000,0.000148,0.000292
14.880000,0.000148,0.000291
14.881000,0.000148,0.000291
14.882000,0.000148,0.000291
14.883000,0.000148,0.000291
14.884000,0.000149,0.000292
14.885000,0.000149,0.000291
14.886000,0.000149,0.000291
14.887000,0.000149,0.000291
14.888000,0.000150,0.000291
14.889000,0.000150,0.000291
14.890000,0.000149,0.000292
14.891000,0.000150,0.000291
14.892000,0.000150,0.000292
14.893000,0.000150,0.000291
14.894000,0.000149,0.000291
14.895000,0.000148,0.000291
14.896000,0.000148,0.000291
14.897000,0.000148,0.000292
14.898000,0.000148,0.000292
14.899000,0.000148,0.000292
14.900000,0.000148,0.000292
14.901000,0.000149,0.000293
14.902000,0.000149,0.000292
14.903000,0.000150,0.000293
14.904000,0.000150,0.000293
14.905000,0.000149,0.000293
14.906000,0.000149,0.000292
14.907000,0.000150,0.000293
14.908000,0.000149,0.000293
14.909000,0.000149,0.000293
14.910000,0.000150,0.000294
14.911000,0.000150,0.000293
14.912000,0.000150,0.000293
14.913000,0.000150,0.000293
14.914000,0.000150,0.000293
14.915000,0.000149,0.000294
14.916000,0.000149,0.000293
14.917000,0.000149,0.000294
14.918000,0.000149,0.000294
14.919000,0.000149,0.000294
14.920000,0.000149,0.000294
14.921000,0.000149,0.000294
14.922000,0.000149,0.000294
14.923000,0.000149,0.000294
14.924000,0.000149,0.000294
14.925000,0.000149,0.000294
14.926000,0.000149,0.000294
14.927000,0.000150,0.000295
14.928000,0.000149,0.000295
14.929000,0.000150,0.000295
14.930000,0.000149,0.000295
14.931000,0.000149,0.000295
14.932000,0.000148,0.000294
14.933000,0.000148,0.000294
14.934000,0.000148,0.000294
14.935000,0.000148,0.000294
14.936000,0.000148,0.000294
14.937000,0.000148,0.000294
14.938000,0.000148,0.000294
14.939000,0.000148,0.000294
14.940000,0.000148,0.000294
14.941000,0.000149,0.000294
14.942000,0.000149,0.000294
14.943000,0.000148,0.000294
14.944000,0.000149,0.000294
14.945000,0.000148,0.000294
14.946000,0.000149,0.000295
14.947000,0.000149,0.000294
14.948000,0.000149,0.000294
14.949000,0.000149,0.000293
14.950000,0.000149,0.000293
14.951000,0.000149,0.000293
14.952000,0.000150,0.000293
14.953000,0.000150,0.000293
14.954000,0.000150,0.000293
14.955000,0.000150,0.000293
14.956000,0.000150,0.000292
14.957000,0.000149,0.000292
14.958000,0.000150,0.000292
14.959000,0.000149,0.000292
14.960000,0.000149,0.000292
14.961000,0.000149,0.000292
14.962000,0.000150,0.000293
14.963000,0.000149,0.000292
14.964000,0.000149,0.000293
14.965000,0.000149,0.000293
14.966000,0.000149,0.000293
14.967000,0.000150,0.000293
14.968000,0.000148,0.000293
14.969000,0.000149,0.000293
14.970000,0.000149,0.000294
14.971000,0.000150,0.000293
14.972000,0.000149,0.000294
14.973000,0.000149,0.000293
14.974000,0.000149,0.000293
14.975000,0.000149,0.000293
14.976000,0.000149,0.000294
14.977000,0.000149,0.000293
14.978000,0.000148,0.000294
14.979000,0.000148,0.000293
14.980000,0.000148,0.000294
14.981000,0.000148,0.000294
14.982000,0.000148,0.000294
14.983000,0.000148,0.000295
14.984000,0.000147,0.000294
14.985000,0.000148,0.000295
14.986000,0.000148,0.000293
14.987000,0.000148,0.000295
14.988000,0.000148,0.000294
14.989000,0.000148,0.000295
14.990000,0.000148,0.000295
14.991000,0.000148,0.000295
14.992000,0.000147,0.000294
14.993000,0.000148,0.000294
14.994000,0.000148,0.000294
14.995000,0.000148,0.000293
14.996000,0.000148,0.000293
14.997000,0.000149,0.000292
14.998000,0.000148,0.000293
14.999000,0.000149,0.000293
14.950000,0.000149,0.000293
14.951000,0.000150,0.000293
14.952000,0.000149,0.000293
14.953000,0.000149,0.000292
14.954000,0.000149,0.000293
14.955000,0.000150,0.000293
14.956000,0.000149,0.000293
14.957000,0.000149,0.000293
14.958000,0.000149,0.000293
14.959000,0.000148,0.000293
14.960000,0.000149,0.000294
14.961000,0.000149,0.000294
14.962000,0.000149,0.000294
14.963000,0.000148,0.000294
14.964000,0.000149,0.000294
14.965000,0.000148,0.000294
14.966000,0.000148,0.000293
14.967000,0.000149,0.000293
14.968000,0.000147,0.000293
14.969000,0.000147,0.000293
14.970000,0.000148,0.000293
14.971000,0.000148,0.000293
14.972000,0.000148,0.000293
14.973000,0.000148,0.000292
14.974000,0.000147,0.000292
14.975000,0.000147,0.000292
14.976000,0.000147,0.000293
14.977000,0.000146,0.000292
14.978000,0.000146,0.000292
14.979000,0.000145,0.000293
14.980000,0.000145,0.000293
14.981000,0.000145,0.000293
14.982000,0.000146,0.000293
14.983000,0.000146,0.000293
14.984000,0.000145,0.000293
14.985000,0.000146,0.000293
14.986000,0.000145,0.000293
14.987000,0.000145,0.000294
14.988000,0.000145,0.000293
14.989000,0.000145,0.000294
14.990000,0.000145,0.000294
14.991000,0.000145,0.000294
14.992000,0.000144,0.000294
14.993000,0.000145,0.000294
14.994000,0.000145,0.000293
14.995000,0.000145,0.000292
14.996000,0.000145,0.000292
14.997000,0.000145,0.000292
14.998000,0.000145,0.000292
14.999000,0.000145,0.000292
15.000000,0.000146,0.000291
15.001000,0.000146,0.000291
15.002000,0.000146,0.000290
15.003000,0.000145,0.000291
15.004000,0.000146,0.000291
15.005000,0.000145,0.000291
15.006000,0.000146,0.000291
15.007000,0.000145,0.000291
15.008000,0.000145,0.000291
15.009000,0.000145,0.000291
15.010000,0.000145,0.000291
15.011000,0.000145,0.000290
15.012000,0.000145,0.000291
15.013000,0.000145,0.000290
15.014000,0.000144,0.000291
15.015000,0.000145,0.000290
15.016000,0.000145,0.000290
15.017000,0.000144,0.000290
15.018000,0.000144,0.000290
15.019000,0.000143,0.000291
15.020000,0.000143,0.000290
15.021000,0.000143,0.000290
15.022000,0.000145,0.000291
15.023000,0.000144,0.000292
15.024000,0.000144,0.000291
15.025000,0.000144,0.000292
15.026000,0.000145,0.000292
15.027000,0.000144,0.000292
15.028000,0.000144,0.000292
15.029000,0.000143,0.000291
15.030000,0.000143,0.000292
15.031000,0.000143,0.000292
15.032000,0.000143,0.000292
15.033000,0.000144,0.000292
15.034000,0.000144,0.000292
15.035000,0.000145,0.000291
15.036000,0.000145,0.000292
15.037000,0.000145,0.000292
15.038000,0.000144,0.000292
15.039000,0.000145,0.000291
15.040000,0.000145,0.000291
15.041000,0.000144,0.000291
15.042000,0.000144,0.000290
15.043000,0.000144,0.000290
15.044000,0.000144,0.000289
15.045000,0.000144,0.000289
15.046000,0.000144,0.000288
15.047000,0.000143,0.000289
15.048000,0.000143,0.000288
15.049000,0.000144,0.000290
15.050000,0.000144,0.000289
15.051000,0.000144,0.000290
15.052000,0.000145,0.000290
15.053000,0.000145,0.000291
15.054000,0.000145,0.000290
15.055000,0.000144,0.000291
15.056000,0.000145,0.000290
15.057000,0.000144,0.000290
15.058000,0.000145,0.000289
15.059000,0.000145,0.000289
15.060000,0.000145,0.000289
15.061000,0.000144,0.000288
15.062000,0.000144,0.000289
15.063000,0.000144,0.000287
15.064000,0.000144,0.000288
15.065000,0.000144,0.000288
15.066000,0.000144,0.000289
15.067000,0.000144,0.000289
15.068000,0.000144,0.000290
15.069000,0.000145,0.000289
15.070000,0.000144,0.000290
15.071000,0.000145,0.000290
15.072000,0.000144,0.000290
15.073000,0.000145,0.000290
15.074000,0.000144,0.000291
15.075000,0.000145,0.000291
15.076000,0.000145,0.000291
15.077000,0.000146,0.000291
15.078000,0.000145,0.000292
15.079000,0.000145,0.000292
15.080000,0.000145,0.000291
15.081000,0.000145,0.000292
15.082000,0.000145,0.000292
15.083000,0.000145,0.000292
15.084000,0.000145,0.000291
15.085000,0.000144,0.000292
15.086000,0.000144,0.000291
15.087000,0.000144,0.000291
15.088000,0.000144,0.000291
15.089000,0.000144,0.000292
15.090000,0.000145,0.000291
15.091000,0.000144,0.000292
15.092000,0.000144,0.000291
15.093000,0.000144,0.000292
15.094000,0.000144,0.000292
15.095000,0.000143,0.000291
15.096000,0.000143,0.000292
15.097000,0.000143,0.000291
15.098000,0.000143,0.000292
15.099000,0.000143,0.000291
15.100000,0.000142,0.000292
15.101000,0.000143,0.000292
15.102000,0.000142,0.000293
15.103000,0.000143,0.000293
15.104000,0.000143,0.000292
15.105000,0.000143,0.000292
15.106000,0.000143,0.000291
15.107000,0.000143,0.000292
15.108000,0.000143,0.000291
15.109000,0.000143,0.000292
15.110000,0.000142,0.000291
15.111000,0.000143,0.000291
15.112000,0.000142,0.000291
15.113000,0.000143,0.000291
15.114000,0.000142,0.000292
15.115000,0.000143,0.000291
15.116000,0.000142,0.000291
15.117000,0.000143,0.000290
15.118000,0.000142,0.000290
15.119000,0.000143,0.000290
15.120000,0.000143,0.000291
15.121000,0.000144,0.000291
15.122000,0.000144,0.000291
15.123000,0.000144,0.000291
15.124000,0.000144,0.000291
15.125000,0.000144,0.000291
15.126000,0.000143,0.000289
15.127000,0.000144,0.000290
15.128000,0.000144,0.000289
15.129000,0.000144,0.000291
15.130000,0.000145,0.000289
15.131000,0.000145,0.000290
15.132000,0.000145,0.000290
15.133000,0.000145,0.000291
15.134000,0.000145,0.000290
15.135000,0.000144,0.000290
15.136000,0.000144,0.000290
15.137000,0.000144,0.000289
15.138000,0.000144,0.000289
15.139000,0.000144,0.000288
15.140000,0.000144,0.000289
15.141000,0.000144,0.000289
15.142000,0.000144,0.000290
15.143000,0.000144,0.000289
15.144000,0.000144,0.000290
15.145000,0.000145,0.000290
15.146000,0.000144,0.000290
15.147000,0.000145,0.000290
15.148000,0.000145,0.000291
15.149000,0.000144,0.000291
15.150000,0.000144,0.000291
15.151000,0.000144,0.000291
15.152000,0.000143,0.000290
15.153000,0.000143,0.000290
15.154000,0.000144,0.000290
15.155000,0.000144,0.000291
15.156000,0.000144,0.000291
15.157000,0.000144,0.000291
15.158000,0.000142,0.000291
15.159000,0.000142,0.000291
15.160000,0.000143,0.000291
15.161000,0.000144,0.000292
15.162000,0.000144,0.000292
15.163000,0.000144,0.000293
15.164000,0.000144,0.000292
15.165000,0.000144,0.000293
15.166000,0.000144,0.000292
15.167000,0.000144,0.000293
15.168000,0.000144,0.000293
15.169000,0.000144,0.000293
15.170000,0.000144,0.000292
15.171000,0.000144,0.000292
15.172000,0.000144,0.000292
15.173000,0.000144,0.000292
15.174000,0.000144,0.000292
15.175000,0.000144,0.000291
15.176000,0.000143,0.000291
15.177000,0.000143,0.000291
15.178000,0.000142,0.000291
15.179000,0.000144,0.000290
15.180000,0.000143,0.000291
15.181000,0.000145,0.000289
15.182000,0.000145,0.000289
15.183000,0.000145,0.000289
15.184000,0.000145,0.000290
15.185000,0.000145,0.000290
15.186000,0.000146,0.000290
15.187000,0.000146,0.000290
15.188000,0.000147,0.000290
15.189000,0.000147,0.000290
15.190000,0.000148,0.000290
15.191000,0.000147,0.000290
15.192000,0.000148,0.000290
15.193000,0.000148,0.000289
15.194000,0.000148,0.000290
15.195000,0.000149,0.000290
15.196000,0.000149,0.000291
15.197000,0.000149,0.000291
15.198000,0.000150,0.000291
15.199000,0.000150,0.000291
15.200000,0.000150,0.000291
15.201000,0.000149,0.000290
15.202000,0.000150,0.000291
15.203000,0.000149,0.000290
15.204000,0.000148,0.000291
15.205000,0.000149,0.000291
15.206000,0.000149,0.000292
15.207000,0.000149,0.000291
15.208000,0.000149,0.000290
15.209000,0.000149,0.000291
15.210000,0.000149,0.000292
15.211000,0.000149,0.000292
15.212000,0.000149,0.000291
15.213000,0.000149,0.000292
15.214000,0.000150,0.000291
15.215000,0.000149,0.000291
15.216000,0.000150,0.000292
15.217000,0.000150,0.000292
15.218000,0.000150,0.000292
15.219000,0.000150,0.000291
15.220000,0.000150,0.000291
15.221000,0.000149,0.000290
15.222000,0.000149,0.000291
15.223000,0.000149,0.000291
15.224000,0.000149,0.000291
15.225000,0.000149,0.000290
15.226000,0.000150,0.000290
15.227000,0.000150,0.000290
15.228000,0.000149,0.000290
15.229000,0.000149,0.000290
15.230000,0.000148,0.000290
15.231000,0.000149,0.000290
15.232000,0.000149,0.000291
15.233000,0.000148,0.000290
15.234000,0.000149,0.000290
15.235000,0.000148,0.000291
15.236000,0.000149,0.000291
15.237000,0.000149,0.000292
15.238000,0.000149,0.000291
15.239000,0.000149,0.000292
15.240000,0.000149,0.000292
15.241000,0.000148,0.000291
15.242000,0.000148,0.000291
15.243000,0.000149,0.000291
15.244000,0.000148,0.000291
15.245000,0.000148,0.000291
15.246000,0.000148,0.000292
15.247000,0.000148,0.000292
15.248000,0.000147,0.000292
15.249000,0.000147,0.000291
15.250000,0.000148,0.000292
15.251000,0.000148,0.000291
15.252000,0.000149,0.000292
15.253000,0.000149,0.000291
15.254000,0.000149,0.000292
15.255000,0.000149,0.000291
15.256000,0.000149,0.000291
15.257000,0.000149,0.000291
15.258000,0.000150,0.000292
15.259000,0.000150,0.000292
15.260000,0.000149,0.000292
15.261000,0.000150,0.000291
15.262000,0.000149,0.000290
15.263000,0.000149,0.000290
15.264000,0.000149,0.000290
15.265000,0.000149,0.000290
15.266000,0.000149,0.000290
15.267000,0.000149,0.000289
15.268000,0.000149,0.000289
15.269000,0.000149,0.000289
15.270000,0.000150,0.000289
15.271000,0.000149,0.000290
15.272000,0.000150,0.000290
15.273000,0.000149,0.000290
15.274000,0.000151,0.000290
15.275000,0.000150,0.000290
15.276000,0.000150,0.000290
15.277000,0.000150,0.000290
15.278000,0.000151,0.000289
15.279000,0.000150,0.000289
15.280000,0.000150,0.000289
15.281000,0.000149,0.000290
15.282000,0.000149,0.000290
15.283000,0.000149,0.000290
15.284000,0.000148,0.000290
15.285000,0.000149,0.000289
15.286000,0.000149,0.000289
15.287000,0.000148,0.000289
15.288000,0.000148,0.000289
15.289000,0.000148,0.000288
15.290000,0.000147,0.000288
15.291000,0.000147,0.000288
15.292000,0.000147,0.000288
15.293000,0.000147,0.000288
15.294000,0.000146,0.000288
15.295000,0.000146,0.000288
15.296000,0.000146,0.000287
15.297000,0.000145,0.000288
15.298000,0.000145,0.000288
15.299000,0.000145,0.000288
15.300000,0.000145,0.000287
15.301000,0.000144,0.000288
15.302000,0.000145,0.000288
15.303000,0.000145,0.000287
15.304000,0.000145,0.000287
15.305000,0.000145,0.000286
15.306000,0.000144,0.000287
15.307000,0.000144,0.000287
15.308000,0.000144,0.000288
15.309000,0.000145,0.000287
15.310000,0.000145,0.000287
15.311000,0.000145,0.000287
15.312000,0.000145,0.000286
15.313000,0.000144,0.000286
15.314000,0.000144,0.000285
15.315000,0.000144,0.000286
15.316000,0.000144,0.000285
15.317000,0.000144,0.000286
15.318000,0.000144,0.000285
15.319000,0.000144,0.000286
15.320000,0.000145,0.000285
15.321000,0.000145,0.000286
15.322000,0.000145,0.000286
15.323000,0.000145,0.000285
15.324000,0.000145,0.000285
15.325000,0.000145,0.000285
15.326000,0.000145,0.000286
15.327000,0.000145,0.000285
15.328000,0.000144,0.000286
15.329000,0.000145,0.000285
15.330000,0.000145,0.000286
15.331000,0.000145,0.000285
15.332000,0.000144,0.000285
15.333000,0.000145,0.000286
15.334000,0.000144,0.000285
15.335000,0.000144,0.000286
15.336000,0.000144,0.000285
15.337000,0.000143,0.000285
15.338000,0.000144,0.000285
15.339000,0.000144,0.000286
15.340000,0.000144,0.000286
15.341000,0.000144,0.000287
15.342000,0.000144,0.000286
15.343000,0.000143,0.000287
15.344000,0.000143,0.000286
15.345000,0.000143,0.000287
15.346000,0.000144,0.000286
15.347000,0.000144,0.000287
15.348000,0.000145,0.000286
15.349000,0.000144,0.000286
15.350000,0.000145,0.000285
15.351000,0.000144,0.000286
15.352000,0.000144,0.000285
15.353000,0.000144,0.000285
15.354000,0.000144,0.000286
15.355000,0.000144,0.000286
15.356000,0.000144,0.000286
15.357000,0.000144,0.000284
15.358000,0.000143,0.000285
15.359000,0.000144,0.000284
15.360000,0.000144,0.000286
15.361000,0.000144,0.000285
15.362000,0.000143,0.000286
15.363000,0.000143,0.000285
15.364000,0.000143,0.000286
15.365000,0.000144,0.000285
15.366000,0.000144,0.000287
15.367000,0.000145,0.000286
15.368000,0.000144,0.000286
15.369000,0.000144,0.000286
15.370000,0.000143,0.000286
15.371000,0.000143,0.000285
15.372000,0.000143,0.000285
15.373000,0.000143,0.000286
15.374000,0.000143,0.000285
15.375000,0.000143,0.000286
15.376000,0.000143,0.000286
15.377000,0.000143,0.000285
15.378000,0.000143,0.000285
15.379000,0.000143,0.000286
15.380000,0.000143,0.000284
15.381000,0.000142,0.000285
15.382000,0.000142,0.000285
15.383000,0.000142,0.000285
15.384000,0.000142,0.000284
15.385000,0.000141,0.000285
15.386000,0.000141,0.000285
15.387000,0.000142,0.000286
15.388000,0.000142,0.000285
15.389000,0.000142,0.000285
15.390000,0.000142,0.000286
15.391000,0.000142,0.000286
15.392000,0.000142,0.000287
15.393000,0.000142,0.000285
15.394000,0.000143,0.000286
15.395000,0.000143,0.000285
15.396000,0.000143,0.000286
15.397000,0.000144,0.000285
15.398000,0.000144,0.000286
15.399000,0.000144,0.000286
15.400000,0.000145,0.000286
15.401000,0.000144,0.000287
15.402000,0.000144,0.000286
15.403000,0.000144,0.000286
15.404000,0.000144,0.000286
15.405000,0.000144,0.000287
15.406000,0.000145,0.000287
15.407000,0.000144,0.000287
15.408000,0.000144,0.000287
15.409000,0.000144,0.000287
15.410000,0.000144,0.000287
15.411000,0.000144,0.000286
15.412000,0.000144,0.000287
15.413000,0.000143,0.000286
15.414000,0.000144,0.000288
15.415000,0.000145,0.000287
15.416000,0.000145,0.000287
15.417000,0.000145,0.000287
15.418000,0.000144,0.000287
15.419000,0.000144,0.000287
15.420000,0.000143,0.000287
15.421000,0.000143,0.000287
15.422000,0.000143,0.000287
15.423000,0.000142,0.000287
15.424000,0.000142,0.000287
15.425000,0.000142,0.000288
15.426000,0.000142,0.000287
15.427000,0.000142,0.000288
15.428000,0.000143,0.000288
15.429000,0.000143,0.000287
15.430000,0.000142,0.000288
15.431000,0.000142,0.000288
15.432000,0.000142,0.000288
15.433000,0.000143,0.000287
15.434000,0.000144,0.000288
15.435000,0.000144,0.000287
15.436000,0.000144,0.000288
15.437000,0.000144,0.000288
15.438000,0.000143,0.000288
15.439000,0.000143,0.000287
15.440000,0.000144,0.000287
15.441000,0.000144,0.000287
15.442000,0.000143,0.000287
15.443000,0.000144,0.000287
15.444000,0.000143,0.000287
15.445000,0.000143,0.000287
15.446000,0.000144,0.000287
15.447000,0.000143,0.000287
15.448000,0.000143,0.000287
15.449000,0.000143,0.000288
15.450000,0.000143,0.000288
15.451000,0.000142,0.000288
15.452000,0.000143,0.000287
15.453000,0.000142,0.000288
15.454000,0.000142,0.000287
15.455000,0.000143,0.000287
15.456000,0.000143,0.000287
15.457000,0.000143,0.000288
15.458000,0.000143,0.000287
15.459000,0.000142,0.000287
15.460000,0.000143,0.000287
15.461000,0.000143,0.000287
15.462000,0.000143,0.000287
15.463000,0.000143,0.000287
15.464000,0.000143,0.000287
15.465000,0.000142,0.000287
15.466000,0.000142,0.000287
15.467000,0.000141,0.000287
15.468000,0.000142,0.000287
15.469000,0.000143,0.000287
15.470000,0.000143,0.000286
15.471000,0.000143,0.000287
15.472000,0.000143,0.000287
15.473000,0.000143,0.000287
15.474000,0.000143,0.000287
15.475000,0.000143,0.000287
15.476000,0.000143,0.000287
15.477000,0.000143,0.000288
15.478000,0.000143,0.000289
15.479000,0.000143,0.000288
15.480000,0.000144,0.000289
15.481000,0.000144,0.000289
15.482000,0.000145,0.000289
15.483000,0.000145,0.000289
15.484000,0.000145,0.000289
15.485000,0.000146,0.000289
15.486000,0.000146,0.000289
15.487000,0.000145,0.000288
15.488000,0.000144,0.000289
15.489000,0.000145,0.000289
15.490000,0.000145,0.000288
15.491000,0.000145,0.000288
15.492000,0.000144,0.000287
15.493000,0.000144,0.000289
15.494000,0.000144,0.000289
15.495000,0.000143,0.000290
15.496000,0.000143,0.000288
15.497000,0.000143,0.000289
15.498000,0.000142,0.000288
15.499000,0.000142,0.000287
15.450000,0.000143,0.000288
15.451000,0.000142,0.000287
15.452000,0.000143,0.000287
15.453000,0.000142,0.000287
15.454000,0.000141,0.000287
15.455000,0.000142,0.000287
15.456000,0.000141,0.000287
15.457000,0.000141,0.000287
15.458000,0.000141,0.000288
15.459000,0.000141,0.000287
15.460000,0.000141,0.000287
15.461000,0.000141,0.000287
15.462000,0.000142,0.000288
15.463000,0.000141,0.000288
15.464000,0.000142,0.000289
15.465000,0.000141,0.000288
15.466000,0.000142,0.000288
15.467000,0.000141,0.000288
15.468000,0.000142,0.000289
15.469000,0.000142,0.000288
15.470000,0.000143,0.000288
15.471000,0.000143,0.000289
15.472000,0.000142,0.000289
15.473000,0.000142,0.000289
15.474000,0.000142,0.000289
15.475000,0.000143,0.000290
15.476000,0.000142,0.000290
15.477000,0.000143,0.000290
15.478000,0.000143,0.000291
15.479000,0.000143,0.000290
15.480000,0.000144,0.000291
15.481000,0.000144,0.000291
15.482000,0.000144,0.000291
15.483000,0.000144,0.000291
15.484000,0.000145,0.000291
15.485000,0.000145,0.000291
15.486000,0.000145,0.000291
15.487000,0.000144,0.000291
15.488000,0.000144,0.000291
15.489000,0.000144,0.000291
15.490000,0.000144,0.000291
15.491000,0.000144,0.000291
15.492000,0.000143,0.000290
15.493000,0.000143,0.000290
15.494000,0.000143,0.000291
15.495000,0.000142,0.000291
15.496000,0.000142,0.000290
15.497000,0.000142,0.000291
15.498000,0.000142,0.000290
15.499000,0.000142,0.000290
15.500000,0.000143,0.000290
15.501000,0.000142,0.000290
15.502000,0.000143,0.000291
15.503000,0.000142,0.000291
15.504000,0.000143,0.000291
15.505000,0.000143,0.000291
15.506000,0.000143,0.000291
15.507000,0.000143,0.000291
15.508000,0.000144,0.000291
15.509000,0.000144,0.000292
15.510000,0.000144,0.000292
15.511000,0.000144,0.000292
15.512000,0.000144,0.000293
15.513000,0.000144,0.000293
15.514000,0.000144,0.000292
15.515000,0.000143,0.000292
15.516000,0.000143,0.000292
15.517000,0.000143,0.000292
15.518000,0.000144,0.000293
15.519000,0.000144,0.000293
15.520000,0.000144,0.000293
15.521000,0.000144,0.000292
15.522000,0.000145,0.000292
15.523000,0.000145,0.000293
15.524000,0.000145,0.000293
15.525000,0.000144,0.000295
15.526000,0.000145,0.000294
15.527000,0.000144,0.000294
15.528000,0.000144,0.000294
15.529000,0.000144,0.000295
15.530000,0.000145,0.000294
15.531000,0.000145,0.000294
15.532000,0.000145,0.000294
15.533000,0.000143,0.000293
15.534000,0.000143,0.000293
15.535000,0.000143,0.000292
15.536000,0.000143,0.000293
15.537000,0.000143,0.000291
15.538000,0.000142,0.000292
15.539000,0.000143,0.000291
15.540000,0.000142,0.000292
15.541000,0.000143,0.000292
15.542000,0.000144,0.000291
15.543000,0.000144,0.000291
15.544000,0.000144,0.000291
15.545000,0.000144,0.000290
15.546000,0.000143,0.000291
15.547000,0.000144,0.000290
15.548000,0.000143,0.000290
15.549000,0.000143,0.000290
15.550000,0.000143,0.000290
15.551000,0.000143,0.000291
15.552000,0.000142,0.000290
15.553000,0.000143,0.000291
15.554000,0.000143,0.000291
15.555000,0.000144,0.000292
15.556000,0.000145,0.000292
15.557000,0.000145,0.000293
15.558000,0.000145,0.000292
15.559000,0.000145,0.000292
15.560000,0.000146,0.000291
15.561000,0.000145,0.000292
15.562000,0.000146,0.000290
15.563000,0.000146,0.000291
15.564000,0.000146,0.000290
15.565000,0.000146,0.000291
15.566000,0.000145,0.000291
15.567000,0.000145,0.000291
15.568000,0.000145,0.000290
15.569000,0.000145,0.000290
15.570000,0.000145,0.000290
15.571000,0.000145,0.000289
15.572000,0.000145,0.000290
15.573000,0.000145,0.000290
15.574000,0.000144,0.000290
15.575000,0.000144,0.000288
15.576000,0.000145,0.000289
15.577000,0.000144,0.000289
15.578000,0.000143,0.000289
15.579000,0.000143,0.000289
15.580000,0.000143,0.000290
15.581000,0.000144,0.000289
15.582000,0.000144,0.000290
15.583000,0.000144,0.000290
15.584000,0.000144,0.000291
15.585000,0.000144,0.000290
15.586000,0.000143,0.000291
15.587000,0.000144,0.000290
15.588000,0.000143,0.000289
15.589000,0.000143,0.000290
15.590000,0.000143,0.000289
15.591000,0.000144,0.000291
15.592000,0.000144,0.000291
15.593000,0.000144,0.000292
15.594000,0.000144,0.000291
15.595000,0.000144,0.000291
15.596000,0.000144,0.000292
15.597000,0.000144,0.000292
15.598000,0.000144,0.000292
15.599000,0.000144,0.000292
15.600000,0.000144,0.000292
15.601000,0.000144,0.000292
15.602000,0.000144,0.000292
15.603000,0.000145,0.000292
15.604000,0.000145,0.000292
15.605000,0.000145,0.000292
15.606000,0.000145,0.000291
15.607000,0.000145,0.000291
15.608000,0.000145,0.000291
15.609000,0.000145,0.000291
15.610000,0.000144,0.000290
15.611000,0.000145,0.000291
15.612000,0.000145,0.000290
15.613000,0.000145,0.000291
15.614000,0.000146,0.000291
15.615000,0.000146,0.000291
15.616000,0.000146,0.000291
15.617000,0.000146,0.000291
15.618000,0.000145,0.000291
15.619000,0.000145,0.000291
15.620000,0.000145,0.000291
15.621000,0.000145,0.000290
15.622000,0.000144,0.000291
15.623000,0.000145,0.000289
15.624000,0.000145,0.000290
15.625000,0.000146,0.000289
15.626000,0.000146,0.000290
15.627000,0.000146,0.000290
15.628000,0.000146,0.000289
15.629000,0.000146,0.000289
15.630000,0.000146,0.000288
15.631000,0.000146,0.000289
15.632000,0.000146,0.000289
15.633000,0.000146,0.000290
15.634000,0.000146,0.000291
15.635000,0.000146,0.000291
15.636000,0.000147,0.000291
15.637000,0.000147,0.000292
15.638000,0.000148,0.000291
15.639000,0.000148,0.000292
15.640000,0.000148,0.000291
15.641000,0.000147,0.000291
15.642000,0.000147,0.000292
15.643000,0.000147,0.000291
15.644000,0.000147,0.000292
15.645000,0.000148,0.000291
15.646000,0.000147,0.000292
15.647000,0.000147,0.000291
15.648000,0.000147,0.000292
15.649000,0.000148,0.000291
15.650000,0.000147,0.000292
15.651000,0.000147,0.000291
15.652000,0.000147,0.000292
15.653000,0.000147,0.000291
15.654000,0.000147,0.000292
15.655000,0.000148,0.000292
15.656000,0.000146,0.000291
15.657000,0.000148,0.000291
15.658000,0.000147,0.000292
15.659000,0.000148,0.000291
15.660000,0.000147,0.000292
15.661000,0.000147,0.000292
15.662000,0.000147,0.000292
15.663000,0.000148,0.000292
15.664000,0.000147,0.000291
15.665000,0.000147,0.000291
15.666000,0.000146,0.000290
15.667000,0.000147,0.000291
15.668000,0.000147,0.000291
15.669000,0.000146,0.000291
15.670000,0.000147,0.000290
15.671000,0.000146,0.000291
15.672000,0.000147,0.000290
15.673000,0.000147,0.000290
15.674000,0.000148,0.000290
15.675000,0.000148,0.000291
15.676000,0.000148,0.000291
15.677000,0.000148,0.000291
15.678000,0.000148,0.000290
15.679000,0.000148,0.000289
15.680000,0.000148,0.000290
15.681000,0.000148,0.000289
15.682000,0.000149,0.000289
15.683000,0.000148,0.000288
15.684000,0.000148,0.000289
15.685000,0.000148,0.000288
15.686000,0.000148,0.000289
15.687000,0.000148,0.000288
15.688000,0.000149,0.000289
15.689000,0.000149,0.000288
15.690000,0.000149,0.000288
15.691000,0.000149,0.000287
15.692000,0.000149,0.000288
15.693000,0.000148,0.000288
15.694000,0.000149,0.000288
15.695000,0.000149,0.000288
15.696000,0.000149,0.000288
15.697000,0.000148,0.000288
15.698000,0.000148,0.000288
15.699000,0.000148,0.000288
15.700000,0.000148,0.000288
15.701000,0.000147,0.000288
15.702000,0.000148,0.000287
15.703000,0.000147,0.000287
15.704000,0.000147,0.000286
15.705000,0.000146,0.000286
15.706000,0.000147,0.000287
15.707000,0.000146,0.000287
15.708000,0.000146,0.000287
15.709000,0.000146,0.000287
15.710000,0.000146,0.000287
15.711000,0.000145,0.000287
15.712000,0.000146,0.000287
15.713000,0.000145,0.000287
15.714000,0.000146,0.000287
15.715000,0.000145,0.000286
15.716000,0.000145,0.000286
15.717000,0.000145,0.000286
15.718000,0.000145,0.000285
15.719000,0.000145,0.000285
15.720000,0.000145,0.000286
15.721000,0.000145,0.000286
15.722000,0.000145,0.000286
15.723000,0.000146,0.000285
15.724000,0.000145,0.000285
15.725000,0.000145,0.000285
15.726000,0.000145,0.000285
15.727000,0.000146,0.000285
15.728000,0.000145,0.000286
15.729000,0.000146,0.000286
15.730000,0.000145,0.000286
15.731000,0.000145,0.000286
15.732000,0.000144,0.000284
15.733000,0.000144,0.000284
15.734000,0.000144,0.000284
15.735000,0.000144,0.000284
15.736000,0.000145,0.000284
15.737000,0.000145,0.000285
15.738000,0.000145,0.000286
15.739000,0.000145,0.000287
15.740000,0.000145,0.000287
15.741000,0.000145,0.000286
15.742000,0.000145,0.000286
15.743000,0.000145,0.000287
15.744000,0.000144,0.000287
15.745000,0.000144,0.000287
15.746000,0.000144,0.000287
15.747000,0.000145,0.000288
15.748000,0.000144,0.000288
15.749000,0.000144,0.000287
15.750000,0.000144,0.000287
15.751000,0.000145,0.000287
15.752000,0.000145,0.000286
15.753000,0.000145,0.000286
15.754000,0.000144,0.000286
15.755000,0.000144,0.000286
15.756000,0.000145,0.000287
15.757000,0.000144,0.000287
15.758000,0.000144,0.000287
15.759000,0.000144,0.000288
15.760000,0.000144,0.000287
15.761000,0.000144,0.000287
15.762000,0.000145,0.000288
15.763000,0.000144,0.000288
15.764000,0.000143,0.000289
15.765000,0.000144,0.000289
15.766000,0.000144,0.000288
15.767000,0.000144,0.000288
15.768000,0.000144,0.000289
15.769000,0.000144,0.000289
15.770000,0.000144,0.000288
15.771000,0.000144,0.000289
15.772000,0.000143,0.000289
15.773000,0.000143,0.000290
15.774000,0.000144,0.000290
15.775000,0.000143,0.000290
15.776000,0.000144,0.000289
15.777000,0.000144,0.000290
15.778000,0.000144,0.000290
15.779000,0.000144,0.000291
15.780000,0.000144,0.000290
15.781000,0.000143,0.000291
15.782000,0.000143,0.000291
15.783000,0.000143,0.000291
15.784000,0.000143,0.000290
15.785000,0.000143,0.000291
15.786000,0.000143,0.000290
15.787000,0.000143,0.000290
15.788000,0.000143,0.000291
15.789000,0.000143,0.000290
15.790000,0.000143,0.000291
15.791000,0.000143,0.000291
15.792000,0.000143,0.000291
15.793000,0.000143,0.000290
15.794000,0.000143,0.000291
15.795000,0.000143,0.000291
15.796000,0.000142,0.000290
15.797000,0.000142,0.000290
15.798000,0.000142,0.000289
15.799000,0.000142,0.000290
15.800000,0.000143,0.000289
15.801000,0.000143,0.000290
15.802000,0.000144,0.000290
15.803000,0.000143,0.000291
15.804000,0.000143,0.000291
15.805000,0.000144,0.000291
15.806000,0.000143,0.000290
15.807000,0.000143,0.000290
15.808000,0.000143,0.000291
15.809000,0.000143,0.000290
15.810000,0.000143,0.000291
15.811000,0.000144,0.000291
15.812000,0.000143,0.000292
15.813000,0.000144,0.000291
15.814000,0.000144,0.000291
15.815000,0.000144,0.000292
15.816000,0.000144,0.000292
15.817000,0.000145,0.000293
15.818000,0.000144,0.000293
15.819000,0.000145,0.000294
15.820000,0.000145,0.000293
15.821000,0.000145,0.000294
15.822000,0.000146,0.000294
15.823000,0.000146,0.000294
15.824000,0.000147,0.000294
15.825000,0.000146,0.000294
15.826000,0.000147,0.000294
15.827000,0.000146,0.000294
15.828000,0.000146,0.000294
15.829000,0.000145,0.000294
15.830000,0.000146,0.000295
15.831000,0.000147,0.000295
15.832000,0.000147,0.000296
15.833000,0.000147,0.000296
15.834000,0.000147,0.000296
15.835000,0.000147,0.000295
15.836000,0.000146,0.000296
15.837000,0.000146,0.000296
15.838000,0.000146,0.000295
15.839000,0.000145,0.000295
15.840000,0.000145,0.000294
15.841000,0.000144,0.000295
15.842000,0.000145,0.000294
15.843000,0.000144,0.000295
15.844000,0.000145,0.000295
15.845000,0.000145,0.000295
15.846000,0.000145,0.000295
15.847000,0.000145,0.000295
15.848000,0.000145,0.000294
15.849000,0.000145,0.000295
15.850000,0.000145,0.000295
15.851000,0.000144,0.000295
15.852000,0.000145,0.000295
15.853000,0.000145,0.000295
15.854000,0.000145,0.000295
15.855000,0.000145,0.000294
15.856000,0.000145,0.000294
15.857000,0.000144,0.000294
15.858000,0.000144,0.000293
15.859000,0.000143,0.000292
15.860000,0.000144,0.000293
15.861000,0.000145,0.000292
15.862000,0.000144,0.000293
15.863000,0.000144,0.000292
15.864000,0.000144,0.000292
15.865000,0.000144,0.000292
15.866000,0.000143,0.000293
15.867000,0.000144,0.000291
15.868000,0.000143,0.000292
15.869000,0.000144,0.000292
15.870000,0.000143,0.000292
15.871000,0.000143,0.000292
15.872000,0.000144,0.000292
15.873000,0.000144,0.000291
15.874000,0.000144,0.000291
15.875000,0.000144,0.000291
15.876000,0.000143,0.000291
15.877000,0.000143,0.000291
15.878000,0.000143,0.000290
15.879000,0.000143,0.000291
15.880000,0.000143,0.000290
15.881000,0.000143,0.000290
15.882000,0.000143,0.000290
15.883000,0.000143,0.000290
15.884000,0.000144,0.000290
15.885000,0.000143,0.000291
15.886000,0.000144,0.000291
15.887000,0.000144,0.000292
15.888000,0.000144,0.000292
15.889000,0.000144,0.000292
15.890000,0.000143,0.000292
15.891000,0.000144,0.000291
15.892000,0.000144,0.000291
15.893000,0.000144,0.000290
15.894000,0.000144,0.000291
15.895000,0.000144,0.000291
15.896000,0.000144,0.000292
15.897000,0.000146,0.000291
15.898000,0.000146,0.000292
15.899000,0.000146,0.000292
15.900000,0.000145,0.000292
15.901000,0.000145,0.000291
15.902000,0.000144,0.000290
15.903000,0.000145,0.000291
15.904000,0.000144,0.000290
15.905000,0.000144,0.000290
15.906000,0.000145,0.000289
15.907000,0.000144,0.000290
15.908000,0.000145,0.000290
15.909000,0.000145,0.000290
15.910000,0.000145,0.000290
15.911000,0.000145,0.000290
15.912000,0.000145,0.000290
15.913000,0.000144,0.000290
15.914000,0.000144,0.000291
15.915000,0.000144,0.000290
15.916000,0.000144,0.000291
15.917000,0.000144,0.000290
15.918000,0.000144,0.000291
15.919000,0.000144,0.000290
15.920000,0.000143,0.000290
15.921000,0.000143,0.000289
15.922000,0.000143,0.000289
15.923000,0.000142,0.000289
15.924000,0.000142,0.000288
15.925000,0.000142,0.000289
15.926000,0.000143,0.000288
15.927000,0.000142,0.000289
15.928000,0.000144,0.000288
15.929000,0.000143,0.000288
15.930000,0.000143,0.000288
15.931000,0.000142,0.000287
15.932000,0.000143,0.000288
15.933000,0.000142,0.000287
15.934000,0.000142,0.000287
15.935000,0.000141,0.000287
15.936000,0.000141,0.000288
15.937000,0.000142,0.000287
15.938000,0.000142,0.000287
15.939000,0.000143,0.000287
15.940000,0.000143,0.000288
15.941000,0.000144,0.000288
15.942000,0.000144,0.000289
15.943000,0.000144,0.000288
15.944000,0.000145,0.000287
15.945000,0.000145,0.000287
15.946000,0.000145,0.000287
15.947000,0.000146,0.000288
15.948000,0.000146,0.000288
15.949000,0.000147,0.000287
15.950000,0.000147,0.000287
15.951000,0.000147,0.000287
15.952000,0.000147,0.000287
15.953000,0.000146,0.000287
15.954000,0.000147,0.000287
15.955000,0.000147,0.000287
15.956000,0.000147,0.000287
15.957000,0.000147,0.000287
15.958000,0.000147,0.000287
15.959000,0.000147,0.000288
15.960000,0.000147,0.000287
15.961000,0.000147,0.000288
15.962000,0.000147,0.000287
15.963000,0.000147,0.000287
15.964000,0.000147,0.000287
15.965000,0.000147,0.000288
15.966000,0.000148,0.000288
15.967000,0.000147,0.000289
15.968000,0.000148,0.000288
15.969000,0.000148,0.000289
15.970000,0.000148,0.000289
15.971000,0.000148,0.000288
15.972000,0.000148,0.000288
15.973000,0.000148,0.000289
15.974000,0.000148,0.000289
15.975000,0.000148,0.000289
15.976000,0.000148,0.000288
15.977000,0.000149,0.000289
15.978000,0.000149,0.000289
15.979000,0.000149,0.000288
15.980000,0.000149,0.000289
15.981000,0.000149,0.000289
15.982000,0.000149,0.000290
15.983000,0.000150,0.000290
15.984000,0.000150,0.000290
15.985000,0.000150,0.000288
15.986000,0.000150,0.000288
15.987000,0.000149,0.000288
15.988000,0.000149,0.000288
15.989000,0.000149,0.000288
15.990000,0.000149,0.000287
15.991000,0.000149,0.000288
15.992000,0.000149,0.000287
15.993000,0.000149,0.000289
15.994000,0.000150,0.000288
15.995000,0.000150,0.000288
15.996000,0.000150,0.000287
15.997000,0.000149,0.000287
15.998000,0.000149,0.000287
15.999000,0.000149,0.000286
15.950000,0.000147,0.000287
15.951000,0.000147,0.000287
15.952000,0.000147,0.000286
15.953000,0.000147,0.000287
15.954000,0.000148,0.000287
15.955000,0.000148,0.000288
15.956000,0.000148,0.000287
15.957000,0.000148,0.000287
15.958000,0.000148,0.000287
15.959000,0.000148,0.000288
15.960000,0.000147,0.000289
15.961000,0.000147,0.000289
15.962000,0.000147,0.000288
15.963000,0.000147,0.000288
15.964000,0.000147,0.000289
15.965000,0.000147,0.000289
15.966000,0.000148,0.000289
15.967000,0.000147,0.000289
15.968000,0.000148,0.000289
15.969000,0.000148,0.000289
15.970000,0.000148,0.000289
15.971000,0.000148,0.000289
15.972000,0.000147,0.000289
15.973000,0.000148,0.000289
15.974000,0.000148,0.000290
15.975000,0.000149,0.000290
15.976000,0.000149,0.000290
15.977000,0.000149,0.000290
15.978000,0.000148,0.000290
15.979000,0.000148,0.000290
15.980000,0.000149,0.000290
15.981000,0.000148,0.000290
15.982000,0.000149,0.000290
15.983000,0.000149,0.000291
15.984000,0.000149,0.000290
15.985000,0.000148,0.000290
15.986000,0.000149,0.000289
15.987000,0.000148,0.000289
15.988000,0.000148,0.000289
15.989000,0.000147,0.000289
15.990000,0.000148,0.000288
15.991000,0.000147,0.000288
15.992000,0.000147,0.000288
15.993000,0.000146,0.000288
15.994000,0.000146,0.000288
15.995000,0.000146,0.000288
15.996000,0.000146,0.000288
15.997000,0.000145,0.000288
15.998000,0.000145,0.000288
15.999000,0.000145,0.000287
16.000000,0.000145,0.000288
16.001000,0.000146,0.000288
16.002000,0.000146,0.000288
16.003000,0.000146,0.000288
16.004000,0.000146,0.000288
16.005000,0.000146,0.000288
16.006000,0.000145,0.000288
16.007000,0.000146,0.000288
16.008000,0.000147,0.000289
16.009000,0.000146,0.000289
16.010000,0.000146,0.000288
16.011000,0.000146,0.000287
16.012000,0.000146,0.000287
16.013000,0.000146,0.000287
16.014000,0.000146,0.000288
16.015000,0.000145,0.000287
16.016000,0.000145,0.000287
16.017000,0.000146,0.000287
16.018000,0.000146,0.000287
16.019000,0.000146,0.000287
16.020000,0.000147,0.000288
16.021000,0.000146,0.000289
16.022000,0.000146,0.000288
16.023000,0.000146,0.000289
16.024000,0.000146,0.000289
16.025000,0.000146,0.000289
16.026000,0.000146,0.000289
16.027000,0.000146,0.000289
16.028000,0.000146,0.000289
16.029000,0.000147,0.000289
16.030000,0.000147,0.000289
16.031000,0.000147,0.000289
16.032000,0.000147,0.000289
16.033000,0.000147,0.000289
16.034000,0.000148,0.000289
16.035000,0.000148,0.000289
16.036000,0.000148,0.000289
16.037000,0.000148,0.000289
16.038000,0.000149,0.000289
16.039000,0.000148,0.000289
16.040000,0.000147,0.000289
16.041000,0.000148,0.000289
16.042000,0.000148,0.000289
16.043000,0.000148,0.000289
16.044000,0.000146,0.000290
16.045000,0.000147,0.000289
16.046000,0.000146,0.000289
16.047000,0.000146,0.000289
16.048000,0.000146,0.000290
16.049000,0.000146,0.000290
16.050000,0.000145,0.000290
16.051000,0.000145,0.000290
16.052000,0.000145,0.000291
16.053000,0.000144,0.000290
16.054000,0.000145,0.000289
16.055000,0.000144,0.000290
16.056000,0.000143,0.000289
16.057000,0.000143,0.000290
16.058000,0.000143,0.000290
16.059000,0.000142,0.000290
16.060000,0.000144,0.000288
16.061000,0.000144,0.000289
16.062000,0.000144,0.000288
16.063000,0.000145,0.000289
16.064000,0.000145,0.000288
16.065000,0.000145,0.000289
16.066000,0.000145,0.000288
16.067000,0.000145,0.000289
16.068000,0.000145,0.000289
16.069000,0.000145,0.000290
16.070000,0.000144,0.000290
16.071000,0.000144,0.000289
16.072000,0.000144,0.000289
16.073000,0.000143,0.000288
16.074000,0.000143,0.000288
16.075000,0.000143,0.000287
16.076000,0.000143,0.000287
16.077000,0.000143,0.000287
16.078000,0.000143,0.000288
16.079000,0.000143,0.000287
16.080000,0.000143,0.000288
16.081000,0.000143,0.000288
16.082000,0.000143,0.000288
16.083000,0.000143,0.000288
16.084000,0.000143,0.000289
16.085000,0.000143,0.000288
16.086000,0.000142,0.000289
16.087000,0.000143,0.000289
16.088000,0.000143,0.000289
16.089000,0.000143,0.000289
16.090000,0.000142,0.000289
16.091000,0.000143,0.000290
16.092000,0.000144,0.000290
16.093000,0.000144,0.000290
16.094000,0.000145,0.000290
16.095000,0.000145,0.000290
16.096000,0.000146,0.000290
16.097000,0.000146,0.000291
16.098000,0.000147,0.000291
16.099000,0.000147,0.000291
16.100000,0.000146,0.000290
16.101000,0.000145,0.000290
16.102000,0.000145,0.000291
16.103000,0.000146,0.000292
16.104000,0.000146,0.000293
16.105000,0.000146,0.000293
16.106000,0.000146,0.000294
16.107000,0.000146,0.000293
16.108000,0.000145,0.000293
16.109000,0.000146,0.000293
16.110000,0.000146,0.000292
16.111000,0.000146,0.000293
16.112000,0.000146,0.000292
16.113000,0.000146,0.000294
16.114000,0.000146,0.000292
16.115000,0.000147,0.000294
16.116000,0.000147,0.000293
16.117000,0.000147,0.000293
16.118000,0.000147,0.000294
16.119000,0.000146,0.000293
16.120000,0.000146,0.000293
16.121000,0.000146,0.000292
16.122000,0.000146,0.000293
16.123000,0.000147,0.000292
16.124000,0.000147,0.000294
16.125000,0.000147,0.000293
16.126000,0.000147,0.000294
16.127000,0.000147,0.000294
16.128000,0.000147,0.000294
16.129000,0.000145,0.000295
16.130000,0.000145,0.000294
16.131000,0.000145,0.000295
16.132000,0.000145,0.000294
16.133000,0.000145,0.000295
16.134000,0.000146,0.000295
16.135000,0.000146,0.000296
16.136000,0.000147,0.000295
16.137000,0.000146,0.000296
16.138000,0.000146,0.000295
16.139000,0.000146,0.000296
16.140000,0.000147,0.000296
16.141000,0.000145,0.000295
16.142000,0.000145,0.000295
16.143000,0.000145,0.000295
16.144000,0.000145,0.000295
16.145000,0.000145,0.000294
16.146000,0.000145,0.000294
16.147000,0.000145,0.000293
16.148000,0.000145,0.000294
16.149000,0.000146,0.000293
16.150000,0.000145,0.000293
16.151000,0.000145,0.000293
16.152000,0.000145,0.000293
16.153000,0.000145,0.000293
16.154000,0.000144,0.000294
16.155000,0.000145,0.000293
16.156000,0.000145,0.000295
16.157000,0.000146,0.000295
16.158000,0.000146,0.000295
16.159000,0.000147,0.000295
16.160000,0.000146,0.000296
16.161000,0.000146,0.000295
16.162000,0.000146,0.000296
16.163000,0.000147,0.000296
16.164000,0.000146,0.000296
16.165000,0.000146,0.000296
16.166000,0.000146,0.000296
16.167000,0.000146,0.000297
16.168000,0.000146,0.000295
16.169000,0.000146,0.000296
16.170000,0.000147,0.000296
16.171000,0.000147,0.000297
16.172000,0.000147,0.000296
16.173000,0.000147,0.000297
16.174000,0.000148,0.000297
16.175000,0.000148,0.000298
16.176000,0.000148,0.000298
16.177000,0.000147,0.000299
16.178000,0.000148,0.000298
16.179000,0.000148,0.000298
16.180000,0.000148,0.000297
16.181000,0.000149,0.000297
16.182000,0.000149,0.000298
16.183000,0.000149,0.000297
16.184000,0.000149,0.000297
16.185000,0.000149,0.000297
16.186000,0.000150,0.000298
16.187000,0.000150,0.000297
16.188000,0.000149,0.000298
16.189000,0.000150,0.000297
16.190000,0.000151,0.000298
16.191000,0.000151,0.000297
16.192000,0.000151,0.000297
16.193000,0.000151,0.000297
16.194000,0.000150,0.000297
16.195000,0.000150,0.000297
16.196000,0.000150,0.000297
16.197000,0.000151,0.000297
16.198000,0.000150,0.000297
16.199000,0.000149,0.000297
16.200000,0.000150,0.000298
16.201000,0.000149,0.000298
16.202000,0.000149,0.000297
16.203000,0.000148,0.000297
16.204000,0.000148,0.000297
16.205000,0.000149,0.000297
16.206000,0.000150,0.000297
16.207000,0.000150,0.000297
16.208000,0.000149,0.000297
16.209000,0.000149,0.000296
16.210000,0.000149,0.000296
16.211000,0.000149,0.000296
16.212000,0.000149,0.000296
16.213000,0.000149,0.000296
16.214000,0.000149,0.000296
16.215000,0.000149,0.000295
16.216000,0.000149,0.000295
16.217000,0.000148,0.000295
16.218000,0.000149,0.000295
16.219000,0.000149,0.000295
16.220000,0.000149,0.000295
16.221000,0.000150,0.000295
16.222000,0.000149,0.000294
16.223000,0.000149,0.000294
16.224000,0.000148,0.000294
16.225000,0.000148,0.000295
16.226000,0.000147,0.000295
16.227000,0.000147,0.000295
16.228000,0.000147,0.000294
16.229000,0.000148,0.000295
16.230000,0.000147,0.000295
16.231000,0.000147,0.000295
16.232000,0.000147,0.000295
16.233000,0.000148,0.000295
16.234000,0.000147,0.000294
16.235000,0.000147,0.000294
16.236000,0.000146,0.000293
16.237000,0.000146,0.000293
16.238000,0.000146,0.000293
16.239000,0.000146,0.000293
16.240000,0.000146,0.000293
16.241000,0.000147,0.000294
16.242000,0.000147,0.000294
16.243000,0.000147,0.000294
16.244000,0.000147,0.000294
16.245000,0.000147,0.000295
16.246000,0.000147,0.000295
16.247000,0.000147,0.000295
16.248000,0.000147,0.000295
16.249000,0.000147,0.000294
16.250000,0.000147,0.000295
16.251000,0.000148,0.000295
16.252000,0.000148,0.000295
16.253000,0.000148,0.000295
16.254000,0.000149,0.000295
16.255000,0.000149,0.000294
16.256000,0.000149,0.000294
16.257000,0.000148,0.000294
16.258000,0.000148,0.000293
16.259000,0.000149,0.000293
16.260000,0.000149,0.000293
16.261000,0.000149,0.000293
16.262000,0.000149,0.000293
16.263000,0.000148,0.000293
16.264000,0.000148,0.000293
16.265000,0.000148,0.000293
16.266000,0.000148,0.000293
16.267000,0.000148,0.000292
16.268000,0.000148,0.000292
16.269000,0.000148,0.000292
16.270000,0.000148,0.000292
16.271000,0.000148,0.000292
16.272000,0.000148,0.000292
16.273000,0.000147,0.000292
16.274000,0.000148,0.000292
16.275000,0.000147,0.000292
16.276000,0.000147,0.000292
16.277000,0.000147,0.000292
16.278000,0.000147,0.000292
16.279000,0.000148,0.000293
16.280000,0.000148,0.000293
16.281000,0.000148,0.000293
16.282000,0.000147,0.000294
16.283000,0.000148,0.000294
16.284000,0.000147,0.000293
16.285000,0.000148,0.000294
16.286000,0.000148,0.000293
16.287000,0.000148,0.000293
16.288000,0.000148,0.000293
16.289000,0.000148,0.000293
16.290000,0.000146,0.000293
16.291000,0.000147,0.000293
16.292000,0.000146,0.000294
16.293000,0.000146,0.000294
16.294000,0.000146,0.000294
16.295000,0.000146,0.000294
16.296000,0.000146,0.000293
16.297000,0.000146,0.000294
16.298000,0.000145,0.000293
16.299000,0.000146,0.000294
16.300000,0.000146,0.000292
16.301000,0.000146,0.000293
16.302000,0.000147,0.000293
16.303000,0.000147,0.000293
16.304000,0.000147,0.000293
16.305000,0.000146,0.000293
16.306000,0.000145,0.000292
16.307000,0.000145,0.000292
16.308000,0.000145,0.000293
16.309000,0.000146,0.000293
16.310000,0.000145,0.000293
16.311000,0.000145,0.000293
16.312000,0.000145,0.000293
16.313000,0.000146,0.000293
16.314000,0.000145,0.000293
16.315000,0.000145,0.000293
16.316000,0.000145,0.000292
16.317000,0.000145,0.000292
16.318000,0.000144,0.000291
16.319000,0.000144,0.000292
16.320000,0.000145,0.000291
16.321000,0.000144,0.000293
16.322000,0.000146,0.000292
16.323000,0.000146,0.000292
16.324000,0.000146,0.000292
16.325000,0.000147,0.000292
16.326000,0.000148,0.000292
16.327000,0.000148,0.000291
16.328000,0.000148,0.000292
16.329000,0.000148,0.000291
16.330000,0.000148,0.000291
16.331000,0.000147,0.000291
16.332000,0.000147,0.000291
16.333000,0.000147,0.000291
16.334000,0.000147,0.000292
16.335000,0.000147,0.000292
16.336000,0.000146,0.000292
16.337000,0.000147,0.000292
16.338000,0.000147,0.000292
16.339000,0.000146,0.000292
16.340000,0.000146,0.000292
16.341000,0.000146,0.000291
16.342000,0.000146,0.000291
16.343000,0.000146,0.000292
16.344000,0.000147,0.000291
16.345000,0.000147,0.000292
16.346000,0.000147,0.000292
16.347000,0.000147,0.000293
16.348000,0.000147,0.000292
16.349000,0.000147,0.000292
16.350000,0.000147,0.000292
16.351000,0.000147,0.000292
16.352000,0.000147,0.000291
16.353000,0.000148,0.000291
16.354000,0.000147,0.000291
16.355000,0.000146,0.000291
16.356000,0.000146,0.000292
16.357000,0.000147,0.000291
16.358000,0.000147,0.000291
16.359000,0.000146,0.000291
16.360000,0.000145,0.000291
16.361000,0.000145,0.000291
16.362000,0.000145,0.000292
16.363000,0.000144,0.000291
16.364000,0.000145,0.000291
16.365000,0.000145,0.000291
16.366000,0.000146,0.000292
16.367000,0.000146,0.000291
16.368000,0.000146,0.000292
16.369000,0.000146,0.000292
16.370000,0.000146,0.000292
16.371000,0.000147,0.000292
16.372000,0.000148,0.000292
16.373000,0.000148,0.000291
16.374000,0.000148,0.000291
16.375000,0.000148,0.000291
16.376000,0.000147,0.000290
16.377000,0.000148,0.000290
16.378000,0.000148,0.000290
16.379000,0.000147,0.000290
16.380000,0.000147,0.000290
16.381000,0.000147,0.000290
16.382000,0.000147,0.000289
16.383000,0.000147,0.000289
16.384000,0.000147,0.000290
16.385000,0.000147,0.000290
16.386000,0.000147,0.000290
16.387000,0.000146,0.000291
16.388000,0.000147,0.000290
16.389000,0.000146,0.000290
16.390000,0.000147,0.000290
16.391000,0.000146,0.000289
16.392000,0.000147,0.000290
16.393000,0.000147,0.000289
16.394000,0.000147,0.000290
16.395000,0.000148,0.000289
16.396000,0.000148,0.000290
16.397000,0.000148,0.000289
16.398000,0.000148,0.000290
16.399000,0.000148,0.000290
16.400000,0.000148,0.000290
16.401000,0.000147,0.000290
16.402000,0.000147,0.000289
16.403000,0.000147,0.000290
16.404000,0.000147,0.000291
16.405000,0.000147,0.000291
16.406000,0.000148,0.000291
16.407000,0.000148,0.000292
16.408000,0.000149,0.000291
16.409000,0.000148,0.000291
16.410000,0.000149,0.000292
16.411000,0.000149,0.000292
16.412000,0.000150,0.000292
16.413000,0.000150,0.000291
16.414000,0.000150,0.000292
16.415000,0.000150,0.000292
16.416000,0.000150,0.000293
16.417000,0.000150,0.000294
16.418000,0.000150,0.000295
16.419000,0.000151,0.000294
16.420000,0.000150,0.000294
16.421000,0.000150,0.000293
16.422000,0.000150,0.000293
16.423000,0.000150,0.000293
16.424000,0.000150,0.000292
16.425000,0.000149,0.000292
16.426000,0.000148,0.000292
16.427000,0.000148,0.000293
16.428000,0.000148,0.000292
16.429000,0.000149,0.000293
16.430000,0.000148,0.000292
16.431000,0.000149,0.000292
16.432000,0.000149,0.000292
16.433000,0.000149,0.000292
16.434000,0.000148,0.000292
16.435000,0.000149,0.000292
16.436000,0.000149,0.000293
16.437000,0.000148,0.000292
16.438000,0.000147,0.000293
16.439000,0.000149,0.000293
16.440000,0.000148,0.000293
16.441000,0.000148,0.000294
16.442000,0.000148,0.000294
16.443000,0.000148,0.000293
16.444000,0.000148,0.000293
16.445000,0.000148,0.000292
16.446000,0.000148,0.000292
16.447000,0.000148,0.000292
16.448000,0.000149,0.000292
16.449000,0.000149,0.000292
16.450000,0.000148,0.000292
16.451000,0.000149,0.000293
16.452000,0.000149,0.000293
16.453000,0.000149,0.000293
16.454000,0.000149,0.000293
16.455000,0.000149,0.000293
16.456000,0.000149,0.000293
16.457000,0.000149,0.000294
16.458000,0.000149,0.000294
16.459000,0.000149,0.000294
16.460000,0.000150,0.000293
16.461000,0.000150,0.000293
16.462000,0.000150,0.000293
16.463000,0.000150,0.000294
16.464000,0.000150,0.000293
16.465000,0.000150,0.000294
16.466000,0.000149,0.000294
16.467000,0.000149,0.000295
16.468000,0.000149,0.000294
16.469000,0.000149,0.000293
16.470000,0.000149,0.000293
16.471000,0.000148,0.000293
16.472000,0.000148,0.000294
16.473000,0.000147,0.000293
16.474000,0.000147,0.000294
16.475000,0.000148,0.000294
16.476000,0.000148,0.000295
16.477000,0.000148,0.000295
16.478000,0.000148,0.000295
16.479000,0.000148,0.000295
16.480000,0.000148,0.000296
16.481000,0.000148,0.000295
16.482000,0.000148,0.000295
16.483000,0.000148,0.000295
16.484000,0.000148,0.000295
16.485000,0.000148,0.000294
16.486000,0.000148,0.000294
16.487000,0.000149,0.000294
16.488000,0.000148,0.000294
16.489000,0.000149,0.000295
16.490000,0.000149,0.000294
16.491000,0.000149,0.000295
16.492000,0.000148,0.000294
16.493000,0.000148,0.000296
16.494000,0.000147,0.000295
16.495000,0.000147,0.000295
16.496000,0.000147,0.000295
16.497000,0.000147,0.000295
16.498000,0.000147,0.000295
16.499000,0.000147,0.000293
16.450000,0.000148,0.000292
16.451000,0.000148,0.000293
16.452000,0.000148,0.000293
16.453000,0.000148,0.000293
16.454000,0.000149,0.000293
16.455000,0.000149,0.000293
16.456000,0.000150,0.000293
16.457000,0.000148,0.000293
16.458000,0.000149,0.000294
16.459000,0.000149,0.000294
16.460000,0.000150,0.000294
16.461000,0.000151,0.000293
16.462000,0.000151,0.000293
16.463000,0.000151,0.000293
16.464000,0.000151,0.000293
16.465000,0.000151,0.000293
16.466000,0.000149,0.000293
16.467000,0.000149,0.000294
16.468000,0.000149,0.000294
16.469000,0.000149,0.000293
16.470000,0.000149,0.000294
16.471000,0.000149,0.000294
16.472000,0.000148,0.000294
16.473000,0.000148,0.000294
16.474000,0.000148,0.000294
16.475000,0.000148,0.000294
16.476000,0.000148,0.000294
16.477000,0.000147,0.000294
16.478000,0.000147,0.000294
16.479000,0.000148,0.000294
16.480000,0.000147,0.000293
16.481000,0.000147,0.000293
16.482000,0.000147,0.000293
16.483000,0.000147,0.000293
16.484000,0.000147,0.000293
16.485000,0.000146,0.000292
16.486000,0.000147,0.000292
16.487000,0.000147,0.000292
16.488000,0.000148,0.000292
16.489000,0.000148,0.000293
16.490000,0.000148,0.000292
16.491000,0.000147,0.000293
16.492000,0.000146,0.000293
16.493000,0.000146,0.000293
16.494000,0.000146,0.000293
16.495000,0.000146,0.000293
16.496000,0.000147,0.000292
16.497000,0.000147,0.000292
16.498000,0.000147,0.000292
16.499000,0.000147,0.000292
16.500000,0.000147,0.000292
16.501000,0.000147,0.000291
16.502000,0.000146,0.000292
16.503000,0.000147,0.000291
16.504000,0.000147,0.000291
16.505000,0.000147,0.000291
16.506000,0.000147,0.000291
16.507000,0.000148,0.000291
16.508000,0.000148,0.000292
16.509000,0.000148,0.000292
16.510000,0.000147,0.000292
16.511000,0.000147,0.000291
16.512000,0.000148,0.000291
16.513000,0.000147,0.000291
16.514000,0.000147,0.000291
16.515000,0.000148,0.000291
16.516000,0.000147,0.000290
16.517000,0.000147,0.000289
16.518000,0.000147,0.000289
16.519000,0.000146,0.000289
16.520000,0.000146,0.000290
16.521000,0.000147,0.000291
16.522000,0.000146,0.000291
16.523000,0.000147,0.000291
16.524000,0.000146,0.000291
16.525000,0.000146,0.000291
16.526000,0.000147,0.000292
16.527000,0.000147,0.000291
16.528000,0.000146,0.000291
16.529000,0.000146,0.000292
16.530000,0.000148,0.000292
16.531000,0.000148,0.000293
16.532000,0.000148,0.000292
16.533000,0.000147,0.000291
16.534000,0.000148,0.000291
16.535000,0.000148,0.000291
16.536000,0.000148,0.000291
16.537000,0.000149,0.000290
16.538000,0.000149,0.000290
16.539000,0.000149,0.000289
16.540000,0.000149,0.000290
16.541000,0.000149,0.000289
16.542000,0.000148,0.000290
16.543000,0.000149,0.000289
16.544000,0.000149,0.000290
16.545000,0.000149,0.000289
16.546000,0.000149,0.000290
16.547000,0.000149,0.000290
16.548000,0.000149,0.000290
16.549000,0.000149,0.000290
16.550000,0.000149,0.000290
16.551000,0.000149,0.000290
16.552000,0.000148,0.000290
16.553000,0.000149,0.000291
16.554000,0.000148,0.000290
16.555000,0.000148,0.000291
16.556000,0.000148,0.000290
16.557000,0.000148,0.000291
16.558000,0.000148,0.000290
16.559000,0.000148,0.000290
16.560000,0.000148,0.000289
16.561000,0.000147,0.000291
16.562000,0.000147,0.000290
16.563000,0.000146,0.000291
16.564000,0.000147,0.000290
16.565000,0.000147,0.000291
16.566000,0.000147,0.000291
16.567000,0.000147,0.000291
16.568000,0.000147,0.000290
16.569000,0.000147,0.000290
16.570000,0.000148,0.000290
16.571000,0.000148,0.000289
16.572000,0.000148,0.000288
16.573000,0.000148,0.000289
16.574000,0.000148,0.000289
16.575000,0.000148,0.000289
16.576000,0.000149,0.000290
16.577000,0.000149,0.000289
16.578000,0.000149,0.000290
16.579000,0.000149,0.000290
16.580000,0.000148,0.000291
16.581000,0.000149,0.000291
16.582000,0.000148,0.000292
16.583000,0.000149,0.000291
16.584000,0.000149,0.000291
16.585000,0.000150,0.000291
16.586000,0.000149,0.000291
16.587000,0.000150,0.000291
16.588000,0.000148,0.000291
16.589000,0.000148,0.000290
16.590000,0.000148,0.000290
16.591000,0.000149,0.000290
16.592000,0.000149,0.000289
16.593000,0.000149,0.000290
16.594000,0.000149,0.000290
16.595000,0.000149,0.000291
16.596000,0.000148,0.000291
16.597000,0.000149,0.000291
16.598000,0.000148,0.000290
16.599000,0.000148,0.000290
16.600000,0.000148,0.000290
16.601000,0.000148,0.000290
16.602000,0.000149,0.000291
16.603000,0.000148,0.000290
16.604000,0.000148,0.000290
16.605000,0.000148,0.000290
16.606000,0.000147,0.000290
16.607000,0.000147,0.000290
16.608000,0.000146,0.000289
16.609000,0.000147,0.000289
16.610000,0.000147,0.000290
16.611000,0.000146,0.000291
16.612000,0.000146,0.000291
16.613000,0.000146,0.000292
16.614000,0.000146,0.000291
16.615000,0.000146,0.000292
16.616000,0.000146,0.000292
16.617000,0.000145,0.000293
16.618000,0.000146,0.000292
16.619000,0.000146,0.000292
16.620000,0.000146,0.000291
16.621000,0.000146,0.000290
16.622000,0.000145,0.000291
16.623000,0.000146,0.000290
16.624000,0.000145,0.000291
16.625000,0.000146,0.000290
16.626000,0.000146,0.000290
16.627000,0.000146,0.000290
16.628000,0.000145,0.000290
16.629000,0.000145,0.000289
16.630000,0.000145,0.000290
16.631000,0.000145,0.000289
16.632000,0.000144,0.000290
16.633000,0.000144,0.000290
16.634000,0.000144,0.000290
16.635000,0.000143,0.000291
16.636000,0.000144,0.000290
16.637000,0.000144,0.000291
16.638000,0.000144,0.000291
16.639000,0.000144,0.000291
16.640000,0.000144,0.000290
16.641000,0.000144,0.000290
16.642000,0.000144,0.000291
16.643000,0.000144,0.000291
16.644000,0.000144,0.000291
16.645000,0.000144,0.000291
16.646000,0.000143,0.000291
16.647000,0.000143,0.000290
16.648000,0.000142,0.000291
16.649000,0.000142,0.000290
16.650000,0.000142,0.000291
16.651000,0.000143,0.000290
16.652000,0.000143,0.000290
16.653000,0.000143,0.000289
16.654000,0.000143,0.000290
16.655000,0.000143,0.000290
16.656000,0.000143,0.000291
16.657000,0.000144,0.000290
16.658000,0.000143,0.000291
16.659000,0.000144,0.000290
16.660000,0.000143,0.000292
16.661000,0.000143,0.000291
16.662000,0.000143,0.000291
16.663000,0.000145,0.000291
16.664000,0.000144,0.000291
16.665000,0.000145,0.000291
16.666000,0.000145,0.000291
16.667000,0.000144,0.000291
16.668000,0.000144,0.000290
16.669000,0.000144,0.000290
16.670000,0.000144,0.000290
16.671000,0.000144,0.000291
16.672000,0.000144,0.000291
16.673000,0.000144,0.000292
16.674000,0.000143,0.000290
16.675000,0.000144,0.000292
16.676000,0.000143,0.000291
16.677000,0.000143,0.000292
16.678000,0.000144,0.000291
16.679000,0.000144,0.000292
16.680000,0.000145,0.000291
16.681000,0.000144,0.000292
16.682000,0.000145,0.000291
16.683000,0.000145,0.000292
16.684000,0.000146,0.000292
16.685000,0.000145,0.000292
16.686000,0.000145,0.000292
16.687000,0.000145,0.000291
16.688000,0.000145,0.000291
16.689000,0.000145,0.000291
16.690000,0.000145,0.000292
16.691000,0.000145,0.000291
16.692000,0.000145,0.000292
16.693000,0.000145,0.000291
16.694000,0.000145,0.000290
16.695000,0.000145,0.000290
16.696000,0.000145,0.000289
16.697000,0.000145,0.000290
16.698000,0.000145,0.000290
16.699000,0.000145,0.000291
16.700000,0.000144,0.000290
16.701000,0.000145,0.000291
16.702000,0.000144,0.000290
16.703000,0.000145,0.000290
16.704000,0.000146,0.000290
16.705000,0.000146,0.000290
16.706000,0.000146,0.000290
16.707000,0.000147,0.000289
16.708000,0.000146,0.000290
16.709000,0.000147,0.000288
16.710000,0.000146,0.000288
16.711000,0.000147,0.000288
16.712000,0.000147,0.000288
16.713000,0.000147,0.000288
16.714000,0.000147,0.000288
16.715000,0.000147,0.000288
16.716000,0.000147,0.000287
16.717000,0.000147,0.000287
16.718000,0.000147,0.000288
16.719000,0.000147,0.000288
16.720000,0.000147,0.000288
16.721000,0.000147,0.000289
16.722000,0.000147,0.000289
16.723000,0.000147,0.000289
16.724000,0.000147,0.000289
16.725000,0.000146,0.000288
16.726000,0.000146,0.000288
16.727000,0.000146,0.000287
16.728000,0.000146,0.000288
16.729000,0.000147,0.000288
16.730000,0.000147,0.000287
16.731000,0.000147,0.000288
16.732000,0.000147,0.000288
16.733000,0.000147,0.000288
16.734000,0.000147,0.000288
16.735000,0.000148,0.000287
16.736000,0.000147,0.000287
16.737000,0.000147,0.000288
16.738000,0.000146,0.000288
16.739000,0.000147,0.000289
16.740000,0.000147,0.000289
16.741000,0.000147,0.000290
16.742000,0.000147,0.000289
16.743000,0.000147,0.000289
16.744000,0.000147,0.000289
16.745000,0.000147,0.000288
16.746000,0.000147,0.000288
16.747000,0.000147,0.000289
16.748000,0.000148,0.000289
16.749000,0.000147,0.000289
16.750000,0.000146,0.000288
16.751000,0.000147,0.000288
16.752000,0.000147,0.000288
16.753000,0.000145,0.000288
16.754000,0.000145,0.000288
16.755000,0.000145,0.000287
16.756000,0.000145,0.000286
16.757000,0.000145,0.000287
16.758000,0.000146,0.000287
16.759000,0.000146,0.000287
16.760000,0.000145,0.000286
16.761000,0.000146,0.000285
16.762000,0.000145,0.000286
16.763000,0.000145,0.000286
16.764000,0.000145,0.000286
16.765000,0.000145,0.000286
16.766000,0.000145,0.000286
16.767000,0.000146,0.000286
16.768000,0.000145,0.000287
16.769000,0.000145,0.000287
16.770000,0.000145,0.000287
16.771000,0.000145,0.000288
16.772000,0.000145,0.000287
16.773000,0.000144,0.000287
16.774000,0.000145,0.000287
16.775000,0.000145,0.000286
16.776000,0.000145,0.000286
16.777000,0.000145,0.000286
16.778000,0.000144,0.000286
16.779000,0.000144,0.000286
16.780000,0.000144,0.000286
16.781000,0.000145,0.000287
16.782000,0.000144,0.000287
16.783000,0.000143,0.000287
16.784000,0.000143,0.000287
16.785000,0.000143,0.000288
16.786000,0.000143,0.000288
16.787000,0.000143,0.000288
16.788000,0.000144,0.000288
16.789000,0.000144,0.000288
16.790000,0.000144,0.000288
16.791000,0.000144,0.000288
16.792000,0.000144,0.000289
16.793000,0.000144,0.000290
16.794000,0.000144,0.000290
16.795000,0.000144,0.000290
16.796000,0.000144,0.000291
16.797000,0.000144,0.000291
16.798000,0.000144,0.000290
16.799000,0.000144,0.000291
16.800000,0.000144,0.000290
16.801000,0.000144,0.000290
16.802000,0.000144,0.000290
16.803000,0.000144,0.000291
16.804000,0.000144,0.000290
16.805000,0.000144,0.000291
16.806000,0.000144,0.000291
16.807000,0.000143,0.000290
16.808000,0.000143,0.000291
16.809000,0.000143,0.000290
16.810000,0.000143,0.000290
16.811000,0.000142,0.000290
16.812000,0.000142,0.000291
16.813000,0.000142,0.000291
16.814000,0.000142,0.000292
16.815000,0.000143,0.000291
16.816000,0.000142,0.000292
16.817000,0.000143,0.000292
16.818000,0.000143,0.000291
16.819000,0.000143,0.000291
16.820000,0.000143,0.000291
16.821000,0.000142,0.000292
16.822000,0.000143,0.000292
16.823000,0.000143,0.000292
16.824000,0.000143,0.000292
16.825000,0.000142,0.000293
16.826000,0.000143,0.000293
16.827000,0.000143,0.000294
16.828000,0.000143,0.000294
16.829000,0.000143,0.000293
16.830000,0.000143,0.000293
16.831000,0.000144,0.000293
16.832000,0.000143,0.000293
16.833000,0.000143,0.000293
16.834000,0.000143,0.000294
16.835000,0.000143,0.000293
16.836000,0.000143,0.000294
16.837000,0.000144,0.000293
16.838000,0.000144,0.000293
16.839000,0.000144,0.000291
16.840000,0.000144,0.000292
16.841000,0.000144,0.000291
16.842000,0.000144,0.000291
16.843000,0.000145,0.000291
16.844000,0.000144,0.000290
16.845000,0.000144,0.000291
16.846000,0.000144,0.000291
16.847000,0.000144,0.000292
16.848000,0.000144,0.000290
16.849000,0.000144,0.000291
16.850000,0.000144,0.000290
16.851000,0.000144,0.000291
16.852000,0.000144,0.000290
16.853000,0.000145,0.000291
16.854000,0.000145,0.000291
16.855000,0.000145,0.000292
16.856000,0.000146,0.000291
16.857000,0.000146,0.000292
16.858000,0.000145,0.000291
16.859000,0.000145,0.000293
16.860000,0.000145,0.000292
16.861000,0.000144,0.000293
16.862000,0.000145,0.000293
16.863000,0.000145,0.000292
16.864000,0.000146,0.000292
16.865000,0.000146,0.000292
16.866000,0.000147,0.000293
16.867000,0.000146,0.000291
16.868000,0.000146,0.000292
16.869000,0.000145,0.000291
16.870000,0.000145,0.000292
16.871000,0.000145,0.000290
16.872000,0.000145,0.000292
16.873000,0.000146,0.000291
16.874000,0.000145,0.000292
16.875000,0.000146,0.000291
16.876000,0.000146,0.000292
16.877000,0.000146,0.000291
16.878000,0.000146,0.000291
16.879000,0.000147,0.000290
16.880000,0.000146,0.000291
16.881000,0.000146,0.000291
16.882000,0.000146,0.000290
16.883000,0.000146,0.000290
16.884000,0.000146,0.000289
16.885000,0.000145,0.000289
16.886000,0.000146,0.000288
16.887000,0.000145,0.000289
16.888000,0.000145,0.000289
16.889000,0.000145,0.000290
16.890000,0.000146,0.000289
16.891000,0.000146,0.000290
16.892000,0.000146,0.000289
16.893000,0.000145,0.000288
16.894000,0.000146,0.000289
16.895000,0.000146,0.000288
16.896000,0.000146,0.000289
16.897000,0.000145,0.000288
16.898000,0.000145,0.000290
16.899000,0.000146,0.000289
16.900000,0.000146,0.000290
16.901000,0.000146,0.000290
16.902000,0.000145,0.000290
16.903000,0.000145,0.000290
16.904000,0.000145,0.000290
16.905000,0.000145,0.000290
16.906000,0.000145,0.000289
16.907000,0.000145,0.000290
16.908000,0.000146,0.000289
16.909000,0.000145,0.000290
16.910000,0.000146,0.000290
16.911000,0.000146,0.000290
16.912000,0.000147,0.000289
16.913000,0.000146,0.000289
16.914000,0.000147,0.000289
16.915000,0.000146,0.000289
16.916000,0.000147,0.000289
16.917000,0.000146,0.000288
16.918000,0.000146,0.000289
16.919000,0.000146,0.000288
16.920000,0.000147,0.000289
16.921000,0.000147,0.000288
16.922000,0.000147,0.000289
16.923000,0.000147,0.000288
16.924000,0.000147,0.000289
16.925000,0.000146,0.000289
16.926000,0.000146,0.000289
16.927000,0.000146,0.000289
16.928000,0.000147,0.000288
16.929000,0.000146,0.000289
16.930000,0.000147,0.000288
16.931000,0.000146,0.000289
16.932000,0.000147,0.000289
16.933000,0.000147,0.000290
16.934000,0.000147,0.000289
16.935000,0.000147,0.000289
16.936000,0.000147,0.000288
16.937000,0.000147,0.000289
16.938000,0.000147,0.000289
16.939000,0.000147,0.000289
16.940000,0.000146,0.000289
16.941000,0.000146,0.000289
16.942000,0.000146,0.000289
16.943000,0.000145,0.000289
16.944000,0.000146,0.000290
16.945000,0.000146,0.000289
16.946000,0.000146,0.000290
16.947000,0.000146,0.000288
16.948000,0.000146,0.000289
16.949000,0.000146,0.000289
16.950000,0.000146,0.000290
16.951000,0.000147,0.000290
16.952000,0.000146,0.000290
16.953000,0.000147,0.000290
16.954000,0.000146,0.000290
16.955000,0.000146,0.000290
16.956000,0.000145,0.000290
16.957000,0.000146,0.000290
16.958000,0.000146,0.000290
16.959000,0.000146,0.000289
16.960000,0.000146,0.000289
16.961000,0.000146,0.000289
16.962000,0.000146,0.000289
16.963000,0.000146,0.000289
16.964000,0.000145,0.000289
16.965000,0.000144,0.000290
16.966000,0.000144,0.000289
16.967000,0.000144,0.000290
16.968000,0.000144,0.000290
16.969000,0.000145,0.000290
16.970000,0.000145,0.000289
16.971000,0.000145,0.000291
16.972000,0.000145,0.000290
16.973000,0.000144,0.000291
16.974000,0.000145,0.000290
16.975000,0.000144,0.000291
16.976000,0.000144,0.000291
16.977000,0.000144,0.000291
16.978000,0.000144,0.000291
16.979000,0.000144,0.000291
16.980000,0.000144,0.000291
16.981000,0.000144,0.000291
16.982000,0.000144,0.000291
16.983000,0.000144,0.000291
16.984000,0.000145,0.000291
16.985000,0.000145,0.000291
16.986000,0.000145,0.000293
16.987000,0.000146,0.000291
16.988000,0.000145,0.000292
16.989000,0.000146,0.000291
16.990000,0.000145,0.000291
16.991000,0.000145,0.000290
16.992000,0.000144,0.000290
16.993000,0.000145,0.000291
16.994000,0.000144,0.000289
16.995000,0.000144,0.000290
16.996000,0.000144,0.000289
16.997000,0.000144,0.000290
16.998000,0.000144,0.000289
16.999000,0.000144,0.000290
16.950000,0.000146,0.000290
16.951000,0.000147,0.000290
16.952000,0.000147,0.000290
16.953000,0.000147,0.000291
16.954000,0.000147,0.000290
16.955000,0.000147,0.000291
16.956000,0.000146,0.000291
16.957000,0.000146,0.000291
16.958000,0.000146,0.000290
16.959000,0.000146,0.000290
16.960000,0.000146,0.000290
16.961000,0.000146,0.000290
16.962000,0.000146,0.000289
16.963000,0.000147,0.000290
16.964000,0.000146,0.000290
16.965000,0.000145,0.000290
16.966000,0.000144,0.000289
16.967000,0.000144,0.000290
16.968000,0.000145,0.000290
16.969000,0.000145,0.000290
16.970000,0.000144,0.000289
16.971000,0.000144,0.000290
16.972000,0.000144,0.000289
16.973000,0.000144,0.000290
16.974000,0.000144,0.000290
16.975000,0.000143,0.000290
16.976000,0.000143,0.000290
16.977000,0.000143,0.000291
16.978000,0.000143,0.000291
16.979000,0.000143,0.000291
16.980000,0.000142,0.000291
16.981000,0.000143,0.000291
16.982000,0.000143,0.000291
16.983000,0.000144,0.000291
16.984000,0.000144,0.000292
16.985000,0.000144,0.000292
16.986000,0.000144,0.000292
16.987000,0.000144,0.000291
16.988000,0.000143,0.000291
16.989000,0.000143,0.000290
16.990000,0.000143,0.000290
16.991000,0.000143,0.000290
16.992000,0.000143,0.000289
16.993000,0.000143,0.000290
16.994000,0.000143,0.000290
16.995000,0.000143,0.000290
16.996000,0.000142,0.000289
16.997000,0.000142,0.000290
16.998000,0.000142,0.000290
16.999000,0.000142,0.000290
17.000000,0.000142,0.000289
17.001000,0.000142,0.000289
17.002000,0.000142,0.000289
17.003000,0.000142,0.000289
17.004000,0.000142,0.000288
17.005000,0.000142,0.000289
17.006000,0.000142,0.000289
17.007000,0.000143,0.000289
17.008000,0.000143,0.000289
17.009000,0.000143,0.000288
17.010000,0.000142,0.000288
17.011000,0.000142,0.000288
17.012000,0.000142,0.000288
17.013000,0.000142,0.000288
17.014000,0.000142,0.000288
17.015000,0.000142,0.000288
17.016000,0.000141,0.000287
17.017000,0.000142,0.000288
17.018000,0.000141,0.000287
17.019000,0.000142,0.000288
17.020000,0.000142,0.000287
17.021000,0.000142,0.000287
17.022000,0.000142,0.000287
17.023000,0.000142,0.000287
17.024000,0.000141,0.000287
17.025000,0.000142,0.000286
17.026000,0.000142,0.000287
17.027000,0.000142,0.000286
17.028000,0.000141,0.000287
17.029000,0.000142,0.000286
17.030000,0.000141,0.000286
17.031000,0.000141,0.000286
17.032000,0.000141,0.000287
17.033000,0.000142,0.000287
17.034000,0.000141,0.000287
17.035000,0.000140,0.000287
17.036000,0.000141,0.000287
17.037000,0.000141,0.000287
17.038000,0.000141,0.000287
17.039000,0.000141,0.000288
17.040000,0.000141,0.000288
17.041000,0.000142,0.000287
17.042000,0.000142,0.000288
17.043000,0.000142,0.000287
17.044000,0.000142,0.000288
17.045000,0.000142,0.000288
17.046000,0.000141,0.000288
17.047000,0.000142,0.000288
17.048000,0.000141,0.000288
17.049000,0.000142,0.000288
17.050000,0.000142,0.000288
17.051000,0.000141,0.000287
17.052000,0.000142,0.000288
17.053000,0.000142,0.000287
17.054000,0.000142,0.000287
17.055000,0.000142,0.000286
17.056000,0.000142,0.000287
17.057000,0.000142,0.000286
17.058000,0.000143,0.000287
17.059000,0.000143,0.000286
17.060000,0.000143,0.000286
17.061000,0.000143,0.000286
17.062000,0.000142,0.000286
17.063000,0.000142,0.000285
17.064000,0.000142,0.000285
17.065000,0.000142,0.000285
17.066000,0.000142,0.000285
17.067000,0.000142,0.000286
17.068000,0.000142,0.000286
17.069000,0.000142,0.000286
17.070000,0.000142,0.000285
17.071000,0.000142,0.000287
17.072000,0.000142,0.000286
17.073000,0.000142,0.000286
17.074000,0.000142,0.000286
17.075000,0.000142,0.000286
17.076000,0.000143,0.000286
17.077000,0.000142,0.000286
17.078000,0.000143,0.000285
17.079000,0.000143,0.000284
17.080000,0.000143,0.000284
17.081000,0.000143,0.000284
17.082000,0.000143,0.000284
17.083000,0.000142,0.000283
17.084000,0.000142,0.000283
17.085000,0.000143,0.000282
17.086000,0.000142,0.000284
17.087000,0.000142,0.000283
17.088000,0.000142,0.000284
17.089000,0.000142,0.000284
17.090000,0.000142,0.000284
17.091000,0.000142,0.000284
17.092000,0.000142,0.000284
17.093000,0.000142,0.000284
17.094000,0.000142,0.000284
17.095000,0.000142,0.000284
17.096000,0.000142,0.000283
17.097000,0.000142,0.000284
17.098000,0.000143,0.000282
17.099000,0.000143,0.000283
17.100000,0.000144,0.000283
17.101000,0.000143,0.000284
17.102000,0.000144,0.000283
17.103000,0.000144,0.000282
17.104000,0.000144,0.000283
17.105000,0.000143,0.000282
17.106000,0.000143,0.000283
17.107000,0.000142,0.000283
17.108000,0.000142,0.000284
17.109000,0.000143,0.000283
17.110000,0.000143,0.000284
17.111000,0.000143,0.000284
17.112000,0.000143,0.000283
17.113000,0.000143,0.000284
17.114000,0.000143,0.000284
17.115000,0.000143,0.000284
17.116000,0.000144,0.000284
17.117000,0.000142,0.000285
17.118000,0.000143,0.000285
17.119000,0.000143,0.000286
17.120000,0.000143,0.000286
17.121000,0.000143,0.000286
17.122000,0.000143,0.000286
17.123000,0.000143,0.000286
17.124000,0.000143,0.000286
17.125000,0.000144,0.000285
17.126000,0.000144,0.000285
17.127000,0.000144,0.000285
17.128000,0.000144,0.000286
17.129000,0.000144,0.000285
17.130000,0.000144,0.000287
17.131000,0.000145,0.000286
17.132000,0.000144,0.000286
17.133000,0.000144,0.000286
17.134000,0.000144,0.000287
17.135000,0.000144,0.000286
17.136000,0.000144,0.000285
17.137000,0.000144,0.000286
17.138000,0.000144,0.000285
17.139000,0.000144,0.000286
17.140000,0.000144,0.000285
17.141000,0.000143,0.000286
17.142000,0.000143,0.000285
17.143000,0.000143,0.000286
17.144000,0.000144,0.000285
17.145000,0.000144,0.000287
17.146000,0.000144,0.000286
17.147000,0.000144,0.000288
17.148000,0.000144,0.000287
17.149000,0.000143,0.000287
17.150000,0.000144,0.000287
17.151000,0.000144,0.000288
17.152000,0.000144,0.000288
17.153000,0.000144,0.000287
17.154000,0.000143,0.000287
17.155000,0.000143,0.000288
17.156000,0.000143,0.000288
17.157000,0.000143,0.000288
17.158000,0.000142,0.000288
17.159000,0.000142,0.000288
17.160000,0.000143,0.000289
17.161000,0.000143,0.000288
17.162000,0.000143,0.000289
17.163000,0.000143,0.000289
17.164000,0.000143,0.000290
17.165000,0.000143,0.000289
17.166000,0.000143,0.000289
17.167000,0.000144,0.000288
17.168000,0.000143,0.000289
17.169000,0.000143,0.000289
17.170000,0.000143,0.000289
17.171000,0.000144,0.000289
17.172000,0.000144,0.000289
17.173000,0.000144,0.000289
17.174000,0.000145,0.000289
17.175000,0.000144,0.000288
17.176000,0.000144,0.000288
17.177000,0.000144,0.000289
17.178000,0.000144,0.000289
17.179000,0.000143,0.000289
17.180000,0.000144,0.000288
17.181000,0.000143,0.000289
17.182000,0.000143,0.000289
17.183000,0.000143,0.000291
17.184000,0.000143,0.000289
17.185000,0.000143,0.000290
17.186000,0.000144,0.000290
17.187000,0.000145,0.000291
17.188000,0.000145,0.000290
17.189000,0.000145,0.000290
17.190000,0.000145,0.000290
17.191000,0.000145,0.000289
17.192000,0.000145,0.000289
17.193000,0.000145,0.000289
17.194000,0.000144,0.000289
17.195000,0.000145,0.000289
17.196000,0.000144,0.000290
17.197000,0.000144,0.000289
17.198000,0.000145,0.000290
17.199000,0.000145,0.000290
17.200000,0.000145,0.000289
17.201000,0.000145,0.000290
17.202000,0.000145,0.000289
17.203000,0.000144,0.000290
17.204000,0.000145,0.000290
17.205000,0.000145,0.000290
17.206000,0.000145,0.000289
17.207000,0.000146,0.000290
17.208000,0.000146,0.000290
17.209000,0.000146,0.000290
17.210000,0.000146,0.000289
17.211000,0.000145,0.000288
17.212000,0.000145,0.000289
17.213000,0.000145,0.000288
17.214000,0.000145,0.000289
17.215000,0.000145,0.000289
17.216000,0.000145,0.000289
17.217000,0.000146,0.000288
17.218000,0.000145,0.000288
17.219000,0.000145,0.000288
17.220000,0.000144,0.000288
17.221000,0.000144,0.000289
17.222000,0.000143,0.000288
17.223000,0.000143,0.000289
17.224000,0.000144,0.000289
17.225000,0.000143,0.000290
17.226000,0.000144,0.000290
17.227000,0.000144,0.000289
17.228000,0.000144,0.000289
17.229000,0.000144,0.000289
17.230000,0.000144,0.000290
17.231000,0.000144,0.000290
17.232000,0.000145,0.000290
17.233000,0.000145,0.000290
17.234000,0.000145,0.000289
17.235000,0.000145,0.000290
17.236000,0.000145,0.000290
17.237000,0.000145,0.000290
17.238000,0.000145,0.000291
17.239000,0.000145,0.000290
17.240000,0.000146,0.000290
17.241000,0.000146,0.000290
17.242000,0.000146,0.000290
17.243000,0.000146,0.000291
17.244000,0.000146,0.000290
17.245000,0.000146,0.000290
17.246000,0.000146,0.000290
17.247000,0.000147,0.000290
17.248000,0.000147,0.000289
17.249000,0.000147,0.000289
17.250000,0.000148,0.000289
17.251000,0.000147,0.000289
17.252000,0.000147,0.000288
17.253000,0.000146,0.000289
17.254000,0.000148,0.000289
17.255000,0.000147,0.000288
17.256000,0.000147,0.000289
17.257000,0.000147,0.000289
17.258000,0.000147,0.000289
17.259000,0.000147,0.000289
17.260000,0.000147,0.000289
17.261000,0.000147,0.000289
17.262000,0.000146,0.000289
17.263000,0.000146,0.000289
17.264000,0.000146,0.000290
17.265000,0.000145,0.000289
17.266000,0.000146,0.000289
17.267000,0.000146,0.000289
17.268000,0.000147,0.000290
17.269000,0.000146,0.000289
17.270000,0.000147,0.000290
17.271000,0.000146,0.000290
17.272000,0.000146,0.000290
17.273000,0.000146,0.000290
17.274000,0.000146,0.000290
17.275000,0.000146,0.000291
17.276000,0.000146,0.000291
17.277000,0.000146,0.000292
17.278000,0.000146,0.000292
17.279000,0.000147,0.000292
17.280000,0.000147,0.000292
17.281000,0.000147,0.000291
17.282000,0.000147,0.000291
17.283000,0.000147,0.000290
17.284000,0.000147,0.000290
17.285000,0.000147,0.000290
17.286000,0.000147,0.000289
17.287000,0.000146,0.000288
17.288000,0.000147,0.000288
17.289000,0.000146,0.000289
17.290000,0.000147,0.000289
17.291000,0.000146,0.000289
17.292000,0.000147,0.000290
17.293000,0.000147,0.000289
17.294000,0.000147,0.000289
17.295000,0.000147,0.000289
17.296000,0.000147,0.000289
17.297000,0.000147,0.000289
17.298000,0.000146,0.000290
17.299000,0.000146,0.000289
17.300000,0.000146,0.000290
17.301000,0.000145,0.000289
17.302000,0.000145,0.000289
17.303000,0.000145,0.000290
17.304000,0.000144,0.000290
17.305000,0.000145,0.000290
17.306000,0.000144,0.000290
17.307000,0.000144,0.000290
17.308000,0.000144,0.000289
17.309000,0.000145,0.000290
17.310000,0.000145,0.000290
17.311000,0.000145,0.000291
17.312000,0.000146,0.000291
17.313000,0.000145,0.000291
17.314000,0.000145,0.000291
17.315000,0.000145,0.000290
17.316000,0.000145,0.000291
17.317000,0.000146,0.000290
17.318000,0.000146,0.000290
17.319000,0.000147,0.000290
17.320000,0.000148,0.000291
17.321000,0.000147,0.000290
17.322000,0.000148,0.000289
17.323000,0.000147,0.000289
17.324000,0.000147,0.000289
17.325000,0.000147,0.000290
17.326000,0.000147,0.000288
17.327000,0.000147,0.000289
17.328000,0.000147,0.000288
17.329000,0.000146,0.000289
17.330000,0.000147,0.000288
17.331000,0.000146,0.000288
17.332000,0.000146,0.000288
17.333000,0.000146,0.000287
17.334000,0.000146,0.000288
17.335000,0.000145,0.000287
17.336000,0.000145,0.000287
17.337000,0.000145,0.000287
17.338000,0.000145,0.000287
17.339000,0.000145,0.000287
17.340000,0.000144,0.000287
17.341000,0.000144,0.000287
17.342000,0.000144,0.000288
17.343000,0.000144,0.000287
17.344000,0.000144,0.000288
17.345000,0.000145,0.000287
17.346000,0.000144,0.000287
17.347000,0.000143,0.000287
17.348000,0.000143,0.000287
17.349000,0.000144,0.000287
17.350000,0.000143,0.000287
17.351000,0.000143,0.000287
17.352000,0.000143,0.000287
17.353000,0.000144,0.000287
17.354000,0.000143,0.000287
17.355000,0.000143,0.000287
17.356000,0.000144,0.000287
17.357000,0.000143,0.000287
17.358000,0.000143,0.000286
17.359000,0.000143,0.000287
17.360000,0.000143,0.000287
17.361000,0.000143,0.000287
17.362000,0.000144,0.000287
17.363000,0.000144,0.000288
17.364000,0.000144,0.000287
17.365000,0.000144,0.000288
17.366000,0.000144,0.000288
17.367000,0.000144,0.000288
17.368000,0.000144,0.000288
17.369000,0.000144,0.000288
17.370000,0.000144,0.000288
17.371000,0.000144,0.000287
17.372000,0.000144,0.000287
17.373000,0.000144,0.000286
17.374000,0.000144,0.000287
17.375000,0.000144,0.000286
17.376000,0.000143,0.000286
17.377000,0.000143,0.000286
17.378000,0.000143,0.000287
17.379000,0.000143,0.000286
17.380000,0.000142,0.000287
17.381000,0.000143,0.000286
17.382000,0.000143,0.000288
17.383000,0.000143,0.000287
17.384000,0.000144,0.000287
17.385000,0.000144,0.000288
17.386000,0.000144,0.000289
17.387000,0.000144,0.000289
17.388000,0.000144,0.000289
17.389000,0.000144,0.000289
17.390000,0.000143,0.000288
17.391000,0.000143,0.000289
17.392000,0.000142,0.000288
17.393000,0.000142,0.000289
17.394000,0.000143,0.000289
17.395000,0.000143,0.000290
17.396000,0.000144,0.000290
17.397000,0.000144,0.000290
17.398000,0.000144,0.000289
17.399000,0.000145,0.000290
17.400000,0.000145,0.000290
17.401000,0.000145,0.000290
17.402000,0.000145,0.000290
17.403000,0.000146,0.000288
17.404000,0.000145,0.000290
17.405000,0.000146,0.000289
17.406000,0.000146,0.000289
17.407000,0.000146,0.000289
17.408000,0.000145,0.000290
17.409000,0.000146,0.000290
17.410000,0.000145,0.000290
17.411000,0.000145,0.000290
17.412000,0.000145,0.000288
17.413000,0.000145,0.000290
17.414000,0.000145,0.000289
17.415000,0.000144,0.000290
17.416000,0.000145,0.000289
17.417000,0.000144,0.000290
17.418000,0.000145,0.000289
17.419000,0.000145,0.000289
17.420000,0.000144,0.000289
17.421000,0.000145,0.000288
17.422000,0.000144,0.000289
17.423000,0.000145,0.000289
17.424000,0.000144,0.000289
17.425000,0.000145,0.000289
17.426000,0.000144,0.000290
17.427000,0.000145,0.000289
17.428000,0.000144,0.000290
17.429000,0.000144,0.000290
17.430000,0.000144,0.000289
17.431000,0.000143,0.000289
17.432000,0.000143,0.000288
17.433000,0.000144,0.000289
17.434000,0.000143,0.000289
17.435000,0.000144,0.000290
17.436000,0.000144,0.000289
17.437000,0.000144,0.000290
17.438000,0.000144,0.000289
17.439000,0.000144,0.000290
17.440000,0.000144,0.000290
17.441000,0.000144,0.000291
17.442000,0.000145,0.000290
17.443000,0.000144,0.000290
17.444000,0.000144,0.000290
17.445000,0.000143,0.000291
17.446000,0.000143,0.000290
17.447000,0.000143,0.000290
17.448000,0.000143,0.000290
17.449000,0.000143,0.000289
17.450000,0.000142,0.000289
17.451000,0.000142,0.000289
17.452000,0.000142,0.000290
17.453000,0.000142,0.000289
17.454000,0.000142,0.000289
17.455000,0.000142,0.000289
17.456000,0.000142,0.000289
17.457000,0.000143,0.000289
17.458000,0.000142,0.000289
17.459000,0.000143,0.000288
17.460000,0.000142,0.000289
17.461000,0.000143,0.000289
17.462000,0.000143,0.000289
17.463000,0.000143,0.000288
17.464000,0.000143,0.000288
17.465000,0.000143,0.000288
17.466000,0.000143,0.000288
17.467000,0.000142,0.000288
17.468000,0.000141,0.000288
17.469000,0.000142,0.000288
17.470000,0.000142,0.000288
17.471000,0.000142,0.000288
17.472000,0.000142,0.000288
17.473000,0.000142,0.000288
17.474000,0.000142,0.000288
17.475000,0.000142,0.000288
17.476000,0.000143,0.000288
17.477000,0.000143,0.000288
17.478000,0.000143,0.000288
17.479000,0.000143,0.000289
17.480000,0.000142,0.000288
17.481000,0.000142,0.000289
17.482000,0.000142,0.000288
17.483000,0.000142,0.000289
17.484000,0.000142,0.000289
17.485000,0.000141,0.000288
17.486000,0.000141,0.000288
17.487000,0.000141,0.000288
17.488000,0.000141,0.000288
17.489000,0.000141,0.000288
17.490000,0.000141,0.000289
17.491000,0.000142,0.000288
17.492000,0.000142,0.000289
17.493000,0.000143,0.000288
17.494000,0.000142,0.000288
17.495000,0.000141,0.000287
17.496000,0.000141,0.000287
17.497000,0.000141,0.000287
17.498000,0.000141,0.000287
17.499000,0.000140,0.000287
17.450000,0.000142,0.000289
17.451000,0.000142,0.000288
17.452000,0.000142,0.000289
17.453000,0.000142,0.000288
17.454000,0.000142,0.000289
17.455000,0.000142,0.000288
17.456000,0.000141,0.000289
17.457000,0.000143,0.000289
17.458000,0.000143,0.000290
17.459000,0.000144,0.000289
17.460000,0.000143,0.000289
17.461000,0.000143,0.000289
17.462000,0.000143,0.000290
17.463000,0.000143,0.000289
17.464000,0.000143,0.000288
17.465000,0.000143,0.000289
17.466000,0.000143,0.000288
17.467000,0.000142,0.000288
17.468000,0.000142,0.000287
17.469000,0.000142,0.000288
17.470000,0.000141,0.000287
17.471000,0.000142,0.000288
17.472000,0.000142,0.000288
17.473000,0.000142,0.000288
17.474000,0.000143,0.000288
17.475000,0.000142,0.000289
17.476000,0.000143,0.000289
17.477000,0.000144,0.000288
17.478000,0.000144,0.000288
17.479000,0.000144,0.000289
17.480000,0.000144,0.000288
17.481000,0.000144,0.000288
17.482000,0.000144,0.000288
17.483000,0.000144,0.000288
17.484000,0.000143,0.000288
17.485000,0.000143,0.000288
17.486000,0.000142,0.000288
17.487000,0.000143,0.000288
17.488000,0.000142,0.000288
17.489000,0.000143,0.000289
17.490000,0.000143,0.000290
17.491000,0.000144,0.000289
17.492000,0.000144,0.000289
17.493000,0.000144,0.000289
17.494000,0.000143,0.000288
17.495000,0.000143,0.000288
17.496000,0.000143,0.000288
17.497000,0.000143,0.000289
17.498000,0.000143,0.000288
17.499000,0.000143,0.000289
17.500000,0.000143,0.000289
17.501000,0.000143,0.000289
17.502000,0.000143,0.000289
17.503000,0.000143,0.000289
17.504000,0.000143,0.000289
17.505000,0.000143,0.000289
17.506000,0.000143,0.000289
17.507000,0.000143,0.000288
17.508000,0.000143,0.000288
17.509000,0.000142,0.000288
17.510000,0.000143,0.000289
17.511000,0.000143,0.000288
17.512000,0.000142,0.000289
17.513000,0.000142,0.000288
17.514000,0.000142,0.000288
17.515000,0.000142,0.000288
17.516000,0.000142,0.000288
17.517000,0.000142,0.000288
17.518000,0.000142,0.000288
17.519000,0.000141,0.000289
17.520000,0.000141,0.000288
17.521000,0.000141,0.000288
17.522000,0.000141,0.000288
17.523000,0.000141,0.000288
17.524000,0.000141,0.000288
17.525000,0.000141,0.000288
17.526000,0.000141,0.000288
17.527000,0.000141,0.000288
17.528000,0.000141,0.000288
17.529000,0.000142,0.000288
17.530000,0.000142,0.000289
17.531000,0.000142,0.000290
17.532000,0.000142,0.000289
17.533000,0.000142,0.000289
17.534000,0.000141,0.000289
17.535000,0.000141,0.000288
17.536000,0.000142,0.000288
17.537000,0.000142,0.000289
17.538000,0.000143,0.000289
17.539000,0.000143,0.000289
17.540000,0.000143,0.000289
17.541000,0.000143,0.000289
17.542000,0.000143,0.000289
17.543000,0.000143,0.000289
17.544000,0.000144,0.000289
17.545000,0.000144,0.000289
17.546000,0.000144,0.000290
17.547000,0.000145,0.000290
17.548000,0.000144,0.000290
17.549000,0.000145,0.000290
17.550000,0.000145,0.000290
17.551000,0.000146,0.000291
17.552000,0.000146,0.000291
17.553000,0.000146,0.000292
17.554000,0.000146,0.000291
17.555000,0.000146,0.000291
17.556000,0.000146,0.000291
17.557000,0.000145,0.000291
17.558000,0.000145,0.000291
17.559000,0.000145,0.000291
17.560000,0.000145,0.000291
17.561000,0.000145,0.000291
17.562000,0.000146,0.000291
17.563000,0.000145,0.000291
17.564000,0.000146,0.000291
17.565000,0.000147,0.000291
17.566000,0.000146,0.000291
17.567000,0.000146,0.000292
17.568000,0.000146,0.000292
17.569000,0.000146,0.000292
17.570000,0.000147,0.000292
17.571000,0.000146,0.000292
17.572000,0.000147,0.000292
17.573000,0.000146,0.000291
17.574000,0.000146,0.000291
17.575000,0.000146,0.000291
17.576000,0.000146,0.000291
17.577000,0.000145,0.000291
17.578000,0.000145,0.000291
17.579000,0.000145,0.000292
17.580000,0.000145,0.000291
17.581000,0.000145,0.000292
17.582000,0.000145,0.000292
17.583000,0.000145,0.000292
17.584000,0.000146,0.000291
17.585000,0.000146,0.000291
17.586000,0.000146,0.000291
17.587000,0.000146,0.000290
17.588000,0.000146,0.000290
17.589000,0.000145,0.000289
17.590000,0.000145,0.000289
17.591000,0.000145,0.000289
17.592000,0.000146,0.000290
17.593000,0.000146,0.000289
17.594000,0.000146,0.000289
17.595000,0.000146,0.000289
17.596000,0.000146,0.000289
17.597000,0.000146,0.000288
17.598000,0.000146,0.000289
17.599000,0.000146,0.000289
17.600000,0.000146,0.000288
17.601000,0.000145,0.000288
17.602000,0.000145,0.000288
17.603000,0.000146,0.000289
17.604000,0.000145,0.000289
17.605000,0.000145,0.000289
17.606000,0.000145,0.000289
17.607000,0.000145,0.000289
17.608000,0.000145,0.000289
17.609000,0.000146,0.000289
17.610000,0.000146,0.000289
17.611000,0.000146,0.000289
17.612000,0.000146,0.000289
17.613000,0.000146,0.000290
17.614000,0.000146,0.000289
17.615000,0.000146,0.000289
17.616000,0.000147,0.000289
17.617000,0.000147,0.000289
17.618000,0.000147,0.000289
17.619000,0.000146,0.000289
17.620000,0.000147,0.000289
17.621000,0.000147,0.000290
17.622000,0.000147,0.000290
17.623000,0.000146,0.000290
17.624000,0.000147,0.000290
17.625000,0.000147,0.000290
17.626000,0.000147,0.000290
17.627000,0.000148,0.000290
17.628000,0.000148,0.000290
17.629000,0.000147,0.000290
17.630000,0.000147,0.000291
17.631000,0.000147,0.000290
17.632000,0.000147,0.000291
17.633000,0.000147,0.000290
17.634000,0.000147,0.000291
17.635000,0.000147,0.000291
17.636000,0.000147,0.000291
17.637000,0.000147,0.000290
17.638000,0.000146,0.000290
17.639000,0.000146,0.000289
17.640000,0.000147,0.000289
17.641000,0.000146,0.000289
17.642000,0.000146,0.000288
17.643000,0.000146,0.000289
17.644000,0.000145,0.000288
17.645000,0.000145,0.000288
17.646000,0.000145,0.000288
17.647000,0.000144,0.000289
17.648000,0.000145,0.000288
17.649000,0.000144,0.000289
17.650000,0.000145,0.000288
17.651000,0.000144,0.000288
17.652000,0.000145,0.000288
17.653000,0.000145,0.000289
17.654000,0.000145,0.000289
17.655000,0.000145,0.000288
17.656000,0.000145,0.000287
17.657000,0.000145,0.000287
17.658000,0.000144,0.000287
17.659000,0.000145,0.000287
17.660000,0.000145,0.000287
17.661000,0.000145,0.000286
17.662000,0.000144,0.000287
17.663000,0.000144,0.000287
17.664000,0.000144,0.000288
17.665000,0.000143,0.000287
17.666000,0.000144,0.000288
17.667000,0.000144,0.000287
17.668000,0.000144,0.000287
17.669000,0.000144,0.000287
17.670000,0.000144,0.000288
17.671000,0.000144,0.000288
17.672000,0.000143,0.000288
17.673000,0.000144,0.000288
17.674000,0.000143,0.000288
17.675000,0.000144,0.000288
17.676000,0.000143,0.000287
17.677000,0.000144,0.000287
17.678000,0.000143,0.000287
17.679000,0.000143,0.000287
17.680000,0.000143,0.000287
17.681000,0.000143,0.000287
17.682000,0.000143,0.000287
17.683000,0.000143,0.000288
17.684000,0.000143,0.000288
17.685000,0.000143,0.000289
17.686000,0.000144,0.000288
17.687000,0.000143,0.000289
17.688000,0.000144,0.000290
17.689000,0.000143,0.000290
17.690000,0.000144,0.000289
17.691000,0.000144,0.000289
17.692000,0.000143,0.000289
17.693000,0.000144,0.000289
17.694000,0.000144,0.000290
17.695000,0.000144,0.000289
17.696000,0.000144,0.000290
17.697000,0.000145,0.000290
17.698000,0.000145,0.000291
17.699000,0.000145,0.000291
17.700000,0.000144,0.000290
17.701000,0.000144,0.000291
17.702000,0.000144,0.000290
17.703000,0.000145,0.000291
17.704000,0.000145,0.000289
17.705000,0.000145,0.000290
17.706000,0.000146,0.000289
17.707000,0.000145,0.000290
17.708000,0.000145,0.000290
17.709000,0.000144,0.000290
17.710000,0.000145,0.000290
17.711000,0.000144,0.000289
17.712000,0.000144,0.000290
17.713000,0.000144,0.000289
17.714000,0.000144,0.000290
17.715000,0.000144,0.000290
17.716000,0.000144,0.000291
17.717000,0.000144,0.000291
17.718000,0.000145,0.000291
17.719000,0.000145,0.000290
17.720000,0.000145,0.000290
17.721000,0.000145,0.000290
17.722000,0.000145,0.000289
17.723000,0.000145,0.000290
17.724000,0.000145,0.000289
17.725000,0.000144,0.000290
17.726000,0.000145,0.000289
17.727000,0.000145,0.000290
17.728000,0.000145,0.000290
17.729000,0.000146,0.000289
17.730000,0.000146,0.000288
17.731000,0.000146,0.000287
17.732000,0.000146,0.000287
17.733000,0.000146,0.000287
17.734000,0.000146,0.000288
17.735000,0.000147,0.000289
17.736000,0.000146,0.000289
17.737000,0.000147,0.000289
17.738000,0.000147,0.000289
17.739000,0.000147,0.000289
17.740000,0.000147,0.000289
17.741000,0.000148,0.000289
17.742000,0.000147,0.000289
17.743000,0.000147,0.000289
17.744000,0.000148,0.000290
17.745000,0.000147,0.000290
17.746000,0.000147,0.000290
17.747000,0.000147,0.000289
17.748000,0.000147,0.000289
17.749000,0.000147,0.000290
17.750000,0.000147,0.000290
17.751000,0.000147,0.000290
17.752000,0.000147,0.000290
17.753000,0.000147,0.000290
17.754000,0.000148,0.000290
17.755000,0.000148,0.000290
17.756000,0.000148,0.000290
17.757000,0.000148,0.000290
17.758000,0.000149,0.000291
17.759000,0.000149,0.000290
17.760000,0.000149,0.000290
17.761000,0.000149,0.000290
17.762000,0.000149,0.000289
17.763000,0.000150,0.000289
17.764000,0.000150,0.000289
17.765000,0.000150,0.000289
17.766000,0.000150,0.000289
17.767000,0.000150,0.000289
17.768000,0.000150,0.000289
17.769000,0.000150,0.000289
17.770000,0.000150,0.000289
17.771000,0.000151,0.000290
17.772000,0.000151,0.000290
17.773000,0.000151,0.000290
17.774000,0.000151,0.000289
17.775000,0.000151,0.000290
17.776000,0.000151,0.000290
17.777000,0.000151,0.000289
17.778000,0.000151,0.000288
17.779000,0.000151,0.000289
17.780000,0.000151,0.000289
17.781000,0.000151,0.000289
17.782000,0.000152,0.000288
17.783000,0.000151,0.000288
17.784000,0.000151,0.000288
17.785000,0.000151,0.000289
17.786000,0.000150,0.000288
17.787000,0.000151,0.000288
17.788000,0.000151,0.000288
17.789000,0.000151,0.000289
17.790000,0.000151,0.000288
17.791000,0.000151,0.000288
17.792000,0.000151,0.000288
17.793000,0.000151,0.000288
17.794000,0.000151,0.000288
17.795000,0.000151,0.000288
17.796000,0.000151,0.000288
17.797000,0.000150,0.000288
17.798000,0.000150,0.000288
17.799000,0.000151,0.000288
17.800000,0.000151,0.000288
17.801000,0.000151,0.000288
17.802000,0.000152,0.000288
17.803000,0.000152,0.000287
17.804000,0.000152,0.000288
17.805000,0.000152,0.000289
17.806000,0.000152,0.000289
17.807000,0.000152,0.000289
17.808000,0.000153,0.000289
17.809000,0.000153,0.000289
17.810000,0.000153,0.000290
17.811000,0.000153,0.000290
17.812000,0.000153,0.000290
17.813000,0.000153,0.000290
17.814000,0.000153,0.000291
17.815000,0.000153,0.000290
17.816000,0.000153,0.000290
17.817000,0.000153,0.000290
17.818000,0.000153,0.000290
17.819000,0.000153,0.000290
17.820000,0.000153,0.000290
17.821000,0.000153,0.000290
17.822000,0.000153,0.000290
17.823000,0.000153,0.000290
17.824000,0.000152,0.000290
17.825000,0.000152,0.000290
17.826000,0.000152,0.000290
17.827000,0.000152,0.000290
17.828000,0.000151,0.000289
17.829000,0.000151,0.000289
17.830000,0.000151,0.000290
17.831000,0.000151,0.000291
17.832000,0.000151,0.000291
17.833000,0.000152,0.000291
17.834000,0.000152,0.000291
17.835000,0.000151,0.000290
17.836000,0.000151,0.000290
17.837000,0.000151,0.000290
17.838000,0.000150,0.000289
17.839000,0.000150,0.000289
17.840000,0.000150,0.000290
17.841000,0.000149,0.000289
17.842000,0.000150,0.000289
17.843000,0.000149,0.000289
17.844000,0.000149,0.000288
17.845000,0.000149,0.000288
17.846000,0.000148,0.000288
17.847000,0.000148,0.000288
17.848000,0.000148,0.000287
17.849000,0.000149,0.000287
17.850000,0.000148,0.000288
17.851000,0.000148,0.000287
17.852000,0.000148,0.000287
17.853000,0.000148,0.000287
17.854000,0.000147,0.000287
17.855000,0.000147,0.000287
17.856000,0.000146,0.000286
17.857000,0.000147,0.000286
17.858000,0.000146,0.000286
17.859000,0.000145,0.000286
17.860000,0.000146,0.000286
17.861000,0.000146,0.000285
17.862000,0.000146,0.000286
17.863000,0.000145,0.000286
17.864000,0.000145,0.000287
17.865000,0.000145,0.000287
17.866000,0.000144,0.000287
17.867000,0.000145,0.000287
17.868000,0.000144,0.000287
17.869000,0.000144,0.000286
17.870000,0.000144,0.000286
17.871000,0.000144,0.000285
17.872000,0.000144,0.000285
17.873000,0.000143,0.000285
17.874000,0.000144,0.000286
17.875000,0.000144,0.000286
17.876000,0.000144,0.000286
17.877000,0.000144,0.000286
17.878000,0.000144,0.000287
17.879000,0.000144,0.000287
17.880000,0.000144,0.000288
17.881000,0.000145,0.000289
17.882000,0.000144,0.000288
17.883000,0.000144,0.000288
17.884000,0.000144,0.000288
17.885000,0.000144,0.000288
17.886000,0.000144,0.000287
17.887000,0.000144,0.000287
17.888000,0.000145,0.000287
17.889000,0.000145,0.000287
17.890000,0.000144,0.000287
17.891000,0.000145,0.000288
17.892000,0.000144,0.000287
17.893000,0.000144,0.000288
17.894000,0.000143,0.000287
17.895000,0.000143,0.000288
17.896000,0.000143,0.000288
17.897000,0.000144,0.000288
17.898000,0.000143,0.000288
17.899000,0.000143,0.000289
17.900000,0.000143,0.000288
17.901000,0.000143,0.000288
17.902000,0.000143,0.000288
17.903000,0.000142,0.000288
17.904000,0.000141,0.000287
17.905000,0.000141,0.000288
17.906000,0.000141,0.000287
17.907000,0.000141,0.000287
17.908000,0.000141,0.000287
17.909000,0.000141,0.000287
17.910000,0.000141,0.000286
17.911000,0.000141,0.000286
17.912000,0.000142,0.000286
17.913000,0.000141,0.000286
17.914000,0.000142,0.000285
17.915000,0.000141,0.000285
17.916000,0.000141,0.000285
17.917000,0.000141,0.000285
17.918000,0.000141,0.000286
17.919000,0.000142,0.000286
17.920000,0.000142,0.000286
17.921000,0.000142,0.000286
17.922000,0.000142,0.000286
17.923000,0.000143,0.000286
17.924000,0.000143,0.000286
17.925000,0.000143,0.000285
17.926000,0.000143,0.000286
17.927000,0.000143,0.000286
17.928000,0.000143,0.000286
17.929000,0.000144,0.000287
17.930000,0.000143,0.000286
17.931000,0.000143,0.000286
17.932000,0.000143,0.000286
17.933000,0.000142,0.000286
17.934000,0.000142,0.000286
17.935000,0.000143,0.000285
17.936000,0.000142,0.000285
17.937000,0.000142,0.000285
17.938000,0.000142,0.000286
17.939000,0.000142,0.000285
17.940000,0.000142,0.000286
17.941000,0.000143,0.000286
17.942000,0.000142,0.000287
17.943000,0.000143,0.000287
17.944000,0.000143,0.000288
17.945000,0.000144,0.000288
17.946000,0.000144,0.000288
17.947000,0.000145,0.000288
17.948000,0.000145,0.000289
17.949000,0.000144,0.000288
17.950000,0.000145,0.000287
17.951000,0.000145,0.000287
17.952000,0.000145,0.000287
17.953000,0.000145,0.000287
17.954000,0.000145,0.000287
17.955000,0.000145,0.000288
17.956000,0.000145,0.000288
17.957000,0.000145,0.000288
17.958000,0.000145,0.000288
17.959000,0.000145,0.000289
17.960000,0.000145,0.000289
17.961000,0.000146,0.000290
17.962000,0.000146,0.000289
17.963000,0.000146,0.000289
17.964000,0.000146,0.000289
17.965000,0.000146,0.000289
17.966000,0.000147,0.000289
17.967000,0.000146,0.000289
17.968000,0.000147,0.000289
17.969000,0.000147,0.000289
17.970000,0.000147,0.000289
17.971000,0.000147,0.000290
17.972000,0.000147,0.000290
17.973000,0.000147,0.000290
17.974000,0.000147,0.000290
17.975000,0.000147,0.000289
17.976000,0.000146,0.000290
17.977000,0.000147,0.000290
17.978000,0.000146,0.000290
17.979000,0.000146,0.000289
17.980000,0.000146,0.000289
17.981000,0.000147,0.000288
17.982000,0.000146,0.000289
17.983000,0.000146,0.000288
17.984000,0.000146,0.000289
17.985000,0.000146,0.000288
17.986000,0.000147,0.000289
17.987000,0.000147,0.000288
17.988000,0.000145,0.000289
17.989000,0.000145,0.000289
17.990000,0.000146,0.000289
17.991000,0.000145,0.000289
17.992000,0.000146,0.000289
17.993000,0.000145,0.000290
17.994000,0.000147,0.000289
17.995000,0.000146,0.000288
17.996000,0.000147,0.000287
17.997000,0.000146,0.000287
17.998000,0.000147,0.000287
17.999000,0.000146,0.000286
17.950000,0.000145,0.000287
17.951000,0.000145,0.000287
17.952000,0.000145,0.000287
17.953000,0.000145,0.000287
17.954000,0.000144,0.000287
17.955000,0.000144,0.000288
17.956000,0.000144,0.000287
17.957000,0.000144,0.000288
17.958000,0.000144,0.000288
17.959000,0.000144,0.000289
17.960000,0.000144,0.000288
17.961000,0.000144,0.000290
17.962000,0.000144,0.000289
17.963000,0.000144,0.000289
17.964000,0.000145,0.000288
17.965000,0.000145,0.000289
17.966000,0.000145,0.000288
17.967000,0.000145,0.000289
17.968000,0.000146,0.000289
17.969000,0.000145,0.000289
17.970000,0.000146,0.000289
17.971000,0.000145,0.000289
17.972000,0.000145,0.000290
17.973000,0.000145,0.000289
17.974000,0.000145,0.000289
17.975000,0.000145,0.000289
17.976000,0.000144,0.000290
17.977000,0.000144,0.000289
17.978000,0.000144,0.000289
17.979000,0.000145,0.000289
17.980000,0.000144,0.000289
17.981000,0.000145,0.000289
17.982000,0.000145,0.000289
17.983000,0.000145,0.000288
17.984000,0.000145,0.000289
17.985000,0.000145,0.000288
17.986000,0.000146,0.000288
17.987000,0.000146,0.000288
17.988000,0.000145,0.000288
17.989000,0.000146,0.000289
17.990000,0.000147,0.000288
17.991000,0.000147,0.000288
17.992000,0.000147,0.000288
17.993000,0.000148,0.000289
17.994000,0.000148,0.000288
17.995000,0.000148,0.000287
17.996000,0.000148,0.000287
17.997000,0.000147,0.000286
17.998000,0.000147,0.000287
17.999000,0.000147,0.000286
18.000000,0.000147,0.000287
18.001000,0.000147,0.000287
18.002000,0.000147,0.000287
18.003000,0.000147,0.000286
18.004000,0.000148,0.000287
18.005000,0.000147,0.000286
18.006000,0.000147,0.000286
18.007000,0.000147,0.000286
18.008000,0.000146,0.000286
18.009000,0.000147,0.000287
18.010000,0.000147,0.000287
18.011000,0.000146,0.000287
18.012000,0.000147,0.000287
18.013000,0.000147,0.000288
18.014000,0.000147,0.000287
18.015000,0.000147,0.000287
18.016000,0.000147,0.000288
18.017000,0.000147,0.000288
18.018000,0.000148,0.000288
18.019000,0.000147,0.000287
18.020000,0.000146,0.000288
18.021000,0.000146,0.000288
18.022000,0.000146,0.000288
18.023000,0.000145,0.000288
18.024000,0.000145,0.000288
18.025000,0.000145,0.000288
18.026000,0.000145,0.000288
18.027000,0.000145,0.000288
18.028000,0.000145,0.000288
18.029000,0.000144,0.000288
18.030000,0.000145,0.000287
18.031000,0.000145,0.000288
18.032000,0.000146,0.000288
18.033000,0.000145,0.000288
18.034000,0.000146,0.000288
18.035000,0.000145,0.000289
18.036000,0.000146,0.000289
18.037000,0.000146,0.000289
18.038000,0.000146,0.000289
18.039000,0.000146,0.000289
18.040000,0.000147,0.000289
18.041000,0.000147,0.000288
18.042000,0.000147,0.000288
18.043000,0.000147,0.000288
18.044000,0.000148,0.000288
18.045000,0.000147,0.000288
18.046000,0.000147,0.000288
18.047000,0.000148,0.000288
18.048000,0.000147,0.000288
18.049000,0.000147,0.000288
18.050000,0.000147,0.000289
18.051000,0.000147,0.000289
18.052000,0.000147,0.000289
18.053000,0.000146,0.000289
18.054000,0.000146,0.000289
18.055000,0.000146,0.000289
18.056000,0.000146,0.000289
18.057000,0.000146,0.000288
18.058000,0.000147,0.000288
18.059000,0.000146,0.000288
18.060000,0.000147,0.000289
18.061000,0.000146,0.000288
18.062000,0.000146,0.000288
18.063000,0.000147,0.000288
18.064000,0.000146,0.000288
18.065000,0.000146,0.000288
18.066000,0.000146,0.000288
18.067000,0.000146,0.000287
18.068000,0.000146,0.000288
18.069000,0.000146,0.000287
18.070000,0.000146,0.000287
18.071000,0.000146,0.000287
18.072000,0.000146,0.000287
18.073000,0.000146,0.000288
18.074000,0.000146,0.000288
18.075000,0.000146,0.000288
18.076000,0.000146,0.000288
18.077000,0.000146,0.000288
18.078000,0.000146,0.000287
18.079000,0.000146,0.000287
18.080000,0.000146,0.000286
18.081000,0.000146,0.000286
18.082000,0.000146,0.000286
18.083000,0.000146,0.000287
18.084000,0.000146,0.000287
18.085000,0.000146,0.000287
18.086000,0.000145,0.000288
18.087000,0.000145,0.000287
18.088000,0.000145,0.000287
18.089000,0.000144,0.000288
18.090000,0.000144,0.000288
18.091000,0.000143,0.000288
18.092000,0.000144,0.000289
18.093000,0.000143,0.000288
18.094000,0.000144,0.000288
18.095000,0.000144,0.000288
18.096000,0.000145,0.000289
18.097000,0.000145,0.000289
18.098000,0.000145,0.000290
18.099000,0.000145,0.000290
18.100000,0.000144,0.000289
18.101000,0.000144,0.000289
18.102000,0.000145,0.000290
18.103000,0.000144,0.000290
18.104000,0.000143,0.000290
18.105000,0.000144,0.000291
18.106000,0.000145,0.000290
18.107000,0.000145,0.000290
18.108000,0.000145,0.000290
18.109000,0.000145,0.000289
18.110000,0.000145,0.000290
18.111000,0.000145,0.000290
18.112000,0.000144,0.000290
18.113000,0.000144,0.000289
18.114000,0.000144,0.000289
18.115000,0.000144,0.000289
18.116000,0.000144,0.000288
18.117000,0.000143,0.000288
18.118000,0.000143,0.000288
18.119000,0.000143,0.000289
18.120000,0.000144,0.000289
18.121000,0.000144,0.000288
18.122000,0.000145,0.000288
18.123000,0.000145,0.000288
18.124000,0.000145,0.000288
18.125000,0.000145,0.000288
18.126000,0.000145,0.000287
18.127000,0.000145,0.000287
18.128000,0.000144,0.000287
18.129000,0.000145,0.000287
18.130000,0.000145,0.000287
18.131000,0.000145,0.000287
18.132000,0.000145,0.000287
18.133000,0.000145,0.000287
18.134000,0.000144,0.000287
18.135000,0.000144,0.000286
18.136000,0.000144,0.000286
18.137000,0.000144,0.000287
18.138000,0.000143,0.000287
18.139000,0.000143,0.000287
18.140000,0.000142,0.000287
18.141000,0.000141,0.000287
18.142000,0.000141,0.000287
18.143000,0.000141,0.000287
18.144000,0.000141,0.000287
18.145000,0.000141,0.000287
18.146000,0.000142,0.000288
18.147000,0.000142,0.000288
18.148000,0.000142,0.000288
18.149000,0.000142,0.000288
18.150000,0.000142,0.000288
18.151000,0.000142,0.000287
18.152000,0.000142,0.000288
18.153000,0.000143,0.000288
18.154000,0.000143,0.000287
18.155000,0.000143,0.000288
18.156000,0.000143,0.000288
18.157000,0.000143,0.000288
18.158000,0.000143,0.000288
18.159000,0.000144,0.000288
18.160000,0.000143,0.000288
18.161000,0.000143,0.000289
18.162000,0.000145,0.000289
18.163000,0.000144,0.000289
18.164000,0.000144,0.000290
18.165000,0.000144,0.000290
18.166000,0.000145,0.000291
18.167000,0.000144,0.000291
18.168000,0.000145,0.000291
18.169000,0.000145,0.000292
18.170000,0.000145,0.000291
18.171000,0.000145,0.000291
18.172000,0.000146,0.000291
18.173000,0.000145,0.000291
18.174000,0.000145,0.000291
18.175000,0.000145,0.000291
18.176000,0.000145,0.000291
18.177000,0.000145,0.000291
18.178000,0.000145,0.000291
18.179000,0.000145,0.000291
18.180000,0.000145,0.000292
18.181000,0.000145,0.000292
18.182000,0.000145,0.000293
18.183000,0.000145,0.000292
18.184000,0.000145,0.000293
18.185000,0.000145,0.000293
18.186000,0.000145,0.000292
18.187000,0.000145,0.000292
18.188000,0.000144,0.000292
18.189000,0.000144,0.000292
18.190000,0.000144,0.000291
18.191000,0.000144,0.000291
18.192000,0.000144,0.000291
18.193000,0.000143,0.000292
18.194000,0.000143,0.000292
18.195000,0.000143,0.000292
18.196000,0.000143,0.000291
18.197000,0.000143,0.000291
18.198000,0.000143,0.000290
18.199000,0.000143,0.000290
18.200000,0.000143,0.000290
18.201000,0.000143,0.000290
18.202000,0.000143,0.000290
18.203000,0.000144,0.000290
18.204000,0.000144,0.000290
18.205000,0.000144,0.000290
18.206000,0.000143,0.000291
18.207000,0.000144,0.000290
18.208000,0.000143,0.000290
18.209000,0.000143,0.000290
18.210000,0.000144,0.000290
18.211000,0.000144,0.000290
18.212000,0.000144,0.000289
18.213000,0.000144,0.000290
18.214000,0.000145,0.000289
18.215000,0.000145,0.000290
18.216000,0.000146,0.000290
18.217000,0.000146,0.000290
18.218000,0.000145,0.000290
18.219000,0.000146,0.000290
18.220000,0.000145,0.000290
18.221000,0.000146,0.000289
18.222000,0.000146,0.000290
18.223000,0.000147,0.000289
18.224000,0.000146,0.000290
18.225000,0.000147,0.000290
18.226000,0.000147,0.000291
18.227000,0.000147,0.000291
18.228000,0.000147,0.000290
18.229000,0.000147,0.000291
18.230000,0.000147,0.000291
18.231000,0.000147,0.000292
18.232000,0.000147,0.000291
18.233000,0.000147,0.000291
18.234000,0.000148,0.000291
18.235000,0.000148,0.000292
18.236000,0.000148,0.000291
18.237000,0.000148,0.000291
18.238000,0.000150,0.000291
18.239000,0.000149,0.000290
18.240000,0.000149,0.000290
18.241000,0.000149,0.000290
18.242000,0.000150,0.000290
18.243000,0.000149,0.000290
18.244000,0.000149,0.000290
18.245000,0.000149,0.000290
18.246000,0.000148,0.000289
18.247000,0.000149,0.000289
18.248000,0.000148,0.000289
18.249000,0.000149,0.000288
18.250000,0.000148,0.000289
18.251000,0.000148,0.000290
18.252000,0.000148,0.000289
18.253000,0.000148,0.000289
18.254000,0.000148,0.000290
18.255000,0.000147,0.000290
18.256000,0.000147,0.000289
18.257000,0.000148,0.000289
18.258000,0.000148,0.000289
18.259000,0.000148,0.000289
18.260000,0.000148,0.000289
18.261000,0.000148,0.000288
18.262000,0.000147,0.000288
18.263000,0.000147,0.000288
18.264000,0.000147,0.000289
18.265000,0.000147,0.000289
18.266000,0.000147,0.000289
18.267000,0.000147,0.000289
18.268000,0.000147,0.000288
18.269000,0.000147,0.000289
18.270000,0.000148,0.000289
18.271000,0.000148,0.000289
18.272000,0.000148,0.000288
18.273000,0.000148,0.000288
18.274000,0.000148,0.000288
18.275000,0.000148,0.000288
18.276000,0.000149,0.000288
18.277000,0.000148,0.000288
18.278000,0.000148,0.000289
18.279000,0.000148,0.000288
18.280000,0.000148,0.000289
18.281000,0.000147,0.000289
18.282000,0.000147,0.000288
18.283000,0.000147,0.000288
18.284000,0.000146,0.000288
18.285000,0.000147,0.000287
18.286000,0.000147,0.000287
18.287000,0.000147,0.000288
18.288000,0.000147,0.000287
18.289000,0.000147,0.000287
18.290000,0.000147,0.000288
18.291000,0.000147,0.000288
18.292000,0.000146,0.000288
18.293000,0.000147,0.000288
18.294000,0.000147,0.000288
18.295000,0.000147,0.000288
18.296000,0.000147,0.000288
18.297000,0.000147,0.000288
18.298000,0.000146,0.000288
18.299000,0.000146,0.000288
18.300000,0.000146,0.000289
18.301000,0.000147,0.000289
18.302000,0.000147,0.000290
18.303000,0.000147,0.000289
18.304000,0.000147,0.000290
18.305000,0.000147,0.000289
18.306000,0.000147,0.000290
18.307000,0.000147,0.000290
18.308000,0.000147,0.000290
18.309000,0.000147,0.000290
18.310000,0.000147,0.000290
18.311000,0.000147,0.000290
18.312000,0.000146,0.000290
18.313000,0.000147,0.000291
18.314000,0.000147,0.000291
18.315000,0.000145,0.000291
18.316000,0.000145,0.000291
18.317000,0.000145,0.000291
18.318000,0.000145,0.000291
18.319000,0.000146,0.000291
18.320000,0.000145,0.000290
18.321000,0.000146,0.000290
18.322000,0.000145,0.000290
18.323000,0.000145,0.000290
18.324000,0.000144,0.000290
18.325000,0.000144,0.000290
18.326000,0.000144,0.000289
18.327000,0.000143,0.000289
18.328000,0.000143,0.000290
18.329000,0.000143,0.000290
18.330000,0.000143,0.000290
18.331000,0.000143,0.000289
18.332000,0.000142,0.000289
18.333000,0.000143,0.000290
18.334000,0.000143,0.000290
18.335000,0.000143,0.000289
18.336000,0.000142,0.000289
18.337000,0.000143,0.000290
18.338000,0.000142,0.000290
18.339000,0.000143,0.000291
18.340000,0.000143,0.000290
18.341000,0.000143,0.000291
18.342000,0.000143,0.000291
18.343000,0.000143,0.000291
18.344000,0.000143,0.000291
18.345000,0.000143,0.000291
18.346000,0.000143,0.000291
18.347000,0.000143,0.000291
18.348000,0.000143,0.000291
18.349000,0.000143,0.000292
18.350000,0.000143,0.000291
18.351000,0.000143,0.000291
18.352000,0.000143,0.000291
18.353000,0.000143,0.000292
18.354000,0.000144,0.000291
18.355000,0.000144,0.000291
18.356000,0.000144,0.000291
18.357000,0.000143,0.000291
18.358000,0.000143,0.000291
18.359000,0.000144,0.000292
18.360000,0.000144,0.000292
18.361000,0.000143,0.000292
18.362000,0.000143,0.000292
18.363000,0.000143,0.000292
18.364000,0.000143,0.000291
18.365000,0.000143,0.000291
18.366000,0.000143,0.000291
18.367000,0.000143,0.000290
18.368000,0.000143,0.000291
18.369000,0.000143,0.000291
18.370000,0.000141,0.000291
18.371000,0.000141,0.000291
18.372000,0.000141,0.000291
18.373000,0.000140,0.000290
18.374000,0.000141,0.000290
18.375000,0.000141,0.000290
18.376000,0.000141,0.000290
18.377000,0.000141,0.000290
18.378000,0.000141,0.000291
18.379000,0.000141,0.000291
18.380000,0.000141,0.000291
18.381000,0.000141,0.000291
18.382000,0.000140,0.000291
18.383000,0.000140,0.000290
18.384000,0.000142,0.000291
18.385000,0.000141,0.000291
18.386000,0.000142,0.000291
18.387000,0.000142,0.000290
18.388000,0.000142,0.000291
18.389000,0.000142,0.000290
18.390000,0.000142,0.000291
18.391000,0.000142,0.000291
18.392000,0.000142,0.000291
18.393000,0.000142,0.000291
18.394000,0.000142,0.000291
18.395000,0.000142,0.000291
18.396000,0.000143,0.000291
18.397000,0.000143,0.000291
18.398000,0.000144,0.000291
18.399000,0.000144,0.000292
18.400000,0.000145,0.000291
18.401000,0.000144,0.000291
18.402000,0.000145,0.000291
18.403000,0.000145,0.000291
18.404000,0.000145,0.000291
18.405000,0.000145,0.000291
18.406000,0.000145,0.000291
18.407000,0.000145,0.000291
18.408000,0.000145,0.000290
18.409000,0.000145,0.000290
18.410000,0.000145,0.000290
18.411000,0.000146,0.000290
18.412000,0.000146,0.000290
18.413000,0.000145,0.000289
18.414000,0.000145,0.000289
18.415000,0.000145,0.000289
18.416000,0.000146,0.000289
18.417000,0.000146,0.000289
18.418000,0.000146,0.000290
18.419000,0.000146,0.000290
18.420000,0.000146,0.000290
18.421000,0.000145,0.000290
18.422000,0.000144,0.000290
18.423000,0.000144,0.000290
18.424000,0.000144,0.000291
18.425000,0.000144,0.000291
18.426000,0.000144,0.000292
18.427000,0.000146,0.000291
18.428000,0.000146,0.000291
18.429000,0.000146,0.000291
18.430000,0.000145,0.000290
18.431000,0.000145,0.000290
18.432000,0.000146,0.000290
18.433000,0.000145,0.000290
18.434000,0.000145,0.000290
18.435000,0.000145,0.000291
18.436000,0.000146,0.000290
18.437000,0.000146,0.000291
18.438000,0.000147,0.000290
18.439000,0.000147,0.000291
18.440000,0.000147,0.000290
18.441000,0.000147,0.000290
18.442000,0.000147,0.000289
18.443000,0.000148,0.000290
18.444000,0.000148,0.000289
18.445000,0.000148,0.000289
18.446000,0.000147,0.000289
18.447000,0.000147,0.000289
18.448000,0.000147,0.000289
18.449000,0.000147,0.000288
18.450000,0.000146,0.000288
18.451000,0.000146,0.000288
18.452000,0.000147,0.000288
18.453000,0.000147,0.000288
18.454000,0.000147,0.000288
18.455000,0.000147,0.000288
18.456000,0.000147,0.000288
18.457000,0.000147,0.000288
18.458000,0.000146,0.000289
18.459000,0.000147,0.000287
18.460000,0.000146,0.000288
18.461000,0.000147,0.000288
18.462000,0.000147,0.000288
18.463000,0.000147,0.000287
18.464000,0.000147,0.000288
18.465000,0.000147,0.000288
18.466000,0.000147,0.000287
18.467000,0.000147,0.000287
18.468000,0.000147,0.000287
18.469000,0.000147,0.000287
18.470000,0.000147,0.000287
18.471000,0.000148,0.000287
18.472000,0.000148,0.000287
18.473000,0.000148,0.000288
18.474000,0.000149,0.000288
18.475000,0.000148,0.000289
18.476000,0.000149,0.000288
18.477000,0.000148,0.000288
18.478000,0.000148,0.000287
18.479000,0.000149,0.000287
18.480000,0.000150,0.000287
18.481000,0.000150,0.000287
18.482000,0.000151,0.000286
18.483000,0.000151,0.000287
18.484000,0.000150,0.000286
18.485000,0.000150,0.000287
18.486000,0.000149,0.000287
18.487000,0.000150,0.000287
18.488000,0.000149,0.000287
18.489000,0.000150,0.000287
18.490000,0.000150,0.000287
18.491000,0.000150,0.000287
18.492000,0.000150,0.000287
18.493000,0.000150,0.000286
18.494000,0.000149,0.000285
18.495000,0.000150,0.000286
18.496000,0.000149,0.000286
18.497000,0.000149,0.000285
18.498000,0.000148,0.000285
18.499000,0.000148,0.000286
18.450000,0.000146,0.000288
18.451000,0.000146,0.000288
18.452000,0.000146,0.000289
18.453000,0.000146,0.000288
18.454000,0.000146,0.000289
18.455000,0.000146,0.000288
18.456000,0.000145,0.000289
18.457000,0.000146,0.000289
18.458000,0.000145,0.000290
18.459000,0.000146,0.000289
18.460000,0.000145,0.000290
18.461000,0.000146,0.000290
18.462000,0.000145,0.000289
18.463000,0.000146,0.000289
18.464000,0.000146,0.000289
18.465000,0.000146,0.000289
18.466000,0.000146,0.000289
18.467000,0.000146,0.000288
18.468000,0.000146,0.000288
18.469000,0.000146,0.000288
18.470000,0.000147,0.000287
18.471000,0.000147,0.000288
18.472000,0.000147,0.000287
18.473000,0.000148,0.000288
18.474000,0.000148,0.000288
18.475000,0.000148,0.000288
18.476000,0.000148,0.000288
18.477000,0.000148,0.000288
18.478000,0.000148,0.000287
18.479000,0.000149,0.000287
18.480000,0.000149,0.000287
18.481000,0.000150,0.000287
18.482000,0.000150,0.000287
18.483000,0.000150,0.000288
18.484000,0.000149,0.000287
18.485000,0.000149,0.000287
18.486000,0.000148,0.000287
18.487000,0.000149,0.000287
18.488000,0.000148,0.000287
18.489000,0.000149,0.000287
18.490000,0.000149,0.000287
18.491000,0.000149,0.000287
18.492000,0.000149,0.000287
18.493000,0.000149,0.000287
18.494000,0.000149,0.000286
18.495000,0.000149,0.000287
18.496000,0.000148,0.000286
18.497000,0.000149,0.000286
18.498000,0.000149,0.000286
18.499000,0.000149,0.000287
18.500000,0.000148,0.000287
18.501000,0.000148,0.000286
18.502000,0.000148,0.000286
18.503000,0.000148,0.000286
18.504000,0.000147,0.000285
18.505000,0.000147,0.000285
18.506000,0.000147,0.000286
18.507000,0.000147,0.000286
18.508000,0.000146,0.000286
18.509000,0.000147,0.000287
18.510000,0.000147,0.000286
18.511000,0.000146,0.000286
18.512000,0.000147,0.000286
18.513000,0.000147,0.000286
18.514000,0.000147,0.000286
18.515000,0.000146,0.000286
18.516000,0.000146,0.000286
18.517000,0.000146,0.000286
18.518000,0.000146,0.000286
18.519000,0.000146,0.000286
18.520000,0.000146,0.000286
18.521000,0.000145,0.000286
18.522000,0.000146,0.000286
18.523000,0.000146,0.000286
18.524000,0.000146,0.000286
18.525000,0.000146,0.000286
18.526000,0.000146,0.000286
18.527000,0.000146,0.000286
18.528000,0.000145,0.000286
18.529000,0.000146,0.000287
18.530000,0.000146,0.000287
18.531000,0.000147,0.000287
18.532000,0.000146,0.000288
18.533000,0.000147,0.000288
18.534000,0.000146,0.000288
18.535000,0.000146,0.000288
18.536000,0.000146,0.000288
18.537000,0.000146,0.000288
18.538000,0.000146,0.000289
18.539000,0.000145,0.000288
18.540000,0.000146,0.000289
18.541000,0.000146,0.000289
18.542000,0.000146,0.000290
18.543000,0.000145,0.000290
18.544000,0.000145,0.000290
18.545000,0.000145,0.000290
18.546000,0.000145,0.000290
18.547000,0.000145,0.000291
18.548000,0.000145,0.000291
18.549000,0.000145,0.000290
18.550000,0.000145,0.000291
18.551000,0.000146,0.000291
18.552000,0.000145,0.000290
18.553000,0.000146,0.000290
18.554000,0.000146,0.000290
18.555000,0.000145,0.000290
18.556000,0.000145,0.000290
18.557000,0.000145,0.000289
18.558000,0.000145,0.000288
18.559000,0.000144,0.000288
18.560000,0.000145,0.000288
18.561000,0.000144,0.000288
18.562000,0.000144,0.000288
18.563000,0.000144,0.000289
18.564000,0.000143,0.000288
18.565000,0.000143,0.000288
18.566000,0.000143,0.000288
18.567000,0.000145,0.000289
18.568000,0.000144,0.000289
18.569000,0.000144,0.000289
18.570000,0.000143,0.000290
18.571000,0.000144,0.000289
18.572000,0.000145,0.000290
18.573000,0.000144,0.000290
18.574000,0.000144,0.000291
18.575000,0.000143,0.000291
18.576000,0.000144,0.000290
18.577000,0.000144,0.000291
18.578000,0.000143,0.000290
18.579000,0.000143,0.000290
18.580000,0.000143,0.000289
18.581000,0.000143,0.000289
18.582000,0.000143,0.000289
18.583000,0.000143,0.000289
18.584000,0.000143,0.000290
18.585000,0.000143,0.000289
18.586000,0.000142,0.000290
18.587000,0.000143,0.000290
18.588000,0.000143,0.000290
18.589000,0.000143,0.000290
18.590000,0.000143,0.000291
18.591000,0.000143,0.000291
18.592000,0.000142,0.000291
18.593000,0.000143,0.000291
18.594000,0.000142,0.000291
18.595000,0.000143,0.000291
18.596000,0.000143,0.000290
18.597000,0.000143,0.000291
18.598000,0.000142,0.000290
18.599000,0.000142,0.000290
18.600000,0.000142,0.000290
18.601000,0.000141,0.000290
18.602000,0.000142,0.000290
18.603000,0.000143,0.000291
18.604000,0.000143,0.000291
18.605000,0.000143,0.000291
18.606000,0.000143,0.000290
18.607000,0.000143,0.000290
18.608000,0.000143,0.000290
18.609000,0.000143,0.000289
18.610000,0.000143,0.000290
18.611000,0.000143,0.000290
18.612000,0.000142,0.000291
18.613000,0.000143,0.000290
18.614000,0.000143,0.000291
18.615000,0.000144,0.000291
18.616000,0.000144,0.000291
18.617000,0.000143,0.000291
18.618000,0.000144,0.000290
18.619000,0.000144,0.000291
18.620000,0.000145,0.000290
18.621000,0.000145,0.000291
18.622000,0.000146,0.000290
18.623000,0.000145,0.000291
18.624000,0.000146,0.000290
18.625000,0.000146,0.000290
18.626000,0.000145,0.000290
18.627000,0.000145,0.000289
18.628000,0.000145,0.000290
18.629000,0.000144,0.000289
18.630000,0.000144,0.000290
18.631000,0.000144,0.000289
18.632000,0.000143,0.000289
18.633000,0.000144,0.000288
18.634000,0.000144,0.000288
18.635000,0.000144,0.000288
18.636000,0.000144,0.000288
18.637000,0.000145,0.000287
18.638000,0.000144,0.000287
18.639000,0.000145,0.000286
18.640000,0.000144,0.000286
18.641000,0.000143,0.000286
18.642000,0.000143,0.000285
18.643000,0.000143,0.000285
18.644000,0.000143,0.000284
18.645000,0.000143,0.000285
18.646000,0.000144,0.000285
18.647000,0.000143,0.000285
18.648000,0.000143,0.000284
18.649000,0.000143,0.000285
18.650000,0.000144,0.000285
18.651000,0.000143,0.000284
18.652000,0.000144,0.000285
18.653000,0.000143,0.000284
18.654000,0.000144,0.000284
18.655000,0.000144,0.000285
18.656000,0.000144,0.000285
18.657000,0.000144,0.000285
18.658000,0.000144,0.000286
18.659000,0.000144,0.000285
18.660000,0.000143,0.000286
18.661000,0.000144,0.000284
18.662000,0.000144,0.000285
18.663000,0.000144,0.000284
18.664000,0.000144,0.000285
18.665000,0.000144,0.000285
18.666000,0.000143,0.000285
18.667000,0.000142,0.000284
18.668000,0.000142,0.000286
18.669000,0.000143,0.000285
18.670000,0.000142,0.000286
18.671000,0.000143,0.000286
18.672000,0.000142,0.000286
18.673000,0.000142,0.000286
18.674000,0.000141,0.000285
18.675000,0.000142,0.000285
18.676000,0.000141,0.000285
18.677000,0.000142,0.000285
18.678000,0.000141,0.000285
18.679000,0.000140,0.000286
18.680000,0.000141,0.000285
18.681000,0.000141,0.000285
18.682000,0.000141,0.000284
18.683000,0.000141,0.000286
18.684000,0.000141,0.000284
18.685000,0.000142,0.000286
18.686000,0.000142,0.000285
18.687000,0.000142,0.000286
18.688000,0.000141,0.000286
18.689000,0.000141,0.000286
18.690000,0.000141,0.000285
18.691000,0.000141,0.000285
18.692000,0.000141,0.000285
18.693000,0.000142,0.000285
18.694000,0.000142,0.000286
18.695000,0.000142,0.000285
18.696000,0.000142,0.000286
18.697000,0.000142,0.000286
18.698000,0.000142,0.000286
18.699000,0.000143,0.000286
18.700000,0.000143,0.000286
18.701000,0.000143,0.000287
18.702000,0.000142,0.000286
18.703000,0.000142,0.000287
18.704000,0.000142,0.000286
18.705000,0.000141,0.000287
18.706000,0.000141,0.000286
18.707000,0.000141,0.000287
18.708000,0.000142,0.000287
18.709000,0.000141,0.000287
18.710000,0.000142,0.000287
18.711000,0.000142,0.000287
18.712000,0.000142,0.000287
18.713000,0.000141,0.000286
18.714000,0.000141,0.000287
18.715000,0.000141,0.000286
18.716000,0.000140,0.000287
18.717000,0.000140,0.000287
18.718000,0.000140,0.000288
18.719000,0.000140,0.000287
18.720000,0.000139,0.000288
18.721000,0.000139,0.000287
18.722000,0.000140,0.000286
18.723000,0.000140,0.000287
18.724000,0.000141,0.000286
18.725000,0.000141,0.000287
18.726000,0.000141,0.000286
18.727000,0.000142,0.000287
18.728000,0.000142,0.000287
18.729000,0.000142,0.000287
18.730000,0.000142,0.000287
18.731000,0.000142,0.000286
18.732000,0.000142,0.000287
18.733000,0.000143,0.000287
18.734000,0.000142,0.000286
18.735000,0.000143,0.000285
18.736000,0.000142,0.000286
18.737000,0.000142,0.000285
18.738000,0.000141,0.000286
18.739000,0.000143,0.000287
18.740000,0.000143,0.000287
18.741000,0.000143,0.000287
18.742000,0.000143,0.000287
18.743000,0.000144,0.000287
18.744000,0.000144,0.000287
18.745000,0.000144,0.000288
18.746000,0.000144,0.000288
18.747000,0.000143,0.000288
18.748000,0.000144,0.000288
18.749000,0.000144,0.000288
18.750000,0.000144,0.000287
18.751000,0.000144,0.000288
18.752000,0.000144,0.000288
18.753000,0.000144,0.000289
18.754000,0.000145,0.000289
18.755000,0.000145,0.000289
18.756000,0.000145,0.000289
18.757000,0.000145,0.000288
18.758000,0.000145,0.000288
18.759000,0.000146,0.000290
18.760000,0.000146,0.000289
18.761000,0.000147,0.000290
18.762000,0.000147,0.000290
18.763000,0.000147,0.000289
18.764000,0.000147,0.000289
18.765000,0.000147,0.000289
18.766000,0.000147,0.000289
18.767000,0.000147,0.000289
18.768000,0.000147,0.000288
18.769000,0.000147,0.000289
18.770000,0.000146,0.000288
18.771000,0.000146,0.000287
18.772000,0.000147,0.000288
18.773000,0.000147,0.000288
18.774000,0.000147,0.000288
18.775000,0.000147,0.000289
18.776000,0.000148,0.000289
18.777000,0.000147,0.000289
18.778000,0.000148,0.000289
18.779000,0.000148,0.000289
18.780000,0.000148,0.000290
18.781000,0.000149,0.000290
18.782000,0.000149,0.000290
18.783000,0.000149,0.000289
18.784000,0.000149,0.000289
18.785000,0.000149,0.000290
18.786000,0.000149,0.000290
18.787000,0.000149,0.000289
18.788000,0.000150,0.000289
18.789000,0.000150,0.000289
18.790000,0.000150,0.000289
18.791000,0.000150,0.000289
18.792000,0.000151,0.000289
18.793000,0.000149,0.000289
18.794000,0.000149,0.000288
18.795000,0.000149,0.000288
18.796000,0.000149,0.000288
18.797000,0.000148,0.000288
18.798000,0.000148,0.000288
18.799000,0.000147,0.000288
18.800000,0.000147,0.000288
18.801000,0.000148,0.000288
18.802000,0.000148,0.000289
18.803000,0.000148,0.000288
18.804000,0.000149,0.000288
18.805000,0.000149,0.000288
18.806000,0.000149,0.000288
18.807000,0.000149,0.000288
18.808000,0.000149,0.000288
18.809000,0.000149,0.000289
18.810000,0.000149,0.000289
18.811000,0.000148,0.000288
18.812000,0.000148,0.000289
18.813000,0.000149,0.000289
18.814000,0.000149,0.000289
18.815000,0.000149,0.000289
18.816000,0.000149,0.000289
18.817000,0.000150,0.000288
18.818000,0.000150,0.000288
18.819000,0.000150,0.000288
18.820000,0.000150,0.000288
18.821000,0.000151,0.000288
18.822000,0.000149,0.000289
18.823000,0.000150,0.000288
18.824000,0.000149,0.000288
18.825000,0.000150,0.000288
18.826000,0.000149,0.000288
18.827000,0.000149,0.000288
18.828000,0.000149,0.000288
18.829000,0.000149,0.000288
18.830000,0.000149,0.000288
18.831000,0.000149,0.000288
18.832000,0.000149,0.000288
18.833000,0.000149,0.000288
18.834000,0.000148,0.000289
18.835000,0.000148,0.000289
18.836000,0.000148,0.000289
18.837000,0.000148,0.000289
18.838000,0.000149,0.000289
18.839000,0.000148,0.000289
18.840000,0.000147,0.000289
18.841000,0.000148,0.000289
18.842000,0.000149,0.000289
18.843000,0.000148,0.000289
18.844000,0.000149,0.000289
18.845000,0.000148,0.000289
18.846000,0.000149,0.000288
18.847000,0.000149,0.000289
18.848000,0.000149,0.000288
18.849000,0.000150,0.000288
18.850000,0.000150,0.000287
18.851000,0.000150,0.000288
18.852000,0.000149,0.000287
18.853000,0.000149,0.000288
18.854000,0.000148,0.000287
18.855000,0.000148,0.000287
18.856000,0.000147,0.000287
18.857000,0.000147,0.000288
18.858000,0.000147,0.000287
18.859000,0.000147,0.000287
18.860000,0.000148,0.000287
18.861000,0.000146,0.000288
18.862000,0.000147,0.000288
18.863000,0.000147,0.000289
18.864000,0.000147,0.000289
18.865000,0.000148,0.000289
18.866000,0.000148,0.000289
18.867000,0.000148,0.000288
18.868000,0.000148,0.000288
18.869000,0.000148,0.000287
18.870000,0.000148,0.000288
18.871000,0.000148,0.000288
18.872000,0.000148,0.000287
18.873000,0.000148,0.000286
18.874000,0.000148,0.000286
18.875000,0.000148,0.000285
18.876000,0.000148,0.000285
18.877000,0.000148,0.000284
18.878000,0.000147,0.000285
18.879000,0.000148,0.000284
18.880000,0.000148,0.000285
18.881000,0.000146,0.000284
18.882000,0.000146,0.000285
18.883000,0.000146,0.000285
18.884000,0.000146,0.000286
18.885000,0.000146,0.000285
18.886000,0.000145,0.000285
18.887000,0.000145,0.000285
18.888000,0.000145,0.000285
18.889000,0.000145,0.000284
18.890000,0.000144,0.000284
18.891000,0.000144,0.000285
18.892000,0.000144,0.000284
18.893000,0.000144,0.000285
18.894000,0.000144,0.000285
18.895000,0.000144,0.000285
18.896000,0.000145,0.000285
18.897000,0.000145,0.000285
18.898000,0.000146,0.000286
18.899000,0.000146,0.000285
18.900000,0.000146,0.000286
18.901000,0.000145,0.000285
18.902000,0.000146,0.000286
18.903000,0.000146,0.000285
18.904000,0.000146,0.000286
18.905000,0.000146,0.000285
18.906000,0.000147,0.000286
18.907000,0.000146,0.000285
18.908000,0.000147,0.000284
18.909000,0.000146,0.000284
18.910000,0.000147,0.000284
18.911000,0.000147,0.000284
18.912000,0.000148,0.000283
18.913000,0.000147,0.000284
18.914000,0.000147,0.000284
18.915000,0.000147,0.000284
18.916000,0.000147,0.000284
18.917000,0.000146,0.000283
18.918000,0.000147,0.000283
18.919000,0.000146,0.000283
18.920000,0.000146,0.000283
18.921000,0.000146,0.000283
18.922000,0.000146,0.000284
18.923000,0.000145,0.000283
18.924000,0.000146,0.000284
18.925000,0.000145,0.000284
18.926000,0.000146,0.000284
18.927000,0.000145,0.000284
18.928000,0.000145,0.000283
18.929000,0.000144,0.000284
18.930000,0.000145,0.000284
18.931000,0.000144,0.000284
18.932000,0.000145,0.000284
18.933000,0.000145,0.000285
18.934000,0.000146,0.000284
18.935000,0.000146,0.000285
18.936000,0.000146,0.000284
18.937000,0.000146,0.000285
18.938000,0.000145,0.000284
18.939000,0.000145,0.000283
18.940000,0.000145,0.000283
18.941000,0.000145,0.000283
18.942000,0.000144,0.000283
18.943000,0.000144,0.000283
18.944000,0.000143,0.000284
18.945000,0.000144,0.000283
18.946000,0.000143,0.000284
18.947000,0.000143,0.000283
18.948000,0.000142,0.000284
18.949000,0.000143,0.000285
18.950000,0.000143,0.000285
18.951000,0.000143,0.000285
18.952000,0.000143,0.000285
18.953000,0.000143,0.000285
18.954000,0.000144,0.000285
18.955000,0.000144,0.000284
18.956000,0.000144,0.000285
18.957000,0.000144,0.000284
18.958000,0.000144,0.000284
18.959000,0.000144,0.000284
18.960000,0.000144,0.000284
18.961000,0.000144,0.000283
18.962000,0.000144,0.000283
18.963000,0.000144,0.000283
18.964000,0.000144,0.000282
18.965000,0.000143,0.000282
18.966000,0.000143,0.000283
18.967000,0.000143,0.000283
18.968000,0.000143,0.000283
18.969000,0.000144,0.000284
18.970000,0.000144,0.000284
18.971000,0.000143,0.000285
18.972000,0.000144,0.000284
18.973000,0.000144,0.000286
18.974000,0.000143,0.000286
18.975000,0.000143,0.000286
18.976000,0.000144,0.000285
18.977000,0.000143,0.000286
18.978000,0.000144,0.000286
18.979000,0.000145,0.000286
18.980000,0.000144,0.000286
18.981000,0.000144,0.000286
18.982000,0.000145,0.000286
18.983000,0.000144,0.000286
18.984000,0.000144,0.000285
18.985000,0.000145,0.000285
18.986000,0.000145,0.000285
18.987000,0.000145,0.000284
18.988000,0.000145,0.000286
18.989000,0.000145,0.000286
18.990000,0.000146,0.000287
18.991000,0.000146,0.000286
18.992000,0.000146,0.000286
18.993000,0.000146,0.000286
18.994000,0.000146,0.000286
18.995000,0.000146,0.000286
18.996000,0.000144,0.000285
18.997000,0.000145,0.000286
18.998000,0.000145,0.000285
18.999000,0.000145,0.000285
18.950000,0.000143,0.000285
18.951000,0.000143,0.000284
18.952000,0.000143,0.000285
18.953000,0.000144,0.000284
18.954000,0.000144,0.000284
18.955000,0.000145,0.000284
18.956000,0.000145,0.000284
18.957000,0.000145,0.000284
18.958000,0.000145,0.000284
18.959000,0.000145,0.000283
18.960000,0.000145,0.000283
18.961000,0.000145,0.000283
18.962000,0.000144,0.000282
18.963000,0.000144,0.000282
18.964000,0.000144,0.000281
18.965000,0.000143,0.000282
18.966000,0.000143,0.000282
18.967000,0.000142,0.000283
18.968000,0.000143,0.000283
18.969000,0.000143,0.000284
18.970000,0.000143,0.000284
18.971000,0.000143,0.000285
18.972000,0.000144,0.000285
18.973000,0.000143,0.000286
18.974000,0.000143,0.000286
18.975000,0.000143,0.000286
18.976000,0.000143,0.000286
18.977000,0.000143,0.000286
18.978000,0.000144,0.000287
18.979000,0.000144,0.000286
18.980000,0.000144,0.000285
18.981000,0.000144,0.000286
18.982000,0.000143,0.000285
18.983000,0.000143,0.000285
18.984000,0.000143,0.000285
18.985000,0.000143,0.000284
18.986000,0.000143,0.000285
18.987000,0.000143,0.000284
18.988000,0.000143,0.000286
18.989000,0.000143,0.000286
18.990000,0.000143,0.000287
18.991000,0.000144,0.000286
18.992000,0.000143,0.000286
18.993000,0.000143,0.000286
18.994000,0.000143,0.000286
18.995000,0.000143,0.000286
18.996000,0.000143,0.000286
18.997000,0.000142,0.000287
18.998000,0.000144,0.000286
18.999000,0.000144,0.000286
19.000000,0.000144,0.000285
19.001000,0.000144,0.000285
19.002000,0.000143,0.000285
19.003000,0.000144,0.000285
19.004000,0.000144,0.000285
19.005000,0.000144,0.000285
19.006000,0.000143,0.000286
19.007000,0.000143,0.000285
19.008000,0.000143,0.000286
19.009000,0.000143,0.000285
19.010000,0.000143,0.000286
19.011000,0.000144,0.000286
19.012000,0.000143,0.000285
19.013000,0.000144,0.000286
19.014000,0.000144,0.000285
19.015000,0.000144,0.000286
19.016000,0.000144,0.000286
19.017000,0.000145,0.000287
19.018000,0.000144,0.000287
19.019000,0.000145,0.000288
19.020000,0.000144,0.000288
19.021000,0.000145,0.000287
19.022000,0.000146,0.000287
19.023000,0.000146,0.000287
19.024000,0.000145,0.000287
19.025000,0.000146,0.000287
19.026000,0.000146,0.000288
19.027000,0.000147,0.000288
19.028000,0.000146,0.000288
19.029000,0.000146,0.000287
19.030000,0.000146,0.000287
19.031000,0.000147,0.000287
19.032000,0.000146,0.000286
19.033000,0.000146,0.000286
19.034000,0.000145,0.000286
19.035000,0.000146,0.000287
19.036000,0.000145,0.000286
19.037000,0.000145,0.000287
19.038000,0.000146,0.000287
19.039000,0.000145,0.000287
19.040000,0.000146,0.000287
19.041000,0.000146,0.000287
19.042000,0.000146,0.000288
19.043000,0.000146,0.000288
19.044000,0.000147,0.000288
19.045000,0.000147,0.000287
19.046000,0.000146,0.000288
19.047000,0.000147,0.000287
19.048000,0.000147,0.000287
19.049000,0.000147,0.000287
19.050000,0.000147,0.000287
19.051000,0.000147,0.000288
19.052000,0.000147,0.000288
19.053000,0.000147,0.000289
19.054000,0.000147,0.000289
19.055000,0.000147,0.000289
19.056000,0.000147,0.000288
19.057000,0.000147,0.000288
19.058000,0.000147,0.000288
19.059000,0.000147,0.000288
19.060000,0.000147,0.000287
19.061000,0.000148,0.000288
19.062000,0.000148,0.000288
19.063000,0.000148,0.000288
19.064000,0.000149,0.000288
19.065000,0.000149,0.000288
19.066000,0.000149,0.000288
19.067000,0.000149,0.000288
19.068000,0.000149,0.000288
19.069000,0.000149,0.000288
19.070000,0.000149,0.000287
19.071000,0.000149,0.000286
19.072000,0.000149,0.000287
19.073000,0.000150,0.000287
19.074000,0.000150,0.000287
19.075000,0.000149,0.000288
19.076000,0.000149,0.000288
19.077000,0.000149,0.000287
19.078000,0.000149,0.000287
19.079000,0.000149,0.000288
19.080000,0.000149,0.000288
19.081000,0.000149,0.000288
19.082000,0.000150,0.000289
19.083000,0.000150,0.000289
19.084000,0.000150,0.000289
19.085000,0.000150,0.000289
19.086000,0.000151,0.000289
19.087000,0.000151,0.000289
19.088000,0.000151,0.000289
19.089000,0.000151,0.000289
19.090000,0.000151,0.000289
19.091000,0.000151,0.000288
19.092000,0.000151,0.000289
19.093000,0.000151,0.000288
19.094000,0.000151,0.000288
19.095000,0.000151,0.000288
19.096000,0.000150,0.000288
19.097000,0.000151,0.000288
19.098000,0.000150,0.000288
19.099000,0.000150,0.000288
19.100000,0.000150,0.000289
19.101000,0.000150,0.000289
19.102000,0.000149,0.000290
19.103000,0.000149,0.000289
19.104000,0.000149,0.000289
19.105000,0.000149,0.000290
19.106000,0.000149,0.000289
19.107000,0.000149,0.000289
19.108000,0.000148,0.000289
19.109000,0.000148,0.000289
19.110000,0.000148,0.000289
19.111000,0.000148,0.000289
19.112000,0.000148,0.000290
19.113000,0.000147,0.000290
19.114000,0.000147,0.000290
19.115000,0.000147,0.000290
19.116000,0.000147,0.000291
19.117000,0.000147,0.000290
19.118000,0.000146,0.000290
19.119000,0.000146,0.000288
19.120000,0.000146,0.000289
19.121000,0.000146,0.000289
19.122000,0.000145,0.000290
19.123000,0.000145,0.000290
19.124000,0.000146,0.000290
19.125000,0.000144,0.000291
19.126000,0.000144,0.000290
19.127000,0.000144,0.000291
19.128000,0.000144,0.000291
19.129000,0.000144,0.000291
19.130000,0.000144,0.000291
19.131000,0.000144,0.000292
19.132000,0.000145,0.000292
19.133000,0.000145,0.000291
19.134000,0.000144,0.000291
19.135000,0.000144,0.000291
19.136000,0.000144,0.000291
19.137000,0.000144,0.000291
19.138000,0.000145,0.000291
19.139000,0.000145,0.000291
19.140000,0.000145,0.000291
19.141000,0.000145,0.000292
19.142000,0.000145,0.000292
19.143000,0.000145,0.000291
19.144000,0.000144,0.000291
19.145000,0.000144,0.000290
19.146000,0.000145,0.000291
19.147000,0.000144,0.000291
19.148000,0.000144,0.000291
19.149000,0.000143,0.000292
19.150000,0.000143,0.000292
19.151000,0.000143,0.000291
19.152000,0.000143,0.000291
19.153000,0.000144,0.000291
19.154000,0.000144,0.000290
19.155000,0.000144,0.000291
19.156000,0.000144,0.000292
19.157000,0.000144,0.000291
19.158000,0.000143,0.000292
19.159000,0.000143,0.000292
19.160000,0.000143,0.000292
19.161000,0.000143,0.000292
19.162000,0.000142,0.000292
19.163000,0.000142,0.000292
19.164000,0.000142,0.000292
19.165000,0.000143,0.000292
19.166000,0.000143,0.000291
19.167000,0.000144,0.000291
19.168000,0.000143,0.000292
19.169000,0.000143,0.000292
19.170000,0.000143,0.000292
19.171000,0.000144,0.000292
19.172000,0.000143,0.000293
19.173000,0.000144,0.000292
19.174000,0.000143,0.000293
19.175000,0.000144,0.000292
19.176000,0.000143,0.000292
19.177000,0.000143,0.000292
19.178000,0.000143,0.000292
19.179000,0.000143,0.000291
19.180000,0.000143,0.000291
19.181000,0.000142,0.000290
19.182000,0.000143,0.000290
19.183000,0.000143,0.000290
19.184000,0.000143,0.000291
19.185000,0.000143,0.000291
19.186000,0.000143,0.000290
19.187000,0.000143,0.000290
19.188000,0.000143,0.000290
19.189000,0.000143,0.000289
19.190000,0.000143,0.000289
19.191000,0.000143,0.000289
19.192000,0.000142,0.000290
19.193000,0.000142,0.000290
19.194000,0.000142,0.000290
19.195000,0.000142,0.000290
19.196000,0.000142,0.000290
19.197000,0.000142,0.000289
19.198000,0.000142,0.000289
19.199000,0.000141,0.000289
19.200000,0.000141,0.000290
19.201000,0.000141,0.000290
19.202000,0.000142,0.000289
19.203000,0.000142,0.000290
19.204000,0.000143,0.000290
19.205000,0.000143,0.000290
19.206000,0.000143,0.000290
19.207000,0.000143,0.000290
19.208000,0.000143,0.000290
19.209000,0.000143,0.000290
19.210000,0.000143,0.000290
19.211000,0.000143,0.000290
19.212000,0.000144,0.000290
19.213000,0.000143,0.000290
19.214000,0.000143,0.000290
19.215000,0.000143,0.000289
19.216000,0.000143,0.000289
19.217000,0.000144,0.000289
19.218000,0.000143,0.000289
19.219000,0.000144,0.000290
19.220000,0.000144,0.000290
19.221000,0.000144,0.000289
19.222000,0.000144,0.000289
19.223000,0.000144,0.000289
19.224000,0.000145,0.000289
19.225000,0.000146,0.000288
19.226000,0.000146,0.000288
19.227000,0.000145,0.000288
19.228000,0.000145,0.000288
19.229000,0.000145,0.000287
19.230000,0.000145,0.000288
19.231000,0.000145,0.000287
19.232000,0.000145,0.000288
19.233000,0.000145,0.000289
19.234000,0.000146,0.000289
19.235000,0.000145,0.000288
19.236000,0.000145,0.000289
19.237000,0.000146,0.000288
19.238000,0.000145,0.000288
19.239000,0.000145,0.000288
19.240000,0.000145,0.000288
19.241000,0.000145,0.000288
19.242000,0.000144,0.000288
19.243000,0.000145,0.000288
19.244000,0.000144,0.000289
19.245000,0.000145,0.000290
19.246000,0.000145,0.000289
19.247000,0.000145,0.000289
19.248000,0.000145,0.000289
19.249000,0.000145,0.000289
19.250000,0.000146,0.000289
19.251000,0.000145,0.000289
19.252000,0.000144,0.000288
19.253000,0.000143,0.000289
19.254000,0.000143,0.000288
19.255000,0.000142,0.000288
19.256000,0.000143,0.000288
19.257000,0.000142,0.000288
19.258000,0.000143,0.000287
19.259000,0.000143,0.000287
19.260000,0.000143,0.000287
19.261000,0.000143,0.000288
19.262000,0.000143,0.000288
19.263000,0.000143,0.000288
19.264000,0.000144,0.000289
19.265000,0.000144,0.000289
19.266000,0.000143,0.000290
19.267000,0.000144,0.000289
19.268000,0.000144,0.000289
19.269000,0.000143,0.000288
19.270000,0.000143,0.000289
19.271000,0.000143,0.000288
19.272000,0.000144,0.000288
19.273000,0.000144,0.000287
19.274000,0.000144,0.000288
19.275000,0.000143,0.000288
19.276000,0.000144,0.000288
19.277000,0.000144,0.000288
19.278000,0.000144,0.000289
19.279000,0.000145,0.000289
19.280000,0.000145,0.000289
19.281000,0.000145,0.000290
19.282000,0.000145,0.000290
19.283000,0.000145,0.000289
19.284000,0.000145,0.000288
19.285000,0.000145,0.000288
19.286000,0.000145,0.000288
19.287000,0.000145,0.000288
19.288000,0.000145,0.000288
19.289000,0.000145,0.000289
19.290000,0.000146,0.000289
19.291000,0.000146,0.000289
19.292000,0.000146,0.000289
19.293000,0.000147,0.000289
19.294000,0.000147,0.000289
19.295000,0.000147,0.000289
19.296000,0.000147,0.000289
19.297000,0.000147,0.000289
19.298000,0.000148,0.000289
19.299000,0.000149,0.000289
19.300000,0.000149,0.000289
19.301000,0.000149,0.000289
19.302000,0.000148,0.000289
19.303000,0.000148,0.000289
19.304000,0.000149,0.000288
19.305000,0.000148,0.000288
19.306000,0.000148,0.000288
19.307000,0.000147,0.000288
19.308000,0.000148,0.000288
19.309000,0.000148,0.000288
19.310000,0.000148,0.000288
19.311000,0.000149,0.000289
19.312000,0.000148,0.000288
19.313000,0.000148,0.000288
19.314000,0.000148,0.000288
19.315000,0.000148,0.000289
19.316000,0.000148,0.000289
19.317000,0.000148,0.000288
19.318000,0.000148,0.000288
19.319000,0.000148,0.000288
19.320000,0.000147,0.000288
19.321000,0.000148,0.000288
19.322000,0.000147,0.000288
19.323000,0.000148,0.000288
19.324000,0.000147,0.000288
19.325000,0.000147,0.000288
19.326000,0.000147,0.000289
19.327000,0.000147,0.000289
19.328000,0.000147,0.000290
19.329000,0.000148,0.000290
19.330000,0.000147,0.000289
19.331000,0.000147,0.000289
19.332000,0.000147,0.000289
19.333000,0.000147,0.000289
19.334000,0.000147,0.000289
19.335000,0.000148,0.000289
19.336000,0.000147,0.000289
19.337000,0.000147,0.000287
19.338000,0.000147,0.000288
19.339000,0.000147,0.000288
19.340000,0.000147,0.000288
19.341000,0.000147,0.000289
19.342000,0.000148,0.000289
19.343000,0.000148,0.000289
19.344000,0.000148,0.000288
19.345000,0.000148,0.000288
19.346000,0.000148,0.000288
19.347000,0.000148,0.000288
19.348000,0.000148,0.000288
19.349000,0.000149,0.000287
19.350000,0.000148,0.000287
19.351000,0.000149,0.000287
19.352000,0.000149,0.000288
19.353000,0.000150,0.000287
19.354000,0.000150,0.000287
19.355000,0.000150,0.000287
19.356000,0.000150,0.000288
19.357000,0.000150,0.000288
19.358000,0.000151,0.000288
19.359000,0.000151,0.000288
19.360000,0.000151,0.000289
19.361000,0.000151,0.000288
19.362000,0.000151,0.000288
19.363000,0.000152,0.000288
19.364000,0.000152,0.000287
19.365000,0.000151,0.000288
19.366000,0.000151,0.000287
19.367000,0.000151,0.000287
19.368000,0.000152,0.000287
19.369000,0.000152,0.000287
19.370000,0.000152,0.000287
19.371000,0.000153,0.000288
19.372000,0.000152,0.000288
19.373000,0.000151,0.000288
19.374000,0.000152,0.000288
19.375000,0.000151,0.000287
19.376000,0.000151,0.000288
19.377000,0.000151,0.000289
19.378000,0.000151,0.000288
19.379000,0.000150,0.000288
19.380000,0.000150,0.000288
19.381000,0.000150,0.000288
19.382000,0.000150,0.000288
19.383000,0.000150,0.000289
19.384000,0.000150,0.000290
19.385000,0.000151,0.000289
19.386000,0.000149,0.000290
19.387000,0.000149,0.000290
19.388000,0.000148,0.000290
19.389000,0.000148,0.000290
19.390000,0.000147,0.000290
19.391000,0.000147,0.000290
19.392000,0.000147,0.000290
19.393000,0.000147,0.000290
19.394000,0.000147,0.000290
19.395000,0.000147,0.000291
19.396000,0.000147,0.000290
19.397000,0.000146,0.000290
19.398000,0.000146,0.000290
19.399000,0.000145,0.000290
19.400000,0.000145,0.000290
19.401000,0.000145,0.000289
19.402000,0.000144,0.000290
19.403000,0.000144,0.000289
19.404000,0.000144,0.000290
19.405000,0.000144,0.000289
19.406000,0.000144,0.000290
19.407000,0.000144,0.000290
19.408000,0.000144,0.000290
19.409000,0.000144,0.000290
19.410000,0.000144,0.000290
19.411000,0.000144,0.000290
19.412000,0.000144,0.000289
19.413000,0.000144,0.000289
19.414000,0.000144,0.000288
19.415000,0.000145,0.000288
19.416000,0.000145,0.000288
19.417000,0.000145,0.000289
19.418000,0.000145,0.000288
19.419000,0.000144,0.000289
19.420000,0.000144,0.000289
19.421000,0.000144,0.000289
19.422000,0.000144,0.000289
19.423000,0.000144,0.000288
19.424000,0.000143,0.000289
19.425000,0.000144,0.000289
19.426000,0.000144,0.000289
19.427000,0.000144,0.000288
19.428000,0.000144,0.000289
19.429000,0.000144,0.000288
19.430000,0.000144,0.000288
19.431000,0.000145,0.000289
19.432000,0.000145,0.000288
19.433000,0.000145,0.000288
19.434000,0.000145,0.000288
19.435000,0.000144,0.000289
19.436000,0.000144,0.000289
19.437000,0.000144,0.000290
19.438000,0.000145,0.000290
19.439000,0.000145,0.000291
19.440000,0.000145,0.000291
19.441000,0.000145,0.000291
19.442000,0.000146,0.000291
19.443000,0.000146,0.000291
19.444000,0.000146,0.000291
19.445000,0.000146,0.000292
19.446000,0.000146,0.000291
19.447000,0.000145,0.000290
19.448000,0.000145,0.000291
19.449000,0.000145,0.000291
19.450000,0.000145,0.000291
19.451000,0.000145,0.000291
19.452000,0.000145,0.000291
19.453000,0.000144,0.000291
19.454000,0.000145,0.000291
19.455000,0.000145,0.000292
19.456000,0.000145,0.000292
19.457000,0.000145,0.000291
19.458000,0.000144,0.000292
19.459000,0.000144,0.000291
19.460000,0.000144,0.000291
19.461000,0.000144,0.000291
19.462000,0.000144,0.000291
19.463000,0.000144,0.000292
19.464000,0.000143,0.000292
19.465000,0.000143,0.000291
19.466000,0.000143,0.000292
19.467000,0.000143,0.000292
19.468000,0.000141,0.000292
19.469000,0.000142,0.000291
19.470000,0.000141,0.000292
19.471000,0.000141,0.000292
19.472000,0.000141,0.000292
19.473000,0.000141,0.000292
19.474000,0.000141,0.000291
19.475000,0.000141,0.000292
19.476000,0.000142,0.000292
19.477000,0.000142,0.000292
19.478000,0.000142,0.000291
19.479000,0.000141,0.000292
19.480000,0.000142,0.000291
19.481000,0.000142,0.000291
19.482000,0.000142,0.000291
19.483000,0.000142,0.000290
19.484000,0.000143,0.000290
19.485000,0.000142,0.000291
19.486000,0.000142,0.000291
19.487000,0.000142,0.000290
19.488000,0.000144,0.000290
19.489000,0.000143,0.000289
19.490000,0.000144,0.000291
19.491000,0.000145,0.000290
19.492000,0.000144,0.000291
19.493000,0.000144,0.000289
19.494000,0.000144,0.000290
19.495000,0.000144,0.000289
19.496000,0.000145,0.000290
19.497000,0.000145,0.000290
19.498000,0.000145,0.000290
19.499000,0.000145,0.000290
19.450000,0.000145,0.000291
19.451000,0.000145,0.000291
19.452000,0.000145,0.000291
19.453000,0.000145,0.000290
19.454000,0.000145,0.000290
19.455000,0.000146,0.000291
19.456000,0.000145,0.000291
19.457000,0.000145,0.000290
19.458000,0.000145,0.000291
19.459000,0.000145,0.000291
19.460000,0.000145,0.000290
19.461000,0.000145,0.000291
19.462000,0.000144,0.000291
19.463000,0.000144,0.000291
19.464000,0.000143,0.000290
19.465000,0.000144,0.000289
19.466000,0.000143,0.000290
19.467000,0.000142,0.000289
19.468000,0.000142,0.000289
19.469000,0.000141,0.000289
19.470000,0.000141,0.000288
19.471000,0.000141,0.000289
19.472000,0.000141,0.000288
19.473000,0.000141,0.000288
19.474000,0.000141,0.000289
19.475000,0.000142,0.000290
19.476000,0.000142,0.000289
19.477000,0.000142,0.000289
19.478000,0.000143,0.000288
19.479000,0.000142,0.000288
19.480000,0.000143,0.000288
19.481000,0.000142,0.000288
19.482000,0.000143,0.000288
19.483000,0.000143,0.000287
19.484000,0.000143,0.000287
19.485000,0.000142,0.000287
19.486000,0.000143,0.000287
19.487000,0.000143,0.000286
19.488000,0.000144,0.000287
19.489000,0.000144,0.000287
19.490000,0.000145,0.000288
19.491000,0.000145,0.000288
19.492000,0.000145,0.000288
19.493000,0.000144,0.000287
19.494000,0.000144,0.000287
19.495000,0.000144,0.000286
19.496000,0.000145,0.000287
19.497000,0.000144,0.000287
19.498000,0.000144,0.000286
19.499000,0.000143,0.000287
19.500000,0.000144,0.000286
19.501000,0.000143,0.000287
19.502000,0.000144,0.000286
19.503000,0.000143,0.000287
19.504000,0.000143,0.000287
19.505000,0.000143,0.000287
19.506000,0.000144,0.000287
19.507000,0.000144,0.000286
19.508000,0.000144,0.000287
19.509000,0.000144,0.000286
19.510000,0.000144,0.000287
19.511000,0.000143,0.000287
19.512000,0.000144,0.000288
19.513000,0.000144,0.000288
19.514000,0.000144,0.000288
19.515000,0.000144,0.000289
19.516000,0.000143,0.000288
19.517000,0.000143,0.000289
19.518000,0.000144,0.000289
19.519000,0.000144,0.000289
19.520000,0.000145,0.000289
19.521000,0.000144,0.000289
19.522000,0.000144,0.000289
19.523000,0.000144,0.000289
19.524000,0.000144,0.000290
19.525000,0.000143,0.000289
19.526000,0.000143,0.000289
19.527000,0.000142,0.000289
19.528000,0.000143,0.000289
19.529000,0.000143,0.000289
19.530000,0.000142,0.000289
19.531000,0.000142,0.000289
19.532000,0.000142,0.000289
19.533000,0.000142,0.000289
19.534000,0.000143,0.000289
19.535000,0.000143,0.000289
19.536000,0.000143,0.000289
19.537000,0.000143,0.000288
19.538000,0.000142,0.000288
19.539000,0.000142,0.000287
19.540000,0.000142,0.000287
19.541000,0.000142,0.000287
19.542000,0.000141,0.000286
19.543000,0.000142,0.000286
19.544000,0.000142,0.000287
19.545000,0.000142,0.000287
19.546000,0.000142,0.000287
19.547000,0.000142,0.000287
19.548000,0.000141,0.000287
19.549000,0.000141,0.000287
19.550000,0.000141,0.000287
19.551000,0.000141,0.000287
19.552000,0.000141,0.000288
19.553000,0.000142,0.000288
19.554000,0.000141,0.000289
19.555000,0.000141,0.000288
19.556000,0.000141,0.000288
19.557000,0.000141,0.000288
19.558000,0.000141,0.000288
19.559000,0.000141,0.000288
19.560000,0.000141,0.000288
19.561000,0.000141,0.000287
19.562000,0.000141,0.000287
19.563000,0.000142,0.000288
19.564000,0.000141,0.000288
19.565000,0.000142,0.000289
19.566000,0.000142,0.000289
19.567000,0.000142,0.000290
19.568000,0.000142,0.000289
19.569000,0.000142,0.000289
19.570000,0.000142,0.000289
19.571000,0.000142,0.000289
19.572000,0.000142,0.000290
19.573000,0.000142,0.000290
19.574000,0.000141,0.000290
19.575000,0.000142,0.000289
19.576000,0.000142,0.000289
19.577000,0.000142,0.000289
19.578000,0.000141,0.000290
19.579000,0.000142,0.000290
19.580000,0.000142,0.000290
19.581000,0.000142,0.000290
19.582000,0.000142,0.000291
19.583000,0.000143,0.000290
19.584000,0.000143,0.000290
19.585000,0.000143,0.000291
19.586000,0.000142,0.000291
19.587000,0.000142,0.000291
19.588000,0.000141,0.000291
19.589000,0.000142,0.000291
19.590000,0.000141,0.000290
19.591000,0.000142,0.000290
19.592000,0.000141,0.000290
19.593000,0.000142,0.000290
19.594000,0.000141,0.000290
19.595000,0.000142,0.000290
19.596000,0.000142,0.000290
19.597000,0.000143,0.000290
19.598000,0.000143,0.000290
19.599000,0.000144,0.000291
19.600000,0.000143,0.000290
19.601000,0.000145,0.000290
19.602000,0.000145,0.000291
19.603000,0.000145,0.000291
19.604000,0.000145,0.000290
19.605000,0.000144,0.000291
19.606000,0.000144,0.000291
19.607000,0.000144,0.000291
19.608000,0.000143,0.000291
19.609000,0.000144,0.000291
19.610000,0.000144,0.000291
19.611000,0.000144,0.000291
19.612000,0.000144,0.000291
19.613000,0.000144,0.000291
19.614000,0.000144,0.000292
19.615000,0.000144,0.000291
19.616000,0.000144,0.000291
19.617000,0.000144,0.000292
19.618000,0.000144,0.000292
19.619000,0.000144,0.000292
19.620000,0.000144,0.000292
19.621000,0.000144,0.000292
19.622000,0.000145,0.000291
19.623000,0.000144,0.000291
19.624000,0.000144,0.000291
19.625000,0.000144,0.000291
19.626000,0.000144,0.000292
19.627000,0.000145,0.000292
19.628000,0.000145,0.000292
19.629000,0.000145,0.000290
19.630000,0.000145,0.000291
19.631000,0.000145,0.000291
19.632000,0.000145,0.000291
19.633000,0.000145,0.000291
19.634000,0.000145,0.000291
19.635000,0.000145,0.000290
19.636000,0.000145,0.000290
19.637000,0.000146,0.000290
19.638000,0.000145,0.000290
19.639000,0.000145,0.000290
19.640000,0.000145,0.000290
19.641000,0.000144,0.000290
19.642000,0.000144,0.000290
19.643000,0.000145,0.000291
19.644000,0.000144,0.000290
19.645000,0.000144,0.000291
19.646000,0.000144,0.000291
19.647000,0.000144,0.000292
19.648000,0.000144,0.000292
19.649000,0.000144,0.000292
19.650000,0.000145,0.000292
19.651000,0.000145,0.000291
19.652000,0.000145,0.000291
19.653000,0.000144,0.000291
19.654000,0.000144,0.000291
19.655000,0.000144,0.000291
19.656000,0.000144,0.000291
19.657000,0.000144,0.000291
19.658000,0.000144,0.000291
19.659000,0.000144,0.000291
19.660000,0.000144,0.000292
19.661000,0.000144,0.000291
19.662000,0.000144,0.000291
19.663000,0.000144,0.000291
19.664000,0.000145,0.000292
19.665000,0.000145,0.000291
19.666000,0.000145,0.000291
19.667000,0.000146,0.000290
19.668000,0.000145,0.000291
19.669000,0.000146,0.000291
19.670000,0.000145,0.000292
19.671000,0.000146,0.000291
19.672000,0.000146,0.000291
19.673000,0.000146,0.000291
19.674000,0.000146,0.000291
19.675000,0.000146,0.000291
19.676000,0.000145,0.000291
19.677000,0.000145,0.000291
19.678000,0.000145,0.000291
19.679000,0.000144,0.000291
19.680000,0.000144,0.000290
19.681000,0.000144,0.000291
19.682000,0.000144,0.000290
19.683000,0.000143,0.000291
19.684000,0.000144,0.000291
19.685000,0.000144,0.000291
19.686000,0.000144,0.000291
19.687000,0.000144,0.000290
19.688000,0.000144,0.000291
19.689000,0.000144,0.000290
19.690000,0.000144,0.000291
19.691000,0.000144,0.000290
19.692000,0.000144,0.000291
19.693000,0.000144,0.000290
19.694000,0.000144,0.000291
19.695000,0.000144,0.000291
19.696000,0.000143,0.000291
19.697000,0.000143,0.000291
19.698000,0.000143,0.000290
19.699000,0.000143,0.000289
19.700000,0.000143,0.000289
19.701000,0.000142,0.000289
19.702000,0.000142,0.000289
19.703000,0.000143,0.000289
19.704000,0.000143,0.000289
19.705000,0.000143,0.000290
19.706000,0.000143,0.000290
19.707000,0.000143,0.000290
19.708000,0.000144,0.000290
19.709000,0.000143,0.000289
19.710000,0.000143,0.000289
19.711000,0.000143,0.000288
19.712000,0.000143,0.000288
19.713000,0.000144,0.000287
19.714000,0.000144,0.000288
19.715000,0.000144,0.000287
19.716000,0.000144,0.000288
19.717000,0.000144,0.000287
19.718000,0.000143,0.000287
19.719000,0.000143,0.000287
19.720000,0.000144,0.000287
19.721000,0.000143,0.000288
19.722000,0.000143,0.000288
19.723000,0.000143,0.000288
19.724000,0.000144,0.000288
19.725000,0.000144,0.000288
19.726000,0.000144,0.000287
19.727000,0.000143,0.000287
19.728000,0.000143,0.000287
19.729000,0.000143,0.000288
19.730000,0.000144,0.000288
19.731000,0.000143,0.000287
19.732000,0.000143,0.000287
19.733000,0.000144,0.000286
19.734000,0.000143,0.000287
19.735000,0.000144,0.000288
19.736000,0.000143,0.000288
19.737000,0.000144,0.000288
19.738000,0.000143,0.000288
19.739000,0.000143,0.000288
19.740000,0.000143,0.000288
19.741000,0.000143,0.000287
19.742000,0.000143,0.000287
19.743000,0.000143,0.000287
19.744000,0.000144,0.000287
19.745000,0.000143,0.000287
19.746000,0.000144,0.000286
19.747000,0.000143,0.000286
19.748000,0.000143,0.000286
19.749000,0.000143,0.000287
19.750000,0.000143,0.000287
19.751000,0.000143,0.000288
19.752000,0.000143,0.000287
19.753000,0.000143,0.000287
19.754000,0.000144,0.000286
19.755000,0.000144,0.000287
19.756000,0.000144,0.000287
19.757000,0.000144,0.000287
19.758000,0.000143,0.000287
19.759000,0.000142,0.000287
19.760000,0.000143,0.000286
19.761000,0.000143,0.000287
19.762000,0.000144,0.000287
19.763000,0.000143,0.000287
19.764000,0.000142,0.000287
19.765000,0.000143,0.000288
19.766000,0.000142,0.000288
19.767000,0.000142,0.000288
19.768000,0.000142,0.000289
19.769000,0.000142,0.000288
19.770000,0.000143,0.000288
19.771000,0.000142,0.000288
19.772000,0.000143,0.000289
19.773000,0.000143,0.000288
19.774000,0.000143,0.000288
19.775000,0.000142,0.000288
19.776000,0.000142,0.000288
19.777000,0.000142,0.000288
19.778000,0.000142,0.000289
19.779000,0.000143,0.000288
19.780000,0.000143,0.000288
19.781000,0.000143,0.000289
19.782000,0.000143,0.000288
19.783000,0.000143,0.000289
19.784000,0.000143,0.000289
19.785000,0.000144,0.000289
19.786000,0.000143,0.000289
19.787000,0.000143,0.000289
19.788000,0.000143,0.000289
19.789000,0.000143,0.000289
19.790000,0.000143,0.000289
19.791000,0.000143,0.000289
19.792000,0.000144,0.000290
19.793000,0.000143,0.000290
19.794000,0.000144,0.000290
19.795000,0.000144,0.000290
19.796000,0.000144,0.000289
19.797000,0.000144,0.000290
19.798000,0.000144,0.000291
19.799000,0.000143,0.000291
19.800000,0.000144,0.000290
19.801000,0.000144,0.000290
19.802000,0.000144,0.000290
19.803000,0.000143,0.000290
19.804000,0.000143,0.000290
19.805000,0.000143,0.000290
19.806000,0.000143,0.000290
19.807000,0.000143,0.000290
19.808000,0.000143,0.000289
19.809000,0.000144,0.000290
19.810000,0.000144,0.000290
19.811000,0.000144,0.000291
19.812000,0.000144,0.000292
19.813000,0.000143,0.000291
19.814000,0.000143,0.000291
19.815000,0.000143,0.000291
19.816000,0.000143,0.000291
19.817000,0.000143,0.000291
19.818000,0.000143,0.000290
19.819000,0.000143,0.000290
19.820000,0.000143,0.000291
19.821000,0.000143,0.000290
19.822000,0.000143,0.000290
19.823000,0.000144,0.000291
19.824000,0.000144,0.000291
19.825000,0.000143,0.000290
19.826000,0.000144,0.000291
19.827000,0.000144,0.000290
19.828000,0.000144,0.000290
19.829000,0.000144,0.000290
19.830000,0.000144,0.000290
19.831000,0.000143,0.000290
19.832000,0.000143,0.000291
19.833000,0.000143,0.000291
19.834000,0.000143,0.000291
19.835000,0.000143,0.000290
19.836000,0.000144,0.000291
19.837000,0.000144,0.000291
19.838000,0.000144,0.000291
19.839000,0.000144,0.000290
19.840000,0.000144,0.000291
19.841000,0.000144,0.000291
19.842000,0.000144,0.000290
19.843000,0.000144,0.000291
19.844000,0.000144,0.000290
19.845000,0.000144,0.000291
19.846000,0.000144,0.000291
19.847000,0.000145,0.000291
19.848000,0.000145,0.000292
19.849000,0.000146,0.000292
19.850000,0.000145,0.000291
19.851000,0.000144,0.000291
19.852000,0.000145,0.000291
19.853000,0.000145,0.000291
19.854000,0.000144,0.000291
19.855000,0.000144,0.000291
19.856000,0.000145,0.000290
19.857000,0.000144,0.000290
19.858000,0.000145,0.000291
19.859000,0.000145,0.000291
19.860000,0.000145,0.000291
19.861000,0.000145,0.000291
19.862000,0.000144,0.000291
19.863000,0.000144,0.000290
19.864000,0.000143,0.000291
19.865000,0.000143,0.000290
19.866000,0.000143,0.000290
19.867000,0.000143,0.000290
19.868000,0.000143,0.000289
19.869000,0.000143,0.000289
19.870000,0.000143,0.000289
19.871000,0.000143,0.000289
19.872000,0.000142,0.000289
19.873000,0.000142,0.000289
19.874000,0.000142,0.000289
19.875000,0.000142,0.000289
19.876000,0.000143,0.000289
19.877000,0.000143,0.000289
19.878000,0.000143,0.000289
19.879000,0.000143,0.000289
19.880000,0.000143,0.000289
19.881000,0.000142,0.000288
19.882000,0.000142,0.000288
19.883000,0.000142,0.000287
19.884000,0.000142,0.000287
19.885000,0.000142,0.000287
19.886000,0.000142,0.000287
19.887000,0.000142,0.000288
19.888000,0.000143,0.000288
19.889000,0.000143,0.000288
19.890000,0.000143,0.000288
19.891000,0.000142,0.000288
19.892000,0.000142,0.000287
19.893000,0.000143,0.000287
19.894000,0.000143,0.000288
19.895000,0.000143,0.000288
19.896000,0.000142,0.000288
19.897000,0.000143,0.000288
19.898000,0.000143,0.000288
19.899000,0.000144,0.000287
19.900000,0.000143,0.000288
19.901000,0.000144,0.000288
19.902000,0.000143,0.000287
19.903000,0.000144,0.000288
19.904000,0.000144,0.000287
19.905000,0.000144,0.000288
19.906000,0.000144,0.000288
19.907000,0.000144,0.000289
19.908000,0.000143,0.000288
19.909000,0.000143,0.000288
19.910000,0.000143,0.000287
19.911000,0.000143,0.000287
19.912000,0.000142,0.000286
19.913000,0.000142,0.000286
19.914000,0.000142,0.000286
19.915000,0.000142,0.000286
19.916000,0.000141,0.000287
19.917000,0.000142,0.000286
19.918000,0.000143,0.000287
19.919000,0.000144,0.000287
19.920000,0.000143,0.000286
19.921000,0.000145,0.000286
19.922000,0.000144,0.000286
19.923000,0.000143,0.000286
19.924000,0.000143,0.000285
19.925000,0.000143,0.000286
19.926000,0.000144,0.000286
19.927000,0.000144,0.000287
19.928000,0.000144,0.000287
19.929000,0.000145,0.000287
19.930000,0.000146,0.000287
19.931000,0.000146,0.000287
19.932000,0.000146,0.000287
19.933000,0.000146,0.000287
19.934000,0.000146,0.000287
19.935000,0.000146,0.000287
19.936000,0.000146,0.000287
19.937000,0.000146,0.000287
19.938000,0.000146,0.000288
19.939000,0.000146,0.000288
19.940000,0.000146,0.000288
19.941000,0.000146,0.000287
19.942000,0.000146,0.000288
19.943000,0.000147,0.000287
19.944000,0.000147,0.000287
19.945000,0.000147,0.000287
19.946000,0.000147,0.000287
19.947000,0.000146,0.000286
19.948000,0.000147,0.000286
19.949000,0.000146,0.000286
19.950000,0.000146,0.000286
19.951000,0.000147,0.000286
19.952000,0.000146,0.000286
19.953000,0.000146,0.000286
19.954000,0.000146,0.000285
19.955000,0.000146,0.000286
19.956000,0.000146,0.000286
19.957000,0.000146,0.000286
19.958000,0.000147,0.000285
19.959000,0.000147,0.000285
19.960000,0.000147,0.000285
19.961000,0.000147,0.000286
19.962000,0.000148,0.000285
19.963000,0.000148,0.000286
19.964000,0.000149,0.000285
19.965000,0.000149,0.000286
19.966000,0.000149,0.000286
19.967000,0.000148,0.000285
19.968000,0.000149,0.000286
19.969000,0.000149,0.000286
19.970000,0.000149,0.000286
19.971000,0.000149,0.000286
19.972000,0.000149,0.000286
19.973000,0.000149,0.000286
19.974000,0.000149,0.000286
19.975000,0.000150,0.000285
19.976000,0.000150,0.000285
19.977000,0.000150,0.000286
19.978000,0.000150,0.000286
19.979000,0.000150,0.000285
19.980000,0.000150,0.000286
19.981000,0.000151,0.000286
19.982000,0.000151,0.000287
19.983000,0.000151,0.000287
19.984000,0.000151,0.000287
19.985000,0.000151,0.000286
19.986000,0.000151,0.000286
19.987000,0.000151,0.000286
19.988000,0.000151,0.000284
19.989000,0.000151,0.000285
19.990000,0.000151,0.000285
19.991000,0.000152,0.000285
19.992000,0.000152,0.000285
19.993000,0.000152,0.000285
19.994000,0.000152,0.000284
19.995000,0.000152,0.000284
19.996000,0.000152,0.000283
19.997000,0.000151,0.000284
19.998000,0.000151,0.000284
19.999000,0.000152,0.000285
19.950000,0.000146,0.000286
19.951000,0.000146,0.000286
19.952000,0.000146,0.000285
19.953000,0.000146,0.000286
19.954000,0.000146,0.000286
19.955000,0.000146,0.000286
19.956000,0.000147,0.000286
19.957000,0.000147,0.000287
19.958000,0.000148,0.000286
19.959000,0.000148,0.000286
19.960000,0.000148,0.000286
19.961000,0.000147,0.000286
19.962000,0.000148,0.000287
19.963000,0.000148,0.000287
19.964000,0.000149,0.000287
19.965000,0.000148,0.000286
19.966000,0.000148,0.000286
19.967000,0.000148,0.000285
19.968000,0.000148,0.000286
19.969000,0.000148,0.000286
19.970000,0.000148,0.000286
19.971000,0.000148,0.000286
19.972000,0.000148,0.000286
19.973000,0.000148,0.000286
19.974000,0.000147,0.000288
19.975000,0.000148,0.000286
19.976000,0.000148,0.000287
19.977000,0.000149,0.000287
19.978000,0.000148,0.000288
19.979000,0.000148,0.000287
19.980000,0.000148,0.000289
19.981000,0.000148,0.000289
19.982000,0.000148,0.000289
19.983000,0.000148,0.000289
19.984000,0.000149,0.000288
19.985000,0.000148,0.000289
19.986000,0.000149,0.000288
19.987000,0.000148,0.000288
19.988000,0.000148,0.000288
19.989000,0.000147,0.000288
19.990000,0.000148,0.000288
19.991000,0.000148,0.000289
19.992000,0.000148,0.000289
19.993000,0.000148,0.000289
19.994000,0.000148,0.000289
19.995000,0.000148,0.000288
19.996000,0.000148,0.000288
19.997000,0.000147,0.000288
19.998000,0.000148,0.000290
19.999000,0.000148,0.000290
20.000000,0.000148,0.000291
20.001000,0.000149,0.000291
20.002000,0.000148,0.000292
20.003000,0.000149,0.000291
20.004000,0.000149,0.000292
20.005000,0.000148,0.000291
20.006000,0.000148,0.000290
20.007000,0.000148,0.000290
20.008000,0.000149,0.000291
20.009000,0.000148,0.000291
20.010000,0.000149,0.000291
20.011000,0.000149,0.000292
20.012000,0.000149,0.000292
20.013000,0.000149,0.000291
20.014000,0.000149,0.000291
20.015000,0.000149,0.000291
20.016000,0.000148,0.000291
20.017000,0.000149,0.000291
20.018000,0.000148,0.000291
20.019000,0.000148,0.000291
20.020000,0.000148,0.000291
20.021000,0.000147,0.000291
20.022000,0.000147,0.000292
20.023000,0.000147,0.000291
20.024000,0.000147,0.000291
20.025000,0.000146,0.000291
20.026000,0.000146,0.000291
20.027000,0.000145,0.000291
20.028000,0.000145,0.000290
20.029000,0.000144,0.000291
20.030000,0.000144,0.000291
20.031000,0.000144,0.000291
20.032000,0.000144,0.000290
20.033000,0.000143,0.000290
20.034000,0.000143,0.000290
20.035000,0.000143,0.000291
20.036000,0.000143,0.000291
20.037000,0.000143,0.000291
20.038000,0.000143,0.000291
20.039000,0.000144,0.000291
20.040000,0.000144,0.000292
20.041000,0.000144,0.000292
20.042000,0.000144,0.000292
20.043000,0.000143,0.000292
20.044000,0.000143,0.000292
20.045000,0.000144,0.000292
20.046000,0.000143,0.000292
20.047000,0.000144,0.000292
20.048000,0.000144,0.000292
20.049000,0.000144,0.000292
20.050000,0.000144,0.000292
20.051000,0.000144,0.000292
20.052000,0.000143,0.000292
20.053000,0.000144,0.000292
20.054000,0.000144,0.000292
20.055000,0.000143,0.000292
20.056000,0.000143,0.000292
20.057000,0.000143,0.000292
20.058000,0.000143,0.000292
20.059000,0.000143,0.000292
20.060000,0.000143,0.000292
20.061000,0.000143,0.000292
20.062000,0.000143,0.000291
20.063000,0.000143,0.000292
20.064000,0.000143,0.000292
20.065000,0.000144,0.000293
20.066000,0.000143,0.000293
20.067000,0.000143,0.000293
20.068000,0.000143,0.000293
20.069000,0.000143,0.000293
20.070000,0.000143,0.000293
20.071000,0.000143,0.000293
20.072000,0.000142,0.000292
20.073000,0.000143,0.000292
20.074000,0.000142,0.000291
20.075000,0.000143,0.000292
20.076000,0.000142,0.000292
20.077000,0.000142,0.000291
20.078000,0.000143,0.000292
20.079000,0.000142,0.000291
20.080000,0.000142,0.000291
20.081000,0.000144,0.000291
20.082000,0.000144,0.000291
20.083000,0.000144,0.000292
20.084000,0.000143,0.000292
20.085000,0.000144,0.000292
20.086000,0.000143,0.000292
20.087000,0.000143,0.000291
20.088000,0.000144,0.000290
20.089000,0.000145,0.000291
20.090000,0.000144,0.000291
20.091000,0.000144,0.000291
20.092000,0.000144,0.000290
20.093000,0.000143,0.000290
20.094000,0.000142,0.000290
20.095000,0.000142,0.000290
20.096000,0.000142,0.000290
20.097000,0.000143,0.000289
20.098000,0.000142,0.000289
20.099000,0.000142,0.000289
20.100000,0.000142,0.000289
20.101000,0.000142,0.000289
20.102000,0.000142,0.000289
20.103000,0.000142,0.000289
20.104000,0.000142,0.000289
20.105000,0.000142,0.000289
20.106000,0.000141,0.000289
20.107000,0.000142,0.000290
20.108000,0.000141,0.000289
20.109000,0.000142,0.000289
20.110000,0.000141,0.000289
20.111000,0.000141,0.000289
20.112000,0.000141,0.000290
20.113000,0.000142,0.000290
20.114000,0.000142,0.000290
20.115000,0.000142,0.000290
20.116000,0.000142,0.000291
20.117000,0.000142,0.000291
20.118000,0.000142,0.000291
20.119000,0.000142,0.000291
20.120000,0.000142,0.000290
20.121000,0.000142,0.000290
20.122000,0.000142,0.000289
20.123000,0.000142,0.000289
20.124000,0.000142,0.000289
20.125000,0.000143,0.000289
20.126000,0.000143,0.000289
20.127000,0.000144,0.000289
20.128000,0.000144,0.000289
20.129000,0.000145,0.000289
20.130000,0.000145,0.000290
20.131000,0.000145,0.000290
20.132000,0.000144,0.000290
20.133000,0.000145,0.000290
20.134000,0.000144,0.000289
20.135000,0.000144,0.000289
20.136000,0.000144,0.000289
20.137000,0.000144,0.000288
20.138000,0.000143,0.000288
20.139000,0.000143,0.000288
20.140000,0.000142,0.000289
20.141000,0.000143,0.000289
20.142000,0.000143,0.000289
20.143000,0.000143,0.000289
20.144000,0.000143,0.000290
20.145000,0.000143,0.000289
20.146000,0.000144,0.000289
20.147000,0.000144,0.000288
20.148000,0.000144,0.000288
20.149000,0.000144,0.000288
20.150000,0.000144,0.000288
20.151000,0.000143,0.000288
20.152000,0.000143,0.000288
20.153000,0.000143,0.000288
20.154000,0.000143,0.000287
20.155000,0.000143,0.000287
20.156000,0.000143,0.000286
20.157000,0.000142,0.000286
20.158000,0.000142,0.000286
20.159000,0.000143,0.000287
20.160000,0.000143,0.000287
20.161000,0.000143,0.000287
20.162000,0.000143,0.000287
20.163000,0.000143,0.000287
20.164000,0.000143,0.000287
20.165000,0.000143,0.000286
20.166000,0.000143,0.000286
20.167000,0.000143,0.000286
20.168000,0.000143,0.000286
20.169000,0.000144,0.000286
20.170000,0.000143,0.000285
20.171000,0.000144,0.000285
20.172000,0.000144,0.000286
20.173000,0.000144,0.000286
20.174000,0.000145,0.000286
20.175000,0.000144,0.000286
20.176000,0.000144,0.000286
20.177000,0.000144,0.000286
20.178000,0.000144,0.000287
20.179000,0.000145,0.000287
20.180000,0.000145,0.000287
20.181000,0.000144,0.000286
20.182000,0.000144,0.000286
20.183000,0.000144,0.000286
20.184000,0.000145,0.000286
20.185000,0.000144,0.000286
20.186000,0.000145,0.000286
20.187000,0.000145,0.000287
20.188000,0.000145,0.000286
20.189000,0.000144,0.000286
20.190000,0.000144,0.000286
20.191000,0.000144,0.000287
20.192000,0.000145,0.000287
20.193000,0.000146,0.000287
20.194000,0.000146,0.000287
20.195000,0.000146,0.000287
20.196000,0.000146,0.000287
20.197000,0.000146,0.000287
20.198000,0.000146,0.000287
20.199000,0.000145,0.000286
20.200000,0.000145,0.000286
20.201000,0.000145,0.000286
20.202000,0.000145,0.000286
20.203000,0.000145,0.000286
20.204000,0.000145,0.000286
20.205000,0.000145,0.000286
20.206000,0.000145,0.000286
20.207000,0.000145,0.000286
20.208000,0.000145,0.000285
20.209000,0.000145,0.000286
20.210000,0.000145,0.000286
20.211000,0.000145,0.000285
20.212000,0.000146,0.000285
20.213000,0.000145,0.000286
20.214000,0.000146,0.000286
20.215000,0.000146,0.000286
20.216000,0.000146,0.000285
20.217000,0.000145,0.000285
20.218000,0.000145,0.000284
20.219000,0.000144,0.000284
20.220000,0.000145,0.000285
20.221000,0.000144,0.000285
20.222000,0.000144,0.000286
20.223000,0.000144,0.000286
20.224000,0.000144,0.000287
20.225000,0.000144,0.000287
20.226000,0.000144,0.000286
20.227000,0.000143,0.000286
20.228000,0.000143,0.000286
20.229000,0.000142,0.000285
20.230000,0.000143,0.000285
20.231000,0.000143,0.000285
20.232000,0.000143,0.000284
20.233000,0.000143,0.000285
20.234000,0.000144,0.000285
20.235000,0.000144,0.000286
20.236000,0.000145,0.000285
20.237000,0.000145,0.000286
20.238000,0.000146,0.000285
20.239000,0.000145,0.000285
20.240000,0.000145,0.000285
20.241000,0.000145,0.000284
20.242000,0.000144,0.000284
20.243000,0.000144,0.000283
20.244000,0.000144,0.000283
20.245000,0.000144,0.000283
20.246000,0.000144,0.000284
20.247000,0.000144,0.000284
20.248000,0.000144,0.000285
20.249000,0.000144,0.000285
20.250000,0.000145,0.000286
20.251000,0.000146,0.000286
20.252000,0.000146,0.000286
20.253000,0.000147,0.000286
20.254000,0.000147,0.000287
20.255000,0.000147,0.000287
20.256000,0.000147,0.000288
20.257000,0.000147,0.000287
20.258000,0.000147,0.000287
20.259000,0.000147,0.000287
20.260000,0.000146,0.000287
20.261000,0.000147,0.000287
20.262000,0.000146,0.000287
20.263000,0.000146,0.000287
20.264000,0.000146,0.000287
20.265000,0.000146,0.000288
20.266000,0.000146,0.000287
20.267000,0.000146,0.000288
20.268000,0.000147,0.000289
20.269000,0.000146,0.000289
20.270000,0.000147,0.000290
20.271000,0.000146,0.000290
20.272000,0.000147,0.000289
20.273000,0.000147,0.000289
20.274000,0.000147,0.000288
20.275000,0.000146,0.000289
20.276000,0.000147,0.000288
20.277000,0.000146,0.000287
20.278000,0.000145,0.000287
20.279000,0.000146,0.000286
20.280000,0.000145,0.000286
20.281000,0.000145,0.000286
20.282000,0.000145,0.000286
20.283000,0.000145,0.000286
20.284000,0.000145,0.000287
20.285000,0.000146,0.000286
20.286000,0.000145,0.000287
20.287000,0.000145,0.000287
20.288000,0.000145,0.000287
20.289000,0.000145,0.000287
20.290000,0.000145,0.000287
20.291000,0.000145,0.000287
20.292000,0.000144,0.000287
20.293000,0.000144,0.000287
20.294000,0.000144,0.000287
20.295000,0.000145,0.000287
20.296000,0.000145,0.000287
20.297000,0.000145,0.000287
20.298000,0.000144,0.000286
20.299000,0.000145,0.000287
20.300000,0.000145,0.000286
20.301000,0.000145,0.000286
20.302000,0.000145,0.000287
20.303000,0.000145,0.000287
20.304000,0.000145,0.000287
20.305000,0.000145,0.000287
20.306000,0.000145,0.000286
20.307000,0.000145,0.000286
20.308000,0.000144,0.000287
20.309000,0.000144,0.000287
20.310000,0.000145,0.000287
20.311000,0.000145,0.000287
20.312000,0.000145,0.000287
20.313000,0.000145,0.000287
20.314000,0.000145,0.000286
20.315000,0.000144,0.000287
20.316000,0.000144,0.000287
20.317000,0.000144,0.000286
20.318000,0.000145,0.000287
20.319000,0.000145,0.000287
20.320000,0.000145,0.000286
20.321000,0.000145,0.000287
20.322000,0.000145,0.000287
20.323000,0.000145,0.000287
20.324000,0.000145,0.000286
20.325000,0.000144,0.000286
20.326000,0.000144,0.000287
20.327000,0.000144,0.000287
20.328000,0.000145,0.000287
20.329000,0.000145,0.000287
20.330000,0.000145,0.000287
20.331000,0.000146,0.000288
20.332000,0.000145,0.000288
20.333000,0.000146,0.000288
20.334000,0.000145,0.000288
20.335000,0.000145,0.000288
20.336000,0.000145,0.000288
20.337000,0.000145,0.000287
20.338000,0.000145,0.000288
20.339000,0.000145,0.000287
20.340000,0.000145,0.000287
20.341000,0.000145,0.000288
20.342000,0.000146,0.000288
20.343000,0.000146,0.000288
20.344000,0.000145,0.000288
20.345000,0.000146,0.000288
20.346000,0.000145,0.000288
20.347000,0.000145,0.000288
20.348000,0.000145,0.000288
20.349000,0.000145,0.000287
20.350000,0.000145,0.000286
20.351000,0.000145,0.000287
20.352000,0.000145,0.000286
20.353000,0.000144,0.000287
20.354000,0.000145,0.000287
20.355000,0.000144,0.000288
20.356000,0.000144,0.000287
20.357000,0.000144,0.000287
20.358000,0.000144,0.000286
20.359000,0.000144,0.000286
20.360000,0.000144,0.000287
20.361000,0.000144,0.000287
20.362000,0.000144,0.000287
20.363000,0.000143,0.000287
20.364000,0.000143,0.000287
20.365000,0.000143,0.000287
20.366000,0.000143,0.000288
20.367000,0.000144,0.000287
20.368000,0.000143,0.000286
20.369000,0.000144,0.000286
20.370000,0.000144,0.000287
20.371000,0.000144,0.000287
20.372000,0.000143,0.000287
20.373000,0.000144,0.000287
20.374000,0.000143,0.000287
20.375000,0.000144,0.000285
20.376000,0.000144,0.000286
20.377000,0.000144,0.000287
20.378000,0.000144,0.000287
20.379000,0.000144,0.000287
20.380000,0.000144,0.000287
20.381000,0.000143,0.000287
20.382000,0.000144,0.000287
20.383000,0.000144,0.000287
20.384000,0.000144,0.000287
20.385000,0.000143,0.000287
20.386000,0.000143,0.000287
20.387000,0.000144,0.000287
20.388000,0.000144,0.000287
20.389000,0.000144,0.000287
20.390000,0.000144,0.000287
20.391000,0.000144,0.000287
20.392000,0.000144,0.000287
20.393000,0.000144,0.000287
20.394000,0.000145,0.000287
20.395000,0.000145,0.000287
20.396000,0.000145,0.000287
20.397000,0.000144,0.000287
20.398000,0.000145,0.000287
20.399000,0.000144,0.000287
20.400000,0.000145,0.000287
20.401000,0.000144,0.000287
20.402000,0.000145,0.000286
20.403000,0.000145,0.000287
20.404000,0.000145,0.000287
20.405000,0.000145,0.000287
20.406000,0.000145,0.000287
20.407000,0.000145,0.000287
20.408000,0.000145,0.000287
20.409000,0.000145,0.000286
20.410000,0.000145,0.000286
20.411000,0.000145,0.000286
20.412000,0.000145,0.000287
20.413000,0.000146,0.000287
20.414000,0.000146,0.000287
20.415000,0.000145,0.000287
20.416000,0.000145,0.000286
20.417000,0.000145,0.000287
20.418000,0.000146,0.000287
20.419000,0.000145,0.000287
20.420000,0.000146,0.000287
20.421000,0.000147,0.000286
20.422000,0.000147,0.000286
20.423000,0.000146,0.000285
20.424000,0.000146,0.000286
20.425000,0.000147,0.000286
20.426000,0.000146,0.000286
20.427000,0.000146,0.000286
20.428000,0.000146,0.000286
20.429000,0.000146,0.000286
20.430000,0.000146,0.000286
20.431000,0.000146,0.000286
20.432000,0.000146,0.000285
20.433000,0.000145,0.000286
20.434000,0.000146,0.000286
20.435000,0.000146,0.000286
20.436000,0.000146,0.000285
20.437000,0.000146,0.000286
20.438000,0.000146,0.000285
20.439000,0.000146,0.000286
20.440000,0.000145,0.000285
20.441000,0.000146,0.000286
20.442000,0.000145,0.000286
20.443000,0.000145,0.000286
20.444000,0.000146,0.000287
20.445000,0.000145,0.000286
20.446000,0.000145,0.000285
20.447000,0.000146,0.000285
20.448000,0.000145,0.000285
20.449000,0.000146,0.000285
20.450000,0.000145,0.000286
20.451000,0.000145,0.000286
20.452000,0.000145,0.000286
20.453000,0.000145,0.000285
20.454000,0.000144,0.000285
20.455000,0.000144,0.000285
20.456000,0.000145,0.000285
20.457000,0.000145,0.000285
20.458000,0.000145,0.000286
20.459000,0.000145,0.000285
20.460000,0.000146,0.000285
20.461000,0.000146,0.000285
20.462000,0.000146,0.000285
20.463000,0.000147,0.000285
20.464000,0.000146,0.000284
20.465000,0.000147,0.000284
20.466000,0.000146,0.000285
20.467000,0.000146,0.000285
20.468000,0.000146,0.000285
20.469000,0.000146,0.000285
20.470000,0.000146,0.000284
20.471000,0.000146,0.000284
20.472000,0.000146,0.000284
20.473000,0.000145,0.000285
20.474000,0.000146,0.000284
20.475000,0.000146,0.000286
20.476000,0.000146,0.000285
20.477000,0.000146,0.000285
20.478000,0.000147,0.000285
20.479000,0.000146,0.000285
20.480000,0.000147,0.000285
20.481000,0.000147,0.000285
20.482000,0.000147,0.000285
20.483000,0.000146,0.000286
20.484000,0.000146,0.000284
20.485000,0.000146,0.000284
20.486000,0.000146,0.000284
20.487000,0.000146,0.000284
20.488000,0.000146,0.000284
20.489000,0.000146,0.000283
20.490000,0.000146,0.000284
20.491000,0.000146,0.000283
20.492000,0.000147,0.000284
20.493000,0.000146,0.000283
20.494000,0.000145,0.000283
20.495000,0.000145,0.000282
20.496000,0.000144,0.000282
20.497000,0.000146,0.000283
20.498000,0.000145,0.000283
20.499000,0.000145,0.000285
20.450000,0.000145,0.000286
20.451000,0.000145,0.000286
20.452000,0.000145,0.000287
20.453000,0.000146,0.000286
20.454000,0.000145,0.000286
20.455000,0.000145,0.000285
20.456000,0.000145,0.000286
20.457000,0.000146,0.000286
20.458000,0.000146,0.000287
20.459000,0.000145,0.000285
20.460000,0.000146,0.000285
20.461000,0.000146,0.000285
20.462000,0.000146,0.000285
20.463000,0.000147,0.000285
20.464000,0.000146,0.000284
20.465000,0.000146,0.000284
20.466000,0.000146,0.000284
20.467000,0.000146,0.000285
20.468000,0.000146,0.000285
20.469000,0.000146,0.000286
20.470000,0.000146,0.000285
20.471000,0.000146,0.000285
20.472000,0.000146,0.000285
20.473000,0.000147,0.000286
20.474000,0.000147,0.000286
20.475000,0.000147,0.000287
20.476000,0.000148,0.000287
20.477000,0.000147,0.000286
20.478000,0.000148,0.000287
20.479000,0.000147,0.000287
20.480000,0.000148,0.000288
20.481000,0.000148,0.000287
20.482000,0.000147,0.000287
20.483000,0.000148,0.000287
20.484000,0.000147,0.000286
20.485000,0.000147,0.000286
20.486000,0.000147,0.000287
20.487000,0.000147,0.000287
20.488000,0.000147,0.000288
20.489000,0.000148,0.000287
20.490000,0.000148,0.000288
20.491000,0.000147,0.000287
20.492000,0.000147,0.000287
20.493000,0.000146,0.000287
20.494000,0.000146,0.000287
20.495000,0.000146,0.000287
20.496000,0.000145,0.000286
20.497000,0.000146,0.000288
20.498000,0.000146,0.000288
20.499000,0.000146,0.000289
20.500000,0.000146,0.000288
20.501000,0.000146,0.000289
20.502000,0.000146,0.000289
20.503000,0.000146,0.000289
20.504000,0.000146,0.000288
20.505000,0.000146,0.000288
20.506000,0.000146,0.000289
20.507000,0.000146,0.000289
20.508000,0.000146,0.000289
20.509000,0.000147,0.000289
20.510000,0.000146,0.000289
20.511000,0.000146,0.000290
20.512000,0.000147,0.000290
20.513000,0.000146,0.000289
20.514000,0.000146,0.000289
20.515000,0.000147,0.000290
20.516000,0.000147,0.000290
20.517000,0.000148,0.000290
20.518000,0.000148,0.000290
20.519000,0.000149,0.000290
20.520000,0.000148,0.000291
20.521000,0.000148,0.000292
20.522000,0.000148,0.000292
20.523000,0.000148,0.000292
20.524000,0.000148,0.000292
20.525000,0.000148,0.000291
20.526000,0.000148,0.000292
20.527000,0.000148,0.000291
20.528000,0.000147,0.000292
20.529000,0.000147,0.000292
20.530000,0.000147,0.000291
20.531000,0.000146,0.000292
20.532000,0.000146,0.000291
20.533000,0.000146,0.000291
20.534000,0.000146,0.000291
20.535000,0.000146,0.000291
20.536000,0.000146,0.000291
20.537000,0.000146,0.000292
20.538000,0.000147,0.000292
20.539000,0.000147,0.000292
20.540000,0.000147,0.000292
20.541000,0.000147,0.000292
20.542000,0.000148,0.000292
20.543000,0.000147,0.000291
20.544000,0.000147,0.000292
20.545000,0.000148,0.000292
20.546000,0.000148,0.000292
20.547000,0.000147,0.000292
20.548000,0.000148,0.000292
20.549000,0.000148,0.000291
20.550000,0.000147,0.000291
20.551000,0.000147,0.000291
20.552000,0.000147,0.000290
20.553000,0.000146,0.000291
20.554000,0.000147,0.000291
20.555000,0.000147,0.000291
20.556000,0.000147,0.000291
20.557000,0.000147,0.000290
20.558000,0.000147,0.000290
20.559000,0.000147,0.000290
20.560000,0.000146,0.000290
20.561000,0.000146,0.000290
20.562000,0.000146,0.000291
20.563000,0.000146,0.000290
20.564000,0.000146,0.000290
20.565000,0.000146,0.000291
20.566000,0.000147,0.000291
20.567000,0.000146,0.000291
20.568000,0.000147,0.000291
20.569000,0.000147,0.000291
20.570000,0.000147,0.000292
20.571000,0.000147,0.000291
20.572000,0.000147,0.000292
20.573000,0.000146,0.000291
20.574000,0.000146,0.000291
20.575000,0.000146,0.000291
20.576000,0.000146,0.000291
20.577000,0.000146,0.000290
20.578000,0.000145,0.000290
20.579000,0.000145,0.000290
20.580000,0.000145,0.000289
20.581000,0.000144,0.000289
20.582000,0.000145,0.000290
20.583000,0.000144,0.000290
20.584000,0.000145,0.000290
20.585000,0.000145,0.000290
20.586000,0.000145,0.000290
20.587000,0.000145,0.000290
20.588000,0.000145,0.000289
20.589000,0.000145,0.000290
20.590000,0.000144,0.000289
20.591000,0.000144,0.000290
20.592000,0.000145,0.000290
20.593000,0.000145,0.000289
20.594000,0.000146,0.000290
20.595000,0.000146,0.000290
20.596000,0.000146,0.000290
20.597000,0.000146,0.000289
20.598000,0.000146,0.000289
20.599000,0.000146,0.000289
20.600000,0.000145,0.000289
20.601000,0.000146,0.000289
20.602000,0.000146,0.000290
20.603000,0.000146,0.000290
20.604000,0.000146,0.000291
20.605000,0.000146,0.000291
20.606000,0.000146,0.000291
20.607000,0.000146,0.000291
20.608000,0.000146,0.000291
20.609000,0.000146,0.000292
20.610000,0.000145,0.000291
20.611000,0.000145,0.000291
20.612000,0.000145,0.000290
20.613000,0.000144,0.000290
20.614000,0.000143,0.000290
20.615000,0.000143,0.000290
20.616000,0.000144,0.000290
20.617000,0.000144,0.000290
20.618000,0.000144,0.000290
20.619000,0.000143,0.000290
20.620000,0.000143,0.000289
20.621000,0.000143,0.000289
20.622000,0.000142,0.000289
20.623000,0.000143,0.000289
20.624000,0.000142,0.000290
20.625000,0.000143,0.000290
20.626000,0.000142,0.000290
20.627000,0.000143,0.000290
20.628000,0.000143,0.000289
20.629000,0.000143,0.000289
20.630000,0.000143,0.000290
20.631000,0.000144,0.000290
20.632000,0.000144,0.000290
20.633000,0.000144,0.000290
20.634000,0.000144,0.000290
20.635000,0.000143,0.000290
20.636000,0.000143,0.000290
20.637000,0.000143,0.000290
20.638000,0.000142,0.000290
20.639000,0.000142,0.000290
20.640000,0.000142,0.000290
20.641000,0.000142,0.000290
20.642000,0.000142,0.000290
20.643000,0.000142,0.000290
20.644000,0.000142,0.000290
20.645000,0.000142,0.000290
20.646000,0.000142,0.000290
20.647000,0.000142,0.000290
20.648000,0.000141,0.000290
20.649000,0.000142,0.000291
20.650000,0.000142,0.000291
20.651000,0.000141,0.000291
20.652000,0.000142,0.000291
20.653000,0.000141,0.000291
20.654000,0.000141,0.000291
20.655000,0.000141,0.000291
20.656000,0.000140,0.000292
20.657000,0.000140,0.000292
20.658000,0.000140,0.000293
20.659000,0.000141,0.000293
20.660000,0.000141,0.000294
20.661000,0.000142,0.000293
20.662000,0.000141,0.000294
20.663000,0.000142,0.000294
20.664000,0.000142,0.000294
20.665000,0.000142,0.000294
20.666000,0.000142,0.000293
20.667000,0.000142,0.000293
20.668000,0.000141,0.000292
20.669000,0.000140,0.000292
20.670000,0.000140,0.000291
20.671000,0.000140,0.000292
20.672000,0.000140,0.000291
20.673000,0.000140,0.000293
20.674000,0.000140,0.000292
20.675000,0.000140,0.000293
20.676000,0.000140,0.000293
20.677000,0.000139,0.000294
20.678000,0.000140,0.000293
20.679000,0.000140,0.000294
20.680000,0.000140,0.000294
20.681000,0.000141,0.000295
20.682000,0.000141,0.000294
20.683000,0.000141,0.000294
20.684000,0.000141,0.000294
20.685000,0.000141,0.000294
20.686000,0.000140,0.000294
20.687000,0.000140,0.000293
20.688000,0.000140,0.000294
20.689000,0.000140,0.000293
20.690000,0.000141,0.000294
20.691000,0.000141,0.000294
20.692000,0.000141,0.000294
20.693000,0.000141,0.000294
20.694000,0.000141,0.000295
20.695000,0.000141,0.000294
20.696000,0.000141,0.000294
20.697000,0.000140,0.000294
20.698000,0.000140,0.000295
20.699000,0.000140,0.000296
20.700000,0.000141,0.000295
20.701000,0.000141,0.000296
20.702000,0.000141,0.000296
20.703000,0.000141,0.000296
20.704000,0.000141,0.000295
20.705000,0.000141,0.000295
20.706000,0.000140,0.000294
20.707000,0.000140,0.000294
20.708000,0.000140,0.000294
20.709000,0.000140,0.000293
20.710000,0.000141,0.000294
20.711000,0.000142,0.000294
20.712000,0.000142,0.000295
20.713000,0.000142,0.000295
20.714000,0.000142,0.000295
20.715000,0.000142,0.000294
20.716000,0.000141,0.000294
20.717000,0.000141,0.000293
20.718000,0.000141,0.000293
20.719000,0.000140,0.000294
20.720000,0.000141,0.000294
20.721000,0.000141,0.000294
20.722000,0.000141,0.000294
20.723000,0.000141,0.000293
20.724000,0.000141,0.000293
20.725000,0.000141,0.000292
20.726000,0.000141,0.000293
20.727000,0.000141,0.000292
20.728000,0.000141,0.000293
20.729000,0.000141,0.000293
20.730000,0.000141,0.000293
20.731000,0.000141,0.000292
20.732000,0.000141,0.000293
20.733000,0.000141,0.000293
20.734000,0.000141,0.000293
20.735000,0.000141,0.000292
20.736000,0.000141,0.000291
20.737000,0.000141,0.000291
20.738000,0.000141,0.000291
20.739000,0.000141,0.000291
20.740000,0.000141,0.000291
20.741000,0.000141,0.000292
20.742000,0.000140,0.000292
20.743000,0.000140,0.000292
20.744000,0.000141,0.000292
20.745000,0.000140,0.000292
20.746000,0.000140,0.000292
20.747000,0.000141,0.000293
20.748000,0.000141,0.000293
20.749000,0.000141,0.000293
20.750000,0.000141,0.000292
20.751000,0.000141,0.000292
20.752000,0.000142,0.000292
20.753000,0.000141,0.000291
20.754000,0.000142,0.000292
20.755000,0.000142,0.000291
20.756000,0.000142,0.000291
20.757000,0.000143,0.000291
20.758000,0.000143,0.000291
20.759000,0.000143,0.000290
20.760000,0.000142,0.000290
20.761000,0.000143,0.000290
20.762000,0.000143,0.000290
20.763000,0.000143,0.000290
20.764000,0.000143,0.000291
20.765000,0.000142,0.000290
20.766000,0.000143,0.000291
20.767000,0.000143,0.000290
20.768000,0.000143,0.000291
20.769000,0.000144,0.000291
20.770000,0.000144,0.000291
20.771000,0.000144,0.000291
20.772000,0.000144,0.000291
20.773000,0.000144,0.000290
20.774000,0.000144,0.000291
20.775000,0.000144,0.000291
20.776000,0.000144,0.000290
20.777000,0.000144,0.000290
20.778000,0.000143,0.000290
20.779000,0.000143,0.000290
20.780000,0.000143,0.000289
20.781000,0.000143,0.000289
20.782000,0.000143,0.000290
20.783000,0.000143,0.000290
20.784000,0.000144,0.000290
20.785000,0.000143,0.000291
20.786000,0.000144,0.000290
20.787000,0.000144,0.000291
20.788000,0.000144,0.000290
20.789000,0.000144,0.000290
20.790000,0.000144,0.000290
20.791000,0.000144,0.000289
20.792000,0.000144,0.000290
20.793000,0.000143,0.000290
20.794000,0.000143,0.000291
20.795000,0.000144,0.000291
20.796000,0.000144,0.000291
20.797000,0.000144,0.000290
20.798000,0.000144,0.000289
20.799000,0.000144,0.000289
20.800000,0.000143,0.000288
20.801000,0.000144,0.000288
20.802000,0.000143,0.000288
20.803000,0.000143,0.000288
20.804000,0.000144,0.000288
20.805000,0.000143,0.000288
20.806000,0.000144,0.000288
20.807000,0.000144,0.000287
20.808000,0.000143,0.000287
20.809000,0.000143,0.000287
20.810000,0.000143,0.000287
20.811000,0.000142,0.000286
20.812000,0.000142,0.000286
20.813000,0.000142,0.000286
20.814000,0.000143,0.000287
20.815000,0.000142,0.000287
20.816000,0.000142,0.000287
20.817000,0.000142,0.000287
20.818000,0.000142,0.000287
20.819000,0.000142,0.000287
20.820000,0.000142,0.000288
20.821000,0.000142,0.000288
20.822000,0.000143,0.000287
20.823000,0.000143,0.000288
20.824000,0.000143,0.000289
20.825000,0.000143,0.000289
20.826000,0.000143,0.000289
20.827000,0.000142,0.000289
20.828000,0.000142,0.000289
20.829000,0.000142,0.000289
20.830000,0.000142,0.000290
20.831000,0.000143,0.000289
20.832000,0.000143,0.000290
20.833000,0.000143,0.000290
20.834000,0.000143,0.000291
20.835000,0.000142,0.000291
20.836000,0.000143,0.000291
20.837000,0.000143,0.000291
20.838000,0.000143,0.000291
20.839000,0.000142,0.000291
20.840000,0.000142,0.000290
20.841000,0.000142,0.000291
20.842000,0.000141,0.000290
20.843000,0.000142,0.000291
20.844000,0.000141,0.000291
20.845000,0.000142,0.000292
20.846000,0.000142,0.000291
20.847000,0.000141,0.000291
20.848000,0.000141,0.000291
20.849000,0.000142,0.000291
20.850000,0.000142,0.000291
20.851000,0.000142,0.000291
20.852000,0.000141,0.000290
20.853000,0.000142,0.000291
20.854000,0.000142,0.000291
20.855000,0.000142,0.000291
20.856000,0.000141,0.000291
20.857000,0.000141,0.000291
20.858000,0.000141,0.000291
20.859000,0.000141,0.000291
20.860000,0.000141,0.000292
20.861000,0.000141,0.000292
20.862000,0.000141,0.000291
20.863000,0.000141,0.000292
20.864000,0.000141,0.000292
20.865000,0.000142,0.000292
20.866000,0.000142,0.000293
20.867000,0.000142,0.000293
20.868000,0.000142,0.000293
20.869000,0.000141,0.000293
20.870000,0.000141,0.000292
20.871000,0.000141,0.000292
20.872000,0.000141,0.000292
20.873000,0.000141,0.000292
20.874000,0.000141,0.000292
20.875000,0.000141,0.000292
20.876000,0.000141,0.000292
20.877000,0.000141,0.000292
20.878000,0.000142,0.000292
20.879000,0.000142,0.000292
20.880000,0.000142,0.000292
20.881000,0.000142,0.000292
20.882000,0.000142,0.000292
20.883000,0.000142,0.000292
20.884000,0.000141,0.000292
20.885000,0.000141,0.000292
20.886000,0.000141,0.000292
20.887000,0.000141,0.000292
20.888000,0.000141,0.000292
20.889000,0.000141,0.000292
20.890000,0.000141,0.000292
20.891000,0.000141,0.000291
20.892000,0.000141,0.000291
20.893000,0.000141,0.000291
20.894000,0.000141,0.000290
20.895000,0.000141,0.000289
20.896000,0.000141,0.000290
20.897000,0.000141,0.000290
20.898000,0.000142,0.000291
20.899000,0.000142,0.000292
20.900000,0.000142,0.000291
20.901000,0.000142,0.000291
20.902000,0.000142,0.000292
20.903000,0.000142,0.000292
20.904000,0.000142,0.000292
20.905000,0.000142,0.000293
20.906000,0.000143,0.000293
20.907000,0.000143,0.000294
20.908000,0.000144,0.000294
20.909000,0.000144,0.000294
20.910000,0.000145,0.000294
20.911000,0.000144,0.000294
20.912000,0.000145,0.000294
20.913000,0.000145,0.000294
20.914000,0.000145,0.000294
20.915000,0.000146,0.000294
20.916000,0.000146,0.000294
20.917000,0.000146,0.000293
20.918000,0.000146,0.000294
20.919000,0.000146,0.000294
20.920000,0.000146,0.000293
20.921000,0.000146,0.000293
20.922000,0.000146,0.000293
20.923000,0.000145,0.000293
20.924000,0.000145,0.000292
20.925000,0.000145,0.000293
20.926000,0.000146,0.000292
20.927000,0.000146,0.000292
20.928000,0.000146,0.000292
20.929000,0.000146,0.000292
20.930000,0.000146,0.000291
20.931000,0.000145,0.000291
20.932000,0.000145,0.000291
20.933000,0.000145,0.000291
20.934000,0.000145,0.000291
20.935000,0.000146,0.000292
20.936000,0.000145,0.000292
20.937000,0.000146,0.000292
20.938000,0.000145,0.000293
20.939000,0.000146,0.000292
20.940000,0.000146,0.000292
20.941000,0.000147,0.000292
20.942000,0.000147,0.000292
20.943000,0.000147,0.000292
20.944000,0.000148,0.000292
20.945000,0.000148,0.000291
20.946000,0.000148,0.000291
20.947000,0.000147,0.000291
20.948000,0.000147,0.000290
20.949000,0.000146,0.000291
20.950000,0.000146,0.000291
20.951000,0.000146,0.000291
20.952000,0.000147,0.000292
20.953000,0.000147,0.000291
20.954000,0.000146,0.000291
20.955000,0.000146,0.000291
20.956000,0.000147,0.000291
20.957000,0.000147,0.000291
20.958000,0.000147,0.000291
20.959000,0.000147,0.000292
20.960000,0.000147,0.000291
20.961000,0.000147,0.000291
20.962000,0.000147,0.000291
20.963000,0.000146,0.000291
20.964000,0.000146,0.000291
20.965000,0.000145,0.000291
20.966000,0.000145,0.000290
20.967000,0.000145,0.000289
20.968000,0.000146,0.000290
20.969000,0.000146,0.000290
20.970000,0.000146,0.000290
20.971000,0.000147,0.000290
20.972000,0.000147,0.000290
20.973000,0.000146,0.000289
20.974000,0.000146,0.000290
20.975000,0.000147,0.000290
20.976000,0.000147,0.000290
20.977000,0.000148,0.000290
20.978000,0.000148,0.000291
20.979000,0.000148,0.000290
20.980000,0.000148,0.000291
20.981000,0.000148,0.000290
20.982000,0.000147,0.000290
20.983000,0.000148,0.000289
20.984000,0.000148,0.000290
20.985000,0.000148,0.000289
20.986000,0.000148,0.000289
20.987000,0.000148,0.000289
20.988000,0.000147,0.000289
20.989000,0.000147,0.000290
20.990000,0.000147,0.000290
20.991000,0.000147,0.000291
20.992000,0.000148,0.000290
20.993000,0.000148,0.000291
20.994000,0.000148,0.000290
20.995000,0.000147,0.000291
20.996000,0.000148,0.000291
20.997000,0.000148,0.000290
20.998000,0.000146,0.000291
20.999000,0.000146,0.000289
20.950000,0.000146,0.000291
20.951000,0.000146,0.000292
20.952000,0.000147,0.000291
20.953000,0.000147,0.000291
20.954000,0.000147,0.000290
20.955000,0.000147,0.000291
20.956000,0.000147,0.000290
20.957000,0.000147,0.000292
20.958000,0.000147,0.000292
20.959000,0.000148,0.000292
20.960000,0.000147,0.000291
20.961000,0.000147,0.000291
20.962000,0.000148,0.000292
20.963000,0.000147,0.000291
20.964000,0.000147,0.000291
20.965000,0.000146,0.000290
20.966000,0.000146,0.000290
20.967000,0.000146,0.000289
20.968000,0.000146,0.000289
20.969000,0.000147,0.000289
20.970000,0.000147,0.000289
20.971000,0.000147,0.000288
20.972000,0.000147,0.000289
20.973000,0.000147,0.000288
20.974000,0.000147,0.000289
20.975000,0.000147,0.000288
20.976000,0.000148,0.000289
20.977000,0.000148,0.000288
20.978000,0.000148,0.000289
20.979000,0.000148,0.000289
20.980000,0.000148,0.000289
20.981000,0.000147,0.000289
20.982000,0.000147,0.000289
20.983000,0.000148,0.000288
20.984000,0.000147,0.000288
20.985000,0.000148,0.000288
20.986000,0.000147,0.000288
20.987000,0.000148,0.000288
20.988000,0.000147,0.000288
20.989000,0.000147,0.000288
20.990000,0.000147,0.000288
20.991000,0.000148,0.000288
20.992000,0.000148,0.000288
20.993000,0.000148,0.000288
20.994000,0.000148,0.000288
20.995000,0.000147,0.000288
20.996000,0.000147,0.000288
20.997000,0.000147,0.000288
20.998000,0.000146,0.000289
20.999000,0.000147,0.000288
21.000000,0.000147,0.000289
21.001000,0.000147,0.000288
21.002000,0.000147,0.000288
21.003000,0.000147,0.000287
21.004000,0.000147,0.000287
21.005000,0.000146,0.000287
21.006000,0.000146,0.000286
21.007000,0.000145,0.000286
21.008000,0.000145,0.000286
21.009000,0.000145,0.000287
21.010000,0.000145,0.000287
21.011000,0.000146,0.000288
21.012000,0.000146,0.000287
21.013000,0.000146,0.000287
21.014000,0.000145,0.000287
21.015000,0.000145,0.000286
21.016000,0.000145,0.000287
21.017000,0.000144,0.000286
21.018000,0.000145,0.000287
21.019000,0.000146,0.000287
21.020000,0.000145,0.000288
21.021000,0.000145,0.000289
21.022000,0.000145,0.000289
21.023000,0.000146,0.000289
21.024000,0.000146,0.000289
21.025000,0.000146,0.000289
21.026000,0.000146,0.000288
21.027000,0.000146,0.000289
21.028000,0.000146,0.000289
21.029000,0.000145,0.000289
21.030000,0.000146,0.000289
21.031000,0.000146,0.000289
21.032000,0.000146,0.000289
21.033000,0.000146,0.000288
21.034000,0.000146,0.000289
21.035000,0.000146,0.000288
21.036000,0.000146,0.000289
21.037000,0.000146,0.000288
21.038000,0.000146,0.000289
21.039000,0.000146,0.000288
21.040000,0.000146,0.000289
21.041000,0.000146,0.000288
21.042000,0.000146,0.000289
21.043000,0.000146,0.000288
21.044000,0.000146,0.000289
21.045000,0.000146,0.000288
21.046000,0.000146,0.000289
21.047000,0.000147,0.000289
21.048000,0.000146,0.000289
21.049000,0.000146,0.000288
21.050000,0.000146,0.000289
21.051000,0.000146,0.000288
21.052000,0.000146,0.000288
21.053000,0.000146,0.000289
21.054000,0.000145,0.000289
21.055000,0.000145,0.000290
21.056000,0.000145,0.000290
21.057000,0.000145,0.000289
21.058000,0.000145,0.000289
21.059000,0.000145,0.000290
21.060000,0.000145,0.000289
21.061000,0.000145,0.000290
21.062000,0.000145,0.000289
21.063000,0.000145,0.000289
21.064000,0.000145,0.000289
21.065000,0.000145,0.000290
21.066000,0.000145,0.000289
21.067000,0.000146,0.000290
21.068000,0.000145,0.000290
21.069000,0.000145,0.000289
21.070000,0.000145,0.000290
21.071000,0.000145,0.000290
21.072000,0.000145,0.000290
21.073000,0.000144,0.000290
21.074000,0.000145,0.000291
21.075000,0.000145,0.000290
21.076000,0.000145,0.000290
21.077000,0.000145,0.000290
21.078000,0.000145,0.000290
21.079000,0.000145,0.000290
21.080000,0.000145,0.000290
21.081000,0.000145,0.000291
21.082000,0.000146,0.000290
21.083000,0.000145,0.000291
21.084000,0.000145,0.000290
21.085000,0.000145,0.000290
21.086000,0.000145,0.000290
21.087000,0.000145,0.000291
21.088000,0.000144,0.000291
21.089000,0.000145,0.000291
21.090000,0.000144,0.000291
21.091000,0.000144,0.000291
21.092000,0.000144,0.000292
21.093000,0.000144,0.000292
21.094000,0.000144,0.000292
21.095000,0.000144,0.000292
21.096000,0.000144,0.000292
21.097000,0.000144,0.000292
21.098000,0.000144,0.000292
21.099000,0.000143,0.000291
21.100000,0.000143,0.000292
21.101000,0.000143,0.000292
21.102000,0.000143,0.000292
21.103000,0.000143,0.000293
21.104000,0.000143,0.000293
21.105000,0.000144,0.000293
21.106000,0.000144,0.000292
21.107000,0.000144,0.000293
21.108000,0.000144,0.000293
21.109000,0.000144,0.000293
21.110000,0.000144,0.000292
21.111000,0.000143,0.000293
21.112000,0.000143,0.000293
21.113000,0.000143,0.000293
21.114000,0.000144,0.000293
21.115000,0.000144,0.000293
21.116000,0.000144,0.000293
21.117000,0.000145,0.000294
21.118000,0.000143,0.000294
21.119000,0.000143,0.000293
21.120000,0.000143,0.000294
21.121000,0.000144,0.000293
21.122000,0.000144,0.000292
21.123000,0.000144,0.000292
21.124000,0.000143,0.000292
21.125000,0.000143,0.000291
21.126000,0.000143,0.000291
21.127000,0.000143,0.000290
21.128000,0.000143,0.000291
21.129000,0.000143,0.000291
21.130000,0.000143,0.000291
21.131000,0.000143,0.000291
21.132000,0.000144,0.000292
21.133000,0.000143,0.000291
21.134000,0.000143,0.000291
21.135000,0.000143,0.000290
21.136000,0.000144,0.000290
21.137000,0.000143,0.000290
21.138000,0.000144,0.000290
21.139000,0.000143,0.000290
21.140000,0.000143,0.000290
21.141000,0.000144,0.000290
21.142000,0.000144,0.000290
21.143000,0.000144,0.000290
21.144000,0.000144,0.000290
21.145000,0.000144,0.000290
21.146000,0.000144,0.000291
21.147000,0.000144,0.000290
21.148000,0.000144,0.000291
21.149000,0.000144,0.000291
21.150000,0.000144,0.000292
21.151000,0.000144,0.000292
21.152000,0.000144,0.000292
21.153000,0.000145,0.000291
21.154000,0.000145,0.000292
21.155000,0.000145,0.000292
21.156000,0.000145,0.000292
21.157000,0.000145,0.000292
21.158000,0.000144,0.000291
21.159000,0.000144,0.000292
21.160000,0.000144,0.000291
21.161000,0.000144,0.000291
21.162000,0.000144,0.000291
21.163000,0.000145,0.000293
21.164000,0.000145,0.000293
21.165000,0.000145,0.000293
21.166000,0.000145,0.000293
21.167000,0.000144,0.000293
21.168000,0.000145,0.000294
21.169000,0.000145,0.000294
21.170000,0.000145,0.000294
21.171000,0.000145,0.000294
21.172000,0.000145,0.000294
21.173000,0.000145,0.000294
21.174000,0.000145,0.000293
21.175000,0.000145,0.000293
21.176000,0.000144,0.000293
21.177000,0.000144,0.000293
21.178000,0.000144,0.000293
21.179000,0.000144,0.000292
21.180000,0.000144,0.000293
21.181000,0.000144,0.000292
21.182000,0.000144,0.000293
21.183000,0.000144,0.000292
21.184000,0.000144,0.000294
21.185000,0.000145,0.000293
21.186000,0.000145,0.000293
21.187000,0.000145,0.000293
21.188000,0.000146,0.000293
21.189000,0.000146,0.000293
21.190000,0.000146,0.000292
21.191000,0.000146,0.000292
21.192000,0.000147,0.000292
21.193000,0.000146,0.000292
21.194000,0.000146,0.000292
21.195000,0.000146,0.000293
21.196000,0.000147,0.000292
21.197000,0.000147,0.000292
21.198000,0.000147,0.000292
21.199000,0.000147,0.000292
21.200000,0.000148,0.000292
21.201000,0.000147,0.000292
21.202000,0.000147,0.000292
21.203000,0.000148,0.000292
21.204000,0.000148,0.000293
21.205000,0.000147,0.000292
21.206000,0.000148,0.000293
21.207000,0.000148,0.000293
21.208000,0.000148,0.000292
21.209000,0.000148,0.000292
21.210000,0.000147,0.000292
21.211000,0.000147,0.000293
21.212000,0.000148,0.000292
21.213000,0.000147,0.000293
21.214000,0.000148,0.000293
21.215000,0.000147,0.000294
21.216000,0.000147,0.000294
21.217000,0.000147,0.000294
21.218000,0.000148,0.000294
21.219000,0.000148,0.000293
21.220000,0.000148,0.000293
21.221000,0.000148,0.000293
21.222000,0.000148,0.000294
21.223000,0.000148,0.000293
21.224000,0.000148,0.000294
21.225000,0.000149,0.000294
21.226000,0.000149,0.000294
21.227000,0.000149,0.000294
21.228000,0.000149,0.000295
21.229000,0.000149,0.000295
21.230000,0.000149,0.000294
21.231000,0.000149,0.000294
21.232000,0.000149,0.000294
21.233000,0.000149,0.000295
21.234000,0.000150,0.000294
21.235000,0.000150,0.000296
21.236000,0.000150,0.000295
21.237000,0.000151,0.000296
21.238000,0.000150,0.000296
21.239000,0.000149,0.000296
21.240000,0.000149,0.000296
21.241000,0.000149,0.000296
21.242000,0.000149,0.000296
21.243000,0.000149,0.000295
21.244000,0.000149,0.000295
21.245000,0.000150,0.000295
21.246000,0.000150,0.000295
21.247000,0.000150,0.000294
21.248000,0.000150,0.000295
21.249000,0.000150,0.000294
21.250000,0.000151,0.000294
21.251000,0.000152,0.000294
21.252000,0.000152,0.000295
21.253000,0.000152,0.000295
21.254000,0.000151,0.000296
21.255000,0.000152,0.000295
21.256000,0.000152,0.000294
21.257000,0.000152,0.000294
21.258000,0.000152,0.000295
21.259000,0.000152,0.000294
21.260000,0.000152,0.000294
21.261000,0.000151,0.000295
21.262000,0.000151,0.000294
21.263000,0.000150,0.000294
21.264000,0.000150,0.000293
21.265000,0.000150,0.000293
21.266000,0.000150,0.000293
21.267000,0.000150,0.000293
21.268000,0.000150,0.000292
21.269000,0.000150,0.000292
21.270000,0.000150,0.000292
21.271000,0.000150,0.000294
21.272000,0.000150,0.000292
21.273000,0.000150,0.000293
21.274000,0.000150,0.000293
21.275000,0.000150,0.000294
21.276000,0.000151,0.000294
21.277000,0.000151,0.000294
21.278000,0.000151,0.000294
21.279000,0.000151,0.000294
21.280000,0.000151,0.000294
21.281000,0.000151,0.000294
21.282000,0.000151,0.000294
21.283000,0.000150,0.000293
21.284000,0.000151,0.000294
21.285000,0.000151,0.000293
21.286000,0.000151,0.000294
21.287000,0.000151,0.000293
21.288000,0.000150,0.000294
21.289000,0.000150,0.000294
21.290000,0.000150,0.000295
21.291000,0.000150,0.000294
21.292000,0.000150,0.000294
21.293000,0.000150,0.000293
21.294000,0.000150,0.000293
21.295000,0.000150,0.000293
21.296000,0.000150,0.000293
21.297000,0.000150,0.000294
21.298000,0.000151,0.000293
21.299000,0.000151,0.000294
21.300000,0.000150,0.000294
21.301000,0.000150,0.000293
21.302000,0.000150,0.000293
21.303000,0.000149,0.000293
21.304000,0.000149,0.000293
21.305000,0.000149,0.000293
21.306000,0.000149,0.000293
21.307000,0.000149,0.000292
21.308000,0.000149,0.000293
21.309000,0.000149,0.000292
21.310000,0.000149,0.000292
21.311000,0.000149,0.000292
21.312000,0.000149,0.000292
21.313000,0.000149,0.000292
21.314000,0.000149,0.000291
21.315000,0.000150,0.000292
21.316000,0.000150,0.000292
21.317000,0.000150,0.000293
21.318000,0.000150,0.000292
21.319000,0.000150,0.000292
21.320000,0.000149,0.000291
21.321000,0.000149,0.000291
21.322000,0.000150,0.000292
21.323000,0.000150,0.000292
21.324000,0.000150,0.000293
21.325000,0.000149,0.000294
21.326000,0.000148,0.000293
21.327000,0.000148,0.000293
21.328000,0.000148,0.000293
21.329000,0.000148,0.000293
21.330000,0.000148,0.000293
21.331000,0.000148,0.000293
21.332000,0.000147,0.000293
21.333000,0.000148,0.000293
21.334000,0.000147,0.000293
21.335000,0.000147,0.000293
21.336000,0.000147,0.000292
21.337000,0.000147,0.000292
21.338000,0.000148,0.000293
21.339000,0.000148,0.000292
21.340000,0.000147,0.000293
21.341000,0.000147,0.000292
21.342000,0.000147,0.000293
21.343000,0.000146,0.000293
21.344000,0.000147,0.000292
21.345000,0.000146,0.000293
21.346000,0.000145,0.000292
21.347000,0.000145,0.000293
21.348000,0.000146,0.000292
21.349000,0.000146,0.000292
21.350000,0.000145,0.000293
21.351000,0.000146,0.000293
21.352000,0.000145,0.000292
21.353000,0.000145,0.000292
21.354000,0.000145,0.000291
21.355000,0.000145,0.000291
21.356000,0.000145,0.000292
21.357000,0.000145,0.000291
21.358000,0.000145,0.000290
21.359000,0.000144,0.000291
21.360000,0.000144,0.000291
21.361000,0.000145,0.000292
21.362000,0.000145,0.000291
21.363000,0.000145,0.000292
21.364000,0.000145,0.000292
21.365000,0.000145,0.000292
21.366000,0.000147,0.000292
21.367000,0.000147,0.000292
21.368000,0.000147,0.000292
21.369000,0.000147,0.000292
21.370000,0.000147,0.000292
21.371000,0.000147,0.000292
21.372000,0.000147,0.000292
21.373000,0.000148,0.000292
21.374000,0.000148,0.000292
21.375000,0.000147,0.000290
21.376000,0.000147,0.000291
21.377000,0.000147,0.000291
21.378000,0.000147,0.000291
21.379000,0.000147,0.000291
21.380000,0.000147,0.000292
21.381000,0.000147,0.000291
21.382000,0.000146,0.000292
21.383000,0.000147,0.000291
21.384000,0.000146,0.000291
21.385000,0.000146,0.000292
21.386000,0.000146,0.000291
21.387000,0.000147,0.000292
21.388000,0.000146,0.000292
21.389000,0.000147,0.000291
21.390000,0.000147,0.000291
21.391000,0.000148,0.000291
21.392000,0.000148,0.000291
21.393000,0.000149,0.000291
21.394000,0.000148,0.000292
21.395000,0.000148,0.000292
21.396000,0.000147,0.000292
21.397000,0.000148,0.000292
21.398000,0.000147,0.000292
21.399000,0.000148,0.000291
21.400000,0.000148,0.000291
21.401000,0.000148,0.000291
21.402000,0.000148,0.000291
21.403000,0.000149,0.000291
21.404000,0.000148,0.000291
21.405000,0.000148,0.000291
21.406000,0.000148,0.000291
21.407000,0.000149,0.000292
21.408000,0.000148,0.000292
21.409000,0.000148,0.000292
21.410000,0.000148,0.000292
21.411000,0.000148,0.000292
21.412000,0.000148,0.000292
21.413000,0.000148,0.000291
21.414000,0.000147,0.000291
21.415000,0.000147,0.000291
21.416000,0.000147,0.000290
21.417000,0.000147,0.000291
21.418000,0.000147,0.000291
21.419000,0.000148,0.000292
21.420000,0.000148,0.000292
21.421000,0.000148,0.000292
21.422000,0.000147,0.000291
21.423000,0.000147,0.000290
21.424000,0.000147,0.000290
21.425000,0.000147,0.000289
21.426000,0.000149,0.000290
21.427000,0.000148,0.000288
21.428000,0.000148,0.000289
21.429000,0.000148,0.000288
21.430000,0.000148,0.000289
21.431000,0.000148,0.000288
21.432000,0.000148,0.000288
21.433000,0.000147,0.000288
21.434000,0.000147,0.000288
21.435000,0.000147,0.000289
21.436000,0.000147,0.000288
21.437000,0.000147,0.000288
21.438000,0.000147,0.000287
21.439000,0.000147,0.000288
21.440000,0.000147,0.000287
21.441000,0.000147,0.000288
21.442000,0.000147,0.000287
21.443000,0.000147,0.000288
21.444000,0.000147,0.000289
21.445000,0.000147,0.000288
21.446000,0.000147,0.000288
21.447000,0.000147,0.000288
21.448000,0.000147,0.000289
21.449000,0.000146,0.000288
21.450000,0.000146,0.000288
21.451000,0.000146,0.000288
21.452000,0.000146,0.000288
21.453000,0.000146,0.000288
21.454000,0.000147,0.000288
21.455000,0.000146,0.000288
21.456000,0.000146,0.000288
21.457000,0.000147,0.000288
21.458000,0.000147,0.000289
21.459000,0.000148,0.000289
21.460000,0.000147,0.000289
21.461000,0.000147,0.000288
21.462000,0.000147,0.000288
21.463000,0.000148,0.000287
21.464000,0.000147,0.000288
21.465000,0.000147,0.000288
21.466000,0.000146,0.000288
21.467000,0.000146,0.000287
21.468000,0.000146,0.000288
21.469000,0.000146,0.000287
21.470000,0.000145,0.000288
21.471000,0.000145,0.000287
21.472000,0.000145,0.000288
21.473000,0.000145,0.000288
21.474000,0.000144,0.000288
21.475000,0.000145,0.000289
21.476000,0.000145,0.000288
21.477000,0.000145,0.000288
21.478000,0.000145,0.000288
21.479000,0.000145,0.000288
21.480000,0.000146,0.000287
21.481000,0.000146,0.000288
21.482000,0.000146,0.000287
21.483000,0.000146,0.000288
21.484000,0.000147,0.000287
21.485000,0.000146,0.000287
21.486000,0.000146,0.000287
21.487000,0.000145,0.000287
21.488000,0.000146,0.000286
21.489000,0.000144,0.000287
21.490000,0.000144,0.000287
21.491000,0.000144,0.000287
21.492000,0.000143,0.000288
21.493000,0.000142,0.000287
21.494000,0.000143,0.000288
21.495000,0.000143,0.000287
21.496000,0.000143,0.000288
21.497000,0.000143,0.000287
21.498000,0.000143,0.000286
21.499000,0.000142,0.000287
21.450000,0.000146,0.000288
21.451000,0.000146,0.000288
21.452000,0.000146,0.000288
21.453000,0.000146,0.000288
21.454000,0.000146,0.000288
21.455000,0.000146,0.000288
21.456000,0.000146,0.000289
21.457000,0.000147,0.000289
21.458000,0.000147,0.000289
21.459000,0.000148,0.000289
21.460000,0.000147,0.000289
21.461000,0.000147,0.000288
21.462000,0.000147,0.000288
21.463000,0.000148,0.000287
21.464000,0.000147,0.000288
21.465000,0.000148,0.000288
21.466000,0.000147,0.000288
21.467000,0.000147,0.000288
21.468000,0.000146,0.000288
21.469000,0.000147,0.000288
21.470000,0.000146,0.000288
21.471000,0.000146,0.000288
21.472000,0.000147,0.000288
21.473000,0.000146,0.000289
21.474000,0.000146,0.000288
21.475000,0.000146,0.000289
21.476000,0.000146,0.000289
21.477000,0.000146,0.000290
21.478000,0.000146,0.000289
21.479000,0.000147,0.000290
21.480000,0.000147,0.000289
21.481000,0.000147,0.000290
21.482000,0.000147,0.000290
21.483000,0.000146,0.000290
21.484000,0.000147,0.000290
21.485000,0.000147,0.000290
21.486000,0.000147,0.000291
21.487000,0.000146,0.000290
21.488000,0.000147,0.000290
21.489000,0.000146,0.000290
21.490000,0.000145,0.000290
21.491000,0.000146,0.000290
21.492000,0.000145,0.000291
21.493000,0.000145,0.000290
21.494000,0.000146,0.000291
21.495000,0.000146,0.000291
21.496000,0.000146,0.000291
21.497000,0.000146,0.000290
21.498000,0.000146,0.000289
21.499000,0.000145,0.000290
21.500000,0.000145,0.000290
21.501000,0.000145,0.000290
21.502000,0.000146,0.000290
21.503000,0.000146,0.000291
21.504000,0.000146,0.000290
21.505000,0.000146,0.000290
21.506000,0.000146,0.000290
21.507000,0.000145,0.000289
21.508000,0.000145,0.000289
21.509000,0.000145,0.000289
21.510000,0.000145,0.000290
21.511000,0.000145,0.000290
21.512000,0.000145,0.000291
21.513000,0.000146,0.000291
21.514000,0.000146,0.000291
21.515000,0.000146,0.000290
21.516000,0.000146,0.000290
21.517000,0.000145,0.000290
21.518000,0.000145,0.000290
21.519000,0.000145,0.000290
21.520000,0.000145,0.000289
21.521000,0.000145,0.000290
21.522000,0.000146,0.000290
21.523000,0.000146,0.000290
21.524000,0.000146,0.000291
21.525000,0.000146,0.000290
21.526000,0.000145,0.000290
21.527000,0.000145,0.000290
21.528000,0.000146,0.000291
21.529000,0.000146,0.000291
21.530000,0.000146,0.000292
21.531000,0.000147,0.000291
21.532000,0.000146,0.000293
21.533000,0.000147,0.000293
21.534000,0.000147,0.000293
21.535000,0.000147,0.000292
21.536000,0.000147,0.000293
21.537000,0.000146,0.000293
21.538000,0.000146,0.000293
21.539000,0.000146,0.000293
21.540000,0.000146,0.000293
21.541000,0.000145,0.000293
21.542000,0.000146,0.000292
21.543000,0.000146,0.000292
21.544000,0.000145,0.000291
21.545000,0.000146,0.000292
21.546000,0.000145,0.000292
21.547000,0.000145,0.000292
21.548000,0.000146,0.000292
21.549000,0.000147,0.000293
21.550000,0.000147,0.000293
21.551000,0.000146,0.000293
21.552000,0.000146,0.000293
21.553000,0.000146,0.000293
21.554000,0.000146,0.000293
21.555000,0.000146,0.000292
21.556000,0.000146,0.000292
21.557000,0.000145,0.000292
21.558000,0.000146,0.000292
21.559000,0.000145,0.000292
21.560000,0.000145,0.000291
21.561000,0.000146,0.000291
21.562000,0.000145,0.000292
21.563000,0.000145,0.000292
21.564000,0.000145,0.000292
21.565000,0.000145,0.000291
21.566000,0.000144,0.000291
21.567000,0.000144,0.000291
21.568000,0.000144,0.000291
21.569000,0.000145,0.000291
21.570000,0.000144,0.000291
21.571000,0.000144,0.000290
21.572000,0.000144,0.000290
21.573000,0.000144,0.000290
21.574000,0.000144,0.000290
21.575000,0.000144,0.000290
21.576000,0.000144,0.000289
21.577000,0.000145,0.000289
21.578000,0.000145,0.000289
21.579000,0.000144,0.000289
21.580000,0.000144,0.000289
21.581000,0.000144,0.000289
21.582000,0.000144,0.000288
21.583000,0.000145,0.000288
21.584000,0.000145,0.000288
21.585000,0.000145,0.000288
21.586000,0.000146,0.000287
21.587000,0.000145,0.000288
21.588000,0.000145,0.000288
21.589000,0.000145,0.000288
21.590000,0.000145,0.000289
21.591000,0.000145,0.000289
21.592000,0.000145,0.000289
21.593000,0.000145,0.000288
21.594000,0.000144,0.000288
21.595000,0.000144,0.000289
21.596000,0.000145,0.000288
21.597000,0.000144,0.000289
21.598000,0.000144,0.000289
21.599000,0.000144,0.000290
21.600000,0.000144,0.000290
21.601000,0.000144,0.000290
21.602000,0.000143,0.000290
21.603000,0.000143,0.000290
21.604000,0.000143,0.000290
21.605000,0.000143,0.000290
21.606000,0.000143,0.000290
21.607000,0.000143,0.000290
21.608000,0.000143,0.000290
21.609000,0.000143,0.000290
21.610000,0.000143,0.000290
21.611000,0.000143,0.000289
21.612000,0.000143,0.000289
21.613000,0.000144,0.000289
21.614000,0.000144,0.000289
21.615000,0.000144,0.000289
21.616000,0.000144,0.000289
21.617000,0.000144,0.000288
21.618000,0.000144,0.000288
21.619000,0.000144,0.000288
21.620000,0.000144,0.000288
21.621000,0.000144,0.000289
21.622000,0.000144,0.000289
21.623000,0.000144,0.000289
21.624000,0.000143,0.000289
21.625000,0.000144,0.000289
21.626000,0.000144,0.000289
21.627000,0.000144,0.000290
21.628000,0.000143,0.000289
21.629000,0.000143,0.000290
21.630000,0.000144,0.000290
21.631000,0.000144,0.000290
21.632000,0.000144,0.000289
21.633000,0.000144,0.000290
21.634000,0.000144,0.000289
21.635000,0.000143,0.000290
21.636000,0.000143,0.000289
21.637000,0.000143,0.000289
21.638000,0.000143,0.000289
21.639000,0.000143,0.000290
21.640000,0.000143,0.000290
21.641000,0.000143,0.000290
21.642000,0.000143,0.000290
21.643000,0.000143,0.000290
21.644000,0.000144,0.000290
21.645000,0.000143,0.000290
21.646000,0.000144,0.000290
21.647000,0.000144,0.000290
21.648000,0.000144,0.000290
21.649000,0.000144,0.000291
21.650000,0.000144,0.000291
21.651000,0.000144,0.000291
21.652000,0.000144,0.000291
21.653000,0.000144,0.000291
21.654000,0.000145,0.000291
21.655000,0.000144,0.000291
21.656000,0.000145,0.000291
21.657000,0.000145,0.000292
21.658000,0.000145,0.000293
21.659000,0.000145,0.000293
21.660000,0.000145,0.000293
21.661000,0.000144,0.000293
21.662000,0.000144,0.000293
21.663000,0.000145,0.000293
21.664000,0.000145,0.000294
21.665000,0.000145,0.000293
21.666000,0.000145,0.000293
21.667000,0.000144,0.000293
21.668000,0.000144,0.000294
21.669000,0.000144,0.000294
21.670000,0.000144,0.000295
21.671000,0.000145,0.000295
21.672000,0.000144,0.000295
21.673000,0.000145,0.000295
21.674000,0.000144,0.000295
21.675000,0.000144,0.000295
21.676000,0.000144,0.000295
21.677000,0.000143,0.000295
21.678000,0.000143,0.000295
21.679000,0.000143,0.000295
21.680000,0.000143,0.000293
21.681000,0.000143,0.000295
21.682000,0.000144,0.000295
21.683000,0.000142,0.000295
21.684000,0.000142,0.000295
21.685000,0.000142,0.000295
21.686000,0.000143,0.000294
21.687000,0.000143,0.000294
21.688000,0.000143,0.000294
21.689000,0.000142,0.000293
21.690000,0.000142,0.000294
21.691000,0.000142,0.000293
21.692000,0.000142,0.000294
21.693000,0.000142,0.000293
21.694000,0.000142,0.000294
21.695000,0.000142,0.000293
21.696000,0.000143,0.000294
21.697000,0.000143,0.000293
21.698000,0.000143,0.000293
21.699000,0.000142,0.000293
21.700000,0.000143,0.000293
21.701000,0.000142,0.000293
21.702000,0.000142,0.000292
21.703000,0.000142,0.000292
21.704000,0.000143,0.000292
21.705000,0.000142,0.000293
21.706000,0.000143,0.000292
21.707000,0.000143,0.000293
21.708000,0.000143,0.000293
21.709000,0.000143,0.000292
21.710000,0.000142,0.000293
21.711000,0.000141,0.000292
21.712000,0.000142,0.000293
21.713000,0.000142,0.000292
21.714000,0.000142,0.000293
21.715000,0.000141,0.000293
21.716000,0.000142,0.000292
21.717000,0.000141,0.000293
21.718000,0.000142,0.000294
21.719000,0.000143,0.000293
21.720000,0.000142,0.000293
21.721000,0.000143,0.000293
21.722000,0.000143,0.000292
21.723000,0.000143,0.000293
21.724000,0.000143,0.000293
21.725000,0.000143,0.000294
21.726000,0.000144,0.000293
21.727000,0.000143,0.000293
21.728000,0.000143,0.000293
21.729000,0.000143,0.000293
21.730000,0.000143,0.000293
21.731000,0.000143,0.000292
21.732000,0.000142,0.000292
21.733000,0.000141,0.000291
21.734000,0.000142,0.000291
21.735000,0.000143,0.000291
21.736000,0.000143,0.000292
21.737000,0.000143,0.000292
21.738000,0.000143,0.000292
21.739000,0.000144,0.000292
21.740000,0.000145,0.000292
21.741000,0.000145,0.000292
21.742000,0.000145,0.000292
21.743000,0.000144,0.000292
21.744000,0.000144,0.000293
21.745000,0.000144,0.000293
21.746000,0.000143,0.000292
21.747000,0.000142,0.000292
21.748000,0.000142,0.000291
21.749000,0.000142,0.000290
21.750000,0.000141,0.000290
21.751000,0.000141,0.000290
21.752000,0.000142,0.000290
21.753000,0.000142,0.000291
21.754000,0.000142,0.000290
21.755000,0.000142,0.000291
21.756000,0.000142,0.000291
21.757000,0.000142,0.000291
21.758000,0.000142,0.000290
21.759000,0.000142,0.000290
21.760000,0.000143,0.000290
21.761000,0.000142,0.000291
21.762000,0.000142,0.000291
21.763000,0.000142,0.000290
21.764000,0.000142,0.000290
21.765000,0.000142,0.000290
21.766000,0.000142,0.000290
21.767000,0.000142,0.000290
21.768000,0.000141,0.000290
21.769000,0.000142,0.000289
21.770000,0.000142,0.000290
21.771000,0.000141,0.000289
21.772000,0.000141,0.000290
21.773000,0.000141,0.000290
21.774000,0.000142,0.000291
21.775000,0.000142,0.000290
21.776000,0.000142,0.000291
21.777000,0.000143,0.000290
21.778000,0.000142,0.000290
21.779000,0.000142,0.000290
21.780000,0.000143,0.000290
21.781000,0.000143,0.000289
21.782000,0.000143,0.000289
21.783000,0.000143,0.000289
21.784000,0.000143,0.000289
21.785000,0.000143,0.000290
21.786000,0.000142,0.000290
21.787000,0.000142,0.000290
21.788000,0.000143,0.000290
21.789000,0.000143,0.000291
21.790000,0.000143,0.000290
21.791000,0.000144,0.000291
21.792000,0.000143,0.000290
21.793000,0.000144,0.000291
21.794000,0.000143,0.000290
21.795000,0.000142,0.000289
21.796000,0.000142,0.000290
21.797000,0.000142,0.000290
21.798000,0.000142,0.000291
21.799000,0.000143,0.000290
21.800000,0.000143,0.000291
21.801000,0.000144,0.000291
21.802000,0.000144,0.000291
21.803000,0.000144,0.000292
21.804000,0.000143,0.000292
21.805000,0.000143,0.000292
21.806000,0.000143,0.000291
21.807000,0.000144,0.000292
21.808000,0.000144,0.000292
21.809000,0.000144,0.000293
21.810000,0.000145,0.000292
21.811000,0.000145,0.000292
21.812000,0.000145,0.000292
21.813000,0.000145,0.000291
21.814000,0.000145,0.000291
21.815000,0.000145,0.000291
21.816000,0.000145,0.000291
21.817000,0.000145,0.000291
21.818000,0.000144,0.000291
21.819000,0.000144,0.000290
21.820000,0.000144,0.000291
21.821000,0.000144,0.000290
21.822000,0.000143,0.000290
21.823000,0.000143,0.000290
21.824000,0.000142,0.000290
21.825000,0.000142,0.000290
21.826000,0.000143,0.000289
21.827000,0.000143,0.000289
21.828000,0.000144,0.000289
21.829000,0.000143,0.000289
21.830000,0.000144,0.000289
21.831000,0.000144,0.000289
21.832000,0.000144,0.000289
21.833000,0.000144,0.000289
21.834000,0.000144,0.000290
21.835000,0.000144,0.000290
21.836000,0.000144,0.000289
21.837000,0.000144,0.000289
21.838000,0.000145,0.000289
21.839000,0.000144,0.000289
21.840000,0.000144,0.000289
21.841000,0.000143,0.000289
21.842000,0.000144,0.000289
21.843000,0.000145,0.000289
21.844000,0.000144,0.000289
21.845000,0.000144,0.000289
21.846000,0.000144,0.000289
21.847000,0.000144,0.000289
21.848000,0.000144,0.000289
21.849000,0.000144,0.000289
21.850000,0.000145,0.000289
21.851000,0.000144,0.000288
21.852000,0.000144,0.000288
21.853000,0.000144,0.000288
21.854000,0.000144,0.000288
21.855000,0.000144,0.000288
21.856000,0.000144,0.000288
21.857000,0.000145,0.000287
21.858000,0.000144,0.000287
21.859000,0.000145,0.000286
21.860000,0.000144,0.000286
21.861000,0.000144,0.000286
21.862000,0.000144,0.000286
21.863000,0.000143,0.000286
21.864000,0.000145,0.000285
21.865000,0.000145,0.000286
21.866000,0.000146,0.000286
21.867000,0.000146,0.000286
21.868000,0.000146,0.000286
21.869000,0.000146,0.000286
21.870000,0.000146,0.000287
21.871000,0.000146,0.000287
21.872000,0.000145,0.000287
21.873000,0.000145,0.000287
21.874000,0.000145,0.000287
21.875000,0.000145,0.000287
21.876000,0.000145,0.000286
21.877000,0.000145,0.000286
21.878000,0.000146,0.000287
21.879000,0.000146,0.000287
21.880000,0.000146,0.000287
21.881000,0.000146,0.000288
21.882000,0.000146,0.000287
21.883000,0.000146,0.000287
21.884000,0.000146,0.000287
21.885000,0.000147,0.000287
21.886000,0.000147,0.000288
21.887000,0.000147,0.000288
21.888000,0.000147,0.000287
21.889000,0.000147,0.000287
21.890000,0.000147,0.000288
21.891000,0.000146,0.000288
21.892000,0.000147,0.000288
21.893000,0.000148,0.000288
21.894000,0.000148,0.000288
21.895000,0.000148,0.000289
21.896000,0.000147,0.000289
21.897000,0.000148,0.000288
21.898000,0.000148,0.000288
21.899000,0.000148,0.000288
21.900000,0.000147,0.000288
21.901000,0.000148,0.000288
21.902000,0.000148,0.000288
21.903000,0.000148,0.000288
21.904000,0.000148,0.000288
21.905000,0.000149,0.000288
21.906000,0.000148,0.000288
21.907000,0.000149,0.000287
21.908000,0.000148,0.000287
21.909000,0.000149,0.000287
21.910000,0.000148,0.000288
21.911000,0.000149,0.000287
21.912000,0.000148,0.000288
21.913000,0.000148,0.000288
21.914000,0.000147,0.000288
21.915000,0.000148,0.000289
21.916000,0.000148,0.000289
21.917000,0.000148,0.000289
21.918000,0.000147,0.000289
21.919000,0.000148,0.000290
21.920000,0.000148,0.000290
21.921000,0.000148,0.000291
21.922000,0.000148,0.000291
21.923000,0.000149,0.000292
21.924000,0.000149,0.000291
21.925000,0.000149,0.000292
21.926000,0.000148,0.000293
21.927000,0.000148,0.000293
21.928000,0.000148,0.000292
21.929000,0.000148,0.000293
21.930000,0.000149,0.000294
21.931000,0.000149,0.000294
21.932000,0.000149,0.000294
21.933000,0.000149,0.000294
21.934000,0.000149,0.000293
21.935000,0.000149,0.000292
21.936000,0.000149,0.000293
21.937000,0.000148,0.000293
21.938000,0.000148,0.000293
21.939000,0.000148,0.000293
21.940000,0.000147,0.000294
21.941000,0.000148,0.000293
21.942000,0.000148,0.000294
21.943000,0.000148,0.000294
21.944000,0.000149,0.000295
21.945000,0.000149,0.000294
21.946000,0.000150,0.000295
21.947000,0.000150,0.000295
21.948000,0.000150,0.000295
21.949000,0.000150,0.000295
21.950000,0.000150,0.000295
21.951000,0.000150,0.000295
21.952000,0.000150,0.000296
21.953000,0.000150,0.000295
21.954000,0.000150,0.000296
21.955000,0.000150,0.000295
21.956000,0.000150,0.000295
21.957000,0.000150,0.000296
21.958000,0.000150,0.000296
21.959000,0.000150,0.000297
21.960000,0.000150,0.000297
21.961000,0.000150,0.000297
21.962000,0.000151,0.000297
21.963000,0.000151,0.000298
21.964000,0.000150,0.000298
21.965000,0.000150,0.000299
21.966000,0.000150,0.000298
21.967000,0.000150,0.000299
21.968000,0.000150,0.000298
21.969000,0.000150,0.000299
21.970000,0.000151,0.000297
21.971000,0.000151,0.000298
21.972000,0.000152,0.000297
21.973000,0.000152,0.000297
21.974000,0.000152,0.000296
21.975000,0.000152,0.000297
21.976000,0.000152,0.000298
21.977000,0.000152,0.000297
21.978000,0.000152,0.000298
21.979000,0.000151,0.000298
21.980000,0.000150,0.000298
21.981000,0.000150,0.000298
21.982000,0.000151,0.000299
21.983000,0.000151,0.000298
21.984000,0.000151,0.000299
21.985000,0.000150,0.000299
21.986000,0.000150,0.000299
21.987000,0.000150,0.000299
21.988000,0.000149,0.000299
21.989000,0.000150,0.000299
21.990000,0.000150,0.000299
21.991000,0.000150,0.000299
21.992000,0.000149,0.000299
21.993000,0.000148,0.000299
21.994000,0.000149,0.000298
21.995000,0.000149,0.000299
21.996000,0.000150,0.000299
21.997000,0.000149,0.000300
21.998000,0.000149,0.000300
21.999000,0.000149,0.000299
21.950000,0.000150,0.000295
21.951000,0.000150,0.000295
21.952000,0.000151,0.000295
21.953000,0.000150,0.000295
21.954000,0.000150,0.000294
21.955000,0.000151,0.000294
21.956000,0.000150,0.000293
21.957000,0.000150,0.000294
21.958000,0.000151,0.000294
21.959000,0.000150,0.000295
21.960000,0.000151,0.000294
21.961000,0.000150,0.000295
21.962000,0.000151,0.000296
21.963000,0.000151,0.000296
21.964000,0.000150,0.000296
21.965000,0.000149,0.000297
21.966000,0.000150,0.000297
21.967000,0.000150,0.000297
21.968000,0.000150,0.000296
21.969000,0.000151,0.000296
21.970000,0.000151,0.000296
21.971000,0.000150,0.000295
21.972000,0.000151,0.000294
21.973000,0.000151,0.000294
21.974000,0.000150,0.000294
21.975000,0.000150,0.000294
21.976000,0.000151,0.000295
21.977000,0.000151,0.000294
21.978000,0.000150,0.000295
21.979000,0.000150,0.000294
21.980000,0.000149,0.000296
21.981000,0.000149,0.000295
21.982000,0.000149,0.000296
21.983000,0.000150,0.000296
21.984000,0.000149,0.000296
21.985000,0.000149,0.000295
21.986000,0.000149,0.000294
21.987000,0.000149,0.000295
21.988000,0.000148,0.000295
21.989000,0.000148,0.000295
21.990000,0.000148,0.000294
21.991000,0.000148,0.000295
21.992000,0.000147,0.000293
21.993000,0.000147,0.000294
21.994000,0.000148,0.000294
21.995000,0.000148,0.000295
21.996000,0.000148,0.000294
21.997000,0.000148,0.000295
21.998000,0.000147,0.000295
21.999000,0.000147,0.000294
22.000000,0.000147,0.000294
22.001000,0.000147,0.000294
22.002000,0.000147,0.000294
22.003000,0.000147,0.000293
22.004000,0.000147,0.000294
22.005000,0.000146,0.000294
22.006000,0.000146,0.000294
22.007000,0.000146,0.000294
22.008000,0.000145,0.000295
22.009000,0.000145,0.000294
22.010000,0.000145,0.000294
22.011000,0.000145,0.000294
22.012000,0.000145,0.000294
22.013000,0.000145,0.000295
22.014000,0.000146,0.000295
22.015000,0.000146,0.000295
22.016000,0.000146,0.000295
22.017000,0.000146,0.000295
22.018000,0.000146,0.000294
22.019000,0.000146,0.000293
22.020000,0.000146,0.000293
22.021000,0.000145,0.000293
22.022000,0.000146,0.000294
22.023000,0.000146,0.000293
22.024000,0.000145,0.000293
22.025000,0.000144,0.000292
22.026000,0.000144,0.000292
22.027000,0.000144,0.000292
22.028000,0.000144,0.000292
22.029000,0.000144,0.000292
22.030000,0.000144,0.000291
22.031000,0.000143,0.000291
22.032000,0.000143,0.000291
22.033000,0.000143,0.000292
22.034000,0.000143,0.000292
22.035000,0.000144,0.000293
22.036000,0.000145,0.000292
22.037000,0.000145,0.000292
22.038000,0.000145,0.000292
22.039000,0.000145,0.000292
22.040000,0.000145,0.000291
22.041000,0.000145,0.000290
22.042000,0.000145,0.000290
22.043000,0.000144,0.000290
22.044000,0.000144,0.000290
22.045000,0.000144,0.000290
22.046000,0.000144,0.000291
22.047000,0.000144,0.000290
22.048000,0.000144,0.000290
22.049000,0.000144,0.000290
22.050000,0.000144,0.000291
22.051000,0.000144,0.000291
22.052000,0.000144,0.000292
22.053000,0.000144,0.000292
22.054000,0.000144,0.000292
22.055000,0.000144,0.000293
22.056000,0.000144,0.000293
22.057000,0.000144,0.000293
22.058000,0.000144,0.000293
22.059000,0.000144,0.000294
22.060000,0.000144,0.000293
22.061000,0.000143,0.000293
22.062000,0.000144,0.000292
22.063000,0.000144,0.000292
22.064000,0.000144,0.000291
22.065000,0.000144,0.000291
22.066000,0.000144,0.000291
22.067000,0.000144,0.000291
22.068000,0.000144,0.000291
22.069000,0.000144,0.000292
22.070000,0.000143,0.000291
22.071000,0.000144,0.000292
22.072000,0.000144,0.000292
22.073000,0.000144,0.000293
22.074000,0.000144,0.000292
22.075000,0.000145,0.000292
22.076000,0.000144,0.000292
22.077000,0.000144,0.000292
22.078000,0.000145,0.000292
22.079000,0.000145,0.000291
22.080000,0.000144,0.000290
22.081000,0.000144,0.000290
22.082000,0.000144,0.000290
22.083000,0.000144,0.000290
22.084000,0.000145,0.000291
22.085000,0.000144,0.000292
22.086000,0.000144,0.000292
22.087000,0.000144,0.000292
22.088000,0.000144,0.000292
22.089000,0.000144,0.000291
22.090000,0.000144,0.000292
22.091000,0.000144,0.000292
22.092000,0.000144,0.000292
22.093000,0.000144,0.000291
22.094000,0.000144,0.000292
22.095000,0.000144,0.000291
22.096000,0.000144,0.000291
22.097000,0.000144,0.000291
22.098000,0.000144,0.000291
22.099000,0.000144,0.000291
22.100000,0.000145,0.000291
22.101000,0.000145,0.000291
22.102000,0.000146,0.000292
22.103000,0.000146,0.000292
22.104000,0.000146,0.000292
22.105000,0.000146,0.000292
22.106000,0.000147,0.000292
22.107000,0.000147,0.000292
22.108000,0.000148,0.000292
22.109000,0.000148,0.000292
22.110000,0.000148,0.000292
22.111000,0.000147,0.000293
22.112000,0.000147,0.000292
22.113000,0.000147,0.000292
22.114000,0.000147,0.000291
22.115000,0.000147,0.000291
22.116000,0.000147,0.000291
22.117000,0.000146,0.000290
22.118000,0.000146,0.000290
22.119000,0.000146,0.000290
22.120000,0.000146,0.000291
22.121000,0.000146,0.000290
22.122000,0.000147,0.000290
22.123000,0.000146,0.000290
22.124000,0.000147,0.000289
22.125000,0.000147,0.000290
22.126000,0.000147,0.000289
22.127000,0.000148,0.000290
22.128000,0.000147,0.000290
22.129000,0.000147,0.000290
22.130000,0.000147,0.000290
22.131000,0.000147,0.000290
22.132000,0.000147,0.000290
22.133000,0.000147,0.000290
22.134000,0.000147,0.000290
22.135000,0.000147,0.000291
22.136000,0.000146,0.000291
22.137000,0.000146,0.000291
22.138000,0.000146,0.000291
22.139000,0.000145,0.000291
22.140000,0.000145,0.000291
22.141000,0.000145,0.000291
22.142000,0.000146,0.000291
22.143000,0.000146,0.000290
22.144000,0.000146,0.000290
22.145000,0.000146,0.000290
22.146000,0.000147,0.000290
22.147000,0.000147,0.000290
22.148000,0.000147,0.000289
22.149000,0.000148,0.000289
22.150000,0.000148,0.000287
22.151000,0.000149,0.000288
22.152000,0.000148,0.000287
22.153000,0.000148,0.000288
22.154000,0.000148,0.000287
22.155000,0.000148,0.000287
22.156000,0.000148,0.000286
22.157000,0.000146,0.000286
22.158000,0.000147,0.000286
22.159000,0.000147,0.000287
22.160000,0.000147,0.000287
22.161000,0.000147,0.000287
22.162000,0.000147,0.000287
22.163000,0.000147,0.000287
22.164000,0.000147,0.000287
22.165000,0.000147,0.000288
22.166000,0.000146,0.000287
22.167000,0.000147,0.000288
22.168000,0.000146,0.000288
22.169000,0.000146,0.000288
22.170000,0.000146,0.000289
22.171000,0.000146,0.000288
22.172000,0.000146,0.000288
22.173000,0.000146,0.000287
22.174000,0.000146,0.000288
22.175000,0.000146,0.000287
22.176000,0.000146,0.000287
22.177000,0.000145,0.000287
22.178000,0.000145,0.000287
22.179000,0.000145,0.000288
22.180000,0.000145,0.000288
22.181000,0.000145,0.000288
22.182000,0.000145,0.000288
22.183000,0.000144,0.000287
22.184000,0.000144,0.000287
22.185000,0.000145,0.000287
22.186000,0.000144,0.000287
22.187000,0.000145,0.000287
22.188000,0.000144,0.000288
22.189000,0.000145,0.000288
22.190000,0.000144,0.000288
22.191000,0.000145,0.000287
22.192000,0.000145,0.000288
22.193000,0.000145,0.000288
22.194000,0.000145,0.000288
22.195000,0.000144,0.000288
22.196000,0.000144,0.000287
22.197000,0.000145,0.000288
22.198000,0.000145,0.000287
22.199000,0.000145,0.000288
22.200000,0.000145,0.000288
22.201000,0.000145,0.000288
22.202000,0.000144,0.000288
22.203000,0.000144,0.000287
22.204000,0.000144,0.000288
22.205000,0.000144,0.000288
22.206000,0.000143,0.000288
22.207000,0.000144,0.000288
22.208000,0.000144,0.000288
22.209000,0.000144,0.000288
22.210000,0.000144,0.000288
22.211000,0.000145,0.000288
22.212000,0.000145,0.000287
22.213000,0.000146,0.000288
22.214000,0.000146,0.000287
22.215000,0.000146,0.000288
22.216000,0.000146,0.000288
22.217000,0.000146,0.000289
22.218000,0.000147,0.000289
22.219000,0.000146,0.000289
22.220000,0.000147,0.000288
22.221000,0.000147,0.000288
22.222000,0.000146,0.000288
22.223000,0.000146,0.000287
22.224000,0.000146,0.000288
22.225000,0.000146,0.000287
22.226000,0.000146,0.000288
22.227000,0.000147,0.000287
22.228000,0.000147,0.000288
22.229000,0.000148,0.000287
22.230000,0.000147,0.000287
22.231000,0.000147,0.000286
22.232000,0.000147,0.000286
22.233000,0.000147,0.000286
22.234000,0.000147,0.000286
22.235000,0.000146,0.000285
22.236000,0.000147,0.000285
22.237000,0.000147,0.000286
22.238000,0.000148,0.000286
22.239000,0.000148,0.000287
22.240000,0.000148,0.000287
22.241000,0.000148,0.000288
22.242000,0.000148,0.000287
22.243000,0.000147,0.000288
22.244000,0.000147,0.000288
22.245000,0.000147,0.000288
22.246000,0.000147,0.000288
22.247000,0.000147,0.000288
22.248000,0.000146,0.000289
22.249000,0.000146,0.000289
22.250000,0.000146,0.000291
22.251000,0.000145,0.000290
22.252000,0.000145,0.000290
22.253000,0.000145,0.000290
22.254000,0.000145,0.000292
22.255000,0.000145,0.000292
22.256000,0.000145,0.000293
22.257000,0.000146,0.000292
22.258000,0.000145,0.000293
22.259000,0.000146,0.000292
22.260000,0.000146,0.000292
22.261000,0.000146,0.000292
22.262000,0.000146,0.000293
22.263000,0.000146,0.000292
22.264000,0.000146,0.000293
22.265000,0.000146,0.000292
22.266000,0.000146,0.000293
22.267000,0.000146,0.000293
22.268000,0.000146,0.000292
22.269000,0.000146,0.000292
22.270000,0.000147,0.000291
22.271000,0.000147,0.000292
22.272000,0.000147,0.000291
22.273000,0.000147,0.000291
22.274000,0.000147,0.000291
22.275000,0.000147,0.000293
22.276000,0.000148,0.000293
22.277000,0.000148,0.000294
22.278000,0.000148,0.000294
22.279000,0.000147,0.000294
22.280000,0.000148,0.000293
22.281000,0.000149,0.000293
22.282000,0.000149,0.000293
22.283000,0.000150,0.000293
22.284000,0.000151,0.000293
22.285000,0.000150,0.000292
22.286000,0.000151,0.000292
22.287000,0.000151,0.000292
22.288000,0.000151,0.000292
22.289000,0.000151,0.000292
22.290000,0.000151,0.000292
22.291000,0.000151,0.000292
22.292000,0.000151,0.000293
22.293000,0.000151,0.000292
22.294000,0.000151,0.000292
22.295000,0.000151,0.000292
22.296000,0.000152,0.000292
22.297000,0.000151,0.000292
22.298000,0.000150,0.000292
22.299000,0.000150,0.000292
22.300000,0.000150,0.000291
22.301000,0.000151,0.000292
22.302000,0.000151,0.000290
22.303000,0.000151,0.000290
22.304000,0.000151,0.000290
22.305000,0.000150,0.000289
22.306000,0.000149,0.000289
22.307000,0.000149,0.000289
22.308000,0.000148,0.000289
22.309000,0.000149,0.000289
22.310000,0.000149,0.000290
22.311000,0.000149,0.000289
22.312000,0.000147,0.000290
22.313000,0.000148,0.000290
22.314000,0.000147,0.000291
22.315000,0.000148,0.000291
22.316000,0.000147,0.000290
22.317000,0.000148,0.000290
22.318000,0.000147,0.000290
22.319000,0.000148,0.000290
22.320000,0.000148,0.000289
22.321000,0.000148,0.000290
22.322000,0.000148,0.000290
22.323000,0.000148,0.000290
22.324000,0.000148,0.000290
22.325000,0.000148,0.000290
22.326000,0.000148,0.000289
22.327000,0.000148,0.000290
22.328000,0.000148,0.000290
22.329000,0.000147,0.000290
22.330000,0.000147,0.000291
22.331000,0.000148,0.000291
22.332000,0.000148,0.000291
22.333000,0.000148,0.000291
22.334000,0.000147,0.000291
22.335000,0.000147,0.000291
22.336000,0.000147,0.000291
22.337000,0.000148,0.000291
22.338000,0.000147,0.000291
22.339000,0.000147,0.000291
22.340000,0.000148,0.000290
22.341000,0.000148,0.000290
22.342000,0.000148,0.000290
22.343000,0.000149,0.000289
22.344000,0.000148,0.000289
22.345000,0.000148,0.000289
22.346000,0.000148,0.000290
22.347000,0.000148,0.000290
22.348000,0.000147,0.000289
22.349000,0.000148,0.000290
22.350000,0.000148,0.000290
22.351000,0.000148,0.000290
22.352000,0.000148,0.000290
22.353000,0.000149,0.000291
22.354000,0.000148,0.000290
22.355000,0.000148,0.000290
22.356000,0.000149,0.000290
22.357000,0.000149,0.000290
22.358000,0.000149,0.000290
22.359000,0.000149,0.000290
22.360000,0.000149,0.000289
22.361000,0.000148,0.000289
22.362000,0.000148,0.000289
22.363000,0.000148,0.000288
22.364000,0.000148,0.000288
22.365000,0.000148,0.000288
22.366000,0.000148,0.000288
22.367000,0.000148,0.000288
22.368000,0.000148,0.000288
22.369000,0.000149,0.000288
22.370000,0.000148,0.000289
22.371000,0.000148,0.000289
22.372000,0.000148,0.000289
22.373000,0.000149,0.000289
22.374000,0.000149,0.000290
22.375000,0.000148,0.000289
22.376000,0.000149,0.000290
22.377000,0.000148,0.000289
22.378000,0.000148,0.000289
22.379000,0.000148,0.000288
22.380000,0.000147,0.000289
22.381000,0.000147,0.000289
22.382000,0.000146,0.000290
22.383000,0.000146,0.000290
22.384000,0.000146,0.000289
22.385000,0.000146,0.000290
22.386000,0.000146,0.000290
22.387000,0.000145,0.000290
22.388000,0.000146,0.000290
22.389000,0.000146,0.000290
22.390000,0.000145,0.000290
22.391000,0.000146,0.000291
22.392000,0.000145,0.000290
22.393000,0.000145,0.000291
22.394000,0.000145,0.000290
22.395000,0.000145,0.000290
22.396000,0.000144,0.000290
22.397000,0.000145,0.000289
22.398000,0.000146,0.000290
22.399000,0.000146,0.000290
22.400000,0.000146,0.000290
22.401000,0.000145,0.000290
22.402000,0.000146,0.000291
22.403000,0.000144,0.000290
22.404000,0.000145,0.000290
22.405000,0.000145,0.000290
22.406000,0.000146,0.000291
22.407000,0.000146,0.000291
22.408000,0.000146,0.000292
22.409000,0.000146,0.000292
22.410000,0.000146,0.000292
22.411000,0.000146,0.000292
22.412000,0.000147,0.000292
22.413000,0.000146,0.000291
22.414000,0.000146,0.000291
22.415000,0.000145,0.000291
22.416000,0.000146,0.000291
22.417000,0.000146,0.000290
22.418000,0.000146,0.000291
22.419000,0.000145,0.000291
22.420000,0.000145,0.000293
22.421000,0.000145,0.000292
22.422000,0.000145,0.000292
22.423000,0.000145,0.000292
22.424000,0.000145,0.000292
22.425000,0.000145,0.000292
22.426000,0.000145,0.000293
22.427000,0.000145,0.000293
22.428000,0.000145,0.000293
22.429000,0.000145,0.000293
22.430000,0.000145,0.000292
22.431000,0.000145,0.000293
22.432000,0.000145,0.000293
22.433000,0.000145,0.000294
22.434000,0.000145,0.000294
22.435000,0.000145,0.000293
22.436000,0.000146,0.000293
22.437000,0.000145,0.000292
22.438000,0.000145,0.000292
22.439000,0.000145,0.000292
22.440000,0.000145,0.000292
22.441000,0.000144,0.000292
22.442000,0.000144,0.000291
22.443000,0.000144,0.000292
22.444000,0.000145,0.000292
22.445000,0.000145,0.000292
22.446000,0.000146,0.000291
22.447000,0.000145,0.000291
22.448000,0.000145,0.000291
22.449000,0.000145,0.000291
22.450000,0.000145,0.000291
22.451000,0.000145,0.000291
22.452000,0.000145,0.000290
22.453000,0.000144,0.000290
22.454000,0.000145,0.000290
22.455000,0.000144,0.000289
22.456000,0.000145,0.000289
22.457000,0.000144,0.000289
22.458000,0.000145,0.000289
22.459000,0.000144,0.000289
22.460000,0.000144,0.000290
22.461000,0.000145,0.000289
22.462000,0.000145,0.000290
22.463000,0.000145,0.000290
22.464000,0.000145,0.000291
22.465000,0.000145,0.000291
22.466000,0.000145,0.000291
22.467000,0.000145,0.000290
22.468000,0.000145,0.000291
22.469000,0.000144,0.000290
22.470000,0.000144,0.000290
22.471000,0.000144,0.000290
22.472000,0.000145,0.000290
22.473000,0.000144,0.000290
22.474000,0.000143,0.000290
22.475000,0.000144,0.000289
22.476000,0.000143,0.000288
22.477000,0.000144,0.000289
22.478000,0.000144,0.000289
22.479000,0.000144,0.000289
22.480000,0.000145,0.000289
22.481000,0.000145,0.000290
22.482000,0.000144,0.000289
22.483000,0.000144,0.000289
22.484000,0.000145,0.000289
22.485000,0.000144,0.000289
22.486000,0.000144,0.000289
22.487000,0.000144,0.000289
22.488000,0.000144,0.000288
22.489000,0.000144,0.000288
22.490000,0.000145,0.000288
22.491000,0.000144,0.000288
22.492000,0.000145,0.000288
22.493000,0.000145,0.000287
22.494000,0.000146,0.000289
22.495000,0.000146,0.000289
22.496000,0.000145,0.000289
22.497000,0.000146,0.000289
22.498000,0.000145,0.000289
22.499000,0.000145,0.000288
22.450000,0.000145,0.000291
22.451000,0.000145,0.000290
22.452000,0.000145,0.000290
22.453000,0.000144,0.000289
22.454000,0.000144,0.000289
22.455000,0.000143,0.000289
22.456000,0.000143,0.000289
22.457000,0.000143,0.000288
22.458000,0.000143,0.000289
22.459000,0.000143,0.000289
22.460000,0.000143,0.000290
22.461000,0.000143,0.000289
22.462000,0.000143,0.000290
22.463000,0.000143,0.000290
22.464000,0.000143,0.000290
22.465000,0.000143,0.000290
22.466000,0.000143,0.000291
22.467000,0.000143,0.000290
22.468000,0.000143,0.000290
22.469000,0.000142,0.000290
22.470000,0.000142,0.000290
22.471000,0.000142,0.000290
22.472000,0.000143,0.000289
22.473000,0.000142,0.000289
22.474000,0.000141,0.000288
22.475000,0.000141,0.000288
22.476000,0.000142,0.000287
22.477000,0.000142,0.000287
22.478000,0.000142,0.000287
22.479000,0.000142,0.000288
22.480000,0.000143,0.000287
22.481000,0.000143,0.000289
22.482000,0.000144,0.000287
22.483000,0.000144,0.000288
22.484000,0.000144,0.000287
22.485000,0.000144,0.000288
22.486000,0.000144,0.000287
22.487000,0.000145,0.000287
22.488000,0.000144,0.000287
22.489000,0.000145,0.000287
22.490000,0.000145,0.000287
22.491000,0.000145,0.000286
22.492000,0.000146,0.000287
22.493000,0.000146,0.000286
22.494000,0.000146,0.000288
22.495000,0.000146,0.000287
22.496000,0.000146,0.000287
22.497000,0.000146,0.000287
22.498000,0.000145,0.000286
22.499000,0.000146,0.000287
22.500000,0.000146,0.000286
22.501000,0.000147,0.000287
22.502000,0.000147,0.000286
22.503000,0.000147,0.000288
22.504000,0.000147,0.000288
22.505000,0.000147,0.000288
22.506000,0.000147,0.000287
22.507000,0.000146,0.000287
22.508000,0.000146,0.000286
22.509000,0.000147,0.000287
22.510000,0.000146,0.000287
22.511000,0.000146,0.000286
22.512000,0.000146,0.000287
22.513000,0.000147,0.000287
22.514000,0.000147,0.000288
22.515000,0.000148,0.000288
22.516000,0.000147,0.000288
22.517000,0.000147,0.000289
22.518000,0.000147,0.000287
22.519000,0.000148,0.000288
22.520000,0.000148,0.000287
22.521000,0.000148,0.000288
22.522000,0.000148,0.000288
22.523000,0.000147,0.000288
22.524000,0.000148,0.000288
22.525000,0.000148,0.000288
22.526000,0.000148,0.000288
22.527000,0.000148,0.000289
22.528000,0.000148,0.000289
22.529000,0.000148,0.000288
22.530000,0.000148,0.000288
22.531000,0.000148,0.000287
22.532000,0.000148,0.000288
22.533000,0.000149,0.000287
22.534000,0.000149,0.000288
22.535000,0.000149,0.000288
22.536000,0.000149,0.000288
22.537000,0.000149,0.000288
22.538000,0.000150,0.000289
22.539000,0.000149,0.000288
22.540000,0.000149,0.000289
22.541000,0.000149,0.000289
22.542000,0.000149,0.000289
22.543000,0.000149,0.000289
22.544000,0.000148,0.000288
22.545000,0.000148,0.000289
22.546000,0.000146,0.000289
22.547000,0.000147,0.000290
22.548000,0.000148,0.000290
22.549000,0.000148,0.000291
22.550000,0.000149,0.000290
22.551000,0.000149,0.000291
22.552000,0.000149,0.000290
22.553000,0.000149,0.000291
22.554000,0.000150,0.000290
22.555000,0.000150,0.000291
22.556000,0.000150,0.000292
22.557000,0.000150,0.000292
22.558000,0.000151,0.000292
22.559000,0.000150,0.000291
22.560000,0.000150,0.000290
22.561000,0.000151,0.000290
22.562000,0.000151,0.000291
22.563000,0.000151,0.000290
22.564000,0.000150,0.000290
22.565000,0.000151,0.000290
22.566000,0.000150,0.000290
22.567000,0.000150,0.000289
22.568000,0.000150,0.000291
22.569000,0.000150,0.000290
22.570000,0.000150,0.000291
22.571000,0.000151,0.000291
22.572000,0.000151,0.000292
22.573000,0.000151,0.000292
22.574000,0.000151,0.000293
22.575000,0.000151,0.000293
22.576000,0.000151,0.000294
22.577000,0.000151,0.000294
22.578000,0.000150,0.000294
22.579000,0.000152,0.000293
22.580000,0.000151,0.000293
22.581000,0.000151,0.000292
22.582000,0.000150,0.000292
22.583000,0.000149,0.000292
22.584000,0.000149,0.000293
22.585000,0.000149,0.000293
22.586000,0.000150,0.000293
22.587000,0.000149,0.000293
22.588000,0.000150,0.000293
22.589000,0.000149,0.000293
22.590000,0.000149,0.000293
22.591000,0.000149,0.000293
22.592000,0.000149,0.000293
22.593000,0.000149,0.000293
22.594000,0.000149,0.000293
22.595000,0.000149,0.000293
22.596000,0.000149,0.000294
22.597000,0.000150,0.000294
22.598000,0.000150,0.000294
22.599000,0.000149,0.000294
22.600000,0.000147,0.000294
22.601000,0.000148,0.000294
22.602000,0.000147,0.000294
22.603000,0.000148,0.000294
22.604000,0.000148,0.000294
22.605000,0.000148,0.000294
22.606000,0.000149,0.000293
22.607000,0.000149,0.000294
22.608000,0.000150,0.000294
22.609000,0.000149,0.000293
22.610000,0.000149,0.000293
22.611000,0.000149,0.000293
22.612000,0.000148,0.000292
22.613000,0.000148,0.000292
22.614000,0.000149,0.000292
22.615000,0.000148,0.000292
22.616000,0.000149,0.000293
22.617000,0.000148,0.000292
22.618000,0.000149,0.000292
22.619000,0.000148,0.000292
22.620000,0.000148,0.000291
22.621000,0.000148,0.000291
22.622000,0.000149,0.000290
22.623000,0.000149,0.000290
22.624000,0.000150,0.000290
22.625000,0.000149,0.000290
22.626000,0.000149,0.000290
22.627000,0.000149,0.000289
22.628000,0.000150,0.000289
22.629000,0.000149,0.000289
22.630000,0.000150,0.000289
22.631000,0.000149,0.000289
22.632000,0.000149,0.000290
22.633000,0.000149,0.000289
22.634000,0.000148,0.000289
22.635000,0.000148,0.000289
22.636000,0.000149,0.000289
22.637000,0.000148,0.000289
22.638000,0.000148,0.000289
22.639000,0.000148,0.000289
22.640000,0.000148,0.000289
22.641000,0.000148,0.000289
22.642000,0.000148,0.000288
22.643000,0.000148,0.000289
22.644000,0.000148,0.000288
22.645000,0.000148,0.000288
22.646000,0.000149,0.000288
22.647000,0.000148,0.000287
22.648000,0.000149,0.000288
22.649000,0.000149,0.000288
22.650000,0.000149,0.000288
22.651000,0.000149,0.000288
22.652000,0.000148,0.000288
22.653000,0.000149,0.000287
22.654000,0.000148,0.000288
22.655000,0.000149,0.000287
22.656000,0.000148,0.000287
22.657000,0.000148,0.000286
22.658000,0.000148,0.000286
22.659000,0.000148,0.000286
22.660000,0.000148,0.000287
22.661000,0.000147,0.000287
22.662000,0.000148,0.000286
22.663000,0.000149,0.000287
22.664000,0.000149,0.000287
22.665000,0.000149,0.000288
22.666000,0.000150,0.000288
22.667000,0.000150,0.000288
22.668000,0.000150,0.000288
22.669000,0.000150,0.000288
22.670000,0.000150,0.000287
22.671000,0.000150,0.000288
22.672000,0.000150,0.000288
22.673000,0.000150,0.000288
22.674000,0.000150,0.000287
22.675000,0.000150,0.000288
22.676000,0.000150,0.000287
22.677000,0.000150,0.000288
22.678000,0.000150,0.000287
22.679000,0.000148,0.000288
22.680000,0.000150,0.000288
22.681000,0.000149,0.000289
22.682000,0.000150,0.000288
22.683000,0.000150,0.000287
22.684000,0.000150,0.000287
22.685000,0.000150,0.000287
22.686000,0.000150,0.000287
22.687000,0.000150,0.000288
22.688000,0.000151,0.000287
22.689000,0.000151,0.000287
22.690000,0.000151,0.000287
22.691000,0.000150,0.000287
22.692000,0.000150,0.000287
22.693000,0.000150,0.000286
22.694000,0.000150,0.000286
22.695000,0.000150,0.000285
22.696000,0.000150,0.000286
22.697000,0.000150,0.000285
22.698000,0.000150,0.000286
22.699000,0.000151,0.000286
22.700000,0.000151,0.000286
22.701000,0.000151,0.000286
22.702000,0.000151,0.000285
22.703000,0.000151,0.000286
22.704000,0.000150,0.000285
22.705000,0.000149,0.000285
22.706000,0.000150,0.000285
22.707000,0.000151,0.000286
22.708000,0.000150,0.000285
22.709000,0.000150,0.000286
22.710000,0.000150,0.000286
22.711000,0.000150,0.000286
22.712000,0.000150,0.000286
22.713000,0.000149,0.000286
22.714000,0.000149,0.000286
22.715000,0.000149,0.000285
22.716000,0.000149,0.000285
22.717000,0.000149,0.000285
22.718000,0.000149,0.000286
22.719000,0.000149,0.000286
22.720000,0.000149,0.000287
22.721000,0.000149,0.000287
22.722000,0.000149,0.000287
22.723000,0.000149,0.000287
22.724000,0.000148,0.000287
22.725000,0.000148,0.000287
22.726000,0.000148,0.000287
22.727000,0.000148,0.000288
22.728000,0.000148,0.000287
22.729000,0.000147,0.000288
22.730000,0.000147,0.000287
22.731000,0.000147,0.000287
22.732000,0.000149,0.000287
22.733000,0.000148,0.000287
22.734000,0.000148,0.000287
22.735000,0.000148,0.000286
22.736000,0.000147,0.000287
22.737000,0.000148,0.000287
22.738000,0.000147,0.000288
22.739000,0.000148,0.000288
22.740000,0.000148,0.000288
22.741000,0.000148,0.000288
22.742000,0.000148,0.000289
22.743000,0.000149,0.000288
22.744000,0.000149,0.000289
22.745000,0.000149,0.000290
22.746000,0.000149,0.000290
22.747000,0.000149,0.000289
22.748000,0.000148,0.000289
22.749000,0.000148,0.000288
22.750000,0.000148,0.000289
22.751000,0.000148,0.000288
22.752000,0.000148,0.000288
22.753000,0.000147,0.000289
22.754000,0.000148,0.000288
22.755000,0.000148,0.000289
22.756000,0.000148,0.000288
22.757000,0.000148,0.000289
22.758000,0.000149,0.000289
22.759000,0.000148,0.000289
22.760000,0.000149,0.000289
22.761000,0.000148,0.000290
22.762000,0.000148,0.000289
22.763000,0.000148,0.000289
22.764000,0.000148,0.000289
22.765000,0.000147,0.000288
22.766000,0.000147,0.000287
22.767000,0.000147,0.000288
22.768000,0.000147,0.000288
22.769000,0.000147,0.000288
22.770000,0.000147,0.000288
22.771000,0.000147,0.000287
22.772000,0.000147,0.000287
22.773000,0.000146,0.000286
22.774000,0.000146,0.000286
22.775000,0.000146,0.000286
22.776000,0.000146,0.000287
22.777000,0.000146,0.000286
22.778000,0.000147,0.000286
22.779000,0.000147,0.000285
22.780000,0.000146,0.000286
22.781000,0.000147,0.000286
22.782000,0.000147,0.000287
22.783000,0.000147,0.000287
22.784000,0.000147,0.000287
22.785000,0.000147,0.000287
22.786000,0.000147,0.000286
22.787000,0.000147,0.000286
22.788000,0.000146,0.000285
22.789000,0.000145,0.000286
22.790000,0.000145,0.000286
22.791000,0.000145,0.000286
22.792000,0.000146,0.000286
22.793000,0.000146,0.000287
22.794000,0.000146,0.000287
22.795000,0.000146,0.000287
22.796000,0.000146,0.000287
22.797000,0.000145,0.000287
22.798000,0.000145,0.000286
22.799000,0.000145,0.000285
22.800000,0.000145,0.000286
22.801000,0.000145,0.000285
22.802000,0.000145,0.000287
22.803000,0.000146,0.000286
22.804000,0.000146,0.000286
22.805000,0.000146,0.000286
22.806000,0.000146,0.000285
22.807000,0.000145,0.000285
22.808000,0.000146,0.000285
22.809000,0.000145,0.000286
22.810000,0.000145,0.000285
22.811000,0.000145,0.000286
22.812000,0.000146,0.000285
22.813000,0.000146,0.000286
22.814000,0.000146,0.000286
22.815000,0.000146,0.000286
22.816000,0.000146,0.000287
22.817000,0.000146,0.000286
22.818000,0.000146,0.000287
22.819000,0.000146,0.000286
22.820000,0.000146,0.000287
22.821000,0.000147,0.000286
22.822000,0.000145,0.000287
22.823000,0.000146,0.000287
22.824000,0.000145,0.000286
22.825000,0.000146,0.000287
22.826000,0.000146,0.000286
22.827000,0.000146,0.000287
22.828000,0.000146,0.000286
22.829000,0.000146,0.000287
22.830000,0.000147,0.000287
22.831000,0.000147,0.000288
22.832000,0.000146,0.000289
22.833000,0.000146,0.000289
22.834000,0.000147,0.000289
22.835000,0.000147,0.000289
22.836000,0.000147,0.000289
22.837000,0.000147,0.000288
22.838000,0.000147,0.000288
22.839000,0.000146,0.000288
22.840000,0.000147,0.000288
22.841000,0.000147,0.000288
22.842000,0.000147,0.000288
22.843000,0.000147,0.000287
22.844000,0.000147,0.000287
22.845000,0.000147,0.000286
22.846000,0.000146,0.000287
22.847000,0.000146,0.000287
22.848000,0.000146,0.000286
22.849000,0.000146,0.000286
22.850000,0.000145,0.000286
22.851000,0.000146,0.000286
22.852000,0.000145,0.000286
22.853000,0.000146,0.000286
22.854000,0.000146,0.000285
22.855000,0.000146,0.000286
22.856000,0.000146,0.000286
22.857000,0.000145,0.000286
22.858000,0.000146,0.000286
22.859000,0.000145,0.000285
22.860000,0.000146,0.000285
22.861000,0.000146,0.000285
22.862000,0.000146,0.000285
22.863000,0.000146,0.000286
22.864000,0.000146,0.000286
22.865000,0.000146,0.000287
22.866000,0.000146,0.000287
22.867000,0.000147,0.000286
22.868000,0.000146,0.000286
22.869000,0.000146,0.000286
22.870000,0.000146,0.000286
22.871000,0.000146,0.000286
22.872000,0.000146,0.000285
22.873000,0.000146,0.000286
22.874000,0.000146,0.000286
22.875000,0.000146,0.000285
22.876000,0.000146,0.000286
22.877000,0.000146,0.000285
22.878000,0.000145,0.000285
22.879000,0.000145,0.000285
22.880000,0.000145,0.000285
22.881000,0.000145,0.000285
22.882000,0.000144,0.000285
22.883000,0.000144,0.000285
22.884000,0.000143,0.000285
22.885000,0.000143,0.000285
22.886000,0.000143,0.000286
22.887000,0.000143,0.000286
22.888000,0.000143,0.000286
22.889000,0.000144,0.000286
22.890000,0.000144,0.000286
22.891000,0.000144,0.000286
22.892000,0.000143,0.000285
22.893000,0.000143,0.000286
22.894000,0.000143,0.000286
22.895000,0.000144,0.000286
22.896000,0.000144,0.000286
22.897000,0.000144,0.000286
22.898000,0.000144,0.000286
22.899000,0.000145,0.000287
22.900000,0.000144,0.000286
22.901000,0.000144,0.000287
22.902000,0.000143,0.000287
22.903000,0.000144,0.000287
22.904000,0.000143,0.000287
22.905000,0.000144,0.000287
22.906000,0.000143,0.000287
22.907000,0.000144,0.000287
22.908000,0.000143,0.000287
22.909000,0.000144,0.000286
22.910000,0.000144,0.000286
22.911000,0.000144,0.000287
22.912000,0.000143,0.000287
22.913000,0.000144,0.000287
22.914000,0.000143,0.000286
22.915000,0.000143,0.000286
22.916000,0.000143,0.000285
22.917000,0.000143,0.000286
22.918000,0.000143,0.000286
22.919000,0.000143,0.000285
22.920000,0.000142,0.000285
22.921000,0.000142,0.000285
22.922000,0.000143,0.000284
22.923000,0.000143,0.000285
22.924000,0.000143,0.000285
22.925000,0.000143,0.000286
22.926000,0.000143,0.000286
22.927000,0.000143,0.000286
22.928000,0.000143,0.000286
22.929000,0.000143,0.000286
22.930000,0.000143,0.000286
22.931000,0.000143,0.000286
22.932000,0.000143,0.000286
22.933000,0.000144,0.000286
22.934000,0.000143,0.000285
22.935000,0.000143,0.000285
22.936000,0.000143,0.000285
22.937000,0.000143,0.000285
22.938000,0.000144,0.000285
22.939000,0.000144,0.000285
22.940000,0.000143,0.000286
22.941000,0.000143,0.000285
22.942000,0.000143,0.000286
22.943000,0.000143,0.000286
22.944000,0.000143,0.000286
22.945000,0.000143,0.000286
22.946000,0.000144,0.000287
22.947000,0.000144,0.000287
22.948000,0.000144,0.000286
22.949000,0.000145,0.000287
22.950000,0.000145,0.000288
22.951000,0.000145,0.000287
22.952000,0.000145,0.000288
22.953000,0.000145,0.000288
22.954000,0.000145,0.000288
22.955000,0.000145,0.000287
22.956000,0.000144,0.000288
22.957000,0.000145,0.000288
22.958000,0.000144,0.000288
22.959000,0.000145,0.000288
22.960000,0.000145,0.000288
22.961000,0.000145,0.000288
22.962000,0.000144,0.000288
22.963000,0.000145,0.000288
22.964000,0.000144,0.000287
22.965000,0.000145,0.000287
22.966000,0.000145,0.000287
22.967000,0.000144,0.000287
22.968000,0.000144,0.000287
22.969000,0.000145,0.000288
22.970000,0.000144,0.000288
22.971000,0.000144,0.000289
22.972000,0.000145,0.000288
22.973000,0.000145,0.000289
22.974000,0.000144,0.000289
22.975000,0.000145,0.000289
22.976000,0.000146,0.000288
22.977000,0.000146,0.000289
22.978000,0.000146,0.000289
22.979000,0.000146,0.000289
22.980000,0.000146,0.000289
22.981000,0.000146,0.000289
22.982000,0.000147,0.000289
22.983000,0.000146,0.000288
22.984000,0.000147,0.000289
22.985000,0.000147,0.000289
22.986000,0.000147,0.000290
22.987000,0.000147,0.000290
22.988000,0.000147,0.000290
22.989000,0.000147,0.000289
22.990000,0.000147,0.000290
22.991000,0.000148,0.000290
22.992000,0.000148,0.000290
22.993000,0.000148,0.000289
22.994000,0.000147,0.000290
22.995000,0.000147,0.000290
22.996000,0.000147,0.000290
22.997000,0.000146,0.000290
22.998000,0.000148,0.000290
22.999000,0.000147,0.000291
22.950000,0.000145,0.000288
22.951000,0.000146,0.000288
22.952000,0.000146,0.000289
22.953000,0.000146,0.000288
22.954000,0.000145,0.000289
22.955000,0.000145,0.000288
22.956000,0.000146,0.000289
22.957000,0.000145,0.000288
22.958000,0.000145,0.000288
22.959000,0.000145,0.000289
22.960000,0.000144,0.000288
22.961000,0.000144,0.000288
22.962000,0.000144,0.000288
22.963000,0.000144,0.000289
22.964000,0.000143,0.000288
22.965000,0.000143,0.000288
22.966000,0.000143,0.000288
22.967000,0.000143,0.000289
22.968000,0.000143,0.000289
22.969000,0.000144,0.000290
22.970000,0.000144,0.000289
22.971000,0.000143,0.000290
22.972000,0.000144,0.000290
22.973000,0.000144,0.000290
22.974000,0.000144,0.000290
22.975000,0.000144,0.000290
22.976000,0.000144,0.000290
22.977000,0.000144,0.000290
22.978000,0.000144,0.000291
22.979000,0.000144,0.000291
22.980000,0.000144,0.000291
22.981000,0.000144,0.000290
22.982000,0.000144,0.000291
22.983000,0.000144,0.000290
22.984000,0.000145,0.000292
22.985000,0.000145,0.000292
22.986000,0.000145,0.000292
22.987000,0.000145,0.000293
22.988000,0.000145,0.000293
22.989000,0.000145,0.000293
22.990000,0.000145,0.000293
22.991000,0.000145,0.000293
22.992000,0.000145,0.000293
22.993000,0.000145,0.000293
22.994000,0.000145,0.000293
22.995000,0.000144,0.000293
22.996000,0.000144,0.000292
22.997000,0.000144,0.000293
22.998000,0.000145,0.000294
22.999000,0.000145,0.000293
23.000000,0.000146,0.000293
23.001000,0.000145,0.000292
23.002000,0.000146,0.000292
23.003000,0.000144,0.000293
23.004000,0.000144,0.000293
23.005000,0.000144,0.000292
23.006000,0.000144,0.000293
23.007000,0.000144,0.000292
23.008000,0.000145,0.000292
23.009000,0.000145,0.000291
23.010000,0.000145,0.000292
23.011000,0.000144,0.000291
23.012000,0.000145,0.000291
23.013000,0.000144,0.000291
23.014000,0.000145,0.000291
23.015000,0.000144,0.000292
23.016000,0.000145,0.000292
23.017000,0.000144,0.000292
23.018000,0.000145,0.000292
23.019000,0.000145,0.000292
23.020000,0.000146,0.000292
23.021000,0.000145,0.000291
23.022000,0.000145,0.000291
23.023000,0.000144,0.000291
23.024000,0.000145,0.000292
23.025000,0.000145,0.000291
23.026000,0.000145,0.000293
23.027000,0.000145,0.000291
23.028000,0.000145,0.000291
23.029000,0.000145,0.000291
23.030000,0.000145,0.000290
23.031000,0.000144,0.000290
23.032000,0.000145,0.000290
23.033000,0.000144,0.000290
23.034000,0.000145,0.000291
23.035000,0.000145,0.000291
23.036000,0.000145,0.000290
23.037000,0.000145,0.000291
23.038000,0.000145,0.000290
23.039000,0.000145,0.000291
23.040000,0.000145,0.000290
23.041000,0.000145,0.000290
23.042000,0.000145,0.000290
23.043000,0.000145,0.000290
23.044000,0.000145,0.000289
23.045000,0.000145,0.000290
23.046000,0.000145,0.000290
23.047000,0.000145,0.000290
23.048000,0.000146,0.000291
23.049000,0.000145,0.000290
23.050000,0.000146,0.000290
23.051000,0.000146,0.000289
23.052000,0.000146,0.000289
23.053000,0.000146,0.000289
23.054000,0.000145,0.000290
23.055000,0.000146,0.000289
23.056000,0.000145,0.000289
23.057000,0.000146,0.000289
23.058000,0.000146,0.000289
23.059000,0.000147,0.000289
23.060000,0.000148,0.000290
23.061000,0.000148,0.000289
23.062000,0.000148,0.000289
23.063000,0.000148,0.000289
23.064000,0.000148,0.000289
23.065000,0.000148,0.000289
23.066000,0.000148,0.000289
23.067000,0.000148,0.000289
23.068000,0.000148,0.000288
23.069000,0.000148,0.000288
23.070000,0.000147,0.000288
23.071000,0.000148,0.000288
23.072000,0.000147,0.000288
23.073000,0.000147,0.000288
23.074000,0.000147,0.000288
23.075000,0.000148,0.000289
23.076000,0.000149,0.000288
23.077000,0.000149,0.000288
23.078000,0.000149,0.000287
23.079000,0.000149,0.000288
23.080000,0.000149,0.000288
23.081000,0.000149,0.000288
23.082000,0.000149,0.000288
23.083000,0.000151,0.000288
23.084000,0.000150,0.000288
23.085000,0.000150,0.000287
23.086000,0.000150,0.000287
23.087000,0.000150,0.000287
23.088000,0.000149,0.000287
23.089000,0.000150,0.000287
23.090000,0.000150,0.000287
23.091000,0.000151,0.000287
23.092000,0.000151,0.000287
23.093000,0.000151,0.000287
23.094000,0.000151,0.000287
23.095000,0.000151,0.000287
23.096000,0.000151,0.000287
23.097000,0.000151,0.000287
23.098000,0.000151,0.000287
23.099000,0.000151,0.000288
23.100000,0.000151,0.000287
23.101000,0.000151,0.000288
23.102000,0.000151,0.000288
23.103000,0.000151,0.000288
23.104000,0.000151,0.000288
23.105000,0.000151,0.000288
23.106000,0.000151,0.000288
23.107000,0.000151,0.000289
23.108000,0.000151,0.000289
23.109000,0.000151,0.000290
23.110000,0.000151,0.000289
23.111000,0.000151,0.000289
23.112000,0.000151,0.000289
23.113000,0.000151,0.000288
23.114000,0.000151,0.000288
23.115000,0.000151,0.000288
23.116000,0.000150,0.000288
23.117000,0.000151,0.000288
23.118000,0.000150,0.000288
23.119000,0.000150,0.000289
23.120000,0.000150,0.000289
23.121000,0.000150,0.000288
23.122000,0.000150,0.000289
23.123000,0.000151,0.000289
23.124000,0.000151,0.000288
23.125000,0.000151,0.000288
23.126000,0.000151,0.000288
23.127000,0.000151,0.000289
23.128000,0.000152,0.000288
23.129000,0.000152,0.000288
23.130000,0.000151,0.000289
23.131000,0.000152,0.000288
23.132000,0.000152,0.000288
23.133000,0.000152,0.000288
23.134000,0.000152,0.000287
23.135000,0.000152,0.000288
23.136000,0.000152,0.000288
23.137000,0.000153,0.000288
23.138000,0.000152,0.000288
23.139000,0.000152,0.000287
23.140000,0.000152,0.000288
23.141000,0.000152,0.000288
23.142000,0.000152,0.000288
23.143000,0.000152,0.000288
23.144000,0.000152,0.000289
23.145000,0.000152,0.000287
23.146000,0.000151,0.000287
23.147000,0.000151,0.000287
23.148000,0.000150,0.000287
23.149000,0.000150,0.000288
23.150000,0.000150,0.000287
23.151000,0.000150,0.000288
23.152000,0.000150,0.000287
23.153000,0.000150,0.000287
23.154000,0.000150,0.000287
23.155000,0.000150,0.000288
23.156000,0.000150,0.000288
23.157000,0.000150,0.000289
23.158000,0.000150,0.000289
23.159000,0.000149,0.000288
23.160000,0.000149,0.000288
23.161000,0.000149,0.000289
23.162000,0.000149,0.000288
23.163000,0.000149,0.000288
23.164000,0.000149,0.000288
23.165000,0.000148,0.000288
23.166000,0.000149,0.000288
23.167000,0.000149,0.000288
23.168000,0.000148,0.000288
23.169000,0.000148,0.000288
23.170000,0.000148,0.000289
23.171000,0.000149,0.000289
23.172000,0.000149,0.000289
23.173000,0.000148,0.000289
23.174000,0.000148,0.000290
23.175000,0.000148,0.000290
23.176000,0.000148,0.000290
23.177000,0.000148,0.000289
23.178000,0.000148,0.000290
23.179000,0.000149,0.000290
23.180000,0.000149,0.000290
23.181000,0.000149,0.000290
23.182000,0.000149,0.000290
23.183000,0.000148,0.000290
23.184000,0.000147,0.000290
23.185000,0.000147,0.000290
23.186000,0.000148,0.000289
23.187000,0.000148,0.000289
23.188000,0.000148,0.000289
23.189000,0.000148,0.000289
23.190000,0.000147,0.000289
23.191000,0.000147,0.000289
23.192000,0.000147,0.000289
23.193000,0.000147,0.000289
23.194000,0.000147,0.000289
23.195000,0.000147,0.000288
23.196000,0.000146,0.000289
23.197000,0.000146,0.000289
23.198000,0.000146,0.000289
23.199000,0.000146,0.000289
23.200000,0.000146,0.000289
23.201000,0.000146,0.000289
23.202000,0.000146,0.000289
23.203000,0.000146,0.000289
23.204000,0.000145,0.000289
23.205000,0.000146,0.000289
23.206000,0.000146,0.000289
23.207000,0.000145,0.000289
23.208000,0.000145,0.000289
23.209000,0.000145,0.000289
23.210000,0.000144,0.000289
23.211000,0.000145,0.000289
23.212000,0.000145,0.000290
23.213000,0.000145,0.000290
23.214000,0.000145,0.000289
23.215000,0.000145,0.000289
23.216000,0.000145,0.000289
23.217000,0.000145,0.000290
23.218000,0.000145,0.000289
23.219000,0.000146,0.000289
23.220000,0.000146,0.000288
23.221000,0.000146,0.000289
23.222000,0.000146,0.000289
23.223000,0.000146,0.000289
23.224000,0.000146,0.000289
23.225000,0.000147,0.000289
23.226000,0.000146,0.000289
23.227000,0.000146,0.000288
23.228000,0.000145,0.000289
23.229000,0.000146,0.000289
23.230000,0.000146,0.000290
23.231000,0.000146,0.000289
23.232000,0.000145,0.000290
23.233000,0.000145,0.000290
23.234000,0.000145,0.000289
23.235000,0.000145,0.000289
23.236000,0.000145,0.000289
23.237000,0.000144,0.000289
23.238000,0.000144,0.000290
23.239000,0.000144,0.000291
23.240000,0.000144,0.000290
23.241000,0.000144,0.000290
23.242000,0.000144,0.000289
23.243000,0.000144,0.000290
23.244000,0.000144,0.000290
23.245000,0.000145,0.000291
23.246000,0.000145,0.000291
23.247000,0.000146,0.000292
23.248000,0.000146,0.000291
23.249000,0.000146,0.000291
23.250000,0.000145,0.000292
23.251000,0.000145,0.000291
23.252000,0.000145,0.000292
23.253000,0.000144,0.000291
23.254000,0.000144,0.000291
23.255000,0.000144,0.000291
23.256000,0.000144,0.000291
23.257000,0.000143,0.000290
23.258000,0.000143,0.000290
23.259000,0.000143,0.000290
23.260000,0.000143,0.000291
23.261000,0.000145,0.000291
23.262000,0.000144,0.000291
23.263000,0.000145,0.000291
23.264000,0.000145,0.000292
23.265000,0.000146,0.000292
23.266000,0.000145,0.000293
23.267000,0.000146,0.000293
23.268000,0.000147,0.000293
23.269000,0.000147,0.000293
23.270000,0.000147,0.000292
23.271000,0.000147,0.000292
23.272000,0.000147,0.000292
23.273000,0.000147,0.000292
23.274000,0.000147,0.000291
23.275000,0.000148,0.000291
23.276000,0.000147,0.000290
23.277000,0.000147,0.000291
23.278000,0.000147,0.000290
23.279000,0.000146,0.000291
23.280000,0.000146,0.000290
23.281000,0.000146,0.000291
23.282000,0.000146,0.000291
23.283000,0.000146,0.000292
23.284000,0.000147,0.000291
23.285000,0.000146,0.000292
23.286000,0.000148,0.000292
23.287000,0.000147,0.000292
23.288000,0.000148,0.000292
23.289000,0.000147,0.000292
23.290000,0.000148,0.000293
23.291000,0.000147,0.000293
23.292000,0.000148,0.000293
23.293000,0.000148,0.000292
23.294000,0.000149,0.000293
23.295000,0.000148,0.000293
23.296000,0.000149,0.000292
23.297000,0.000148,0.000291
23.298000,0.000149,0.000291
23.299000,0.000149,0.000292
23.300000,0.000149,0.000292
23.301000,0.000148,0.000292
23.302000,0.000149,0.000292
23.303000,0.000149,0.000292
23.304000,0.000149,0.000293
23.305000,0.000149,0.000293
23.306000,0.000150,0.000293
23.307000,0.000149,0.000292
23.308000,0.000149,0.000292
23.309000,0.000148,0.000291
23.310000,0.000149,0.000292
23.311000,0.000148,0.000292
23.312000,0.000149,0.000293
23.313000,0.000149,0.000293
23.314000,0.000149,0.000294
23.315000,0.000149,0.000293
23.316000,0.000149,0.000294
23.317000,0.000149,0.000293
23.318000,0.000149,0.000293
23.319000,0.000148,0.000293
23.320000,0.000148,0.000293
23.321000,0.000148,0.000294
23.322000,0.000148,0.000294
23.323000,0.000148,0.000294
23.324000,0.000149,0.000293
23.325000,0.000148,0.000294
23.326000,0.000148,0.000294
23.327000,0.000147,0.000294
23.328000,0.000147,0.000294
23.329000,0.000147,0.000293
23.330000,0.000147,0.000294
23.331000,0.000148,0.000294
23.332000,0.000148,0.000294
23.333000,0.000148,0.000294
23.334000,0.000148,0.000295
23.335000,0.000148,0.000294
23.336000,0.000148,0.000294
23.337000,0.000148,0.000294
23.338000,0.000148,0.000294
23.339000,0.000148,0.000293
23.340000,0.000148,0.000293
23.341000,0.000148,0.000294
23.342000,0.000148,0.000293
23.343000,0.000148,0.000293
23.344000,0.000148,0.000293
23.345000,0.000147,0.000293
23.346000,0.000147,0.000291
23.347000,0.000147,0.000292
23.348000,0.000147,0.000292
23.349000,0.000147,0.000293
23.350000,0.000147,0.000293
23.351000,0.000148,0.000293
23.352000,0.000148,0.000292
23.353000,0.000149,0.000293
23.354000,0.000148,0.000293
23.355000,0.000149,0.000292
23.356000,0.000149,0.000291
23.357000,0.000149,0.000292
23.358000,0.000149,0.000291
23.359000,0.000149,0.000291
23.360000,0.000150,0.000291
23.361000,0.000148,0.000290
23.362000,0.000148,0.000291
23.363000,0.000148,0.000290
23.364000,0.000147,0.000290
23.365000,0.000148,0.000289
23.366000,0.000148,0.000289
23.367000,0.000148,0.000288
23.368000,0.000147,0.000288
23.369000,0.000147,0.000288
23.370000,0.000147,0.000288
23.371000,0.000146,0.000287
23.372000,0.000145,0.000287
23.373000,0.000145,0.000287
23.374000,0.000145,0.000287
23.375000,0.000145,0.000287
23.376000,0.000145,0.000288
23.377000,0.000145,0.000288
23.378000,0.000146,0.000288
23.379000,0.000145,0.000288
23.380000,0.000145,0.000288
23.381000,0.000145,0.000287
23.382000,0.000145,0.000288
23.383000,0.000146,0.000288
23.384000,0.000145,0.000288
23.385000,0.000145,0.000287
23.386000,0.000145,0.000287
23.387000,0.000145,0.000287
23.388000,0.000144,0.000288
23.389000,0.000144,0.000288
23.390000,0.000145,0.000288
23.391000,0.000145,0.000287
23.392000,0.000145,0.000288
23.393000,0.000145,0.000288
23.394000,0.000144,0.000288
23.395000,0.000144,0.000289
23.396000,0.000144,0.000289
23.397000,0.000144,0.000289
23.398000,0.000144,0.000289
23.399000,0.000144,0.000289
23.400000,0.000144,0.000289
23.401000,0.000144,0.000289
23.402000,0.000144,0.000289
23.403000,0.000144,0.000289
23.404000,0.000144,0.000288
23.405000,0.000143,0.000288
23.406000,0.000143,0.000287
23.407000,0.000144,0.000288
23.408000,0.000144,0.000289
23.409000,0.000145,0.000288
23.410000,0.000145,0.000287
23.411000,0.000146,0.000288
23.412000,0.000146,0.000288
23.413000,0.000146,0.000287
23.414000,0.000146,0.000286
23.415000,0.000146,0.000287
23.416000,0.000146,0.000286
23.417000,0.000146,0.000287
23.418000,0.000146,0.000287
23.419000,0.000146,0.000286
23.420000,0.000147,0.000287
23.421000,0.000147,0.000287
23.422000,0.000146,0.000287
23.423000,0.000146,0.000287
23.424000,0.000146,0.000287
23.425000,0.000146,0.000288
23.426000,0.000146,0.000288
23.427000,0.000146,0.000288
23.428000,0.000146,0.000288
23.429000,0.000146,0.000288
23.430000,0.000146,0.000287
23.431000,0.000146,0.000287
23.432000,0.000145,0.000287
23.433000,0.000145,0.000287
23.434000,0.000145,0.000287
23.435000,0.000146,0.000287
23.436000,0.000147,0.000287
23.437000,0.000147,0.000287
23.438000,0.000147,0.000287
23.439000,0.000147,0.000286
23.440000,0.000146,0.000287
23.441000,0.000146,0.000287
23.442000,0.000146,0.000286
23.443000,0.000146,0.000287
23.444000,0.000146,0.000288
23.445000,0.000146,0.000288
23.446000,0.000146,0.000288
23.447000,0.000147,0.000288
23.448000,0.000146,0.000288
23.449000,0.000146,0.000288
23.450000,0.000147,0.000288
23.451000,0.000147,0.000288
23.452000,0.000147,0.000288
23.453000,0.000147,0.000289
23.454000,0.000147,0.000288
23.455000,0.000147,0.000289
23.456000,0.000147,0.000289
23.457000,0.000147,0.000289
23.458000,0.000147,0.000289
23.459000,0.000147,0.000290
23.460000,0.000147,0.000289
23.461000,0.000147,0.000289
23.462000,0.000147,0.000289
23.463000,0.000147,0.000290
23.464000,0.000148,0.000290
23.465000,0.000147,0.000290
23.466000,0.000147,0.000291
23.467000,0.000146,0.000291
23.468000,0.000147,0.000292
23.469000,0.000148,0.000292
23.470000,0.000148,0.000292
23.471000,0.000148,0.000292
23.472000,0.000148,0.000293
23.473000,0.000149,0.000292
23.474000,0.000149,0.000293
23.475000,0.000149,0.000292
23.476000,0.000149,0.000293
23.477000,0.000150,0.000292
23.478000,0.000149,0.000292
23.479000,0.000149,0.000292
23.480000,0.000149,0.000292
23.481000,0.000149,0.000292
23.482000,0.000149,0.000291
23.483000,0.000149,0.000291
23.484000,0.000149,0.000291
23.485000,0.000149,0.000291
23.486000,0.000148,0.000291
23.487000,0.000149,0.000292
23.488000,0.000150,0.000290
23.489000,0.000149,0.000291
23.490000,0.000149,0.000290
23.491000,0.000149,0.000290
23.492000,0.000149,0.000290
23.493000,0.000148,0.000290
23.494000,0.000149,0.000290
23.495000,0.000149,0.000289
23.496000,0.000148,0.000289
23.497000,0.000149,0.000289
23.498000,0.000149,0.000289
23.499000,0.000150,0.000288
