Time (s),AIN0-AIN1 (V),AIN2-AIN3 (V)
0.000000,-0.000074,0.000110
0.001000,-0.000075,0.000110
0.002000,-0.000075,0.000110
0.003000,-0.000074,0.000110
0.004000,-0.000074,0.000111
0.005000,-0.000074,0.000112
0.006000,-0.000074,0.000112
0.007000,-0.000074,0.000112
0.008000,-0.000074,0.000112
0.009000,-0.000075,0.000111
0.010000,-0.000075,0.000111
0.011000,-0.000075,0.000111
0.012000,-0.000075,0.000111
0.013000,-0.000075,0.000112
0.014000,-0.000075,0.000111
0.015000,-0.000075,0.000112
0.016000,-0.000075,0.000112
0.017000,-0.000075,0.000112
0.018000,-0.000075,0.000112
0.019000,-0.000074,0.000113
0.020000,-0.000075,0.000113
0.021000,-0.000075,0.000113
0.022000,-0.000075,0.000114
0.023000,-0.000074,0.000114
0.024000,-0.000074,0.000114
0.025000,-0.000074,0.000114
0.026000,-0.000074,0.000114
0.027000,-0.000074,0.000114
0.028000,-0.000073,0.000115
0.029000,-0.000074,0.000114
0.030000,-0.000074,0.000114
0.031000,-0.000074,0.000114
0.032000,-0.000074,0.000114
0.033000,-0.000074,0.000114
0.034000,-0.000075,0.000113
0.035000,-0.000075,0.000113
0.036000,-0.000075,0.000114
0.037000,-0.000075,0.000115
0.038000,-0.000075,0.000115
0.039000,-0.000075,0.000115
0.040000,-0.000075,0.000114
0.041000,-0.000075,0.000114
0.042000,-0.000076,0.000114
0.043000,-0.000075,0.000115
0.044000,-0.000075,0.000116
0.045000,-0.000075,0.000115
0.046000,-0.000075,0.000115
0.047000,-0.000076,0.000114
0.048000,-0.000075,0.000115
0.049000,-0.000075,0.000115
0.050000,-0.000075,0.000115
0.051000,-0.000075,0.000115
0.052000,-0.000075,0.000115
0.053000,-0.000076,0.000115
0.054000,-0.000075,0.000116
0.055000,-0.000075,0.000116
0.056000,-0.000076,0.000116
0.057000,-0.000076,0.000116
0.058000,-0.000075,0.000115
0.059000,-0.000075,0.000115
0.060000,-0.000075,0.000115
0.061000,-0.000075,0.000116
0.062000,-0.000074,0.000116
0.063000,-0.000075,0.000115
0.064000,-0.000075,0.000115
0.065000,-0.000074,0.000115
0.066000,-0.000075,0.000115
0.067000,-0.000075,0.000116
0.068000,-0.000075,0.000114
0.069000,-0.000075,0.000115
0.070000,-0.000074,0.000115
0.071000,-0.000075,0.000115
0.072000,-0.000076,0.000114
0.073000,-0.000076,0.000114
0.074000,-0.000075,0.000114
0.075000,-0.000075,0.000114
0.076000,-0.000075,0.000114
0.077000,-0.000074,0.000114
0.078000,-0.000074,0.000115
0.079000,-0.000073,0.000115
0.080000,-0.000073,0.000115
0.081000,-0.000074,0.000114
0.082000,-0.000074,0.000115
0.083000,-0.000073,0.000115
0.084000,-0.000073,0.000115
0.085000,-0.000073,0.000115
0.086000,-0.000073,0.000115
0.087000,-0.000073,0.000114
0.088000,-0.000074,0.000113
0.089000,-0.000073,0.000113
0.090000,-0.000073,0.000114
0.091000,-0.000073,0.000114
0.092000,-0.000073,0.000114
0.093000,-0.000073,0.000113
0.094000,-0.000073,0.000113
0.095000,-0.000074,0.000113
0.096000,-0.000074,0.000113
0.097000,-0.000073,0.000113
0.098000,-0.000073,0.000113
0.099000,-0.000072,0.000114
0.100000,-0.000072,0.000114
0.101000,-0.000072,0.000113
0.102000,-0.000072,0.000114
0.103000,-0.000072,0.000113
0.104000,-0.000072,0.000113
0.105000,-0.000071,0.000113
0.106000,-0.000072,0.000113
0.107000,-0.000071,0.000113
0.108000,-0.000072,0.000113
0.109000,-0.000071,0.000113
0.110000,-0.000072,0.000113
0.111000,-0.000072,0.000113
0.112000,-0.000072,0.000114
0.113000,-0.000072,0.000114
0.114000,-0.000072,0.000114
0.115000,-0.000072,0.000113
0.116000,-0.000071,0.000113
0.117000,-0.000071,0.000113
0.118000,-0.000072,0.000113
0.119000,-0.000072,0.000113
0.120000,-0.000072,0.000113
0.121000,-0.000072,0.000112
0.122000,-0.000072,0.000113
0.123000,-0.000072,0.000112
0.124000,-0.000072,0.000112
0.125000,-0.000071,0.000113
0.126000,-0.000071,0.000112
0.127000,-0.000071,0.000112
0.128000,-0.000071,0.000112
0.129000,-0.000071,0.000112
0.130000,-0.000070,0.000113
0.131000,-0.000070,0.000113
0.132000,-0.000071,0.000113
0.133000,-0.000071,0.000113
0.134000,-0.000071,0.000113
0.135000,-0.000071,0.000112
0.136000,-0.000071,0.000112
0.137000,-0.000070,0.000112
0.138000,-0.000070,0.000112
0.139000,-0.000071,0.000112
0.140000,-0.000071,0.000112
0.141000,-0.000070,0.000112
0.142000,-0.000070,0.000112
0.143000,-0.000071,0.000112
0.144000,-0.000070,0.000112
0.145000,-0.000070,0.000112
0.146000,-0.000070,0.000112
0.147000,-0.000070,0.000113
0.148000,-0.000070,0.000113
0.149000,-0.000069,0.000112
0.150000,-0.000069,0.000112
0.151000,-0.000069,0.000112
0.152000,-0.000069,0.000112
0.153000,-0.000069,0.000112
0.154000,-0.000069,0.000112
0.155000,-0.000070,0.000112
0.156000,-0.000070,0.000112
0.157000,-0.000070,0.000111
0.158000,-0.000070,0.000112
0.159000,-0.000070,0.000112
0.160000,-0.000070,0.000111
0.161000,-0.000070,0.000112
0.162000,-0.000071,0.000112
0.163000,-0.000070,0.000112
0.164000,-0.000070,0.000112
0.165000,-0.000070,0.000112
0.166000,-0.000070,0.000111
0.167000,-0.000070,0.000111
0.168000,-0.000070,0.000111
0.169000,-0.000070,0.000111
0.170000,-0.000071,0.000111
0.171000,-0.000071,0.000111
0.172000,-0.000070,0.000111
0.173000,-0.000070,0.000112
0.174000,-0.000071,0.000112
0.175000,-0.000071,0.000113
0.176000,-0.000071,0.000113
0.177000,-0.000071,0.000112
0.178000,-0.000071,0.000112
0.179000,-0.000072,0.000112
0.180000,-0.000072,0.000112
0.181000,-0.000073,0.000111
0.182000,-0.000072,0.000111
0.183000,-0.000073,0.000111
0.184000,-0.000073,0.000111
0.185000,-0.000073,0.000111
0.186000,-0.000074,0.000111
0.187000,-0.000074,0.000111
0.188000,-0.000074,0.000111
0.189000,-0.000074,0.000112
0.190000,-0.000074,0.000110
0.191000,-0.000074,0.000110
0.192000,-0.000075,0.000110
0.193000,-0.000075,0.000111
0.194000,-0.000075,0.000111
0.195000,-0.000074,0.000111
0.196000,-0.000075,0.000111
0.197000,-0.000075,0.000111
0.198000,-0.000075,0.000111
0.199000,-0.000075,0.000111
0.200000,-0.000075,0.000110
0.201000,-0.000074,0.000111
0.202000,-0.000074,0.000110
0.203000,-0.000075,0.000111
0.204000,-0.000076,0.000111
0.205000,-0.000077,0.000111
0.206000,-0.000077,0.000110
0.207000,-0.000077,0.000110
0.208000,-0.000076,0.000111
0.209000,-0.000077,0.000111
0.210000,-0.000077,0.000110
0.211000,-0.000076,0.000110
0.212000,-0.000076,0.000109
0.213000,-0.000075,0.000109
0.214000,-0.000075,0.000110
0.215000,-0.000075,0.000110
0.216000,-0.000075,0.000110
0.217000,-0.000075,0.000111
0.218000,-0.000075,0.000111
0.219000,-0.000074,0.000111
0.220000,-0.000075,0.000111
0.221000,-0.000075,0.000112
0.222000,-0.000075,0.000111
0.223000,-0.000076,0.000111
0.224000,-0.000076,0.000111
0.225000,-0.000077,0.000110
0.226000,-0.000077,0.000110
0.227000,-0.000077,0.000110
0.228000,-0.000077,0.000110
0.229000,-0.000077,0.000110
0.230000,-0.000078,0.000109
0.231000,-0.000078,0.000109
0.232000,-0.000077,0.000109
0.233000,-0.000078,0.000109
0.234000,-0.000077,0.000110
0.235000,-0.000077,0.000110
0.236000,-0.000076,0.000111
0.237000,-0.000077,0.000111
0.238000,-0.000078,0.000110
0.239000,-0.000078,0.000110
0.240000,-0.000078,0.000110
0.241000,-0.000078,0.000109
0.242000,-0.000078,0.000109
0.243000,-0.000077,0.000109
0.244000,-0.000078,0.000109
0.245000,-0.000078,0.000109
0.246000,-0.000078,0.000109
0.247000,-0.000077,0.000110
0.248000,-0.000077,0.000110
0.249000,-0.000077,0.000110
0.250000,-0.000077,0.000110
0.251000,-0.000077,0.000110
0.252000,-0.000078,0.000111
0.253000,-0.000078,0.000110
0.254000,-0.000078,0.000111
0.255000,-0.000078,0.000111
0.256000,-0.000078,0.000111
0.257000,-0.000078,0.000112
0.258000,-0.000078,0.000112
0.259000,-0.000078,0.000112
0.260000,-0.000078,0.000112
0.261000,-0.000078,0.000112
0.262000,-0.000078,0.000112
0.263000,-0.000078,0.000113
0.264000,-0.000078,0.000113
0.265000,-0.000079,0.000112
0.266000,-0.000079,0.000112
0.267000,-0.000079,0.000112
0.268000,-0.000079,0.000112
0.269000,-0.000079,0.000113
0.270000,-0.000079,0.000112
0.271000,-0.000078,0.000113
0.272000,-0.000078,0.000113
0.273000,-0.000078,0.000113
0.274000,-0.000077,0.000113
0.275000,-0.000077,0.000112
0.276000,-0.000077,0.000113
0.277000,-0.000077,0.000113
0.278000,-0.000077,0.000113
0.279000,-0.000078,0.000113
0.280000,-0.000077,0.000113
0.281000,-0.000077,0.000113
0.282000,-0.000077,0.000113
0.283000,-0.000077,0.000113
0.284000,-0.000077,0.000114
0.285000,-0.000077,0.000113
0.286000,-0.000076,0.000112
0.287000,-0.000076,0.000113
0.288000,-0.000075,0.000112
0.289000,-0.000075,0.000113
0.290000,-0.000074,0.000113
0.291000,-0.000074,0.000113
0.292000,-0.000074,0.000113
0.293000,-0.000074,0.000112
0.294000,-0.000075,0.000112
0.295000,-0.000075,0.000113
0.296000,-0.000074,0.000112
0.297000,-0.000075,0.000112
0.298000,-0.000074,0.000112
0.299000,-0.000075,0.000111
0.300000,-0.000075,0.000111
0.301000,-0.000075,0.000111
0.302000,-0.000076,0.000111
0.303000,-0.000075,0.000111
0.304000,-0.000075,0.000111
0.305000,-0.000075,0.000111
0.306000,-0.000074,0.000111
0.307000,-0.000075,0.000111
0.308000,-0.000074,0.000111
0.309000,-0.000074,0.000111
0.310000,-0.000074,0.000112
0.311000,-0.000075,0.000112
0.312000,-0.000075,0.000112
0.313000,-0.000075,0.000112
0.314000,-0.000075,0.000112
0.315000,-0.000075,0.000112
0.316000,-0.000076,0.000112
0.317000,-0.000075,0.000111
0.318000,-0.000076,0.000112
0.319000,-0.000076,0.000111
0.320000,-0.000076,0.000111
0.321000,-0.000076,0.000111
0.322000,-0.000076,0.000111
0.323000,-0.000075,0.000111
0.324000,-0.000076,0.000111
0.325000,-0.000075,0.000112
0.326000,-0.000076,0.000111
0.327000,-0.000075,0.000112
0.328000,-0.000075,0.000112
0.329000,-0.000075,0.000112
0.330000,-0.000075,0.000113
0.331000,-0.000075,0.000112
0.332000,-0.000075,0.000113
0.333000,-0.000074,0.000112
0.334000,-0.000075,0.000112
0.335000,-0.000075,0.000112
0.336000,-0.000075,0.000112
0.337000,-0.000075,0.000113
0.338000,-0.000075,0.000113
0.339000,-0.000075,0.000113
0.340000,-0.000074,0.000113
0.341000,-0.000074,0.000113
0.342000,-0.000075,0.000114
0.343000,-0.000076,0.000115
0.344000,-0.000075,0.000115
0.345000,-0.000075,0.000115
0.346000,-0.000075,0.000115
0.347000,-0.000076,0.000115
0.348000,-0.000076,0.000115
0.349000,-0.000076,0.000115
0.350000,-0.000076,0.000115
0.351000,-0.000075,0.000114
0.352000,-0.000075,0.000114
0.353000,-0.000074,0.000114
0.354000,-0.000075,0.000113
0.355000,-0.000075,0.000113
0.356000,-0.000075,0.000114
0.357000,-0.000075,0.000114
0.358000,-0.000075,0.000113
0.359000,-0.000075,0.000113
0.360000,-0.000075,0.000113
0.361000,-0.000075,0.000113
0.362000,-0.000075,0.000113
0.363000,-0.000075,0.000112
0.364000,-0.000075,0.000112
0.365000,-0.000074,0.000112
0.366000,-0.000073,0.000113
0.367000,-0.000073,0.000113
0.368000,-0.000073,0.000114
0.369000,-0.000074,0.000114
0.370000,-0.000073,0.000114
0.371000,-0.000073,0.000114
0.372000,-0.000074,0.000113
0.373000,-0.000074,0.000113
0.374000,-0.000074,0.000113
0.375000,-0.000074,0.000113
0.376000,-0.000074,0.000112
0.377000,-0.000073,0.000113
0.378000,-0.000073,0.000113
0.379000,-0.000073,0.000112
0.380000,-0.000073,0.000112
0.381000,-0.000073,0.000113
0.382000,-0.000073,0.000113
0.383000,-0.000073,0.000113
0.384000,-0.000073,0.000113
0.385000,-0.000073,0.000114
0.386000,-0.000074,0.000114
0.387000,-0.000075,0.000114
0.388000,-0.000075,0.000114
0.389000,-0.000075,0.000114
0.390000,-0.000076,0.000114
0.391000,-0.000076,0.000114
0.392000,-0.000076,0.000115
0.393000,-0.000075,0.000115
0.394000,-0.000075,0.000116
0.395000,-0.000076,0.000115
0.396000,-0.000075,0.000116
0.397000,-0.000075,0.000116
0.398000,-0.000075,0.000116
0.399000,-0.000074,0.000117
0.400000,-0.000075,0.000117
0.401000,-0.000075,0.000117
0.402000,-0.000075,0.000117
0.403000,-0.000075,0.000117
0.404000,-0.000075,0.000117
0.405000,-0.000075,0.000117
0.406000,-0.000075,0.000117
0.407000,-0.000075,0.000117
0.408000,-0.000075,0.000117
0.409000,-0.000075,0.000117
0.410000,-0.000075,0.000117
0.411000,-0.000075,0.000116
0.412000,-0.000075,0.000116
0.413000,-0.000074,0.000117
0.414000,-0.000075,0.000117
0.415000,-0.000074,0.000117
0.416000,-0.000074,0.000117
0.417000,-0.000074,0.000117
0.418000,-0.000074,0.000117
0.419000,-0.000074,0.000118
0.420000,-0.000074,0.000117
0.421000,-0.000074,0.000117
0.422000,-0.000074,0.000117
0.423000,-0.000074,0.000118
0.424000,-0.000074,0.000117
0.425000,-0.000074,0.000118
0.426000,-0.000074,0.000118
0.427000,-0.000074,0.000117
0.428000,-0.000074,0.000117
0.429000,-0.000074,0.000117
0.430000,-0.000074,0.000117
0.431000,-0.000073,0.000117
0.432000,-0.000074,0.000117
0.433000,-0.000074,0.000117
0.434000,-0.000073,0.000117
0.435000,-0.000074,0.000117
0.436000,-0.000073,0.000117
0.437000,-0.000073,0.000116
0.438000,-0.000074,0.000116
0.439000,-0.000074,0.000116
0.440000,-0.000074,0.000116
0.441000,-0.000074,0.000117
0.442000,-0.000073,0.000115
0.443000,-0.000072,0.000115
0.444000,-0.000073,0.000114
0.445000,-0.000073,0.000114
0.446000,-0.000073,0.000114
0.447000,-0.000073,0.000114
0.448000,-0.000073,0.000114
0.449000,-0.000074,0.000114
0.450000,-0.000075,0.000117
0.451000,-0.000075,0.000118
0.452000,-0.000075,0.000117
0.453000,-0.000075,0.000117
0.454000,-0.000075,0.000118
0.455000,-0.000076,0.000117
0.456000,-0.000077,0.000117
0.457000,-0.000076,0.000116
0.458000,-0.000077,0.000116
0.459000,-0.000077,0.000116
0.460000,-0.000076,0.000116
0.461000,-0.000076,0.000116
0.462000,-0.000076,0.000117
0.463000,-0.000076,0.000116
0.464000,-0.000076,0.000117
0.465000,-0.000076,0.000116
0.466000,-0.000075,0.000117
0.467000,-0.000076,0.000117
0.468000,-0.000075,0.000117
0.469000,-0.000075,0.000117
0.470000,-0.000075,0.000116
0.471000,-0.000075,0.000117
0.472000,-0.000076,0.000117
0.473000,-0.000076,0.000118
0.474000,-0.000076,0.000117
0.475000,-0.000077,0.000117
0.476000,-0.000076,0.000117
0.477000,-0.000077,0.000117
0.478000,-0.000077,0.000116
0.479000,-0.000077,0.000116
0.480000,-0.000076,0.000116
0.481000,-0.000076,0.000116
0.482000,-0.000076,0.000116
0.483000,-0.000076,0.000116
0.484000,-0.000076,0.000116
0.485000,-0.000076,0.000116
0.486000,-0.000076,0.000115
0.487000,-0.000076,0.000115
0.488000,-0.000076,0.000115
0.489000,-0.000077,0.000115
0.490000,-0.000077,0.000115
0.491000,-0.000077,0.000115
0.492000,-0.000076,0.000114
0.493000,-0.000076,0.000114
0.494000,-0.000076,0.000114
0.495000,-0.000076,0.000114
0.496000,-0.000075,0.000114
0.497000,-0.000075,0.000114
0.498000,-0.000075,0.000114
0.499000,-0.000076,0.000114
0.500000,-0.000075,0.000114
0.501000,-0.000075,0.000113
0.502000,-0.000076,0.000114
0.503000,-0.000076,0.000114
0.504000,-0.000076,0.000114
0.505000,-0.000075,0.000115
0.506000,-0.000075,0.000113
0.507000,-0.000075,0.000113
0.508000,-0.000075,0.000113
0.509000,-0.000075,0.000114
0.510000,-0.000075,0.000114
0.511000,-0.000075,0.000114
0.512000,-0.000075,0.000114
0.513000,-0.000075,0.000114
0.514000,-0.000076,0.000114
0.515000,-0.000076,0.000114
0.516000,-0.000076,0.000114
0.517000,-0.000076,0.000113
0.518000,-0.000076,0.000113
0.519000,-0.000076,0.000113
0.520000,-0.000076,0.000113
0.521000,-0.000076,0.000113
0.522000,-0.000075,0.000113
0.523000,-0.000075,0.000113
0.524000,-0.000075,0.000113
0.525000,-0.000076,0.000113
0.526000,-0.000077,0.000113
0.527000,-0.000077,0.000113
0.528000,-0.000078,0.000112
0.529000,-0.000078,0.000112
0.530000,-0.000078,0.000112
0.531000,-0.000078,0.000112
0.532000,-0.000078,0.000112
0.533000,-0.000078,0.000111
0.534000,-0.000078,0.000111
0.535000,-0.000078,0.000111
0.536000,-0.000078,0.000111
0.537000,-0.000077,0.000111
0.538000,-0.000077,0.000111
0.539000,-0.000077,0.000112
0.540000,-0.000076,0.000112
0.541000,-0.000076,0.000111
0.542000,-0.000077,0.000111
0.543000,-0.000077,0.000111
0.544000,-0.000077,0.000110
0.545000,-0.000077,0.000110
0.546000,-0.000077,0.000109
0.547000,-0.000078,0.000110
0.548000,-0.000078,0.000110
0.549000,-0.000078,0.000109
0.550000,-0.000077,0.000110
0.551000,-0.000077,0.000109
0.552000,-0.000077,0.000109
0.553000,-0.000076,0.000109
0.554000,-0.000077,0.000109
0.555000,-0.000076,0.000109
0.556000,-0.000075,0.000110
0.557000,-0.000074,0.000111
0.558000,-0.000074,0.000111
0.559000,-0.000074,0.000111
0.560000,-0.000074,0.000110
0.561000,-0.000074,0.000109
0.562000,-0.000075,0.000109
0.563000,-0.000075,0.000109
0.564000,-0.000075,0.000109
0.565000,-0.000075,0.000109
0.566000,-0.000076,0.000108
0.567000,-0.000076,0.000108
0.568000,-0.000076,0.000108
0.569000,-0.000076,0.000108
0.570000,-0.000075,0.000108
0.571000,-0.000075,0.000107
0.572000,-0.000075,0.000107
0.573000,-0.000075,0.000107
0.574000,-0.000074,0.000107
0.575000,-0.000073,0.000107
0.576000,-0.000074,0.000107
0.577000,-0.000073,0.000107
0.578000,-0.000074,0.000108
0.579000,-0.000074,0.000107
0.580000,-0.000075,0.000107
0.581000,-0.000075,0.000107
0.582000,-0.000076,0.000107
0.583000,-0.000075,0.000108
0.584000,-0.000075,0.000107
0.585000,-0.000075,0.000107
0.586000,-0.000075,0.000107
0.587000,-0.000074,0.000107
0.588000,-0.000074,0.000107
0.589000,-0.000074,0.000108
0.590000,-0.000074,0.000107
0.591000,-0.000074,0.000108
0.592000,-0.000075,0.000108
0.593000,-0.000075,0.000108
0.594000,-0.000075,0.000108
0.595000,-0.000075,0.000108
0.596000,-0.000075,0.000107
0.597000,-0.000075,0.000108
0.598000,-0.000075,0.000108
0.599000,-0.000075,0.000108
0.600000,-0.000075,0.000108
0.601000,-0.000075,0.000109
0.602000,-0.000076,0.000108
0.603000,-0.000076,0.000108
0.604000,-0.000076,0.000108
0.605000,-0.000076,0.000108
0.606000,-0.000076,0.000108
0.607000,-0.000076,0.000108
0.608000,-0.000076,0.000109
0.609000,-0.000076,0.000109
0.610000,-0.000076,0.000109
0.611000,-0.000076,0.000108
0.612000,-0.000076,0.000108
0.613000,-0.000075,0.000109
0.614000,-0.000075,0.000109
0.615000,-0.000076,0.000108
0.616000,-0.000075,0.000109
0.617000,-0.000076,0.000109
0.618000,-0.000076,0.000109
0.619000,-0.000076,0.000108
0.620000,-0.000076,0.000109
0.621000,-0.000076,0.000109
0.622000,-0.000076,0.000109
0.623000,-0.000076,0.000110
0.624000,-0.000076,0.000109
0.625000,-0.000075,0.000110
0.626000,-0.000075,0.000110
0.627000,-0.000074,0.000111
0.628000,-0.000074,0.000111
0.629000,-0.000074,0.000111
0.630000,-0.000074,0.000111
0.631000,-0.000075,0.000110
0.632000,-0.000075,0.000110
0.633000,-0.000075,0.000110
0.634000,-0.000075,0.000109
0.635000,-0.000075,0.000109
0.636000,-0.000075,0.000109
0.637000,-0.000076,0.000108
0.638000,-0.000076,0.000109
0.639000,-0.000076,0.000109
0.640000,-0.000076,0.000109
0.641000,-0.000076,0.000109
0.642000,-0.000076,0.000109
0.643000,-0.000076,0.000109
0.644000,-0.000076,0.000109
0.645000,-0.000076,0.000109
0.646000,-0.000076,0.000109
0.647000,-0.000075,0.000110
0.648000,-0.000076,0.000109
0.649000,-0.000076,0.000109
0.650000,-0.000076,0.000109
0.651000,-0.000076,0.000109
0.652000,-0.000076,0.000108
0.653000,-0.000076,0.000108
0.654000,-0.000075,0.000108
0.655000,-0.000076,0.000107
0.656000,-0.000076,0.000107
0.657000,-0.000077,0.000106
0.658000,-0.000077,0.000107
0.659000,-0.000077,0.000106
0.660000,-0.000076,0.000107
0.661000,-0.000076,0.000108
0.662000,-0.000075,0.000107
0.663000,-0.000075,0.000107
0.664000,-0.000075,0.000107
0.665000,-0.000075,0.000108
0.666000,-0.000075,0.000109
0.667000,-0.000075,0.000108
0.668000,-0.000076,0.000109
0.669000,-0.000076,0.000109
0.670000,-0.000076,0.000109
0.671000,-0.000076,0.000109
0.672000,-0.000077,0.000109
0.673000,-0.000077,0.000109
0.674000,-0.000077,0.000109
0.675000,-0.000077,0.000109
0.676000,-0.000077,0.000109
0.677000,-0.000076,0.000109
0.678000,-0.000076,0.000109
0.679000,-0.000076,0.000110
0.680000,-0.000075,0.000110
0.681000,-0.000075,0.000110
0.682000,-0.000075,0.000110
0.683000,-0.000076,0.000110
0.684000,-0.000076,0.000111
0.685000,-0.000076,0.000111
0.686000,-0.000076,0.000110
0.687000,-0.000076,0.000111
0.688000,-0.000077,0.000110
0.689000,-0.000077,0.000111
0.690000,-0.000076,0.000111
0.691000,-0.000077,0.000111
0.692000,-0.000076,0.000111
0.693000,-0.000076,0.000111
0.694000,-0.000076,0.000111
0.695000,-0.000076,0.000111
0.696000,-0.000077,0.000111
0.697000,-0.000077,0.000111
0.698000,-0.000077,0.000111
0.699000,-0.000077,0.000111
0.700000,-0.000077,0.000111
0.701000,-0.000076,0.000111
0.702000,-0.000076,0.000111
0.703000,-0.000075,0.000112
0.704000,-0.000075,0.000112
0.705000,-0.000075,0.000111
0.706000,-0.000075,0.000111
0.707000,-0.000075,0.000111
0.708000,-0.000075,0.000111
0.709000,-0.000075,0.000111
0.710000,-0.000076,0.000111
0.711000,-0.000076,0.000111
0.712000,-0.000076,0.000112
0.713000,-0.000076,0.000112
0.714000,-0.000076,0.000112
0.715000,-0.000076,0.000112
0.716000,-0.000075,0.000112
0.717000,-0.000075,0.000112
0.718000,-0.000075,0.000112
0.719000,-0.000075,0.000112
0.720000,-0.000075,0.000112
0.721000,-0.000076,0.000112
0.722000,-0.000076,0.000112
0.723000,-0.000076,0.000112
0.724000,-0.000076,0.000111
0.725000,-0.000077,0.000112
0.726000,-0.000077,0.000111
0.727000,-0.000077,0.000111
0.728000,-0.000076,0.000111
0.729000,-0.000077,0.000111
0.730000,-0.000076,0.000111
0.731000,-0.000075,0.000113
0.732000,-0.000075,0.000113
0.733000,-0.000074,0.000113
0.734000,-0.000074,0.000114
0.735000,-0.000074,0.000114
0.736000,-0.000073,0.000115
0.737000,-0.000073,0.000115
0.738000,-0.000074,0.000114
0.739000,-0.000073,0.000114
0.740000,-0.000074,0.000114
0.741000,-0.000074,0.000114
0.742000,-0.000073,0.000114
0.743000,-0.000074,0.000114
0.744000,-0.000074,0.000114
0.745000,-0.000074,0.000114
0.746000,-0.000074,0.000114
0.747000,-0.000074,0.000113
0.748000,-0.000074,0.000115
0.749000,-0.000074,0.000115
0.750000,-0.000073,0.000114
0.751000,-0.000073,0.000114
0.752000,-0.000073,0.000115
0.753000,-0.000074,0.000115
0.754000,-0.000074,0.000115
0.755000,-0.000074,0.000115
0.756000,-0.000074,0.000116
0.757000,-0.000074,0.000116
0.758000,-0.000075,0.000116
0.759000,-0.000074,0.000116
0.760000,-0.000075,0.000116
0.761000,-0.000075,0.000116
0.762000,-0.000076,0.000117
0.763000,-0.000076,0.000117
0.764000,-0.000076,0.000117
0.765000,-0.000076,0.000117
0.766000,-0.000076,0.000117
0.767000,-0.000075,0.000117
0.768000,-0.000074,0.000117
0.769000,-0.000075,0.000117
0.770000,-0.000074,0.000117
0.771000,-0.000074,0.000117
0.772000,-0.000073,0.000117
0.773000,-0.000074,0.000118
0.774000,-0.000074,0.000118
0.775000,-0.000074,0.000118
0.776000,-0.000073,0.000119
0.777000,-0.000074,0.000118
0.778000,-0.000074,0.000119
0.779000,-0.000073,0.000118
0.780000,-0.000074,0.000118
0.781000,-0.000073,0.000117
0.782000,-0.000073,0.000117
0.783000,-0.000072,0.000117
0.784000,-0.000073,0.000117
0.785000,-0.000073,0.000117
0.786000,-0.000073,0.000118
0.787000,-0.000073,0.000118
0.788000,-0.000073,0.000119
0.789000,-0.000073,0.000117
0.790000,-0.000073,0.000118
0.791000,-0.000073,0.000117
0.792000,-0.000073,0.000117
0.793000,-0.000073,0.000117
0.794000,-0.000074,0.000117
0.795000,-0.000073,0.000117
0.796000,-0.000073,0.000118
0.797000,-0.000073,0.000117
0.798000,-0.000073,0.000118
0.799000,-0.000074,0.000118
0.800000,-0.000074,0.000118
0.801000,-0.000074,0.000117
0.802000,-0.000075,0.000117
0.803000,-0.000075,0.000118
0.804000,-0.000075,0.000118
0.805000,-0.000075,0.000118
0.806000,-0.000075,0.000119
0.807000,-0.000074,0.000118
0.808000,-0.000074,0.000118
0.809000,-0.000074,0.000118
0.810000,-0.000074,0.000119
0.811000,-0.000074,0.000118
0.812000,-0.000074,0.000118
0.813000,-0.000074,0.000118
0.814000,-0.000073,0.000117
0.815000,-0.000073,0.000116
0.816000,-0.000074,0.000117
0.817000,-0.000074,0.000117
0.818000,-0.000074,0.000117
0.819000,-0.000074,0.000117
0.820000,-0.000074,0.000117
0.821000,-0.000074,0.000117
0.822000,-0.000074,0.000117
0.823000,-0.000074,0.000117
0.824000,-0.000074,0.000118
0.825000,-0.000074,0.000117
0.826000,-0.000074,0.000117
0.827000,-0.000075,0.000118
0.828000,-0.000075,0.000118
0.829000,-0.000075,0.000118
0.830000,-0.000076,0.000118
0.831000,-0.000076,0.000117
0.832000,-0.000077,0.000117
0.833000,-0.000077,0.000117
0.834000,-0.000077,0.000117
0.835000,-0.000077,0.000117
0.836000,-0.000077,0.000116
0.837000,-0.000077,0.000116
0.838000,-0.000076,0.000116
0.839000,-0.000076,0.000116
0.840000,-0.000076,0.000116
0.841000,-0.000077,0.000116
0.842000,-0.000077,0.000116
0.843000,-0.000077,0.000116
0.844000,-0.000076,0.000116
0.845000,-0.000076,0.000116
0.846000,-0.000077,0.000116
0.847000,-0.000076,0.000117
0.848000,-0.000077,0.000116
0.849000,-0.000077,0.000117
0.850000,-0.000078,0.000117
0.851000,-0.000078,0.000117
0.852000,-0.000078,0.000118
0.853000,-0.000078,0.000118
0.854000,-0.000077,0.000118
0.855000,-0.000078,0.000118
0.856000,-0.000078,0.000118
0.857000,-0.000078,0.000118
0.858000,-0.000078,0.000118
0.859000,-0.000078,0.000118
0.860000,-0.000078,0.000118
0.861000,-0.000078,0.000118
0.862000,-0.000078,0.000117
0.863000,-0.000077,0.000116
0.864000,-0.000077,0.000117
0.865000,-0.000077,0.000117
0.866000,-0.000077,0.000117
0.867000,-0.000077,0.000117
0.868000,-0.000078,0.000117
0.869000,-0.000077,0.000118
0.870000,-0.000078,0.000118
0.871000,-0.000077,0.000118
0.872000,-0.000077,0.000118
0.873000,-0.000077,0.000117
0.874000,-0.000078,0.000117
0.875000,-0.000078,0.000117
0.876000,-0.000078,0.000116
0.877000,-0.000079,0.000117
0.878000,-0.000079,0.000117
0.879000,-0.000079,0.000117
0.880000,-0.000079,0.000117
0.881000,-0.000079,0.000117
0.882000,-0.000079,0.000116
0.883000,-0.000079,0.000116
0.884000,-0.000079,0.000116
0.885000,-0.000078,0.000115
0.886000,-0.000078,0.000116
0.887000,-0.000078,0.000115
0.888000,-0.000079,0.000114
0.889000,-0.000078,0.000115
0.890000,-0.000078,0.000114
0.891000,-0.000079,0.000115
0.892000,-0.000079,0.000115
0.893000,-0.000079,0.000116
0.894000,-0.000079,0.000116
0.895000,-0.000079,0.000116
0.896000,-0.000079,0.000116
0.897000,-0.000079,0.000116
0.898000,-0.000079,0.000115
0.899000,-0.000078,0.000115
0.900000,-0.000079,0.000115
0.901000,-0.000078,0.000116
0.902000,-0.000079,0.000116
0.903000,-0.000078,0.000116
0.904000,-0.000078,0.000116
0.905000,-0.000078,0.000116
0.906000,-0.000078,0.000116
0.907000,-0.000078,0.000117
0.908000,-0.000079,0.000117
0.909000,-0.000079,0.000118
0.910000,-0.000078,0.000117
0.911000,-0.000078,0.000117
0.912000,-0.000078,0.000117
0.913000,-0.000078,0.000117
0.914000,-0.000079,0.000117
0.915000,-0.000079,0.000118
0.916000,-0.000079,0.000117
0.917000,-0.000079,0.000117
0.918000,-0.000079,0.000118
0.919000,-0.000078,0.000117
0.920000,-0.000078,0.000117
0.921000,-0.000078,0.000117
0.922000,-0.000077,0.000117
0.923000,-0.000077,0.000117
0.924000,-0.000076,0.000117
0.925000,-0.000076,0.000117
0.926000,-0.000075,0.000118
0.927000,-0.000076,0.000117
0.928000,-0.000075,0.000118
0.929000,-0.000075,0.000117
0.930000,-0.000075,0.000117
0.931000,-0.000076,0.000118
0.932000,-0.000076,0.000118
0.933000,-0.000076,0.000118
0.934000,-0.000076,0.000117
0.935000,-0.000076,0.000116
0.936000,-0.000077,0.000117
0.937000,-0.000076,0.000117
0.938000,-0.000077,0.000117
0.939000,-0.000076,0.000118
0.940000,-0.000076,0.000118
0.941000,-0.000075,0.000118
0.942000,-0.000075,0.000118
0.943000,-0.000075,0.000118
0.944000,-0.000076,0.000119
0.945000,-0.000076,0.000119
0.946000,-0.000076,0.000119
0.947000,-0.000076,0.000119
0.948000,-0.000076,0.000119
0.949000,-0.000076,0.000118
0.950000,-0.000076,0.000118
0.951000,-0.000076,0.000118
0.952000,-0.000076,0.000117
0.953000,-0.000076,0.000118
0.954000,-0.000076,0.000118
0.955000,-0.000075,0.000118
0.956000,-0.000075,0.000118
0.957000,-0.000075,0.000118
0.958000,-0.000075,0.000118
0.959000,-0.000074,0.000118
0.960000,-0.000074,0.000118
0.961000,-0.000074,0.000118
0.962000,-0.000074,0.000119
0.963000,-0.000074,0.000119
0.964000,-0.000074,0.000118
0.965000,-0.000074,0.000118
0.966000,-0.000075,0.000118
0.967000,-0.000075,0.000118
0.968000,-0.000075,0.000117
0.969000,-0.000075,0.000117
0.970000,-0.000075,0.000118
0.971000,-0.000075,0.000118
0.972000,-0.000076,0.000117
0.973000,-0.000075,0.000118
0.974000,-0.000075,0.000117
0.975000,-0.000075,0.000118
0.976000,-0.000074,0.000117
0.977000,-0.000074,0.000117
0.978000,-0.000074,0.000117
0.979000,-0.000075,0.000117
0.980000,-0.000074,0.000117
0.981000,-0.000074,0.000118
0.982000,-0.000074,0.000119
0.983000,-0.000075,0.000119
0.984000,-0.000075,0.000119
0.985000,-0.000076,0.000120
0.986000,-0.000076,0.000119
0.987000,-0.000075,0.000119
0.988000,-0.000075,0.000120
0.989000,-0.000075,0.000120
0.990000,-0.000075,0.000120
0.991000,-0.000075,0.000120
0.992000,-0.000074,0.000120
0.993000,-0.000074,0.000120
0.994000,-0.000074,0.000120
0.995000,-0.000074,0.000119
0.996000,-0.000074,0.000119
0.997000,-0.000074,0.000119
0.998000,-0.000075,0.000120
0.999000,-0.000075,0.000119
0.950000,-0.000076,0.000118
0.951000,-0.000075,0.000118
0.952000,-0.000076,0.000117
0.953000,-0.000076,0.000117
0.954000,-0.000076,0.000117
0.955000,-0.000075,0.000117
0.956000,-0.000075,0.000117
0.957000,-0.000074,0.000117
0.958000,-0.000074,0.000117
0.959000,-0.000073,0.000117
0.960000,-0.000073,0.000118
0.961000,-0.000073,0.000118
0.962000,-0.000073,0.000119
0.963000,-0.000073,0.000119
0.964000,-0.000073,0.000119
0.965000,-0.000073,0.000119
0.966000,-0.000073,0.000119
0.967000,-0.000074,0.000118
0.968000,-0.000073,0.000119
0.969000,-0.000074,0.000119
0.970000,-0.000074,0.000119
0.971000,-0.000074,0.000118
0.972000,-0.000074,0.000118
0.973000,-0.000074,0.000119
0.974000,-0.000073,0.000118
0.975000,-0.000073,0.000118
0.976000,-0.000073,0.000118
0.977000,-0.000073,0.000118
0.978000,-0.000072,0.000118
0.979000,-0.000073,0.000118
0.980000,-0.000073,0.000118
0.981000,-0.000072,0.000118
0.982000,-0.000072,0.000118
0.983000,-0.000073,0.000119
0.984000,-0.000073,0.000119
0.985000,-0.000073,0.000119
0.986000,-0.000073,0.000120
0.987000,-0.000073,0.000120
0.988000,-0.000072,0.000120
0.989000,-0.000072,0.000120
0.990000,-0.000072,0.000120
0.991000,-0.000072,0.000120
0.992000,-0.000071,0.000120
0.993000,-0.000071,0.000120
0.994000,-0.000071,0.000120
0.995000,-0.000071,0.000119
0.996000,-0.000071,0.000119
0.997000,-0.000071,0.000119
0.998000,-0.000072,0.000120
0.999000,-0.000072,0.000119
1.000000,-0.000071,0.000119
1.001000,-0.000071,0.000119
1.002000,-0.000071,0.000119
1.003000,-0.000071,0.000119
1.004000,-0.000071,0.000119
1.005000,-0.000071,0.000119
1.006000,-0.000071,0.000119
1.007000,-0.000072,0.000118
1.008000,-0.000071,0.000119
1.009000,-0.000072,0.000118
1.010000,-0.000072,0.000118
1.011000,-0.000072,0.000118
1.012000,-0.000072,0.000119
1.013000,-0.000072,0.000119
1.014000,-0.000071,0.000120
1.015000,-0.000071,0.000119
1.016000,-0.000071,0.000120
1.017000,-0.000071,0.000120
1.018000,-0.000072,0.000119
1.019000,-0.000072,0.000120
1.020000,-0.000072,0.000119
1.021000,-0.000072,0.000119
1.022000,-0.000073,0.000119
1.023000,-0.000073,0.000120
1.024000,-0.000073,0.000120
1.025000,-0.000073,0.000119
1.026000,-0.000074,0.000119
1.027000,-0.000073,0.000119
1.028000,-0.000073,0.000118
1.029000,-0.000073,0.000118
1.030000,-0.000073,0.000118
1.031000,-0.000073,0.000118
1.032000,-0.000073,0.000118
1.033000,-0.000072,0.000119
1.034000,-0.000073,0.000118
1.035000,-0.000073,0.000119
1.036000,-0.000072,0.000119
1.037000,-0.000073,0.000119
1.038000,-0.000072,0.000118
1.039000,-0.000073,0.000118
1.040000,-0.000073,0.000118
1.041000,-0.000073,0.000117
1.042000,-0.000073,0.000118
1.043000,-0.000073,0.000118
1.044000,-0.000072,0.000118
1.045000,-0.000073,0.000117
1.046000,-0.000072,0.000117
1.047000,-0.000072,0.000117
1.048000,-0.000072,0.000117
1.049000,-0.000072,0.000118
1.050000,-0.000072,0.000117
1.051000,-0.000072,0.000117
1.052000,-0.000072,0.000117
1.053000,-0.000072,0.000117
1.054000,-0.000073,0.000117
1.055000,-0.000073,0.000117
1.056000,-0.000073,0.000117
1.057000,-0.000073,0.000117
1.058000,-0.000074,0.000116
1.059000,-0.000074,0.000117
1.060000,-0.000074,0.000116
1.061000,-0.000074,0.000116
1.062000,-0.000074,0.000116
1.063000,-0.000074,0.000115
1.064000,-0.000073,0.000115
1.065000,-0.000073,0.000115
1.066000,-0.000073,0.000115
1.067000,-0.000073,0.000116
1.068000,-0.000073,0.000115
1.069000,-0.000073,0.000116
1.070000,-0.000073,0.000116
1.071000,-0.000073,0.000116
1.072000,-0.000073,0.000116
1.073000,-0.000073,0.000115
1.074000,-0.000073,0.000116
1.075000,-0.000073,0.000116
1.076000,-0.000073,0.000116
1.077000,-0.000073,0.000116
1.078000,-0.000072,0.000116
1.079000,-0.000072,0.000116
1.080000,-0.000071,0.000116
1.081000,-0.000072,0.000116
1.082000,-0.000072,0.000116
1.083000,-0.000072,0.000117
1.084000,-0.000072,0.000116
1.085000,-0.000073,0.000115
1.086000,-0.000073,0.000114
1.087000,-0.000073,0.000115
1.088000,-0.000073,0.000115
1.089000,-0.000074,0.000115
1.090000,-0.000074,0.000115
1.091000,-0.000074,0.000116
1.092000,-0.000074,0.000116
1.093000,-0.000074,0.000115
1.094000,-0.000074,0.000115
1.095000,-0.000074,0.000115
1.096000,-0.000074,0.000116
1.097000,-0.000074,0.000115
1.098000,-0.000074,0.000115
1.099000,-0.000074,0.000115
1.100000,-0.000074,0.000114
1.101000,-0.000074,0.000114
1.102000,-0.000074,0.000114
1.103000,-0.000074,0.000114
1.104000,-0.000074,0.000113
1.105000,-0.000075,0.000113
1.106000,-0.000075,0.000113
1.107000,-0.000075,0.000113
1.108000,-0.000075,0.000112
1.109000,-0.000074,0.000112
1.110000,-0.000075,0.000112
1.111000,-0.000075,0.000111
1.112000,-0.000075,0.000111
1.113000,-0.000075,0.000111
1.114000,-0.000075,0.000111
1.115000,-0.000075,0.000111
1.116000,-0.000075,0.000111
1.117000,-0.000074,0.000110
1.118000,-0.000074,0.000111
1.119000,-0.000074,0.000111
1.120000,-0.000074,0.000111
1.121000,-0.000074,0.000111
1.122000,-0.000074,0.000111
1.123000,-0.000073,0.000111
1.124000,-0.000074,0.000111
1.125000,-0.000074,0.000111
1.126000,-0.000074,0.000111
1.127000,-0.000073,0.000111
1.128000,-0.000074,0.000111
1.129000,-0.000074,0.000111
1.130000,-0.000074,0.000112
1.131000,-0.000074,0.000111
1.132000,-0.000073,0.000111
1.133000,-0.000073,0.000111
1.134000,-0.000073,0.000112
1.135000,-0.000073,0.000111
1.136000,-0.000073,0.000112
1.137000,-0.000074,0.000112
1.138000,-0.000074,0.000112
1.139000,-0.000074,0.000113
1.140000,-0.000075,0.000113
1.141000,-0.000075,0.000113
1.142000,-0.000074,0.000112
1.143000,-0.000074,0.000113
1.144000,-0.000074,0.000112
1.145000,-0.000074,0.000112
1.146000,-0.000075,0.000112
1.147000,-0.000074,0.000112
1.148000,-0.000074,0.000112
1.149000,-0.000074,0.000113
1.150000,-0.000073,0.000113
1.151000,-0.000073,0.000112
1.152000,-0.000073,0.000112
1.153000,-0.000073,0.000112
1.154000,-0.000073,0.000113
1.155000,-0.000073,0.000113
1.156000,-0.000073,0.000113
1.157000,-0.000073,0.000113
1.158000,-0.000073,0.000113
1.159000,-0.000072,0.000113
1.160000,-0.000073,0.000112
1.161000,-0.000073,0.000112
1.162000,-0.000073,0.000112
1.163000,-0.000073,0.000112
1.164000,-0.000074,0.000112
1.165000,-0.000074,0.000112
1.166000,-0.000074,0.000112
1.167000,-0.000074,0.000112
1.168000,-0.000074,0.000112
1.169000,-0.000074,0.000111
1.170000,-0.000074,0.000111
1.171000,-0.000074,0.000112
1.172000,-0.000074,0.000112
1.173000,-0.000075,0.000112
1.174000,-0.000075,0.000112
1.175000,-0.000076,0.000112
1.176000,-0.000076,0.000112
1.177000,-0.000076,0.000111
1.178000,-0.000076,0.000112
1.179000,-0.000076,0.000112
1.180000,-0.000077,0.000113
1.181000,-0.000077,0.000113
1.182000,-0.000076,0.000113
1.183000,-0.000076,0.000112
1.184000,-0.000076,0.000113
1.185000,-0.000076,0.000113
1.186000,-0.000076,0.000113
1.187000,-0.000076,0.000112
1.188000,-0.000077,0.000112
1.189000,-0.000077,0.000111
1.190000,-0.000077,0.000111
1.191000,-0.000077,0.000111
1.192000,-0.000077,0.000111
1.193000,-0.000076,0.000111
1.194000,-0.000076,0.000111
1.195000,-0.000076,0.000111
1.196000,-0.000076,0.000111
1.197000,-0.000076,0.000112
1.198000,-0.000076,0.000112
1.199000,-0.000076,0.000113
1.200000,-0.000076,0.000113
1.201000,-0.000076,0.000112
1.202000,-0.000076,0.000112
1.203000,-0.000076,0.000112
1.204000,-0.000076,0.000113
1.205000,-0.000076,0.000112
1.206000,-0.000076,0.000112
1.207000,-0.000075,0.000112
1.208000,-0.000075,0.000113
1.209000,-0.000076,0.000113
1.210000,-0.000076,0.000113
1.211000,-0.000076,0.000113
1.212000,-0.000076,0.000113
1.213000,-0.000077,0.000113
1.214000,-0.000077,0.000113
1.215000,-0.000078,0.000112
1.216000,-0.000078,0.000113
1.217000,-0.000078,0.000113
1.218000,-0.000078,0.000113
1.219000,-0.000078,0.000113
1.220000,-0.000077,0.000113
1.221000,-0.000077,0.000113
1.222000,-0.000078,0.000113
1.223000,-0.000078,0.000113
1.224000,-0.000079,0.000112
1.225000,-0.000078,0.000112
1.226000,-0.000078,0.000112
1.227000,-0.000079,0.000112
1.228000,-0.000078,0.000112
1.229000,-0.000078,0.000112
1.230000,-0.000079,0.000112
1.231000,-0.000078,0.000113
1.232000,-0.000079,0.000113
1.233000,-0.000079,0.000113
1.234000,-0.000078,0.000113
1.235000,-0.000078,0.000113
1.236000,-0.000078,0.000113
1.237000,-0.000077,0.000113
1.238000,-0.000077,0.000112
1.239000,-0.000077,0.000112
1.240000,-0.000077,0.000112
1.241000,-0.000077,0.000112
1.242000,-0.000077,0.000112
1.243000,-0.000078,0.000112
1.244000,-0.000078,0.000112
1.245000,-0.000078,0.000113
1.246000,-0.000078,0.000112
1.247000,-0.000079,0.000112
1.248000,-0.000079,0.000112
1.249000,-0.000079,0.000111
1.250000,-0.000079,0.000111
1.251000,-0.000078,0.000112
1.252000,-0.000079,0.000113
1.253000,-0.000078,0.000112
1.254000,-0.000077,0.000112
1.255000,-0.000077,0.000112
1.256000,-0.000077,0.000111
1.257000,-0.000077,0.000112
1.258000,-0.000078,0.000112
1.259000,-0.000078,0.000112
1.260000,-0.000078,0.000112
1.261000,-0.000078,0.000112
1.262000,-0.000078,0.000112
1.263000,-0.000078,0.000112
1.264000,-0.000078,0.000111
1.265000,-0.000078,0.000110
1.266000,-0.000078,0.000111
1.267000,-0.000078,0.000111
1.268000,-0.000079,0.000110
1.269000,-0.000078,0.000110
1.270000,-0.000078,0.000110
1.271000,-0.000078,0.000110
1.272000,-0.000077,0.000109
1.273000,-0.000077,0.000109
1.274000,-0.000077,0.000110
1.275000,-0.000077,0.000110
1.276000,-0.000077,0.000110
1.277000,-0.000077,0.000109
1.278000,-0.000077,0.000109
1.279000,-0.000077,0.000108
1.280000,-0.000078,0.000108
1.281000,-0.000078,0.000108
1.282000,-0.000078,0.000108
1.283000,-0.000078,0.000109
1.284000,-0.000077,0.000109
1.285000,-0.000077,0.000108
1.286000,-0.000077,0.000108
1.287000,-0.000076,0.000108
1.288000,-0.000077,0.000108
1.289000,-0.000077,0.000109
1.290000,-0.000077,0.000109
1.291000,-0.000076,0.000109
1.292000,-0.000077,0.000108
1.293000,-0.000077,0.000108
1.294000,-0.000077,0.000109
1.295000,-0.000077,0.000109
1.296000,-0.000077,0.000108
1.297000,-0.000077,0.000108
1.298000,-0.000077,0.000107
1.299000,-0.000077,0.000107
1.300000,-0.000076,0.000108
1.301000,-0.000076,0.000108
1.302000,-0.000076,0.000108
1.303000,-0.000076,0.000108
1.304000,-0.000076,0.000108
1.305000,-0.000077,0.000108
1.306000,-0.000077,0.000108
1.307000,-0.000077,0.000108
1.308000,-0.000077,0.000108
1.309000,-0.000076,0.000108
1.310000,-0.000075,0.000108
1.311000,-0.000075,0.000108
1.312000,-0.000075,0.000109
1.313000,-0.000074,0.000110
1.314000,-0.000075,0.000110
1.315000,-0.000075,0.000111
1.316000,-0.000075,0.000110
1.317000,-0.000075,0.000110
1.318000,-0.000075,0.000111
1.319000,-0.000076,0.000111
1.320000,-0.000076,0.000111
1.321000,-0.000076,0.000111
1.322000,-0.000075,0.000111
1.323000,-0.000075,0.000111
1.324000,-0.000075,0.000111
1.325000,-0.000076,0.000111
1.326000,-0.000075,0.000112
1.327000,-0.000075,0.000111
1.328000,-0.000076,0.000112
1.329000,-0.000076,0.000111
1.330000,-0.000076,0.000110
1.331000,-0.000076,0.000110
1.332000,-0.000075,0.000110
1.333000,-0.000075,0.000110
1.334000,-0.000075,0.000109
1.335000,-0.000075,0.000110
1.336000,-0.000075,0.000110
1.337000,-0.000076,0.000110
1.338000,-0.000076,0.000110
1.339000,-0.000075,0.000111
1.340000,-0.000075,0.000111
1.341000,-0.000074,0.000111
1.342000,-0.000074,0.000111
1.343000,-0.000075,0.000111
1.344000,-0.000075,0.000111
1.345000,-0.000075,0.000110
1.346000,-0.000074,0.000111
1.347000,-0.000075,0.000110
1.348000,-0.000075,0.000111
1.349000,-0.000075,0.000111
1.350000,-0.000075,0.000111
1.351000,-0.000075,0.000111
1.352000,-0.000075,0.000111
1.353000,-0.000075,0.000111
1.354000,-0.000076,0.000111
1.355000,-0.000075,0.000110
1.356000,-0.000075,0.000111
1.357000,-0.000074,0.000112
1.358000,-0.000074,0.000111
1.359000,-0.000074,0.000111
1.360000,-0.000074,0.000111
1.361000,-0.000074,0.000112
1.362000,-0.000074,0.000111
1.363000,-0.000074,0.000112
1.364000,-0.000074,0.000112
1.365000,-0.000075,0.000112
1.366000,-0.000074,0.000112
1.367000,-0.000074,0.000111
1.368000,-0.000074,0.000111
1.369000,-0.000074,0.000112
1.370000,-0.000074,0.000112
1.371000,-0.000073,0.000112
1.372000,-0.000073,0.000112
1.373000,-0.000073,0.000112
1.374000,-0.000074,0.000111
1.375000,-0.000073,0.000112
1.376000,-0.000073,0.000112
1.377000,-0.000074,0.000113
1.378000,-0.000074,0.000112
1.379000,-0.000074,0.000112
1.380000,-0.000073,0.000112
1.381000,-0.000074,0.000112
1.382000,-0.000074,0.000112
1.383000,-0.000074,0.000111
1.384000,-0.000074,0.000111
1.385000,-0.000074,0.000111
1.386000,-0.000073,0.000111
1.387000,-0.000073,0.000111
1.388000,-0.000073,0.000110
1.389000,-0.000073,0.000111
1.390000,-0.000073,0.000111
1.391000,-0.000073,0.000110
1.392000,-0.000073,0.000111
1.393000,-0.000074,0.000111
1.394000,-0.000074,0.000110
1.395000,-0.000074,0.000111
1.396000,-0.000074,0.000111
1.397000,-0.000073,0.000111
1.398000,-0.000073,0.000112
1.399000,-0.000073,0.000112
1.400000,-0.000073,0.000111
1.401000,-0.000073,0.000111
1.402000,-0.000073,0.000112
1.403000,-0.000073,0.000112
1.404000,-0.000073,0.000112
1.405000,-0.000073,0.000113
1.406000,-0.000073,0.000113
1.407000,-0.000073,0.000112
1.408000,-0.000073,0.000112
1.409000,-0.000073,0.000112
1.410000,-0.000074,0.000112
1.411000,-0.000074,0.000112
1.412000,-0.000074,0.000112
1.413000,-0.000074,0.000112
1.414000,-0.000074,0.000111
1.415000,-0.000074,0.000110
1.416000,-0.000074,0.000110
1.417000,-0.000074,0.000110
1.418000,-0.000073,0.000109
1.419000,-0.000074,0.000108
1.420000,-0.000074,0.000108
1.421000,-0.000073,0.000108
1.422000,-0.000074,0.000109
1.423000,-0.000073,0.000109
1.424000,-0.000073,0.000109
1.425000,-0.000072,0.000109
1.426000,-0.000073,0.000109
1.427000,-0.000072,0.000110
1.428000,-0.000072,0.000110
1.429000,-0.000072,0.000109
1.430000,-0.000073,0.000109
1.431000,-0.000073,0.000109
1.432000,-0.000073,0.000109
1.433000,-0.000074,0.000109
1.434000,-0.000074,0.000109
1.435000,-0.000074,0.000109
1.436000,-0.000073,0.000109
1.437000,-0.000073,0.000109
1.438000,-0.000073,0.000109
1.439000,-0.000074,0.000109
1.440000,-0.000074,0.000108
1.441000,-0.000074,0.000109
1.442000,-0.000074,0.000109
1.443000,-0.000073,0.000109
1.444000,-0.000073,0.000108
1.445000,-0.000073,0.000108
1.446000,-0.000074,0.000109
1.447000,-0.000073,0.000109
1.448000,-0.000073,0.000109
1.449000,-0.000073,0.000108
1.450000,-0.000073,0.000109
1.451000,-0.000074,0.000108
1.452000,-0.000073,0.000108
1.453000,-0.000073,0.000108
1.454000,-0.000073,0.000108
1.455000,-0.000074,0.000109
1.456000,-0.000074,0.000108
1.457000,-0.000075,0.000107
1.458000,-0.000075,0.000108
1.459000,-0.000075,0.000108
1.460000,-0.000074,0.000108
1.461000,-0.000074,0.000108
1.462000,-0.000074,0.000108
1.463000,-0.000074,0.000108
1.464000,-0.000074,0.000109
1.465000,-0.000074,0.000109
1.466000,-0.000074,0.000109
1.467000,-0.000074,0.000109
1.468000,-0.000074,0.000110
1.469000,-0.000074,0.000109
1.470000,-0.000075,0.000109
1.471000,-0.000075,0.000109
1.472000,-0.000076,0.000109
1.473000,-0.000076,0.000109
1.474000,-0.000075,0.000109
1.475000,-0.000075,0.000109
1.476000,-0.000075,0.000109
1.477000,-0.000075,0.000108
1.478000,-0.000075,0.000109
1.479000,-0.000074,0.000109
1.480000,-0.000074,0.000109
1.481000,-0.000074,0.000109
1.482000,-0.000074,0.000109
1.483000,-0.000074,0.000109
1.484000,-0.000074,0.000109
1.485000,-0.000076,0.000109
1.486000,-0.000076,0.000110
1.487000,-0.000076,0.000110
1.488000,-0.000076,0.000111
1.489000,-0.000075,0.000111
1.490000,-0.000075,0.000111
1.491000,-0.000075,0.000111
1.492000,-0.000075,0.000111
1.493000,-0.000075,0.000111
1.494000,-0.000075,0.000111
1.495000,-0.000074,0.000110
1.496000,-0.000075,0.000111
1.497000,-0.000075,0.000110
1.498000,-0.000076,0.000110
1.499000,-0.000076,0.000109
1.450000,-0.000073,0.000109
1.451000,-0.000074,0.000108
1.452000,-0.000074,0.000108
1.453000,-0.000074,0.000108
1.454000,-0.000074,0.000108
1.455000,-0.000075,0.000108
1.456000,-0.000074,0.000108
1.457000,-0.000075,0.000108
1.458000,-0.000075,0.000108
1.459000,-0.000075,0.000109
1.460000,-0.000074,0.000109
1.461000,-0.000074,0.000108
1.462000,-0.000074,0.000109
1.463000,-0.000074,0.000108
1.464000,-0.000074,0.000109
1.465000,-0.000074,0.000109
1.466000,-0.000074,0.000109
1.467000,-0.000074,0.000109
1.468000,-0.000074,0.000109
1.469000,-0.000074,0.000109
1.470000,-0.000074,0.000108
1.471000,-0.000075,0.000109
1.472000,-0.000075,0.000109
1.473000,-0.000075,0.000109
1.474000,-0.000075,0.000109
1.475000,-0.000075,0.000109
1.476000,-0.000075,0.000109
1.477000,-0.000075,0.000109
1.478000,-0.000075,0.000109
1.479000,-0.000074,0.000109
1.480000,-0.000075,0.000109
1.481000,-0.000076,0.000109
1.482000,-0.000075,0.000108
1.483000,-0.000075,0.000109
1.484000,-0.000075,0.000109
1.485000,-0.000077,0.000109
1.486000,-0.000077,0.000109
1.487000,-0.000077,0.000110
1.488000,-0.000077,0.000109
1.489000,-0.000077,0.000109
1.490000,-0.000077,0.000109
1.491000,-0.000076,0.000110
1.492000,-0.000077,0.000110
1.493000,-0.000077,0.000110
1.494000,-0.000076,0.000110
1.495000,-0.000076,0.000109
1.496000,-0.000076,0.000109
1.497000,-0.000076,0.000109
1.498000,-0.000076,0.000109
1.499000,-0.000077,0.000108
1.500000,-0.000077,0.000108
1.501000,-0.000077,0.000109
1.502000,-0.000077,0.000109
1.503000,-0.000076,0.000109
1.504000,-0.000076,0.000108
1.505000,-0.000076,0.000109
1.506000,-0.000076,0.000109
1.507000,-0.000076,0.000109
1.508000,-0.000076,0.000109
1.509000,-0.000076,0.000109
1.510000,-0.000076,0.000109
1.511000,-0.000076,0.000109
1.512000,-0.000076,0.000109
1.513000,-0.000076,0.000108
1.514000,-0.000075,0.000109
1.515000,-0.000075,0.000110
1.516000,-0.000075,0.000109
1.517000,-0.000075,0.000109
1.518000,-0.000076,0.000110
1.519000,-0.000076,0.000110
1.520000,-0.000076,0.000110
1.521000,-0.000076,0.000110
1.522000,-0.000076,0.000110
1.523000,-0.000076,0.000110
1.524000,-0.000076,0.000110
1.525000,-0.000077,0.000110
1.526000,-0.000076,0.000110
1.527000,-0.000076,0.000110
1.528000,-0.000076,0.000110
1.529000,-0.000076,0.000110
1.530000,-0.000075,0.000110
1.531000,-0.000075,0.000110
1.532000,-0.000075,0.000110
1.533000,-0.000075,0.000110
1.534000,-0.000075,0.000110
1.535000,-0.000075,0.000110
1.536000,-0.000076,0.000110
1.537000,-0.000076,0.000111
1.538000,-0.000076,0.000111
1.539000,-0.000076,0.000111
1.540000,-0.000076,0.000111
1.541000,-0.000076,0.000112
1.542000,-0.000077,0.000111
1.543000,-0.000077,0.000110
1.544000,-0.000076,0.000111
1.545000,-0.000076,0.000111
1.546000,-0.000076,0.000111
1.547000,-0.000076,0.000111
1.548000,-0.000076,0.000110
1.549000,-0.000076,0.000111
1.550000,-0.000076,0.000110
1.551000,-0.000076,0.000111
1.552000,-0.000076,0.000110
1.553000,-0.000076,0.000110
1.554000,-0.000076,0.000110
1.555000,-0.000076,0.000111
1.556000,-0.000076,0.000110
1.557000,-0.000077,0.000110
1.558000,-0.000077,0.000109
1.559000,-0.000077,0.000110
1.560000,-0.000078,0.000110
1.561000,-0.000078,0.000110
1.562000,-0.000078,0.000110
1.563000,-0.000078,0.000110
1.564000,-0.000077,0.000111
1.565000,-0.000078,0.000111
1.566000,-0.000077,0.000111
1.567000,-0.000077,0.000112
1.568000,-0.000077,0.000111
1.569000,-0.000078,0.000111
1.570000,-0.000079,0.000111
1.571000,-0.000079,0.000111
1.572000,-0.000078,0.000112
1.573000,-0.000078,0.000111
1.574000,-0.000078,0.000112
1.575000,-0.000078,0.000111
1.576000,-0.000078,0.000111
1.577000,-0.000077,0.000111
1.578000,-0.000077,0.000112
1.579000,-0.000077,0.000111
1.580000,-0.000076,0.000112
1.581000,-0.000076,0.000112
1.582000,-0.000076,0.000112
1.583000,-0.000076,0.000112
1.584000,-0.000077,0.000111
1.585000,-0.000076,0.000111
1.586000,-0.000076,0.000111
1.587000,-0.000076,0.000111
1.588000,-0.000076,0.000112
1.589000,-0.000076,0.000112
1.590000,-0.000076,0.000112
1.591000,-0.000076,0.000112
1.592000,-0.000075,0.000112
1.593000,-0.000076,0.000112
1.594000,-0.000076,0.000112
1.595000,-0.000076,0.000112
1.596000,-0.000076,0.000112
1.597000,-0.000077,0.000112
1.598000,-0.000077,0.000112
1.599000,-0.000077,0.000112
1.600000,-0.000077,0.000112
1.601000,-0.000077,0.000112
1.602000,-0.000078,0.000112
1.603000,-0.000078,0.000113
1.604000,-0.000078,0.000113
1.605000,-0.000078,0.000112
1.606000,-0.000078,0.000112
1.607000,-0.000078,0.000112
1.608000,-0.000078,0.000112
1.609000,-0.000077,0.000112
1.610000,-0.000078,0.000111
1.611000,-0.000078,0.000111
1.612000,-0.000079,0.000111
1.613000,-0.000078,0.000112
1.614000,-0.000078,0.000112
1.615000,-0.000078,0.000112
1.616000,-0.000078,0.000112
1.617000,-0.000078,0.000113
1.618000,-0.000078,0.000112
1.619000,-0.000078,0.000112
1.620000,-0.000078,0.000112
1.621000,-0.000078,0.000113
1.622000,-0.000078,0.000112
1.623000,-0.000078,0.000112
1.624000,-0.000078,0.000112
1.625000,-0.000079,0.000112
1.626000,-0.000079,0.000112
1.627000,-0.000079,0.000112
1.628000,-0.000079,0.000112
1.629000,-0.000079,0.000112
1.630000,-0.000078,0.000113
1.631000,-0.000079,0.000113
1.632000,-0.000079,0.000113
1.633000,-0.000079,0.000114
1.634000,-0.000079,0.000114
1.635000,-0.000080,0.000114
1.636000,-0.000079,0.000114
1.637000,-0.000079,0.000114
1.638000,-0.000079,0.000113
1.639000,-0.000078,0.000112
1.640000,-0.000079,0.000112
1.641000,-0.000079,0.000112
1.642000,-0.000079,0.000113
1.643000,-0.000079,0.000114
1.644000,-0.000079,0.000113
1.645000,-0.000078,0.000113
1.646000,-0.000078,0.000113
1.647000,-0.000078,0.000114
1.648000,-0.000078,0.000113
1.649000,-0.000078,0.000113
1.650000,-0.000078,0.000113
1.651000,-0.000078,0.000113
1.652000,-0.000078,0.000113
1.653000,-0.000078,0.000113
1.654000,-0.000078,0.000113
1.655000,-0.000078,0.000113
1.656000,-0.000078,0.000113
1.657000,-0.000077,0.000112
1.658000,-0.000077,0.000113
1.659000,-0.000077,0.000113
1.660000,-0.000077,0.000113
1.661000,-0.000077,0.000112
1.662000,-0.000077,0.000112
1.663000,-0.000077,0.000113
1.664000,-0.000078,0.000113
1.665000,-0.000078,0.000113
1.666000,-0.000078,0.000113
1.667000,-0.000078,0.000113
1.668000,-0.000078,0.000114
1.669000,-0.000078,0.000114
1.670000,-0.000077,0.000115
1.671000,-0.000077,0.000115
1.672000,-0.000078,0.000114
1.673000,-0.000078,0.000114
1.674000,-0.000077,0.000114
1.675000,-0.000078,0.000115
1.676000,-0.000077,0.000115
1.677000,-0.000078,0.000115
1.678000,-0.000078,0.000115
1.679000,-0.000078,0.000114
1.680000,-0.000078,0.000114
1.681000,-0.000078,0.000115
1.682000,-0.000079,0.000115
1.683000,-0.000078,0.000115
1.684000,-0.000078,0.000115
1.685000,-0.000078,0.000115
1.686000,-0.000078,0.000115
1.687000,-0.000078,0.000115
1.688000,-0.000078,0.000116
1.689000,-0.000079,0.000116
1.690000,-0.000078,0.000116
1.691000,-0.000078,0.000117
1.692000,-0.000078,0.000117
1.693000,-0.000078,0.000117
1.694000,-0.000078,0.000118
1.695000,-0.000078,0.000117
1.696000,-0.000078,0.000117
1.697000,-0.000078,0.000117
1.698000,-0.000078,0.000117
1.699000,-0.000078,0.000117
1.700000,-0.000078,0.000116
1.701000,-0.000078,0.000116
1.702000,-0.000077,0.000116
1.703000,-0.000078,0.000116
1.704000,-0.000077,0.000116
1.705000,-0.000076,0.000116
1.706000,-0.000077,0.000116
1.707000,-0.000077,0.000116
1.708000,-0.000077,0.000116
1.709000,-0.000077,0.000116
1.710000,-0.000077,0.000117
1.711000,-0.000077,0.000117
1.712000,-0.000076,0.000117
1.713000,-0.000077,0.000116
1.714000,-0.000078,0.000116
1.715000,-0.000077,0.000116
1.716000,-0.000077,0.000116
1.717000,-0.000076,0.000115
1.718000,-0.000076,0.000116
1.719000,-0.000076,0.000116
1.720000,-0.000076,0.000116
1.721000,-0.000076,0.000116
1.722000,-0.000076,0.000116
1.723000,-0.000076,0.000116
1.724000,-0.000076,0.000116
1.725000,-0.000076,0.000116
1.726000,-0.000076,0.000116
1.727000,-0.000077,0.000116
1.728000,-0.000076,0.000117
1.729000,-0.000076,0.000117
1.730000,-0.000076,0.000117
1.731000,-0.000076,0.000117
1.732000,-0.000075,0.000117
1.733000,-0.000075,0.000116
1.734000,-0.000075,0.000116
1.735000,-0.000075,0.000116
1.736000,-0.000074,0.000116
1.737000,-0.000075,0.000116
1.738000,-0.000075,0.000117
1.739000,-0.000075,0.000116
1.740000,-0.000075,0.000117
1.741000,-0.000075,0.000116
1.742000,-0.000075,0.000116
1.743000,-0.000075,0.000116
1.744000,-0.000075,0.000117
1.745000,-0.000076,0.000118
1.746000,-0.000076,0.000118
1.747000,-0.000076,0.000117
1.748000,-0.000076,0.000117
1.749000,-0.000075,0.000117
1.750000,-0.000075,0.000118
1.751000,-0.000075,0.000118
1.752000,-0.000076,0.000118
1.753000,-0.000076,0.000117
1.754000,-0.000076,0.000118
1.755000,-0.000076,0.000117
1.756000,-0.000077,0.000117
1.757000,-0.000077,0.000117
1.758000,-0.000077,0.000117
1.759000,-0.000076,0.000117
1.760000,-0.000077,0.000117
1.761000,-0.000077,0.000117
1.762000,-0.000077,0.000117
1.763000,-0.000077,0.000117
1.764000,-0.000077,0.000117
1.765000,-0.000076,0.000117
1.766000,-0.000076,0.000118
1.767000,-0.000075,0.000117
1.768000,-0.000075,0.000117
1.769000,-0.000075,0.000116
1.770000,-0.000075,0.000116
1.771000,-0.000075,0.000116
1.772000,-0.000075,0.000116
1.773000,-0.000076,0.000116
1.774000,-0.000076,0.000116
1.775000,-0.000076,0.000115
1.776000,-0.000076,0.000115
1.777000,-0.000076,0.000116
1.778000,-0.000076,0.000115
1.779000,-0.000076,0.000115
1.780000,-0.000076,0.000115
1.781000,-0.000075,0.000115
1.782000,-0.000074,0.000115
1.783000,-0.000074,0.000115
1.784000,-0.000074,0.000116
1.785000,-0.000074,0.000115
1.786000,-0.000074,0.000115
1.787000,-0.000075,0.000115
1.788000,-0.000075,0.000114
1.789000,-0.000075,0.000114
1.790000,-0.000075,0.000114
1.791000,-0.000076,0.000113
1.792000,-0.000075,0.000113
1.793000,-0.000075,0.000112
1.794000,-0.000075,0.000112
1.795000,-0.000074,0.000112
1.796000,-0.000074,0.000112
1.797000,-0.000074,0.000112
1.798000,-0.000074,0.000113
1.799000,-0.000074,0.000113
1.800000,-0.000074,0.000113
1.801000,-0.000074,0.000113
1.802000,-0.000075,0.000113
1.803000,-0.000075,0.000113
1.804000,-0.000075,0.000112
1.805000,-0.000075,0.000113
1.806000,-0.000075,0.000113
1.807000,-0.000074,0.000113
1.808000,-0.000074,0.000113
1.809000,-0.000074,0.000113
1.810000,-0.000074,0.000112
1.811000,-0.000074,0.000113
1.812000,-0.000075,0.000113
1.813000,-0.000075,0.000113
1.814000,-0.000075,0.000113
1.815000,-0.000076,0.000113
1.816000,-0.000076,0.000113
1.817000,-0.000076,0.000113
1.818000,-0.000076,0.000113
1.819000,-0.000076,0.000112
1.820000,-0.000076,0.000113
1.821000,-0.000075,0.000114
1.822000,-0.000075,0.000114
1.823000,-0.000076,0.000114
1.824000,-0.000076,0.000115
1.825000,-0.000075,0.000115
1.826000,-0.000076,0.000115
1.827000,-0.000076,0.000114
1.828000,-0.000076,0.000114
1.829000,-0.000076,0.000113
1.830000,-0.000077,0.000113
1.831000,-0.000076,0.000113
1.832000,-0.000077,0.000113
1.833000,-0.000077,0.000114
1.834000,-0.000077,0.000114
1.835000,-0.000077,0.000114
1.836000,-0.000077,0.000113
1.837000,-0.000076,0.000112
1.838000,-0.000077,0.000112
1.839000,-0.000077,0.000113
1.840000,-0.000076,0.000112
1.841000,-0.000076,0.000113
1.842000,-0.000076,0.000112
1.843000,-0.000076,0.000111
1.844000,-0.000077,0.000110
1.845000,-0.000077,0.000109
1.846000,-0.000077,0.000109
1.847000,-0.000077,0.000110
1.848000,-0.000078,0.000110
1.849000,-0.000078,0.000110
1.850000,-0.000078,0.000110
1.851000,-0.000077,0.000110
1.852000,-0.000076,0.000109
1.853000,-0.000076,0.000109
1.854000,-0.000076,0.000110
1.855000,-0.000076,0.000110
1.856000,-0.000076,0.000110
1.857000,-0.000076,0.000110
1.858000,-0.000076,0.000111
1.859000,-0.000076,0.000110
1.860000,-0.000076,0.000110
1.861000,-0.000075,0.000110
1.862000,-0.000075,0.000110
1.863000,-0.000075,0.000110
1.864000,-0.000075,0.000110
1.865000,-0.000075,0.000110
1.866000,-0.000075,0.000110
1.867000,-0.000075,0.000110
1.868000,-0.000075,0.000109
1.869000,-0.000075,0.000110
1.870000,-0.000076,0.000110
1.871000,-0.000075,0.000110
1.872000,-0.000076,0.000110
1.873000,-0.000075,0.000110
1.874000,-0.000076,0.000109
1.875000,-0.000076,0.000109
1.876000,-0.000076,0.000109
1.877000,-0.000076,0.000109
1.878000,-0.000076,0.000109
1.879000,-0.000075,0.000109
1.880000,-0.000076,0.000109
1.881000,-0.000076,0.000109
1.882000,-0.000077,0.000109
1.883000,-0.000077,0.000109
1.884000,-0.000077,0.000109
1.885000,-0.000078,0.000109
1.886000,-0.000078,0.000109
1.887000,-0.000078,0.000109
1.888000,-0.000077,0.000109
1.889000,-0.000077,0.000109
1.890000,-0.000078,0.000109
1.891000,-0.000077,0.000109
1.892000,-0.000077,0.000109
1.893000,-0.000078,0.000109
1.894000,-0.000078,0.000109
1.895000,-0.000078,0.000109
1.896000,-0.000078,0.000109
1.897000,-0.000078,0.000109
1.898000,-0.000077,0.000109
1.899000,-0.000078,0.000110
1.900000,-0.000078,0.000109
1.901000,-0.000077,0.000109
1.902000,-0.000077,0.000108
1.903000,-0.000077,0.000109
1.904000,-0.000078,0.000108
1.905000,-0.000077,0.000108
1.906000,-0.000077,0.000108
1.907000,-0.000077,0.000108
1.908000,-0.000077,0.000109
1.909000,-0.000078,0.000109
1.910000,-0.000077,0.000110
1.911000,-0.000078,0.000109
1.912000,-0.000077,0.000110
1.913000,-0.000077,0.000110
1.914000,-0.000077,0.000109
1.915000,-0.000077,0.000109
1.916000,-0.000077,0.000108
1.917000,-0.000077,0.000109
1.918000,-0.000077,0.000109
1.919000,-0.000077,0.000110
1.920000,-0.000077,0.000109
1.921000,-0.000077,0.000109
1.922000,-0.000077,0.000109
1.923000,-0.000077,0.000109
1.924000,-0.000077,0.000108
1.925000,-0.000077,0.000108
1.926000,-0.000077,0.000108
1.927000,-0.000077,0.000108
1.928000,-0.000076,0.000109
1.929000,-0.000077,0.000109
1.930000,-0.000076,0.000109
1.931000,-0.000076,0.000109
1.932000,-0.000076,0.000109
1.933000,-0.000076,0.000109
1.934000,-0.000076,0.000108
1.935000,-0.000076,0.000109
1.936000,-0.000076,0.000109
1.937000,-0.000076,0.000110
1.938000,-0.000076,0.000110
1.939000,-0.000076,0.000110
1.940000,-0.000076,0.000110
1.941000,-0.000076,0.000110
1.942000,-0.000076,0.000110
1.943000,-0.000076,0.000110
1.944000,-0.000076,0.000110
1.945000,-0.000076,0.000110
1.946000,-0.000075,0.000111
1.947000,-0.000076,0.000110
1.948000,-0.000076,0.000110
1.949000,-0.000075,0.000111
1.950000,-0.000076,0.000112
1.951000,-0.000076,0.000112
1.952000,-0.000076,0.000112
1.953000,-0.000076,0.000112
1.954000,-0.000076,0.000112
1.955000,-0.000076,0.000112
1.956000,-0.000076,0.000112
1.957000,-0.000076,0.000112
1.958000,-0.000076,0.000112
1.959000,-0.000076,0.000112
1.960000,-0.000076,0.000112
1.961000,-0.000076,0.000112
1.962000,-0.000076,0.000112
1.963000,-0.000076,0.000112
1.964000,-0.000076,0.000112
1.965000,-0.000076,0.000112
1.966000,-0.000077,0.000112
1.967000,-0.000077,0.000111
1.968000,-0.000077,0.000112
1.969000,-0.000077,0.000112
1.970000,-0.000077,0.000112
1.971000,-0.000077,0.000112
1.972000,-0.000076,0.000112
1.973000,-0.000076,0.000112
1.974000,-0.000076,0.000112
1.975000,-0.000076,0.000113
1.976000,-0.000076,0.000113
1.977000,-0.000077,0.000113
1.978000,-0.000077,0.000113
1.979000,-0.000077,0.000114
1.980000,-0.000077,0.000113
1.981000,-0.000077,0.000113
1.982000,-0.000076,0.000113
1.983000,-0.000076,0.000113
1.984000,-0.000076,0.000113
1.985000,-0.000075,0.000114
1.986000,-0.000074,0.000114
1.987000,-0.000075,0.000115
1.988000,-0.000075,0.000115
1.989000,-0.000074,0.000115
1.990000,-0.000074,0.000115
1.991000,-0.000075,0.000115
1.992000,-0.000075,0.000115
1.993000,-0.000075,0.000116
1.994000,-0.000075,0.000115
1.995000,-0.000074,0.000115
1.996000,-0.000074,0.000115
1.997000,-0.000074,0.000115
1.998000,-0.000075,0.000115
1.999000,-0.000074,0.000115
1.950000,-0.000076,0.000112
1.951000,-0.000076,0.000112
1.952000,-0.000076,0.000112
1.953000,-0.000076,0.000112
1.954000,-0.000076,0.000113
1.955000,-0.000076,0.000113
1.956000,-0.000076,0.000113
1.957000,-0.000076,0.000113
1.958000,-0.000076,0.000112
1.959000,-0.000076,0.000112
1.960000,-0.000076,0.000112
1.961000,-0.000077,0.000112
1.962000,-0.000077,0.000112
1.963000,-0.000077,0.000112
1.964000,-0.000077,0.000112
1.965000,-0.000077,0.000112
1.966000,-0.000077,0.000113
1.967000,-0.000077,0.000112
1.968000,-0.000077,0.000113
1.969000,-0.000077,0.000113
1.970000,-0.000077,0.000113
1.971000,-0.000076,0.000112
1.972000,-0.000075,0.000113
1.973000,-0.000075,0.000112
1.974000,-0.000075,0.000112
1.975000,-0.000075,0.000112
1.976000,-0.000076,0.000112
1.977000,-0.000076,0.000112
1.978000,-0.000076,0.000112
1.979000,-0.000077,0.000112
1.980000,-0.000077,0.000112
1.981000,-0.000076,0.000112
1.982000,-0.000076,0.000113
1.983000,-0.000076,0.000113
1.984000,-0.000075,0.000113
1.985000,-0.000074,0.000114
1.986000,-0.000074,0.000114
1.987000,-0.000075,0.000115
1.988000,-0.000076,0.000115
1.989000,-0.000075,0.000115
1.990000,-0.000075,0.000116
1.991000,-0.000075,0.000116
1.992000,-0.000075,0.000116
1.993000,-0.000076,0.000116
1.994000,-0.000076,0.000115
1.995000,-0.000075,0.000115
1.996000,-0.000075,0.000115
1.997000,-0.000074,0.000115
1.998000,-0.000075,0.000115
1.999000,-0.000074,0.000115
2.000000,-0.000075,0.000115
2.001000,-0.000075,0.000115
2.002000,-0.000075,0.000115
2.003000,-0.000076,0.000114
2.004000,-0.000075,0.000115
2.005000,-0.000076,0.000115
2.006000,-0.000076,0.000114
2.007000,-0.000076,0.000114
2.008000,-0.000076,0.000114
2.009000,-0.000075,0.000114
2.010000,-0.000075,0.000114
2.011000,-0.000074,0.000114
2.012000,-0.000075,0.000114
2.013000,-0.000075,0.000114
2.014000,-0.000075,0.000115
2.015000,-0.000075,0.000115
2.016000,-0.000075,0.000115
2.017000,-0.000075,0.000115
2.018000,-0.000075,0.000114
2.019000,-0.000075,0.000114
2.020000,-0.000075,0.000113
2.021000,-0.000075,0.000113
2.022000,-0.000075,0.000114
2.023000,-0.000075,0.000113
2.024000,-0.000075,0.000114
2.025000,-0.000076,0.000114
2.026000,-0.000075,0.000115
2.027000,-0.000075,0.000114
2.028000,-0.000075,0.000114
2.029000,-0.000075,0.000114
2.030000,-0.000075,0.000114
2.031000,-0.000076,0.000113
2.032000,-0.000075,0.000114
2.033000,-0.000076,0.000114
2.034000,-0.000076,0.000114
2.035000,-0.000075,0.000113
2.036000,-0.000075,0.000112
2.037000,-0.000075,0.000113
2.038000,-0.000074,0.000112
2.039000,-0.000074,0.000113
2.040000,-0.000075,0.000113
2.041000,-0.000074,0.000114
2.042000,-0.000076,0.000114
2.043000,-0.000075,0.000114
2.044000,-0.000076,0.000114
2.045000,-0.000076,0.000115
2.046000,-0.000076,0.000114
2.047000,-0.000077,0.000114
2.048000,-0.000077,0.000113
2.049000,-0.000077,0.000113
2.050000,-0.000077,0.000112
2.051000,-0.000078,0.000111
2.052000,-0.000078,0.000113
2.053000,-0.000078,0.000113
2.054000,-0.000078,0.000113
2.055000,-0.000077,0.000112
2.056000,-0.000077,0.000112
2.057000,-0.000076,0.000112
2.058000,-0.000076,0.000112
2.059000,-0.000076,0.000113
2.060000,-0.000076,0.000113
2.061000,-0.000076,0.000113
2.062000,-0.000075,0.000113
2.063000,-0.000076,0.000113
2.064000,-0.000076,0.000113
2.065000,-0.000076,0.000112
2.066000,-0.000077,0.000111
2.067000,-0.000077,0.000111
2.068000,-0.000077,0.000111
2.069000,-0.000077,0.000111
2.070000,-0.000077,0.000111
2.071000,-0.000077,0.000111
2.072000,-0.000077,0.000111
2.073000,-0.000077,0.000112
2.074000,-0.000077,0.000112
2.075000,-0.000077,0.000112
2.076000,-0.000077,0.000112
2.077000,-0.000077,0.000111
2.078000,-0.000077,0.000112
2.079000,-0.000077,0.000111
2.080000,-0.000077,0.000112
2.081000,-0.000077,0.000112
2.082000,-0.000077,0.000111
2.083000,-0.000077,0.000111
2.084000,-0.000077,0.000111
2.085000,-0.000077,0.000111
2.086000,-0.000077,0.000111
2.087000,-0.000076,0.000110
2.088000,-0.000076,0.000111
2.089000,-0.000077,0.000110
2.090000,-0.000077,0.000111
2.091000,-0.000077,0.000110
2.092000,-0.000077,0.000110
2.093000,-0.000076,0.000110
2.094000,-0.000076,0.000111
2.095000,-0.000076,0.000111
2.096000,-0.000077,0.000110
2.097000,-0.000077,0.000110
2.098000,-0.000076,0.000110
2.099000,-0.000076,0.000111
2.100000,-0.000076,0.000111
2.101000,-0.000077,0.000112
2.102000,-0.000076,0.000112
2.103000,-0.000076,0.000113
2.104000,-0.000077,0.000113
2.105000,-0.000076,0.000113
2.106000,-0.000077,0.000113
2.107000,-0.000077,0.000113
2.108000,-0.000077,0.000113
2.109000,-0.000077,0.000112
2.110000,-0.000077,0.000112
2.111000,-0.000077,0.000112
2.112000,-0.000077,0.000113
2.113000,-0.000077,0.000113
2.114000,-0.000077,0.000112
2.115000,-0.000077,0.000113
2.116000,-0.000077,0.000112
2.117000,-0.000077,0.000113
2.118000,-0.000077,0.000113
2.119000,-0.000077,0.000112
2.120000,-0.000077,0.000113
2.121000,-0.000077,0.000113
2.122000,-0.000077,0.000113
2.123000,-0.000077,0.000114
2.124000,-0.000077,0.000114
2.125000,-0.000077,0.000114
2.126000,-0.000077,0.000114
2.127000,-0.000077,0.000114
2.128000,-0.000077,0.000113
2.129000,-0.000077,0.000113
2.130000,-0.000077,0.000113
2.131000,-0.000077,0.000113
2.132000,-0.000077,0.000112
2.133000,-0.000077,0.000112
2.134000,-0.000077,0.000113
2.135000,-0.000077,0.000113
2.136000,-0.000077,0.000113
2.137000,-0.000077,0.000113
2.138000,-0.000077,0.000114
2.139000,-0.000077,0.000113
2.140000,-0.000077,0.000113
2.141000,-0.000077,0.000113
2.142000,-0.000076,0.000113
2.143000,-0.000077,0.000114
2.144000,-0.000077,0.000113
2.145000,-0.000076,0.000113
2.146000,-0.000076,0.000114
2.147000,-0.000075,0.000114
2.148000,-0.000075,0.000114
2.149000,-0.000075,0.000114
2.150000,-0.000075,0.000115
2.151000,-0.000074,0.000115
2.152000,-0.000074,0.000115
2.153000,-0.000075,0.000114
2.154000,-0.000074,0.000114
2.155000,-0.000074,0.000114
2.156000,-0.000074,0.000115
2.157000,-0.000075,0.000115
2.158000,-0.000075,0.000116
2.159000,-0.000076,0.000115
2.160000,-0.000075,0.000115
2.161000,-0.000075,0.000115
2.162000,-0.000075,0.000115
2.163000,-0.000075,0.000115
2.164000,-0.000075,0.000115
2.165000,-0.000075,0.000116
2.166000,-0.000075,0.000117
2.167000,-0.000075,0.000118
2.168000,-0.000075,0.000118
2.169000,-0.000075,0.000117
2.170000,-0.000075,0.000118
2.171000,-0.000075,0.000118
2.172000,-0.000075,0.000118
2.173000,-0.000075,0.000118
2.174000,-0.000075,0.000118
2.175000,-0.000076,0.000119
2.176000,-0.000076,0.000119
2.177000,-0.000075,0.000119
2.178000,-0.000076,0.000118
2.179000,-0.000076,0.000119
2.180000,-0.000075,0.000119
2.181000,-0.000075,0.000119
2.182000,-0.000076,0.000119
2.183000,-0.000076,0.000118
2.184000,-0.000075,0.000118
2.185000,-0.000075,0.000118
2.186000,-0.000075,0.000119
2.187000,-0.000075,0.000118
2.188000,-0.000075,0.000118
2.189000,-0.000075,0.000118
2.190000,-0.000076,0.000117
2.191000,-0.000075,0.000117
2.192000,-0.000075,0.000117
2.193000,-0.000075,0.000117
2.194000,-0.000075,0.000117
2.195000,-0.000075,0.000117
2.196000,-0.000075,0.000117
2.197000,-0.000075,0.000117
2.198000,-0.000076,0.000117
2.199000,-0.000075,0.000117
2.200000,-0.000075,0.000116
2.201000,-0.000075,0.000116
2.202000,-0.000075,0.000115
2.203000,-0.000075,0.000116
2.204000,-0.000075,0.000116
2.205000,-0.000075,0.000115
2.206000,-0.000075,0.000115
2.207000,-0.000074,0.000116
2.208000,-0.000074,0.000116
2.209000,-0.000074,0.000116
2.210000,-0.000074,0.000116
2.211000,-0.000074,0.000117
2.212000,-0.000073,0.000117
2.213000,-0.000073,0.000117
2.214000,-0.000073,0.000116
2.215000,-0.000074,0.000116
2.216000,-0.000074,0.000116
2.217000,-0.000074,0.000116
2.218000,-0.000075,0.000115
2.219000,-0.000074,0.000115
2.220000,-0.000074,0.000115
2.221000,-0.000074,0.000115
2.222000,-0.000073,0.000115
2.223000,-0.000073,0.000114
2.224000,-0.000073,0.000114
2.225000,-0.000073,0.000114
2.226000,-0.000072,0.000114
2.227000,-0.000073,0.000114
2.228000,-0.000073,0.000115
2.229000,-0.000073,0.000115
2.230000,-0.000073,0.000115
2.231000,-0.000073,0.000115
2.232000,-0.000073,0.000115
2.233000,-0.000073,0.000115
2.234000,-0.000074,0.000115
2.235000,-0.000074,0.000115
2.236000,-0.000074,0.000115
2.237000,-0.000074,0.000115
2.238000,-0.000074,0.000116
2.239000,-0.000074,0.000117
2.240000,-0.000074,0.000116
2.241000,-0.000074,0.000115
2.242000,-0.000074,0.000115
2.243000,-0.000074,0.000116
2.244000,-0.000074,0.000116
2.245000,-0.000074,0.000116
2.246000,-0.000073,0.000116
2.247000,-0.000074,0.000116
2.248000,-0.000074,0.000116
2.249000,-0.000075,0.000116
2.250000,-0.000074,0.000116
2.251000,-0.000075,0.000116
2.252000,-0.000075,0.000115
2.253000,-0.000075,0.000116
2.254000,-0.000075,0.000116
2.255000,-0.000075,0.000117
2.256000,-0.000075,0.000116
2.257000,-0.000074,0.000116
2.258000,-0.000074,0.000116
2.259000,-0.000074,0.000116
2.260000,-0.000074,0.000116
2.261000,-0.000074,0.000116
2.262000,-0.000074,0.000115
2.263000,-0.000074,0.000115
2.264000,-0.000074,0.000115
2.265000,-0.000074,0.000115
2.266000,-0.000074,0.000115
2.267000,-0.000075,0.000115
2.268000,-0.000075,0.000115
2.269000,-0.000075,0.000115
2.270000,-0.000075,0.000115
2.271000,-0.000075,0.000115
2.272000,-0.000075,0.000116
2.273000,-0.000075,0.000115
2.274000,-0.000075,0.000115
2.275000,-0.000074,0.000115
2.276000,-0.000074,0.000115
2.277000,-0.000075,0.000115
2.278000,-0.000074,0.000115
2.279000,-0.000075,0.000115
2.280000,-0.000075,0.000114
2.281000,-0.000075,0.000114
2.282000,-0.000075,0.000114
2.283000,-0.000074,0.000114
2.284000,-0.000075,0.000114
2.285000,-0.000074,0.000115
2.286000,-0.000074,0.000114
2.287000,-0.000075,0.000114
2.288000,-0.000074,0.000114
2.289000,-0.000074,0.000114
2.290000,-0.000073,0.000114
2.291000,-0.000074,0.000114
2.292000,-0.000074,0.000114
2.293000,-0.000074,0.000114
2.294000,-0.000074,0.000113
2.295000,-0.000074,0.000113
2.296000,-0.000075,0.000113
2.297000,-0.000075,0.000113
2.298000,-0.000075,0.000113
2.299000,-0.000075,0.000113
2.300000,-0.000074,0.000113
2.301000,-0.000074,0.000113
2.302000,-0.000074,0.000113
2.303000,-0.000075,0.000113
2.304000,-0.000075,0.000113
2.305000,-0.000075,0.000113
2.306000,-0.000075,0.000113
2.307000,-0.000076,0.000113
2.308000,-0.000076,0.000113
2.309000,-0.000076,0.000112
2.310000,-0.000076,0.000112
2.311000,-0.000076,0.000112
2.312000,-0.000076,0.000111
2.313000,-0.000076,0.000112
2.314000,-0.000076,0.000111
2.315000,-0.000075,0.000111
2.316000,-0.000076,0.000112
2.317000,-0.000075,0.000112
2.318000,-0.000076,0.000113
2.319000,-0.000076,0.000113
2.320000,-0.000076,0.000112
2.321000,-0.000076,0.000112
2.322000,-0.000076,0.000112
2.323000,-0.000077,0.000113
2.324000,-0.000076,0.000112
2.325000,-0.000076,0.000111
2.326000,-0.000076,0.000111
2.327000,-0.000075,0.000111
2.328000,-0.000075,0.000111
2.329000,-0.000076,0.000111
2.330000,-0.000076,0.000111
2.331000,-0.000075,0.000111
2.332000,-0.000075,0.000111
2.333000,-0.000074,0.000111
2.334000,-0.000075,0.000111
2.335000,-0.000075,0.000111
2.336000,-0.000075,0.000111
2.337000,-0.000075,0.000110
2.338000,-0.000075,0.000110
2.339000,-0.000075,0.000109
2.340000,-0.000075,0.000110
2.341000,-0.000075,0.000111
2.342000,-0.000075,0.000110
2.343000,-0.000075,0.000110
2.344000,-0.000074,0.000110
2.345000,-0.000074,0.000110
2.346000,-0.000074,0.000110
2.347000,-0.000074,0.000110
2.348000,-0.000074,0.000111
2.349000,-0.000074,0.000111
2.350000,-0.000074,0.000111
2.351000,-0.000074,0.000111
2.352000,-0.000074,0.000111
2.353000,-0.000073,0.000111
2.354000,-0.000073,0.000110
2.355000,-0.000074,0.000110
2.356000,-0.000073,0.000110
2.357000,-0.000074,0.000109
2.358000,-0.000074,0.000109
2.359000,-0.000073,0.000109
2.360000,-0.000073,0.000108
2.361000,-0.000073,0.000108
2.362000,-0.000073,0.000108
2.363000,-0.000073,0.000108
2.364000,-0.000073,0.000108
2.365000,-0.000073,0.000107
2.366000,-0.000073,0.000107
2.367000,-0.000072,0.000107
2.368000,-0.000072,0.000107
2.369000,-0.000072,0.000107
2.370000,-0.000071,0.000107
2.371000,-0.000071,0.000107
2.372000,-0.000072,0.000107
2.373000,-0.000072,0.000107
2.374000,-0.000072,0.000107
2.375000,-0.000072,0.000106
2.376000,-0.000072,0.000107
2.377000,-0.000072,0.000108
2.378000,-0.000072,0.000108
2.379000,-0.000071,0.000109
2.380000,-0.000072,0.000109
2.381000,-0.000072,0.000108
2.382000,-0.000072,0.000109
2.383000,-0.000072,0.000108
2.384000,-0.000072,0.000108
2.385000,-0.000073,0.000108
2.386000,-0.000073,0.000108
2.387000,-0.000073,0.000109
2.388000,-0.000073,0.000109
2.389000,-0.000073,0.000109
2.390000,-0.000073,0.000109
2.391000,-0.000073,0.000110
2.392000,-0.000073,0.000109
2.393000,-0.000073,0.000110
2.394000,-0.000073,0.000111
2.395000,-0.000073,0.000111
2.396000,-0.000073,0.000111
2.397000,-0.000073,0.000111
2.398000,-0.000073,0.000111
2.399000,-0.000073,0.000111
2.400000,-0.000073,0.000111
2.401000,-0.000073,0.000111
2.402000,-0.000073,0.000111
2.403000,-0.000072,0.000111
2.404000,-0.000073,0.000110
2.405000,-0.000072,0.000110
2.406000,-0.000072,0.000110
2.407000,-0.000072,0.000111
2.408000,-0.000072,0.000110
2.409000,-0.000072,0.000111
2.410000,-0.000071,0.000111
2.411000,-0.000071,0.000110
2.412000,-0.000071,0.000111
2.413000,-0.000071,0.000111
2.414000,-0.000071,0.000111
2.415000,-0.000072,0.000111
2.416000,-0.000072,0.000110
2.417000,-0.000072,0.000110
2.418000,-0.000072,0.000110
2.419000,-0.000072,0.000109
2.420000,-0.000072,0.000109
2.421000,-0.000072,0.000109
2.422000,-0.000071,0.000109
2.423000,-0.000072,0.000108
2.424000,-0.000072,0.000108
2.425000,-0.000072,0.000108
2.426000,-0.000072,0.000109
2.427000,-0.000072,0.000108
2.428000,-0.000072,0.000109
2.429000,-0.000072,0.000108
2.430000,-0.000072,0.000108
2.431000,-0.000072,0.000108
2.432000,-0.000073,0.000108
2.433000,-0.000073,0.000108
2.434000,-0.000073,0.000108
2.435000,-0.000073,0.000109
2.436000,-0.000073,0.000109
2.437000,-0.000073,0.000109
2.438000,-0.000073,0.000108
2.439000,-0.000073,0.000108
2.440000,-0.000073,0.000108
2.441000,-0.000073,0.000108
2.442000,-0.000073,0.000108
2.443000,-0.000073,0.000108
2.444000,-0.000073,0.000107
2.445000,-0.000073,0.000107
2.446000,-0.000073,0.000108
2.447000,-0.000073,0.000107
2.448000,-0.000072,0.000107
2.449000,-0.000073,0.000107
2.450000,-0.000073,0.000107
2.451000,-0.000073,0.000107
2.452000,-0.000074,0.000107
2.453000,-0.000073,0.000107
2.454000,-0.000074,0.000107
2.455000,-0.000074,0.000107
2.456000,-0.000074,0.000106
2.457000,-0.000074,0.000107
2.458000,-0.000074,0.000107
2.459000,-0.000075,0.000108
2.460000,-0.000075,0.000108
2.461000,-0.000075,0.000108
2.462000,-0.000075,0.000108
2.463000,-0.000074,0.000108
2.464000,-0.000074,0.000108
2.465000,-0.000074,0.000108
2.466000,-0.000074,0.000108
2.467000,-0.000074,0.000108
2.468000,-0.000075,0.000108
2.469000,-0.000074,0.000108
2.470000,-0.000075,0.000108
2.471000,-0.000075,0.000108
2.472000,-0.000074,0.000108
2.473000,-0.000075,0.000107
2.474000,-0.000075,0.000107
2.475000,-0.000074,0.000108
2.476000,-0.000075,0.000108
2.477000,-0.000074,0.000107
2.478000,-0.000074,0.000106
2.479000,-0.000074,0.000106
2.480000,-0.000074,0.000106
2.481000,-0.000074,0.000106
2.482000,-0.000074,0.000107
2.483000,-0.000074,0.000107
2.484000,-0.000074,0.000106
2.485000,-0.000074,0.000106
2.486000,-0.000075,0.000105
2.487000,-0.000074,0.000105
2.488000,-0.000074,0.000105
2.489000,-0.000075,0.000105
2.490000,-0.000074,0.000105
2.491000,-0.000074,0.000105
2.492000,-0.000073,0.000105
2.493000,-0.000073,0.000105
2.494000,-0.000074,0.000104
2.495000,-0.000073,0.000104
2.496000,-0.000073,0.000105
2.497000,-0.000073,0.000105
2.498000,-0.000074,0.000104
2.499000,-0.000074,0.000104
2.450000,-0.000073,0.000107
2.451000,-0.000073,0.000107
2.452000,-0.000074,0.000106
2.453000,-0.000073,0.000107
2.454000,-0.000074,0.000106
2.455000,-0.000074,0.000107
2.456000,-0.000074,0.000106
2.457000,-0.000073,0.000107
2.458000,-0.000074,0.000106
2.459000,-0.000074,0.000107
2.460000,-0.000074,0.000108
2.461000,-0.000075,0.000108
2.462000,-0.000075,0.000109
2.463000,-0.000075,0.000108
2.464000,-0.000075,0.000108
2.465000,-0.000075,0.000108
2.466000,-0.000075,0.000108
2.467000,-0.000075,0.000108
2.468000,-0.000076,0.000108
2.469000,-0.000075,0.000108
2.470000,-0.000075,0.000108
2.471000,-0.000075,0.000108
2.472000,-0.000075,0.000108
2.473000,-0.000075,0.000108
2.474000,-0.000075,0.000108
2.475000,-0.000075,0.000108
2.476000,-0.000075,0.000108
2.477000,-0.000075,0.000108
2.478000,-0.000075,0.000108
2.479000,-0.000075,0.000107
2.480000,-0.000075,0.000107
2.481000,-0.000075,0.000107
2.482000,-0.000075,0.000107
2.483000,-0.000075,0.000107
2.484000,-0.000076,0.000106
2.485000,-0.000075,0.000106
2.486000,-0.000076,0.000107
2.487000,-0.000075,0.000107
2.488000,-0.000075,0.000107
2.489000,-0.000075,0.000108
2.490000,-0.000075,0.000108
2.491000,-0.000075,0.000108
2.492000,-0.000075,0.000108
2.493000,-0.000076,0.000108
2.494000,-0.000076,0.000108
2.495000,-0.000076,0.000107
2.496000,-0.000076,0.000108
2.497000,-0.000076,0.000107
2.498000,-0.000076,0.000107
2.499000,-0.000076,0.000108
2.500000,-0.000075,0.000108
2.501000,-0.000075,0.000107
2.502000,-0.000075,0.000108
2.503000,-0.000075,0.000108
2.504000,-0.000075,0.000109
2.505000,-0.000075,0.000109
2.506000,-0.000076,0.000109
2.507000,-0.000076,0.000108
2.508000,-0.000076,0.000109
2.509000,-0.000076,0.000109
2.510000,-0.000077,0.000109
2.511000,-0.000077,0.000109
2.512000,-0.000077,0.000109
2.513000,-0.000077,0.000109
2.514000,-0.000076,0.000109
2.515000,-0.000076,0.000109
2.516000,-0.000076,0.000110
2.517000,-0.000076,0.000110
2.518000,-0.000076,0.000110
2.519000,-0.000076,0.000110
2.520000,-0.000076,0.000110
2.521000,-0.000076,0.000111
2.522000,-0.000076,0.000111
2.523000,-0.000076,0.000111
2.524000,-0.000076,0.000111
2.525000,-0.000076,0.000112
2.526000,-0.000076,0.000111
2.527000,-0.000076,0.000112
2.528000,-0.000076,0.000112
2.529000,-0.000076,0.000112
2.530000,-0.000076,0.000112
2.531000,-0.000076,0.000112
2.532000,-0.000076,0.000112
2.533000,-0.000077,0.000112
2.534000,-0.000076,0.000112
2.535000,-0.000076,0.000111
2.536000,-0.000076,0.000112
2.537000,-0.000076,0.000112
2.538000,-0.000076,0.000113
2.539000,-0.000076,0.000112
2.540000,-0.000076,0.000113
2.541000,-0.000077,0.000113
2.542000,-0.000077,0.000113
2.543000,-0.000076,0.000114
2.544000,-0.000077,0.000114
2.545000,-0.000077,0.000114
2.546000,-0.000077,0.000114
2.547000,-0.000077,0.000114
2.548000,-0.000078,0.000114
2.549000,-0.000078,0.000115
2.550000,-0.000078,0.000114
2.551000,-0.000078,0.000115
2.552000,-0.000077,0.000115
2.553000,-0.000078,0.000115
2.554000,-0.000078,0.000115
2.555000,-0.000078,0.000115
2.556000,-0.000078,0.000115
2.557000,-0.000079,0.000115
2.558000,-0.000079,0.000115
2.559000,-0.000079,0.000115
2.560000,-0.000078,0.000114
2.561000,-0.000078,0.000115
2.562000,-0.000078,0.000114
2.563000,-0.000077,0.000114
2.564000,-0.000077,0.000114
2.565000,-0.000076,0.000115
2.566000,-0.000077,0.000115
2.567000,-0.000077,0.000115
2.568000,-0.000077,0.000115
2.569000,-0.000077,0.000115
2.570000,-0.000078,0.000116
2.571000,-0.000078,0.000116
2.572000,-0.000078,0.000116
2.573000,-0.000079,0.000115
2.574000,-0.000079,0.000115
2.575000,-0.000079,0.000116
2.576000,-0.000079,0.000115
2.577000,-0.000078,0.000116
2.578000,-0.000079,0.000115
2.579000,-0.000078,0.000116
2.580000,-0.000078,0.000116
2.581000,-0.000078,0.000117
2.582000,-0.000078,0.000117
2.583000,-0.000078,0.000117
2.584000,-0.000078,0.000117
2.585000,-0.000078,0.000117
2.586000,-0.000078,0.000115
2.587000,-0.000078,0.000115
2.588000,-0.000078,0.000115
2.589000,-0.000078,0.000114
2.590000,-0.000078,0.000114
2.591000,-0.000077,0.000114
2.592000,-0.000077,0.000114
2.593000,-0.000077,0.000114
2.594000,-0.000077,0.000114
2.595000,-0.000077,0.000115
2.596000,-0.000077,0.000115
2.597000,-0.000077,0.000115
2.598000,-0.000077,0.000115
2.599000,-0.000077,0.000114
2.600000,-0.000077,0.000115
2.601000,-0.000078,0.000115
2.602000,-0.000077,0.000115
2.603000,-0.000077,0.000114
2.604000,-0.000077,0.000114
2.605000,-0.000077,0.000114
2.606000,-0.000077,0.000114
2.607000,-0.000077,0.000114
2.608000,-0.000077,0.000114
2.609000,-0.000077,0.000114
2.610000,-0.000076,0.000113
2.611000,-0.000076,0.000114
2.612000,-0.000077,0.000115
2.613000,-0.000077,0.000114
2.614000,-0.000077,0.000115
2.615000,-0.000076,0.000115
2.616000,-0.000076,0.000115
2.617000,-0.000076,0.000115
2.618000,-0.000076,0.000115
2.619000,-0.000076,0.000115
2.620000,-0.000077,0.000115
2.621000,-0.000077,0.000115
2.622000,-0.000076,0.000115
2.623000,-0.000077,0.000114
2.624000,-0.000077,0.000115
2.625000,-0.000077,0.000115
2.626000,-0.000077,0.000114
2.627000,-0.000077,0.000114
2.628000,-0.000077,0.000114
2.629000,-0.000076,0.000115
2.630000,-0.000076,0.000115
2.631000,-0.000076,0.000114
2.632000,-0.000075,0.000114
2.633000,-0.000075,0.000115
2.634000,-0.000075,0.000115
2.635000,-0.000075,0.000115
2.636000,-0.000075,0.000115
2.637000,-0.000075,0.000115
2.638000,-0.000075,0.000114
2.639000,-0.000075,0.000115
2.640000,-0.000075,0.000115
2.641000,-0.000075,0.000114
2.642000,-0.000074,0.000113
2.643000,-0.000075,0.000113
2.644000,-0.000074,0.000112
2.645000,-0.000074,0.000112
2.646000,-0.000074,0.000112
2.647000,-0.000075,0.000112
2.648000,-0.000074,0.000111
2.649000,-0.000074,0.000111
2.650000,-0.000073,0.000111
2.651000,-0.000074,0.000111
2.652000,-0.000074,0.000111
2.653000,-0.000074,0.000111
2.654000,-0.000074,0.000111
2.655000,-0.000074,0.000110
2.656000,-0.000074,0.000111
2.657000,-0.000074,0.000111
2.658000,-0.000074,0.000112
2.659000,-0.000073,0.000112
2.660000,-0.000073,0.000112
2.661000,-0.000073,0.000112
2.662000,-0.000073,0.000113
2.663000,-0.000073,0.000113
2.664000,-0.000073,0.000113
2.665000,-0.000073,0.000113
2.666000,-0.000073,0.000113
2.667000,-0.000073,0.000113
2.668000,-0.000073,0.000113
2.669000,-0.000073,0.000113
2.670000,-0.000073,0.000112
2.671000,-0.000073,0.000112
2.672000,-0.000073,0.000111
2.673000,-0.000073,0.000112
2.674000,-0.000073,0.000112
2.675000,-0.000073,0.000112
2.676000,-0.000073,0.000112
2.677000,-0.000073,0.000111
2.678000,-0.000072,0.000112
2.679000,-0.000072,0.000112
2.680000,-0.000073,0.000112
2.681000,-0.000073,0.000111
2.682000,-0.000073,0.000111
2.683000,-0.000073,0.000111
2.684000,-0.000072,0.000112
2.685000,-0.000072,0.000112
2.686000,-0.000072,0.000112
2.687000,-0.000072,0.000112
2.688000,-0.000073,0.000112
2.689000,-0.000072,0.000112
2.690000,-0.000073,0.000112
2.691000,-0.000072,0.000112
2.692000,-0.000073,0.000112
2.693000,-0.000073,0.000112
2.694000,-0.000072,0.000111
2.695000,-0.000072,0.000112
2.696000,-0.000072,0.000111
2.697000,-0.000072,0.000110
2.698000,-0.000072,0.000111
2.699000,-0.000072,0.000111
2.700000,-0.000072,0.000110
2.701000,-0.000071,0.000111
2.702000,-0.000072,0.000111
2.703000,-0.000072,0.000112
2.704000,-0.000072,0.000112
2.705000,-0.000071,0.000112
2.706000,-0.000071,0.000112
2.707000,-0.000071,0.000113
2.708000,-0.000071,0.000112
2.709000,-0.000071,0.000112
2.710000,-0.000072,0.000112
2.711000,-0.000072,0.000111
2.712000,-0.000072,0.000111
2.713000,-0.000072,0.000111
2.714000,-0.000073,0.000111
2.715000,-0.000072,0.000111
2.716000,-0.000072,0.000110
2.717000,-0.000072,0.000111
2.718000,-0.000072,0.000111
2.719000,-0.000073,0.000112
2.720000,-0.000072,0.000112
2.721000,-0.000072,0.000112
2.722000,-0.000072,0.000112
2.723000,-0.000072,0.000113
2.724000,-0.000072,0.000112
2.725000,-0.000073,0.000112
2.726000,-0.000072,0.000113
2.727000,-0.000072,0.000112
2.728000,-0.000072,0.000113
2.729000,-0.000072,0.000113
2.730000,-0.000072,0.000113
2.731000,-0.000071,0.000114
2.732000,-0.000072,0.000113
2.733000,-0.000072,0.000113
2.734000,-0.000072,0.000113
2.735000,-0.000072,0.000113
2.736000,-0.000072,0.000113
2.737000,-0.000072,0.000113
2.738000,-0.000072,0.000113
2.739000,-0.000073,0.000113
2.740000,-0.000072,0.000113
2.741000,-0.000073,0.000113
2.742000,-0.000073,0.000114
2.743000,-0.000073,0.000114
2.744000,-0.000073,0.000114
2.745000,-0.000073,0.000114
2.746000,-0.000073,0.000115
2.747000,-0.000072,0.000114
2.748000,-0.000073,0.000114
2.749000,-0.000073,0.000114
2.750000,-0.000073,0.000114
2.751000,-0.000073,0.000114
2.752000,-0.000073,0.000115
2.753000,-0.000073,0.000114
2.754000,-0.000073,0.000115
2.755000,-0.000073,0.000115
2.756000,-0.000072,0.000114
2.757000,-0.000073,0.000114
2.758000,-0.000073,0.000114
2.759000,-0.000073,0.000114
2.760000,-0.000074,0.000114
2.761000,-0.000074,0.000114
2.762000,-0.000074,0.000114
2.763000,-0.000073,0.000114
2.764000,-0.000073,0.000114
2.765000,-0.000073,0.000114
2.766000,-0.000073,0.000114
2.767000,-0.000072,0.000114
2.768000,-0.000072,0.000114
2.769000,-0.000072,0.000115
2.770000,-0.000072,0.000114
2.771000,-0.000072,0.000115
2.772000,-0.000072,0.000115
2.773000,-0.000072,0.000115
2.774000,-0.000072,0.000115
2.775000,-0.000072,0.000114
2.776000,-0.000072,0.000115
2.777000,-0.000072,0.000115
2.778000,-0.000072,0.000114
2.779000,-0.000072,0.000114
2.780000,-0.000071,0.000114
2.781000,-0.000071,0.000114
2.782000,-0.000071,0.000114
2.783000,-0.000071,0.000114
2.784000,-0.000072,0.000114
2.785000,-0.000072,0.000113
2.786000,-0.000072,0.000114
2.787000,-0.000073,0.000115
2.788000,-0.000072,0.000114
2.789000,-0.000073,0.000114
2.790000,-0.000073,0.000114
2.791000,-0.000073,0.000114
2.792000,-0.000073,0.000115
2.793000,-0.000072,0.000115
2.794000,-0.000072,0.000115
2.795000,-0.000073,0.000115
2.796000,-0.000073,0.000115
2.797000,-0.000073,0.000116
2.798000,-0.000073,0.000116
2.799000,-0.000073,0.000115
2.800000,-0.000073,0.000116
2.801000,-0.000073,0.000115
2.802000,-0.000073,0.000115
2.803000,-0.000073,0.000115
2.804000,-0.000073,0.000115
2.805000,-0.000072,0.000115
2.806000,-0.000073,0.000116
2.807000,-0.000073,0.000115
2.808000,-0.000073,0.000116
2.809000,-0.000073,0.000116
2.810000,-0.000073,0.000116
2.811000,-0.000073,0.000116
2.812000,-0.000073,0.000116
2.813000,-0.000074,0.000116
2.814000,-0.000074,0.000116
2.815000,-0.000074,0.000116
2.816000,-0.000074,0.000117
2.817000,-0.000074,0.000117
2.818000,-0.000073,0.000117
2.819000,-0.000073,0.000117
2.820000,-0.000073,0.000116
2.821000,-0.000074,0.000117
2.822000,-0.000074,0.000116
2.823000,-0.000074,0.000116
2.824000,-0.000073,0.000117
2.825000,-0.000073,0.000116
2.826000,-0.000074,0.000116
2.827000,-0.000074,0.000116
2.828000,-0.000074,0.000115
2.829000,-0.000074,0.000115
2.830000,-0.000074,0.000115
2.831000,-0.000074,0.000115
2.832000,-0.000074,0.000116
2.833000,-0.000073,0.000116
2.834000,-0.000073,0.000115
2.835000,-0.000073,0.000116
2.836000,-0.000073,0.000116
2.837000,-0.000073,0.000116
2.838000,-0.000074,0.000116
2.839000,-0.000074,0.000116
2.840000,-0.000074,0.000116
2.841000,-0.000073,0.000115
2.842000,-0.000074,0.000115
2.843000,-0.000074,0.000115
2.844000,-0.000073,0.000115
2.845000,-0.000074,0.000115
2.846000,-0.000074,0.000114
2.847000,-0.000074,0.000115
2.848000,-0.000073,0.000116
2.849000,-0.000073,0.000116
2.850000,-0.000073,0.000116
2.851000,-0.000072,0.000116
2.852000,-0.000073,0.000116
2.853000,-0.000073,0.000116
2.854000,-0.000073,0.000116
2.855000,-0.000073,0.000115
2.856000,-0.000073,0.000115
2.857000,-0.000073,0.000116
2.858000,-0.000074,0.000116
2.859000,-0.000074,0.000115
2.860000,-0.000074,0.000115
2.861000,-0.000075,0.000115
2.862000,-0.000074,0.000115
2.863000,-0.000075,0.000115
2.864000,-0.000074,0.000115
2.865000,-0.000075,0.000115
2.866000,-0.000074,0.000115
2.867000,-0.000074,0.000115
2.868000,-0.000074,0.000115
2.869000,-0.000075,0.000115
2.870000,-0.000075,0.000115
2.871000,-0.000075,0.000115
2.872000,-0.000075,0.000115
2.873000,-0.000075,0.000115
2.874000,-0.000074,0.000115
2.875000,-0.000074,0.000115
2.876000,-0.000074,0.000115
2.877000,-0.000075,0.000115
2.878000,-0.000074,0.000115
2.879000,-0.000074,0.000116
2.880000,-0.000074,0.000115
2.881000,-0.000074,0.000115
2.882000,-0.000075,0.000115
2.883000,-0.000075,0.000115
2.884000,-0.000075,0.000115
2.885000,-0.000075,0.000116
2.886000,-0.000075,0.000115
2.887000,-0.000074,0.000115
2.888000,-0.000075,0.000115
2.889000,-0.000075,0.000115
2.890000,-0.000075,0.000115
2.891000,-0.000074,0.000115
2.892000,-0.000074,0.000114
2.893000,-0.000075,0.000114
2.894000,-0.000075,0.000114
2.895000,-0.000075,0.000114
2.896000,-0.000075,0.000115
2.897000,-0.000075,0.000114
2.898000,-0.000075,0.000114
2.899000,-0.000075,0.000115
2.900000,-0.000075,0.000114
2.901000,-0.000076,0.000115
2.902000,-0.000074,0.000115
2.903000,-0.000075,0.000114
2.904000,-0.000075,0.000114
2.905000,-0.000076,0.000113
2.906000,-0.000076,0.000114
2.907000,-0.000076,0.000113
2.908000,-0.000076,0.000112
2.909000,-0.000075,0.000112
2.910000,-0.000075,0.000112
2.911000,-0.000075,0.000112
2.912000,-0.000076,0.000112
2.913000,-0.000075,0.000112
2.914000,-0.000074,0.000112
2.915000,-0.000074,0.000111
2.916000,-0.000074,0.000111
2.917000,-0.000074,0.000111
2.918000,-0.000074,0.000112
2.919000,-0.000074,0.000111
2.920000,-0.000074,0.000110
2.921000,-0.000074,0.000110
2.922000,-0.000074,0.000111
2.923000,-0.000074,0.000111
2.924000,-0.000075,0.000111
2.925000,-0.000074,0.000111
2.926000,-0.000075,0.000111
2.927000,-0.000074,0.000112
2.928000,-0.000074,0.000113
2.929000,-0.000075,0.000112
2.930000,-0.000074,0.000112
2.931000,-0.000075,0.000111
2.932000,-0.000075,0.000110
2.933000,-0.000075,0.000111
2.934000,-0.000075,0.000111
2.935000,-0.000076,0.000111
2.936000,-0.000076,0.000112
2.937000,-0.000076,0.000112
2.938000,-0.000076,0.000111
2.939000,-0.000075,0.000111
2.940000,-0.000075,0.000111
2.941000,-0.000075,0.000112
2.942000,-0.000075,0.000112
2.943000,-0.000075,0.000112
2.944000,-0.000076,0.000113
2.945000,-0.000075,0.000113
2.946000,-0.000075,0.000113
2.947000,-0.000075,0.000112
2.948000,-0.000075,0.000112
2.949000,-0.000076,0.000112
2.950000,-0.000076,0.000112
2.951000,-0.000076,0.000112
2.952000,-0.000076,0.000111
2.953000,-0.000075,0.000112
2.954000,-0.000075,0.000112
2.955000,-0.000075,0.000112
2.956000,-0.000075,0.000112
2.957000,-0.000075,0.000111
2.958000,-0.000074,0.000111
2.959000,-0.000074,0.000112
2.960000,-0.000074,0.000112
2.961000,-0.000074,0.000112
2.962000,-0.000074,0.000111
2.963000,-0.000074,0.000112
2.964000,-0.000075,0.000112
2.965000,-0.000075,0.000111
2.966000,-0.000075,0.000111
2.967000,-0.000075,0.000111
2.968000,-0.000075,0.000110
2.969000,-0.000075,0.000110
2.970000,-0.000075,0.000110
2.971000,-0.000074,0.000110
2.972000,-0.000074,0.000110
2.973000,-0.000074,0.000110
2.974000,-0.000075,0.000110
2.975000,-0.000074,0.000110
2.976000,-0.000075,0.000110
2.977000,-0.000074,0.000111
2.978000,-0.000075,0.000110
2.979000,-0.000076,0.000110
2.980000,-0.000076,0.000111
2.981000,-0.000076,0.000111
2.982000,-0.000075,0.000111
2.983000,-0.000074,0.000111
2.984000,-0.000074,0.000111
2.985000,-0.000074,0.000111
2.986000,-0.000074,0.000111
2.987000,-0.000075,0.000111
2.988000,-0.000074,0.000111
2.989000,-0.000074,0.000111
2.990000,-0.000074,0.000111
2.991000,-0.000075,0.000112
2.992000,-0.000076,0.000112
2.993000,-0.000075,0.000112
2.994000,-0.000075,0.000112
2.995000,-0.000075,0.000113
2.996000,-0.000074,0.000112
2.997000,-0.000074,0.000112
2.998000,-0.000074,0.000113
2.999000,-0.000074,0.000112
2.950000,-0.000076,0.000112
2.951000,-0.000077,0.000112
2.952000,-0.000076,0.000111
2.953000,-0.000076,0.000112
2.954000,-0.000076,0.000111
2.955000,-0.000075,0.000111
2.956000,-0.000075,0.000112
2.957000,-0.000074,0.000111
2.958000,-0.000074,0.000111
2.959000,-0.000074,0.000111
2.960000,-0.000073,0.000111
2.961000,-0.000073,0.000111
2.962000,-0.000074,0.000111
2.963000,-0.000073,0.000112
2.964000,-0.000073,0.000112
2.965000,-0.000073,0.000111
2.966000,-0.000073,0.000111
2.967000,-0.000074,0.000111
2.968000,-0.000073,0.000110
2.969000,-0.000073,0.000110
2.970000,-0.000073,0.000111
2.971000,-0.000073,0.000111
2.972000,-0.000073,0.000111
2.973000,-0.000073,0.000110
2.974000,-0.000074,0.000110
2.975000,-0.000074,0.000110
2.976000,-0.000074,0.000110
2.977000,-0.000074,0.000110
2.978000,-0.000073,0.000110
2.979000,-0.000074,0.000110
2.980000,-0.000074,0.000111
2.981000,-0.000074,0.000111
2.982000,-0.000074,0.000111
2.983000,-0.000073,0.000111
2.984000,-0.000073,0.000111
2.985000,-0.000073,0.000110
2.986000,-0.000073,0.000110
2.987000,-0.000074,0.000110
2.988000,-0.000073,0.000109
2.989000,-0.000073,0.000110
2.990000,-0.000073,0.000110
2.991000,-0.000074,0.000110
2.992000,-0.000074,0.000110
2.993000,-0.000073,0.000110
2.994000,-0.000074,0.000111
2.995000,-0.000074,0.000111
2.996000,-0.000073,0.000110
2.997000,-0.000074,0.000110
2.998000,-0.000074,0.000110
2.999000,-0.000074,0.000110
3.000000,-0.000074,0.000110
3.001000,-0.000074,0.000110
3.002000,-0.000075,0.000109
3.003000,-0.000075,0.000109
3.004000,-0.000074,0.000110
3.005000,-0.000074,0.000109
3.006000,-0.000074,0.000109
3.007000,-0.000074,0.000109
3.008000,-0.000074,0.000110
3.009000,-0.000074,0.000111
3.010000,-0.000074,0.000111
3.011000,-0.000074,0.000111
3.012000,-0.000074,0.000111
3.013000,-0.000075,0.000111
3.014000,-0.000075,0.000111
3.015000,-0.000075,0.000111
3.016000,-0.000075,0.000110
3.017000,-0.000075,0.000110
3.018000,-0.000075,0.000110
3.019000,-0.000075,0.000111
3.020000,-0.000075,0.000110
3.021000,-0.000074,0.000110
3.022000,-0.000074,0.000110
3.023000,-0.000074,0.000110
3.024000,-0.000074,0.000110
3.025000,-0.000074,0.000109
3.026000,-0.000074,0.000109
3.027000,-0.000074,0.000109
3.028000,-0.000075,0.000109
3.029000,-0.000074,0.000109
3.030000,-0.000075,0.000109
3.031000,-0.000074,0.000110
3.032000,-0.000074,0.000110
3.033000,-0.000073,0.000110
3.034000,-0.000073,0.000110
3.035000,-0.000073,0.000110
3.036000,-0.000073,0.000109
3.037000,-0.000073,0.000110
3.038000,-0.000073,0.000111
3.039000,-0.000073,0.000110
3.040000,-0.000073,0.000110
3.041000,-0.000073,0.000110
3.042000,-0.000073,0.000110
3.043000,-0.000073,0.000110
3.044000,-0.000073,0.000110
3.045000,-0.000073,0.000110
3.046000,-0.000072,0.000110
3.047000,-0.000072,0.000110
3.048000,-0.000073,0.000110
3.049000,-0.000072,0.000111
3.050000,-0.000072,0.000111
3.051000,-0.000071,0.000111
3.052000,-0.000071,0.000111
3.053000,-0.000071,0.000112
3.054000,-0.000071,0.000112
3.055000,-0.000071,0.000112
3.056000,-0.000072,0.000112
3.057000,-0.000072,0.000111
3.058000,-0.000072,0.000112
3.059000,-0.000073,0.000112
3.060000,-0.000073,0.000111
3.061000,-0.000073,0.000112
3.062000,-0.000073,0.000113
3.063000,-0.000074,0.000112
3.064000,-0.000074,0.000112
3.065000,-0.000074,0.000112
3.066000,-0.000075,0.000112
3.067000,-0.000074,0.000113
3.068000,-0.000074,0.000113
3.069000,-0.000074,0.000113
3.070000,-0.000074,0.000113
3.071000,-0.000074,0.000113
3.072000,-0.000074,0.000113
3.073000,-0.000073,0.000113
3.074000,-0.000073,0.000113
3.075000,-0.000074,0.000113
3.076000,-0.000073,0.000113
3.077000,-0.000073,0.000114
3.078000,-0.000074,0.000113
3.079000,-0.000073,0.000114
3.080000,-0.000073,0.000113
3.081000,-0.000073,0.000114
3.082000,-0.000073,0.000113
3.083000,-0.000072,0.000113
3.084000,-0.000073,0.000114
3.085000,-0.000073,0.000114
3.086000,-0.000073,0.000113
3.087000,-0.000073,0.000114
3.088000,-0.000073,0.000114
3.089000,-0.000074,0.000113
3.090000,-0.000074,0.000113
3.091000,-0.000073,0.000114
3.092000,-0.000074,0.000113
3.093000,-0.000074,0.000113
3.094000,-0.000073,0.000114
3.095000,-0.000073,0.000114
3.096000,-0.000073,0.000115
3.097000,-0.000073,0.000115
3.098000,-0.000073,0.000115
3.099000,-0.000073,0.000115
3.100000,-0.000073,0.000115
3.101000,-0.000073,0.000116
3.102000,-0.000073,0.000116
3.103000,-0.000073,0.000116
3.104000,-0.000073,0.000116
3.105000,-0.000073,0.000117
3.106000,-0.000072,0.000116
3.107000,-0.000072,0.000116
3.108000,-0.000072,0.000115
3.109000,-0.000072,0.000115
3.110000,-0.000072,0.000115
3.111000,-0.000073,0.000116
3.112000,-0.000072,0.000116
3.113000,-0.000072,0.000116
3.114000,-0.000072,0.000116
3.115000,-0.000072,0.000116
3.116000,-0.000072,0.000116
3.117000,-0.000072,0.000116
3.118000,-0.000072,0.000115
3.119000,-0.000072,0.000115
3.120000,-0.000072,0.000115
3.121000,-0.000072,0.000115
3.122000,-0.000072,0.000115
3.123000,-0.000072,0.000115
3.124000,-0.000073,0.000116
3.125000,-0.000073,0.000117
3.126000,-0.000073,0.000116
3.127000,-0.000073,0.000115
3.128000,-0.000073,0.000115
3.129000,-0.000073,0.000115
3.130000,-0.000073,0.000115
3.131000,-0.000073,0.000115
3.132000,-0.000074,0.000115
3.133000,-0.000074,0.000114
3.134000,-0.000074,0.000114
3.135000,-0.000074,0.000115
3.136000,-0.000073,0.000115
3.137000,-0.000073,0.000114
3.138000,-0.000074,0.000114
3.139000,-0.000074,0.000114
3.140000,-0.000074,0.000114
3.141000,-0.000074,0.000114
3.142000,-0.000074,0.000115
3.143000,-0.000074,0.000114
3.144000,-0.000074,0.000114
3.145000,-0.000075,0.000113
3.146000,-0.000075,0.000114
3.147000,-0.000075,0.000114
3.148000,-0.000075,0.000113
3.149000,-0.000075,0.000113
3.150000,-0.000076,0.000113
3.151000,-0.000075,0.000113
3.152000,-0.000076,0.000113
3.153000,-0.000076,0.000112
3.154000,-0.000076,0.000113
3.155000,-0.000076,0.000112
3.156000,-0.000076,0.000112
3.157000,-0.000075,0.000112
3.158000,-0.000075,0.000112
3.159000,-0.000074,0.000112
3.160000,-0.000074,0.000112
3.161000,-0.000074,0.000111
3.162000,-0.000074,0.000111
3.163000,-0.000073,0.000111
3.164000,-0.000073,0.000111
3.165000,-0.000073,0.000111
3.166000,-0.000073,0.000111
3.167000,-0.000074,0.000111
3.168000,-0.000074,0.000111
3.169000,-0.000073,0.000111
3.170000,-0.000074,0.000111
3.171000,-0.000073,0.000110
3.172000,-0.000074,0.000110
3.173000,-0.000074,0.000110
3.174000,-0.000074,0.000110
3.175000,-0.000073,0.000111
3.176000,-0.000073,0.000110
3.177000,-0.000074,0.000110
3.178000,-0.000073,0.000110
3.179000,-0.000073,0.000111
3.180000,-0.000073,0.000110
3.181000,-0.000074,0.000110
3.182000,-0.000074,0.000110
3.183000,-0.000075,0.000110
3.184000,-0.000074,0.000109
3.185000,-0.000074,0.000110
3.186000,-0.000074,0.000110
3.187000,-0.000074,0.000110
3.188000,-0.000074,0.000110
3.189000,-0.000074,0.000110
3.190000,-0.000074,0.000111
3.191000,-0.000074,0.000110
3.192000,-0.000074,0.000111
3.193000,-0.000074,0.000110
3.194000,-0.000074,0.000110
3.195000,-0.000075,0.000110
3.196000,-0.000074,0.000109
3.197000,-0.000074,0.000109
3.198000,-0.000074,0.000108
3.199000,-0.000074,0.000108
3.200000,-0.000074,0.000108
3.201000,-0.000074,0.000108
3.202000,-0.000075,0.000108
3.203000,-0.000074,0.000108
3.204000,-0.000075,0.000109
3.205000,-0.000075,0.000108
3.206000,-0.000075,0.000108
3.207000,-0.000076,0.000109
3.208000,-0.000075,0.000109
3.209000,-0.000075,0.000108
3.210000,-0.000075,0.000109
3.211000,-0.000074,0.000109
3.212000,-0.000075,0.000109
3.213000,-0.000075,0.000109
3.214000,-0.000075,0.000109
3.215000,-0.000075,0.000109
3.216000,-0.000075,0.000109
3.217000,-0.000075,0.000109
3.218000,-0.000075,0.000110
3.219000,-0.000076,0.000110
3.220000,-0.000076,0.000111
3.221000,-0.000076,0.000111
3.222000,-0.000076,0.000112
3.223000,-0.000076,0.000112
3.224000,-0.000075,0.000112
3.225000,-0.000076,0.000112
3.226000,-0.000075,0.000112
3.227000,-0.000075,0.000113
3.228000,-0.000076,0.000113
3.229000,-0.000076,0.000113
3.230000,-0.000075,0.000113
3.231000,-0.000075,0.000113
3.232000,-0.000075,0.000113
3.233000,-0.000075,0.000113
3.234000,-0.000076,0.000112
3.235000,-0.000075,0.000112
3.236000,-0.000076,0.000113
3.237000,-0.000076,0.000113
3.238000,-0.000076,0.000112
3.239000,-0.000076,0.000112
3.240000,-0.000076,0.000112
3.241000,-0.000076,0.000112
3.242000,-0.000076,0.000111
3.243000,-0.000076,0.000110
3.244000,-0.000075,0.000111
3.245000,-0.000076,0.000112
3.246000,-0.000075,0.000111
3.247000,-0.000075,0.000111
3.248000,-0.000075,0.000112
3.249000,-0.000076,0.000112
3.250000,-0.000075,0.000112
3.251000,-0.000075,0.000113
3.252000,-0.000075,0.000113
3.253000,-0.000075,0.000112
3.254000,-0.000075,0.000112
3.255000,-0.000076,0.000113
3.256000,-0.000075,0.000113
3.257000,-0.000076,0.000113
3.258000,-0.000076,0.000113
3.259000,-0.000076,0.000113
3.260000,-0.000077,0.000113
3.261000,-0.000077,0.000113
3.262000,-0.000077,0.000113
3.263000,-0.000077,0.000113
3.264000,-0.000077,0.000112
3.265000,-0.000077,0.000113
3.266000,-0.000077,0.000113
3.267000,-0.000077,0.000113
3.268000,-0.000076,0.000113
3.269000,-0.000076,0.000114
3.270000,-0.000076,0.000114
3.271000,-0.000076,0.000115
3.272000,-0.000076,0.000116
3.273000,-0.000075,0.000116
3.274000,-0.000076,0.000116
3.275000,-0.000076,0.000117
3.276000,-0.000076,0.000118
3.277000,-0.000076,0.000118
3.278000,-0.000076,0.000119
3.279000,-0.000076,0.000119
3.280000,-0.000076,0.000120
3.281000,-0.000076,0.000121
3.282000,-0.000075,0.000122
3.283000,-0.000075,0.000122
3.284000,-0.000075,0.000123
3.285000,-0.000075,0.000124
3.286000,-0.000076,0.000125
3.287000,-0.000075,0.000125
3.288000,-0.000076,0.000125
3.289000,-0.000076,0.000125
3.290000,-0.000076,0.000126
3.291000,-0.000076,0.000125
3.292000,-0.000076,0.000126
3.293000,-0.000076,0.000126
3.294000,-0.000076,0.000127
3.295000,-0.000075,0.000127
3.296000,-0.000075,0.000128
3.297000,-0.000075,0.000128
3.298000,-0.000075,0.000129
3.299000,-0.000075,0.000130
3.300000,-0.000075,0.000130
3.301000,-0.000075,0.000130
3.302000,-0.000075,0.000130
3.303000,-0.000075,0.000130
3.304000,-0.000075,0.000130
3.305000,-0.000075,0.000131
3.306000,-0.000076,0.000131
3.307000,-0.000076,0.000131
3.308000,-0.000076,0.000131
3.309000,-0.000076,0.000131
3.310000,-0.000076,0.000131
3.311000,-0.000076,0.000132
3.312000,-0.000076,0.000132
3.313000,-0.000077,0.000132
3.314000,-0.000077,0.000132
3.315000,-0.000077,0.000132
3.316000,-0.000077,0.000132
3.317000,-0.000076,0.000133
3.318000,-0.000076,0.000133
3.319000,-0.000075,0.000133
3.320000,-0.000075,0.000133
3.321000,-0.000075,0.000134
3.322000,-0.000076,0.000133
3.323000,-0.000075,0.000133
3.324000,-0.000075,0.000133
3.325000,-0.000075,0.000133
3.326000,-0.000075,0.000134
3.327000,-0.000075,0.000134
3.328000,-0.000075,0.000134
3.329000,-0.000075,0.000135
3.330000,-0.000075,0.000135
3.331000,-0.000074,0.000136
3.332000,-0.000074,0.000137
3.333000,-0.000074,0.000138
3.334000,-0.000074,0.000139
3.335000,-0.000074,0.000139
3.336000,-0.000073,0.000140
3.337000,-0.000073,0.000140
3.338000,-0.000073,0.000142
3.339000,-0.000073,0.000142
3.340000,-0.000072,0.000144
3.341000,-0.000072,0.000145
3.342000,-0.000072,0.000146
3.343000,-0.000072,0.000147
3.344000,-0.000072,0.000148
3.345000,-0.000071,0.000149
3.346000,-0.000071,0.000149
3.347000,-0.000071,0.000150
3.348000,-0.000071,0.000151
3.349000,-0.000071,0.000151
3.350000,-0.000071,0.000152
3.351000,-0.000070,0.000152
3.352000,-0.000070,0.000153
3.353000,-0.000070,0.000154
3.354000,-0.000069,0.000155
3.355000,-0.000069,0.000155
3.356000,-0.000069,0.000156
3.357000,-0.000068,0.000156
3.358000,-0.000068,0.000157
3.359000,-0.000068,0.000158
3.360000,-0.000068,0.000159
3.361000,-0.000068,0.000160
3.362000,-0.000068,0.000161
3.363000,-0.000067,0.000161
3.364000,-0.000066,0.000163
3.365000,-0.000066,0.000163
3.366000,-0.000066,0.000163
3.367000,-0.000065,0.000164
3.368000,-0.000066,0.000165
3.369000,-0.000065,0.000167
3.370000,-0.000065,0.000167
3.371000,-0.000065,0.000166
3.372000,-0.000065,0.000167
3.373000,-0.000066,0.000168
3.374000,-0.000065,0.000169
3.375000,-0.000065,0.000169
3.376000,-0.000065,0.000168
3.377000,-0.000065,0.000169
3.378000,-0.000065,0.000169
3.379000,-0.000065,0.000170
3.380000,-0.000065,0.000170
3.381000,-0.000064,0.000170
3.382000,-0.000064,0.000170
3.383000,-0.000064,0.000171
3.384000,-0.000063,0.000171
3.385000,-0.000063,0.000173
3.386000,-0.000062,0.000173
3.387000,-0.000062,0.000174
3.388000,-0.000061,0.000175
3.389000,-0.000061,0.000175
3.390000,-0.000061,0.000176
3.391000,-0.000060,0.000177
3.392000,-0.000060,0.000177
3.393000,-0.000059,0.000179
3.394000,-0.000059,0.000179
3.395000,-0.000059,0.000181
3.396000,-0.000058,0.000181
3.397000,-0.000059,0.000182
3.398000,-0.000058,0.000183
3.399000,-0.000059,0.000183
3.400000,-0.000058,0.000184
3.401000,-0.000058,0.000185
3.402000,-0.000057,0.000186
3.403000,-0.000057,0.000187
3.404000,-0.000056,0.000188
3.405000,-0.000055,0.000188
3.406000,-0.000055,0.000190
3.407000,-0.000055,0.000191
3.408000,-0.000055,0.000193
3.409000,-0.000055,0.000194
3.410000,-0.000054,0.000195
3.411000,-0.000055,0.000196
3.412000,-0.000054,0.000196
3.413000,-0.000053,0.000197
3.414000,-0.000053,0.000199
3.415000,-0.000052,0.000200
3.416000,-0.000052,0.000202
3.417000,-0.000052,0.000203
3.418000,-0.000052,0.000204
3.419000,-0.000052,0.000205
3.420000,-0.000052,0.000206
3.421000,-0.000051,0.000207
3.422000,-0.000051,0.000208
3.423000,-0.000051,0.000209
3.424000,-0.000051,0.000211
3.425000,-0.000051,0.000212
3.426000,-0.000051,0.000213
3.427000,-0.000051,0.000214
3.428000,-0.000050,0.000215
3.429000,-0.000050,0.000217
3.430000,-0.000050,0.000219
3.431000,-0.000050,0.000219
3.432000,-0.000049,0.000220
3.433000,-0.000049,0.000221
3.434000,-0.000049,0.000222
3.435000,-0.000049,0.000224
3.436000,-0.000050,0.000224
3.437000,-0.000049,0.000225
3.438000,-0.000049,0.000226
3.439000,-0.000050,0.000227
3.440000,-0.000049,0.000228
3.441000,-0.000049,0.000230
3.442000,-0.000048,0.000230
3.443000,-0.000048,0.000231
3.444000,-0.000048,0.000233
3.445000,-0.000048,0.000234
3.446000,-0.000047,0.000235
3.447000,-0.000047,0.000236
3.448000,-0.000047,0.000237
3.449000,-0.000046,0.000238
3.450000,-0.000046,0.000240
3.451000,-0.000047,0.000240
3.452000,-0.000047,0.000241
3.453000,-0.000047,0.000241
3.454000,-0.000047,0.000241
3.455000,-0.000047,0.000242
3.456000,-0.000047,0.000243
3.457000,-0.000046,0.000244
3.458000,-0.000046,0.000245
3.459000,-0.000046,0.000245
3.460000,-0.000045,0.000246
3.461000,-0.000046,0.000247
3.462000,-0.000046,0.000247
3.463000,-0.000046,0.000248
3.464000,-0.000047,0.000248
3.465000,-0.000046,0.000249
3.466000,-0.000047,0.000250
3.467000,-0.000048,0.000250
3.468000,-0.000047,0.000250
3.469000,-0.000048,0.000250
3.470000,-0.000048,0.000251
3.471000,-0.000047,0.000252
3.472000,-0.000046,0.000252
3.473000,-0.000046,0.000253
3.474000,-0.000045,0.000254
3.475000,-0.000046,0.000254
3.476000,-0.000045,0.000255
3.477000,-0.000044,0.000256
3.478000,-0.000044,0.000257
3.479000,-0.000045,0.000258
3.480000,-0.000045,0.000258
3.481000,-0.000046,0.000259
3.482000,-0.000046,0.000260
3.483000,-0.000046,0.000260
3.484000,-0.000046,0.000261
3.485000,-0.000046,0.000261
3.486000,-0.000046,0.000261
3.487000,-0.000046,0.000262
3.488000,-0.000046,0.000263
3.489000,-0.000046,0.000264
3.490000,-0.000045,0.000264
3.491000,-0.000045,0.000265
3.492000,-0.000046,0.000266
3.493000,-0.000047,0.000267
3.494000,-0.000046,0.000267
3.495000,-0.000047,0.000267
3.496000,-0.000047,0.000268
3.497000,-0.000047,0.000270
3.498000,-0.000046,0.000270
3.499000,-0.000046,0.000271
3.450000,-0.000046,0.000240
3.451000,-0.000047,0.000240
3.452000,-0.000047,0.000241
3.453000,-0.000047,0.000242
3.454000,-0.000047,0.000242
3.455000,-0.000047,0.000244
3.456000,-0.000047,0.000245
3.457000,-0.000046,0.000247
3.458000,-0.000047,0.000247
3.459000,-0.000046,0.000248
3.460000,-0.000045,0.000250
3.461000,-0.000045,0.000251
3.462000,-0.000046,0.000252
3.463000,-0.000046,0.000253
3.464000,-0.000046,0.000254
3.465000,-0.000045,0.000255
3.466000,-0.000045,0.000256
3.467000,-0.000046,0.000257
3.468000,-0.000046,0.000257
3.469000,-0.000047,0.000258
3.470000,-0.000046,0.000260
3.471000,-0.000046,0.000261
3.472000,-0.000045,0.000261
3.473000,-0.000045,0.000262
3.474000,-0.000044,0.000264
3.475000,-0.000044,0.000264
3.476000,-0.000044,0.000265
3.477000,-0.000043,0.000266
3.478000,-0.000043,0.000267
3.479000,-0.000043,0.000269
3.480000,-0.000042,0.000270
3.481000,-0.000043,0.000271
3.482000,-0.000043,0.000272
3.483000,-0.000043,0.000273
3.484000,-0.000043,0.000273
3.485000,-0.000043,0.000274
3.486000,-0.000044,0.000275
3.487000,-0.000044,0.000275
3.488000,-0.000044,0.000275
3.489000,-0.000044,0.000277
3.490000,-0.000043,0.000278
3.491000,-0.000043,0.000279
3.492000,-0.000043,0.000280
3.493000,-0.000043,0.000281
3.494000,-0.000043,0.000282
3.495000,-0.000043,0.000283
3.496000,-0.000044,0.000284
3.497000,-0.000043,0.000285
3.498000,-0.000043,0.000285
3.499000,-0.000043,0.000287
3.500000,-0.000043,0.000287
3.501000,-0.000043,0.000288
3.502000,-0.000043,0.000289
3.503000,-0.000043,0.000290
3.504000,-0.000043,0.000291
3.505000,-0.000043,0.000292
3.506000,-0.000043,0.000292
3.507000,-0.000043,0.000293
3.508000,-0.000043,0.000293
3.509000,-0.000043,0.000294
3.510000,-0.000043,0.000295
3.511000,-0.000043,0.000296
3.512000,-0.000043,0.000297
3.513000,-0.000043,0.000298
3.514000,-0.000043,0.000298
3.515000,-0.000043,0.000298
3.516000,-0.000043,0.000299
3.517000,-0.000044,0.000299
3.518000,-0.000044,0.000300
3.519000,-0.000043,0.000300
3.520000,-0.000043,0.000301
3.521000,-0.000043,0.000302
3.522000,-0.000043,0.000302
3.523000,-0.000043,0.000303
3.524000,-0.000043,0.000304
3.525000,-0.000043,0.000305
3.526000,-0.000043,0.000305
3.527000,-0.000043,0.000306
3.528000,-0.000043,0.000305
3.529000,-0.000042,0.000305
3.530000,-0.000043,0.000305
3.531000,-0.000043,0.000305
3.532000,-0.000043,0.000305
3.533000,-0.000043,0.000306
3.534000,-0.000043,0.000306
3.535000,-0.000042,0.000306
3.536000,-0.000041,0.000308
3.537000,-0.000042,0.000308
3.538000,-0.000041,0.000308
3.539000,-0.000041,0.000309
3.540000,-0.000041,0.000309
3.541000,-0.000041,0.000310
3.542000,-0.000042,0.000310
3.543000,-0.000042,0.000310
3.544000,-0.000041,0.000310
3.545000,-0.000042,0.000309
3.546000,-0.000042,0.000310
3.547000,-0.000042,0.000309
3.548000,-0.000042,0.000309
3.549000,-0.000042,0.000309
3.550000,-0.000042,0.000310
3.551000,-0.000042,0.000311
3.552000,-0.000042,0.000312
3.553000,-0.000042,0.000312
3.554000,-0.000042,0.000312
3.555000,-0.000042,0.000312
3.556000,-0.000042,0.000312
3.557000,-0.000043,0.000312
3.558000,-0.000042,0.000312
3.559000,-0.000043,0.000312
3.560000,-0.000043,0.000312
3.561000,-0.000043,0.000312
3.562000,-0.000044,0.000312
3.563000,-0.000044,0.000313
3.564000,-0.000044,0.000313
3.565000,-0.000045,0.000313
3.566000,-0.000045,0.000313
3.567000,-0.000044,0.000313
3.568000,-0.000044,0.000313
3.569000,-0.000044,0.000313
3.570000,-0.000045,0.000312
3.571000,-0.000045,0.000312
3.572000,-0.000045,0.000313
3.573000,-0.000046,0.000313
3.574000,-0.000046,0.000312
3.575000,-0.000046,0.000313
3.576000,-0.000046,0.000313
3.577000,-0.000047,0.000314
3.578000,-0.000047,0.000313
3.579000,-0.000047,0.000312
3.580000,-0.000048,0.000311
3.581000,-0.000048,0.000311
3.582000,-0.000047,0.000311
3.583000,-0.000047,0.000310
3.584000,-0.000047,0.000310
3.585000,-0.000047,0.000311
3.586000,-0.000047,0.000310
3.587000,-0.000047,0.000310
3.588000,-0.000047,0.000310
3.589000,-0.000047,0.000309
3.590000,-0.000048,0.000308
3.591000,-0.000048,0.000307
3.592000,-0.000049,0.000307
3.593000,-0.000049,0.000306
3.594000,-0.000049,0.000305
3.595000,-0.000049,0.000305
3.596000,-0.000049,0.000304
3.597000,-0.000050,0.000303
3.598000,-0.000050,0.000303
3.599000,-0.000050,0.000302
3.600000,-0.000051,0.000301
3.601000,-0.000052,0.000300
3.602000,-0.000052,0.000299
3.603000,-0.000052,0.000299
3.604000,-0.000052,0.000298
3.605000,-0.000053,0.000298
3.606000,-0.000052,0.000297
3.607000,-0.000052,0.000296
3.608000,-0.000052,0.000296
3.609000,-0.000052,0.000295
3.610000,-0.000053,0.000294
3.611000,-0.000053,0.000293
3.612000,-0.000052,0.000293
3.613000,-0.000053,0.000292
3.614000,-0.000053,0.000292
3.615000,-0.000053,0.000291
3.616000,-0.000053,0.000291
3.617000,-0.000053,0.000291
3.618000,-0.000053,0.000290
3.619000,-0.000054,0.000289
3.620000,-0.000054,0.000287
3.621000,-0.000054,0.000286
3.622000,-0.000054,0.000285
3.623000,-0.000055,0.000284
3.624000,-0.000055,0.000283
3.625000,-0.000055,0.000282
3.626000,-0.000055,0.000282
3.627000,-0.000055,0.000281
3.628000,-0.000056,0.000280
3.629000,-0.000057,0.000280
3.630000,-0.000057,0.000279
3.631000,-0.000058,0.000278
3.632000,-0.000058,0.000276
3.633000,-0.000058,0.000275
3.634000,-0.000058,0.000274
3.635000,-0.000059,0.000272
3.636000,-0.000059,0.000271
3.637000,-0.000059,0.000270
3.638000,-0.000059,0.000269
3.639000,-0.000060,0.000267
3.640000,-0.000060,0.000266
3.641000,-0.000060,0.000265
3.642000,-0.000060,0.000264
3.643000,-0.000061,0.000263
3.644000,-0.000061,0.000261
3.645000,-0.000061,0.000260
3.646000,-0.000062,0.000259
3.647000,-0.000062,0.000258
3.648000,-0.000062,0.000257
3.649000,-0.000063,0.000255
3.650000,-0.000064,0.000253
3.651000,-0.000064,0.000252
3.652000,-0.000064,0.000251
3.653000,-0.000064,0.000249
3.654000,-0.000064,0.000248
3.655000,-0.000064,0.000247
3.656000,-0.000064,0.000245
3.657000,-0.000064,0.000244
3.658000,-0.000065,0.000242
3.659000,-0.000064,0.000241
3.660000,-0.000065,0.000239
3.661000,-0.000065,0.000238
3.662000,-0.000065,0.000236
3.663000,-0.000066,0.000234
3.664000,-0.000065,0.000233
3.665000,-0.000065,0.000231
3.666000,-0.000065,0.000230
3.667000,-0.000066,0.000228
3.668000,-0.000066,0.000226
3.669000,-0.000067,0.000225
3.670000,-0.000067,0.000224
3.671000,-0.000067,0.000222
3.672000,-0.000067,0.000220
3.673000,-0.000066,0.000219
3.674000,-0.000066,0.000218
3.675000,-0.000066,0.000217
3.676000,-0.000067,0.000215
3.677000,-0.000067,0.000213
3.678000,-0.000067,0.000212
3.679000,-0.000067,0.000211
3.680000,-0.000067,0.000210
3.681000,-0.000068,0.000208
3.682000,-0.000068,0.000207
3.683000,-0.000069,0.000206
3.684000,-0.000070,0.000205
3.685000,-0.000070,0.000203
3.686000,-0.000071,0.000201
3.687000,-0.000070,0.000199
3.688000,-0.000070,0.000198
3.689000,-0.000070,0.000197
3.690000,-0.000070,0.000195
3.691000,-0.000070,0.000194
3.692000,-0.000070,0.000192
3.693000,-0.000070,0.000191
3.694000,-0.000070,0.000190
3.695000,-0.000070,0.000189
3.696000,-0.000070,0.000188
3.697000,-0.000070,0.000187
3.698000,-0.000071,0.000186
3.699000,-0.000071,0.000184
3.700000,-0.000070,0.000183
3.701000,-0.000070,0.000182
3.702000,-0.000070,0.000181
3.703000,-0.000070,0.000178
3.704000,-0.000071,0.000177
3.705000,-0.000071,0.000176
3.706000,-0.000071,0.000174
3.707000,-0.000072,0.000173
3.708000,-0.000072,0.000172
3.709000,-0.000072,0.000170
3.710000,-0.000072,0.000169
3.711000,-0.000072,0.000167
3.712000,-0.000072,0.000166
3.713000,-0.000072,0.000164
3.714000,-0.000073,0.000163
3.715000,-0.000073,0.000161
3.716000,-0.000072,0.000160
3.717000,-0.000072,0.000159
3.718000,-0.000072,0.000157
3.719000,-0.000073,0.000156
3.720000,-0.000073,0.000156
3.721000,-0.000073,0.000155
3.722000,-0.000073,0.000153
3.723000,-0.000073,0.000152
3.724000,-0.000074,0.000150
3.725000,-0.000074,0.000149
3.726000,-0.000074,0.000149
3.727000,-0.000073,0.000147
3.728000,-0.000073,0.000146
3.729000,-0.000073,0.000145
3.730000,-0.000073,0.000144
3.731000,-0.000072,0.000143
3.732000,-0.000073,0.000142
3.733000,-0.000072,0.000142
3.734000,-0.000073,0.000141
3.735000,-0.000073,0.000140
3.736000,-0.000073,0.000140
3.737000,-0.000074,0.000139
3.738000,-0.000074,0.000137
3.739000,-0.000073,0.000137
3.740000,-0.000074,0.000135
3.741000,-0.000074,0.000135
3.742000,-0.000074,0.000134
3.743000,-0.000073,0.000133
3.744000,-0.000074,0.000132
3.745000,-0.000074,0.000131
3.746000,-0.000074,0.000129
3.747000,-0.000074,0.000130
3.748000,-0.000074,0.000130
3.749000,-0.000073,0.000129
3.750000,-0.000073,0.000128
3.751000,-0.000074,0.000127
3.752000,-0.000074,0.000127
3.753000,-0.000074,0.000125
3.754000,-0.000074,0.000125
3.755000,-0.000075,0.000124
3.756000,-0.000075,0.000123
3.757000,-0.000075,0.000123
3.758000,-0.000075,0.000123
3.759000,-0.000074,0.000122
3.760000,-0.000074,0.000121
3.761000,-0.000074,0.000121
3.762000,-0.000074,0.000122
3.763000,-0.000074,0.000121
3.764000,-0.000074,0.000121
3.765000,-0.000074,0.000121
3.766000,-0.000074,0.000120
3.767000,-0.000074,0.000121
3.768000,-0.000074,0.000121
3.769000,-0.000074,0.000120
3.770000,-0.000074,0.000120
3.771000,-0.000075,0.000119
3.772000,-0.000075,0.000119
3.773000,-0.000075,0.000118
3.774000,-0.000074,0.000118
3.775000,-0.000074,0.000117
3.776000,-0.000075,0.000116
3.777000,-0.000075,0.000115
3.778000,-0.000075,0.000115
3.779000,-0.000075,0.000115
3.780000,-0.000075,0.000114
3.781000,-0.000074,0.000115
3.782000,-0.000074,0.000114
3.783000,-0.000074,0.000114
3.784000,-0.000074,0.000114
3.785000,-0.000074,0.000114
3.786000,-0.000074,0.000114
3.787000,-0.000073,0.000115
3.788000,-0.000074,0.000115
3.789000,-0.000074,0.000115
3.790000,-0.000075,0.000115
3.791000,-0.000075,0.000115
3.792000,-0.000074,0.000116
3.793000,-0.000074,0.000115
3.794000,-0.000074,0.000114
3.795000,-0.000075,0.000114
3.796000,-0.000075,0.000113
3.797000,-0.000075,0.000113
3.798000,-0.000075,0.000113
3.799000,-0.000074,0.000113
3.800000,-0.000074,0.000113
3.801000,-0.000075,0.000113
3.802000,-0.000074,0.000113
3.803000,-0.000074,0.000114
3.804000,-0.000074,0.000114
3.805000,-0.000074,0.000114
3.806000,-0.000074,0.000114
3.807000,-0.000073,0.000114
3.808000,-0.000074,0.000114
3.809000,-0.000073,0.000114
3.810000,-0.000073,0.000114
3.811000,-0.000073,0.000114
3.812000,-0.000073,0.000114
3.813000,-0.000074,0.000114
3.814000,-0.000074,0.000114
3.815000,-0.000073,0.000114
3.816000,-0.000074,0.000113
3.817000,-0.000074,0.000113
3.818000,-0.000074,0.000113
3.819000,-0.000074,0.000114
3.820000,-0.000073,0.000113
3.821000,-0.000073,0.000113
3.822000,-0.000072,0.000113
3.823000,-0.000073,0.000113
3.824000,-0.000073,0.000113
3.825000,-0.000073,0.000113
3.826000,-0.000073,0.000113
3.827000,-0.000074,0.000114
3.828000,-0.000073,0.000114
3.829000,-0.000074,0.000114
3.830000,-0.000073,0.000114
3.831000,-0.000074,0.000115
3.832000,-0.000073,0.000115
3.833000,-0.000074,0.000115
3.834000,-0.000073,0.000115
3.835000,-0.000073,0.000114
3.836000,-0.000073,0.000114
3.837000,-0.000073,0.000114
3.838000,-0.000073,0.000114
3.839000,-0.000073,0.000115
3.840000,-0.000073,0.000115
3.841000,-0.000073,0.000114
3.842000,-0.000073,0.000114
3.843000,-0.000074,0.000114
3.844000,-0.000074,0.000114
3.845000,-0.000074,0.000115
3.846000,-0.000074,0.000115
3.847000,-0.000074,0.000114
3.848000,-0.000075,0.000114
3.849000,-0.000075,0.000114
3.850000,-0.000074,0.000114
3.851000,-0.000074,0.000114
3.852000,-0.000074,0.000113
3.853000,-0.000073,0.000114
3.854000,-0.000074,0.000114
3.855000,-0.000073,0.000114
3.856000,-0.000073,0.000114
3.857000,-0.000074,0.000114
3.858000,-0.000073,0.000114
3.859000,-0.000074,0.000114
3.860000,-0.000074,0.000114
3.861000,-0.000074,0.000113
3.862000,-0.000074,0.000111
3.863000,-0.000073,0.000112
3.864000,-0.000074,0.000111
3.865000,-0.000074,0.000111
3.866000,-0.000074,0.000112
3.867000,-0.000074,0.000112
3.868000,-0.000074,0.000111
3.869000,-0.000074,0.000112
3.870000,-0.000074,0.000112
3.871000,-0.000074,0.000113
3.872000,-0.000074,0.000113
3.873000,-0.000074,0.000113
3.874000,-0.000075,0.000113
3.875000,-0.000074,0.000113
3.876000,-0.000074,0.000114
3.877000,-0.000074,0.000114
3.878000,-0.000074,0.000113
3.879000,-0.000074,0.000114
3.880000,-0.000074,0.000114
3.881000,-0.000074,0.000114
3.882000,-0.000073,0.000113
3.883000,-0.000073,0.000113
3.884000,-0.000073,0.000113
3.885000,-0.000073,0.000112
3.886000,-0.000072,0.000112
3.887000,-0.000073,0.000112
3.888000,-0.000072,0.000111
3.889000,-0.000072,0.000112
3.890000,-0.000072,0.000111
3.891000,-0.000073,0.000111
3.892000,-0.000073,0.000111
3.893000,-0.000073,0.000111
3.894000,-0.000073,0.000111
3.895000,-0.000072,0.000112
3.896000,-0.000072,0.000112
3.897000,-0.000072,0.000112
3.898000,-0.000072,0.000111
3.899000,-0.000072,0.000112
3.900000,-0.000072,0.000112
3.901000,-0.000072,0.000112
3.902000,-0.000072,0.000112
3.903000,-0.000072,0.000111
3.904000,-0.000072,0.000111
3.905000,-0.000072,0.000111
3.906000,-0.000072,0.000112
3.907000,-0.000072,0.000111
3.908000,-0.000072,0.000112
3.909000,-0.000072,0.000112
3.910000,-0.000072,0.000112
3.911000,-0.000072,0.000112
3.912000,-0.000073,0.000112
3.913000,-0.000072,0.000112
3.914000,-0.000072,0.000112
3.915000,-0.000072,0.000113
3.916000,-0.000072,0.000112
3.917000,-0.000073,0.000112
3.918000,-0.000073,0.000113
3.919000,-0.000073,0.000112
3.920000,-0.000073,0.000112
3.921000,-0.000073,0.000112
3.922000,-0.000073,0.000113
3.923000,-0.000073,0.000112
3.924000,-0.000072,0.000112
3.925000,-0.000072,0.000113
3.926000,-0.000072,0.000113
3.927000,-0.000072,0.000113
3.928000,-0.000072,0.000113
3.929000,-0.000072,0.000112
3.930000,-0.000071,0.000112
3.931000,-0.000072,0.000112
3.932000,-0.000072,0.000112
3.933000,-0.000073,0.000112
3.934000,-0.000072,0.000112
3.935000,-0.000073,0.000112
3.936000,-0.000073,0.000112
3.937000,-0.000073,0.000112
3.938000,-0.000073,0.000111
3.939000,-0.000073,0.000111
3.940000,-0.000073,0.000111
3.941000,-0.000073,0.000111
3.942000,-0.000072,0.000111
3.943000,-0.000072,0.000111
3.944000,-0.000072,0.000111
3.945000,-0.000071,0.000111
3.946000,-0.000071,0.000111
3.947000,-0.000071,0.000111
3.948000,-0.000071,0.000110
3.949000,-0.000072,0.000110
3.950000,-0.000073,0.000111
3.951000,-0.000072,0.000111
3.952000,-0.000073,0.000111
3.953000,-0.000072,0.000111
3.954000,-0.000072,0.000111
3.955000,-0.000072,0.000111
3.956000,-0.000072,0.000111
3.957000,-0.000072,0.000111
3.958000,-0.000072,0.000112
3.959000,-0.000072,0.000112
3.960000,-0.000071,0.000112
3.961000,-0.000072,0.000113
3.962000,-0.000072,0.000114
3.963000,-0.000072,0.000113
3.964000,-0.000072,0.000113
3.965000,-0.000072,0.000114
3.966000,-0.000072,0.000113
3.967000,-0.000072,0.000113
3.968000,-0.000072,0.000113
3.969000,-0.000072,0.000113
3.970000,-0.000072,0.000113
3.971000,-0.000072,0.000112
3.972000,-0.000071,0.000112
3.973000,-0.000071,0.000111
3.974000,-0.000071,0.000111
3.975000,-0.000071,0.000111
3.976000,-0.000071,0.000111
3.977000,-0.000071,0.000111
3.978000,-0.000071,0.000111
3.979000,-0.000071,0.000111
3.980000,-0.000072,0.000111
3.981000,-0.000073,0.000110
3.982000,-0.000073,0.000111
3.983000,-0.000074,0.000111
3.984000,-0.000073,0.000111
3.985000,-0.000073,0.000111
3.986000,-0.000074,0.000111
3.987000,-0.000073,0.000111
3.988000,-0.000074,0.000112
3.989000,-0.000073,0.000112
3.990000,-0.000073,0.000113
3.991000,-0.000072,0.000113
3.992000,-0.000073,0.000113
3.993000,-0.000073,0.000112
3.994000,-0.000074,0.000111
3.995000,-0.000074,0.000111
3.996000,-0.000074,0.000111
3.997000,-0.000074,0.000111
3.998000,-0.000074,0.000112
3.999000,-0.000074,0.000111
3.950000,-0.000073,0.000111
3.951000,-0.000072,0.000110
3.952000,-0.000073,0.000111
3.953000,-0.000073,0.000111
3.954000,-0.000072,0.000111
3.955000,-0.000072,0.000111
3.956000,-0.000072,0.000111
3.957000,-0.000072,0.000112
3.958000,-0.000072,0.000112
3.959000,-0.000071,0.000113
3.960000,-0.000071,0.000113
3.961000,-0.000072,0.000114
3.962000,-0.000072,0.000114
3.963000,-0.000072,0.000114
3.964000,-0.000072,0.000114
3.965000,-0.000072,0.000115
3.966000,-0.000072,0.000114
3.967000,-0.000072,0.000114
3.968000,-0.000073,0.000114
3.969000,-0.000072,0.000114
3.970000,-0.000072,0.000114
3.971000,-0.000072,0.000114
3.972000,-0.000072,0.000114
3.973000,-0.000072,0.000113
3.974000,-0.000071,0.000113
3.975000,-0.000072,0.000113
3.976000,-0.000071,0.000113
3.977000,-0.000071,0.000113
3.978000,-0.000071,0.000113
3.979000,-0.000071,0.000113
3.980000,-0.000072,0.000113
3.981000,-0.000073,0.000112
3.982000,-0.000073,0.000112
3.983000,-0.000074,0.000112
3.984000,-0.000073,0.000112
3.985000,-0.000073,0.000112
3.986000,-0.000074,0.000112
3.987000,-0.000074,0.000112
3.988000,-0.000073,0.000113
3.989000,-0.000073,0.000113
3.990000,-0.000073,0.000113
3.991000,-0.000073,0.000113
3.992000,-0.000073,0.000114
3.993000,-0.000073,0.000113
3.994000,-0.000074,0.000112
3.995000,-0.000074,0.000113
3.996000,-0.000074,0.000113
3.997000,-0.000075,0.000112
3.998000,-0.000075,0.000112
3.999000,-0.000075,0.000112
4.000000,-0.000075,0.000112
4.001000,-0.000075,0.000112
4.002000,-0.000075,0.000112
4.003000,-0.000075,0.000112
4.004000,-0.000075,0.000111
4.005000,-0.000076,0.000112
4.006000,-0.000076,0.000111
4.007000,-0.000075,0.000111
4.008000,-0.000076,0.000111
4.009000,-0.000076,0.000110
4.010000,-0.000076,0.000110
4.011000,-0.000076,0.000110
4.012000,-0.000075,0.000110
4.013000,-0.000075,0.000110
4.014000,-0.000075,0.000111
4.015000,-0.000075,0.000111
4.016000,-0.000075,0.000111
4.017000,-0.000075,0.000111
4.018000,-0.000074,0.000111
4.019000,-0.000074,0.000111
4.020000,-0.000075,0.000111
4.021000,-0.000075,0.000111
4.022000,-0.000075,0.000111
4.023000,-0.000075,0.000111
4.024000,-0.000076,0.000111
4.025000,-0.000075,0.000110
4.026000,-0.000076,0.000110
4.027000,-0.000075,0.000109
4.028000,-0.000075,0.000109
4.029000,-0.000075,0.000109
4.030000,-0.000076,0.000109
4.031000,-0.000076,0.000109
4.032000,-0.000076,0.000108
4.033000,-0.000076,0.000108
4.034000,-0.000076,0.000109
4.035000,-0.000076,0.000109
4.036000,-0.000076,0.000109
4.037000,-0.000076,0.000108
4.038000,-0.000076,0.000109
4.039000,-0.000076,0.000109
4.040000,-0.000076,0.000109
4.041000,-0.000076,0.000110
4.042000,-0.000076,0.000109
4.043000,-0.000076,0.000110
4.044000,-0.000076,0.000110
4.045000,-0.000076,0.000111
4.046000,-0.000076,0.000111
4.047000,-0.000076,0.000111
4.048000,-0.000076,0.000110
4.049000,-0.000076,0.000110
4.050000,-0.000077,0.000110
4.051000,-0.000076,0.000110
4.052000,-0.000077,0.000110
4.053000,-0.000076,0.000110
4.054000,-0.000077,0.000109
4.055000,-0.000077,0.000110
4.056000,-0.000077,0.000109
4.057000,-0.000077,0.000109
4.058000,-0.000078,0.000109
4.059000,-0.000078,0.000109
4.060000,-0.000077,0.000109
4.061000,-0.000077,0.000109
4.062000,-0.000077,0.000109
4.063000,-0.000077,0.000109
4.064000,-0.000077,0.000109
4.065000,-0.000077,0.000110
4.066000,-0.000077,0.000111
4.067000,-0.000077,0.000110
4.068000,-0.000077,0.000110
4.069000,-0.000077,0.000110
4.070000,-0.000077,0.000110
4.071000,-0.000077,0.000110
4.072000,-0.000077,0.000110
4.073000,-0.000077,0.000110
4.074000,-0.000077,0.000110
4.075000,-0.000077,0.000110
4.076000,-0.000077,0.000110
4.077000,-0.000077,0.000111
4.078000,-0.000077,0.000111
4.079000,-0.000077,0.000111
4.080000,-0.000076,0.000111
4.081000,-0.000077,0.000112
4.082000,-0.000076,0.000112
4.083000,-0.000076,0.000112
4.084000,-0.000076,0.000113
4.085000,-0.000076,0.000113
4.086000,-0.000076,0.000112
4.087000,-0.000076,0.000112
4.088000,-0.000076,0.000112
4.089000,-0.000076,0.000112
4.090000,-0.000075,0.000113
4.091000,-0.000075,0.000112
4.092000,-0.000075,0.000111
4.093000,-0.000075,0.000111
4.094000,-0.000075,0.000111
4.095000,-0.000074,0.000111
4.096000,-0.000074,0.000111
4.097000,-0.000074,0.000110
4.098000,-0.000073,0.000110
4.099000,-0.000073,0.000110
4.100000,-0.000072,0.000111
4.101000,-0.000072,0.000111
4.102000,-0.000072,0.000111
4.103000,-0.000071,0.000111
4.104000,-0.000071,0.000112
4.105000,-0.000070,0.000111
4.106000,-0.000070,0.000112
4.107000,-0.000070,0.000112
4.108000,-0.000069,0.000112
4.109000,-0.000069,0.000112
4.110000,-0.000069,0.000112
4.111000,-0.000068,0.000113
4.112000,-0.000068,0.000112
4.113000,-0.000067,0.000113
4.114000,-0.000067,0.000113
4.115000,-0.000067,0.000113
4.116000,-0.000066,0.000113
4.117000,-0.000066,0.000113
4.118000,-0.000066,0.000113
4.119000,-0.000066,0.000113
4.120000,-0.000066,0.000113
4.121000,-0.000065,0.000113
4.122000,-0.000065,0.000113
4.123000,-0.000064,0.000113
4.124000,-0.000064,0.000113
4.125000,-0.000064,0.000113
4.126000,-0.000064,0.000114
4.127000,-0.000064,0.000114
4.128000,-0.000064,0.000114
4.129000,-0.000064,0.000115
4.130000,-0.000064,0.000115
4.131000,-0.000063,0.000115
4.132000,-0.000063,0.000114
4.133000,-0.000062,0.000115
4.134000,-0.000063,0.000114
4.135000,-0.000062,0.000115
4.136000,-0.000063,0.000114
4.137000,-0.000063,0.000116
4.138000,-0.000062,0.000116
4.139000,-0.000062,0.000116
4.140000,-0.000062,0.000115
4.141000,-0.000061,0.000115
4.142000,-0.000061,0.000115
4.143000,-0.000061,0.000115
4.144000,-0.000061,0.000115
4.145000,-0.000061,0.000114
4.146000,-0.000060,0.000115
4.147000,-0.000060,0.000115
4.148000,-0.000059,0.000115
4.149000,-0.000059,0.000116
4.150000,-0.000058,0.000116
4.151000,-0.000058,0.000116
4.152000,-0.000058,0.000116
4.153000,-0.000058,0.000116
4.154000,-0.000057,0.000116
4.155000,-0.000057,0.000116
4.156000,-0.000056,0.000116
4.157000,-0.000056,0.000116
4.158000,-0.000056,0.000117
4.159000,-0.000056,0.000116
4.160000,-0.000055,0.000116
4.161000,-0.000055,0.000116
4.162000,-0.000054,0.000115
4.163000,-0.000054,0.000115
4.164000,-0.000054,0.000114
4.165000,-0.000054,0.000114
4.166000,-0.000053,0.000114
4.167000,-0.000053,0.000114
4.168000,-0.000053,0.000113
4.169000,-0.000052,0.000113
4.170000,-0.000052,0.000113
4.171000,-0.000052,0.000112
4.172000,-0.000051,0.000112
4.173000,-0.000051,0.000112
4.174000,-0.000050,0.000113
4.175000,-0.000049,0.000113
4.176000,-0.000048,0.000113
4.177000,-0.000048,0.000113
4.178000,-0.000048,0.000113
4.179000,-0.000048,0.000113
4.180000,-0.000048,0.000113
4.181000,-0.000047,0.000113
4.182000,-0.000046,0.000112
4.183000,-0.000046,0.000112
4.184000,-0.000046,0.000112
4.185000,-0.000045,0.000113
4.186000,-0.000044,0.000113
4.187000,-0.000044,0.000113
4.188000,-0.000043,0.000113
4.189000,-0.000042,0.000113
4.190000,-0.000041,0.000113
4.191000,-0.000041,0.000114
4.192000,-0.000040,0.000115
4.193000,-0.000040,0.000115
4.194000,-0.000039,0.000116
4.195000,-0.000038,0.000116
4.196000,-0.000037,0.000117
4.197000,-0.000037,0.000118
4.198000,-0.000036,0.000118
4.199000,-0.000035,0.000118
4.200000,-0.000035,0.000118
4.201000,-0.000034,0.000118
4.202000,-0.000034,0.000118
4.203000,-0.000034,0.000117
4.204000,-0.000033,0.000118
4.205000,-0.000033,0.000118
4.206000,-0.000033,0.000118
4.207000,-0.000032,0.000118
4.208000,-0.000032,0.000118
4.209000,-0.000030,0.000118
4.210000,-0.000029,0.000118
4.211000,-0.000029,0.000118
4.212000,-0.000028,0.000118
4.213000,-0.000028,0.000117
4.214000,-0.000027,0.000117
4.215000,-0.000027,0.000117
4.216000,-0.000026,0.000117
4.217000,-0.000025,0.000116
4.218000,-0.000025,0.000117
4.219000,-0.000024,0.000116
4.220000,-0.000023,0.000116
4.221000,-0.000023,0.000116
4.222000,-0.000020,0.000116
4.223000,-0.000019,0.000116
4.224000,-0.000018,0.000117
4.225000,-0.000017,0.000116
4.226000,-0.000015,0.000116
4.227000,-0.000014,0.000116
4.228000,-0.000013,0.000116
4.229000,-0.000012,0.000116
4.230000,-0.000011,0.000116
4.231000,-0.000010,0.000116
4.232000,-0.000009,0.000116
4.233000,-0.000009,0.000116
4.234000,-0.000007,0.000116
4.235000,-0.000006,0.000115
4.236000,-0.000004,0.000116
4.237000,-0.000004,0.000115
4.238000,-0.000002,0.000114
4.239000,-0.000001,0.000115
4.240000,0.000000,0.000115
4.241000,0.000002,0.000115
4.242000,0.000002,0.000115
4.243000,0.000004,0.000116
4.244000,0.000004,0.000117
4.245000,0.000006,0.000116
4.246000,0.000006,0.000116
4.247000,0.000007,0.000116
4.248000,0.000008,0.000116
4.249000,0.000010,0.000116
4.250000,0.000011,0.000116
4.251000,0.000012,0.000116
4.252000,0.000014,0.000116
4.253000,0.000015,0.000116
4.254000,0.000017,0.000116
4.255000,0.000018,0.000116
4.256000,0.000019,0.000116
4.257000,0.000020,0.000117
4.258000,0.000022,0.000117
4.259000,0.000024,0.000117
4.260000,0.000024,0.000117
4.261000,0.000026,0.000117
4.262000,0.000026,0.000118
4.263000,0.000027,0.000118
4.264000,0.000029,0.000118
4.265000,0.000030,0.000118
4.266000,0.000032,0.000118
4.267000,0.000033,0.000118
4.268000,0.000035,0.000118
4.269000,0.000037,0.000117
4.270000,0.000039,0.000118
4.271000,0.000039,0.000118
4.272000,0.000042,0.000117
4.273000,0.000042,0.000118
4.274000,0.000044,0.000118
4.275000,0.000045,0.000117
4.276000,0.000046,0.000116
4.277000,0.000048,0.000117
4.278000,0.000049,0.000117
4.279000,0.000051,0.000117
4.280000,0.000052,0.000117
4.281000,0.000053,0.000116
4.282000,0.000055,0.000117
4.283000,0.000056,0.000117
4.284000,0.000057,0.000116
4.285000,0.000059,0.000115
4.286000,0.000060,0.000115
4.287000,0.000062,0.000115
4.288000,0.000063,0.000115
4.289000,0.000064,0.000115
4.290000,0.000065,0.000115
4.291000,0.000066,0.000114
4.292000,0.000068,0.000114
4.293000,0.000070,0.000114
4.294000,0.000070,0.000114
4.295000,0.000072,0.000113
4.296000,0.000073,0.000113
4.297000,0.000074,0.000113
4.298000,0.000076,0.000112
4.299000,0.000077,0.000112
4.300000,0.000079,0.000112
4.301000,0.000080,0.000112
4.302000,0.000081,0.000112
4.303000,0.000083,0.000113
4.304000,0.000085,0.000112
4.305000,0.000086,0.000112
4.306000,0.000087,0.000112
4.307000,0.000088,0.000111
4.308000,0.000090,0.000111
4.309000,0.000090,0.000111
4.310000,0.000092,0.000112
4.311000,0.000092,0.000112
4.312000,0.000093,0.000112
4.313000,0.000094,0.000113
4.314000,0.000095,0.000113
4.315000,0.000097,0.000114
4.316000,0.000099,0.000114
4.317000,0.000099,0.000115
4.318000,0.000101,0.000114
4.319000,0.000102,0.000114
4.320000,0.000104,0.000115
4.321000,0.000105,0.000115
4.322000,0.000105,0.000114
4.323000,0.000106,0.000114
4.324000,0.000107,0.000114
4.325000,0.000109,0.000114
4.326000,0.000110,0.000115
4.327000,0.000111,0.000115
4.328000,0.000112,0.000115
4.329000,0.000113,0.000115
4.330000,0.000114,0.000116
4.331000,0.000115,0.000116
4.332000,0.000117,0.000116
4.333000,0.000118,0.000116
4.334000,0.000119,0.000116
4.335000,0.000121,0.000117
4.336000,0.000122,0.000117
4.337000,0.000123,0.000117
4.338000,0.000124,0.000118
4.339000,0.000125,0.000117
4.340000,0.000126,0.000117
4.341000,0.000127,0.000116
4.342000,0.000129,0.000117
4.343000,0.000130,0.000116
4.344000,0.000131,0.000116
4.345000,0.000132,0.000116
4.346000,0.000134,0.000116
4.347000,0.000134,0.000116
4.348000,0.000135,0.000116
4.349000,0.000136,0.000117
4.350000,0.000137,0.000117
4.351000,0.000138,0.000117
4.352000,0.000139,0.000117
4.353000,0.000140,0.000117
4.354000,0.000141,0.000116
4.355000,0.000141,0.000117
4.356000,0.000142,0.000116
4.357000,0.000143,0.000116
4.358000,0.000144,0.000115
4.359000,0.000144,0.000115
4.360000,0.000146,0.000115
4.361000,0.000146,0.000115
4.362000,0.000148,0.000116
4.363000,0.000148,0.000116
4.364000,0.000149,0.000116
4.365000,0.000150,0.000116
4.366000,0.000150,0.000117
4.367000,0.000151,0.000117
4.368000,0.000151,0.000117
4.369000,0.000152,0.000117
4.370000,0.000152,0.000117
4.371000,0.000153,0.000117
4.372000,0.000153,0.000117
4.373000,0.000154,0.000117
4.374000,0.000154,0.000116
4.375000,0.000154,0.000116
4.376000,0.000155,0.000116
4.377000,0.000155,0.000117
4.378000,0.000156,0.000117
4.379000,0.000156,0.000117
4.380000,0.000156,0.000117
4.381000,0.000157,0.000117
4.382000,0.000157,0.000117
4.383000,0.000158,0.000117
4.384000,0.000158,0.000118
4.385000,0.000159,0.000117
4.386000,0.000159,0.000118
4.387000,0.000159,0.000118
4.388000,0.000159,0.000118
4.389000,0.000160,0.000118
4.390000,0.000160,0.000118
4.391000,0.000160,0.000118
4.392000,0.000160,0.000118
4.393000,0.000160,0.000119
4.394000,0.000160,0.000118
4.395000,0.000160,0.000119
4.396000,0.000160,0.000119
4.397000,0.000160,0.000118
4.398000,0.000160,0.000118
4.399000,0.000160,0.000119
4.400000,0.000159,0.000118
4.401000,0.000159,0.000118
4.402000,0.000159,0.000118
4.403000,0.000158,0.000118
4.404000,0.000158,0.000118
4.405000,0.000158,0.000118
4.406000,0.000158,0.000118
4.407000,0.000158,0.000118
4.408000,0.000158,0.000117
4.409000,0.000158,0.000118
4.410000,0.000158,0.000117
4.411000,0.000159,0.000117
4.412000,0.000159,0.000118
4.413000,0.000159,0.000118
4.414000,0.000158,0.000118
4.415000,0.000156,0.000117
4.416000,0.000156,0.000116
4.417000,0.000156,0.000117
4.418000,0.000155,0.000117
4.419000,0.000155,0.000117
4.420000,0.000154,0.000117
4.421000,0.000154,0.000117
4.422000,0.000153,0.000118
4.423000,0.000152,0.000118
4.424000,0.000152,0.000118
4.425000,0.000151,0.000118
4.426000,0.000150,0.000118
4.427000,0.000149,0.000118
4.428000,0.000148,0.000118
4.429000,0.000147,0.000117
4.430000,0.000146,0.000117
4.431000,0.000145,0.000117
4.432000,0.000144,0.000117
4.433000,0.000143,0.000116
4.434000,0.000143,0.000117
4.435000,0.000142,0.000116
4.436000,0.000142,0.000117
4.437000,0.000141,0.000116
4.438000,0.000140,0.000116
4.439000,0.000139,0.000116
4.440000,0.000139,0.000116
4.441000,0.000138,0.000117
4.442000,0.000136,0.000116
4.443000,0.000135,0.000116
4.444000,0.000133,0.000116
4.445000,0.000132,0.000116
4.446000,0.000131,0.000115
4.447000,0.000131,0.000115
4.448000,0.000129,0.000115
4.449000,0.000128,0.000114
4.450000,0.000127,0.000115
4.451000,0.000127,0.000115
4.452000,0.000126,0.000115
4.453000,0.000126,0.000115
4.454000,0.000125,0.000115
4.455000,0.000125,0.000115
4.456000,0.000124,0.000115
4.457000,0.000124,0.000115
4.458000,0.000123,0.000115
4.459000,0.000123,0.000116
4.460000,0.000121,0.000116
4.461000,0.000121,0.000116
4.462000,0.000120,0.000115
4.463000,0.000120,0.000115
4.464000,0.000120,0.000114
4.465000,0.000119,0.000114
4.466000,0.000119,0.000114
4.467000,0.000118,0.000113
4.468000,0.000118,0.000113
4.469000,0.000117,0.000114
4.470000,0.000117,0.000115
4.471000,0.000116,0.000115
4.472000,0.000116,0.000115
4.473000,0.000115,0.000115
4.474000,0.000115,0.000115
4.475000,0.000114,0.000116
4.476000,0.000113,0.000115
4.477000,0.000112,0.000115
4.478000,0.000111,0.000115
4.479000,0.000111,0.000114
4.480000,0.000111,0.000113
4.481000,0.000110,0.000114
4.482000,0.000109,0.000114
4.483000,0.000108,0.000114
4.484000,0.000108,0.000115
4.485000,0.000107,0.000115
4.486000,0.000106,0.000115
4.487000,0.000105,0.000115
4.488000,0.000104,0.000114
4.489000,0.000103,0.000114
4.490000,0.000102,0.000114
4.491000,0.000101,0.000115
4.492000,0.000101,0.000114
4.493000,0.000100,0.000114
4.494000,0.000099,0.000115
4.495000,0.000099,0.000115
4.496000,0.000098,0.000114
4.497000,0.000098,0.000115
4.498000,0.000097,0.000115
4.499000,0.000096,0.000115
4.450000,0.000127,0.000115
4.451000,0.000126,0.000115
4.452000,0.000124,0.000115
4.453000,0.000123,0.000115
4.454000,0.000121,0.000115
4.455000,0.000120,0.000115
4.456000,0.000120,0.000115
4.457000,0.000118,0.000115
4.458000,0.000117,0.000115
4.459000,0.000115,0.000115
4.460000,0.000112,0.000115
4.461000,0.000110,0.000115
4.462000,0.000108,0.000115
4.463000,0.000108,0.000114
4.464000,0.000106,0.000114
4.465000,0.000105,0.000114
4.466000,0.000103,0.000114
4.467000,0.000102,0.000113
4.468000,0.000100,0.000113
4.469000,0.000098,0.000114
4.470000,0.000097,0.000115
4.471000,0.000095,0.000115
4.472000,0.000094,0.000115
4.473000,0.000093,0.000114
4.474000,0.000092,0.000114
4.475000,0.000090,0.000114
4.476000,0.000088,0.000114
4.477000,0.000086,0.000114
4.478000,0.000084,0.000114
4.479000,0.000082,0.000114
4.480000,0.000081,0.000113
4.481000,0.000079,0.000113
4.482000,0.000078,0.000113
4.483000,0.000075,0.000113
4.484000,0.000073,0.000114
4.485000,0.000072,0.000114
4.486000,0.000070,0.000114
4.487000,0.000068,0.000114
4.488000,0.000066,0.000114
4.489000,0.000064,0.000114
4.490000,0.000062,0.000113
4.491000,0.000060,0.000113
4.492000,0.000058,0.000113
4.493000,0.000056,0.000113
4.494000,0.000054,0.000113
4.495000,0.000053,0.000113
4.496000,0.000051,0.000112
4.497000,0.000049,0.000113
4.498000,0.000048,0.000114
4.499000,0.000046,0.000114
4.500000,0.000044,0.000114
4.501000,0.000042,0.000114
4.502000,0.000040,0.000114
4.503000,0.000038,0.000114
4.504000,0.000036,0.000113
4.505000,0.000034,0.000113
4.506000,0.000032,0.000113
4.507000,0.000030,0.000113
4.508000,0.000028,0.000114
4.509000,0.000027,0.000113
4.510000,0.000025,0.000113
4.511000,0.000023,0.000112
4.512000,0.000022,0.000113
4.513000,0.000019,0.000112
4.514000,0.000017,0.000112
4.515000,0.000016,0.000112
4.516000,0.000015,0.000112
4.517000,0.000013,0.000112
4.518000,0.000011,0.000112
4.519000,0.000009,0.000111
4.520000,0.000007,0.000111
4.521000,0.000005,0.000112
4.522000,0.000004,0.000111
4.523000,0.000002,0.000110
4.524000,0.000001,0.000110
4.525000,-0.000001,0.000110
4.526000,-0.000003,0.000110
4.527000,-0.000005,0.000111
4.528000,-0.000006,0.000111
4.529000,-0.000008,0.000111
4.530000,-0.000010,0.000111
4.531000,-0.000011,0.000111
4.532000,-0.000012,0.000111
4.533000,-0.000014,0.000111
4.534000,-0.000016,0.000111
4.535000,-0.000018,0.000111
4.536000,-0.000019,0.000111
4.537000,-0.000021,0.000111
4.538000,-0.000022,0.000111
4.539000,-0.000023,0.000111
4.540000,-0.000025,0.000111
4.541000,-0.000027,0.000111
4.542000,-0.000028,0.000111
4.543000,-0.000030,0.000112
4.544000,-0.000031,0.000112
4.545000,-0.000032,0.000112
4.546000,-0.000033,0.000111
4.547000,-0.000034,0.000112
4.548000,-0.000035,0.000112
4.549000,-0.000036,0.000112
4.550000,-0.000038,0.000112
4.551000,-0.000039,0.000112
4.552000,-0.000040,0.000112
4.553000,-0.000041,0.000113
4.554000,-0.000042,0.000113
4.555000,-0.000043,0.000112
4.556000,-0.000045,0.000112
4.557000,-0.000046,0.000112
4.558000,-0.000047,0.000113
4.559000,-0.000048,0.000113
4.560000,-0.000049,0.000113
4.561000,-0.000049,0.000113
4.562000,-0.000051,0.000113
4.563000,-0.000052,0.000113
4.564000,-0.000053,0.000112
4.565000,-0.000053,0.000112
4.566000,-0.000054,0.000112
4.567000,-0.000055,0.000112
4.568000,-0.000056,0.000113
4.569000,-0.000056,0.000112
4.570000,-0.000057,0.000112
4.571000,-0.000058,0.000113
4.572000,-0.000059,0.000113
4.573000,-0.000059,0.000113
4.574000,-0.000060,0.000114
4.575000,-0.000061,0.000114
4.576000,-0.000062,0.000114
4.577000,-0.000063,0.000114
4.578000,-0.000064,0.000114
4.579000,-0.000064,0.000114
4.580000,-0.000065,0.000114
4.581000,-0.000066,0.000114
4.582000,-0.000066,0.000114
4.583000,-0.000067,0.000115
4.584000,-0.000067,0.000115
4.585000,-0.000067,0.000114
4.586000,-0.000068,0.000114
4.587000,-0.000068,0.000114
4.588000,-0.000069,0.000114
4.589000,-0.000068,0.000114
4.590000,-0.000069,0.000115
4.591000,-0.000069,0.000115
4.592000,-0.000069,0.000115
4.593000,-0.000070,0.000115
4.594000,-0.000070,0.000115
4.595000,-0.000071,0.000115
4.596000,-0.000071,0.000116
4.597000,-0.000071,0.000115
4.598000,-0.000072,0.000114
4.599000,-0.000072,0.000115
4.600000,-0.000073,0.000114
4.601000,-0.000073,0.000115
4.602000,-0.000073,0.000114
4.603000,-0.000073,0.000114
4.604000,-0.000074,0.000115
4.605000,-0.000074,0.000115
4.606000,-0.000074,0.000115
4.607000,-0.000074,0.000115
4.608000,-0.000074,0.000114
4.609000,-0.000075,0.000114
4.610000,-0.000075,0.000114
4.611000,-0.000075,0.000114
4.612000,-0.000076,0.000114
4.613000,-0.000076,0.000114
4.614000,-0.000076,0.000115
4.615000,-0.000076,0.000114
4.616000,-0.000076,0.000115
4.617000,-0.000076,0.000115
4.618000,-0.000076,0.000115
4.619000,-0.000075,0.000115
4.620000,-0.000076,0.000114
4.621000,-0.000076,0.000114
4.622000,-0.000076,0.000115
4.623000,-0.000075,0.000115
4.624000,-0.000075,0.000115
4.625000,-0.000076,0.000114
4.626000,-0.000075,0.000114
4.627000,-0.000075,0.000114
4.628000,-0.000075,0.000114
4.629000,-0.000075,0.000114
4.630000,-0.000075,0.000114
4.631000,-0.000074,0.000114
4.632000,-0.000074,0.000114
4.633000,-0.000075,0.000114
4.634000,-0.000075,0.000115
4.635000,-0.000074,0.000115
4.636000,-0.000075,0.000115
4.637000,-0.000075,0.000115
4.638000,-0.000075,0.000115
4.639000,-0.000075,0.000115
4.640000,-0.000075,0.000115
4.641000,-0.000075,0.000115
4.642000,-0.000076,0.000116
4.643000,-0.000075,0.000116
4.644000,-0.000076,0.000116
4.645000,-0.000076,0.000116
4.646000,-0.000077,0.000116
4.647000,-0.000077,0.000116
4.648000,-0.000077,0.000116
4.649000,-0.000078,0.000116
4.650000,-0.000077,0.000116
4.651000,-0.000078,0.000116
4.652000,-0.000077,0.000116
4.653000,-0.000077,0.000116
4.654000,-0.000077,0.000116
4.655000,-0.000077,0.000117
4.656000,-0.000077,0.000117
4.657000,-0.000076,0.000117
4.658000,-0.000077,0.000117
4.659000,-0.000077,0.000117
4.660000,-0.000077,0.000117
4.661000,-0.000076,0.000116
4.662000,-0.000076,0.000117
4.663000,-0.000076,0.000117
4.664000,-0.000076,0.000118
4.665000,-0.000076,0.000118
4.666000,-0.000076,0.000117
4.667000,-0.000076,0.000117
4.668000,-0.000076,0.000116
4.669000,-0.000076,0.000116
4.670000,-0.000076,0.000116
4.671000,-0.000075,0.000115
4.672000,-0.000076,0.000116
4.673000,-0.000076,0.000115
4.674000,-0.000076,0.000115
4.675000,-0.000075,0.000115
4.676000,-0.000075,0.000115
4.677000,-0.000075,0.000115
4.678000,-0.000075,0.000115
4.679000,-0.000075,0.000115
4.680000,-0.000075,0.000115
4.681000,-0.000076,0.000115
4.682000,-0.000075,0.000115
4.683000,-0.000075,0.000115
4.684000,-0.000075,0.000116
4.685000,-0.000075,0.000116
4.686000,-0.000076,0.000116
4.687000,-0.000076,0.000116
4.688000,-0.000076,0.000116
4.689000,-0.000077,0.000116
4.690000,-0.000077,0.000116
4.691000,-0.000077,0.000116
4.692000,-0.000076,0.000117
4.693000,-0.000076,0.000116
4.694000,-0.000076,0.000116
4.695000,-0.000076,0.000116
4.696000,-0.000076,0.000116
4.697000,-0.000076,0.000117
4.698000,-0.000076,0.000117
4.699000,-0.000076,0.000116
4.700000,-0.000076,0.000117
4.701000,-0.000076,0.000116
4.702000,-0.000076,0.000116
4.703000,-0.000076,0.000117
4.704000,-0.000076,0.000117
4.705000,-0.000076,0.000117
4.706000,-0.000076,0.000116
4.707000,-0.000075,0.000116
4.708000,-0.000075,0.000117
4.709000,-0.000075,0.000117
4.710000,-0.000075,0.000117
4.711000,-0.000076,0.000117
4.712000,-0.000076,0.000118
4.713000,-0.000076,0.000117
4.714000,-0.000076,0.000117
4.715000,-0.000076,0.000118
4.716000,-0.000076,0.000117
4.717000,-0.000076,0.000118
4.718000,-0.000075,0.000118
4.719000,-0.000076,0.000118
4.720000,-0.000075,0.000119
4.721000,-0.000075,0.000118
4.722000,-0.000076,0.000118
4.723000,-0.000076,0.000117
4.724000,-0.000077,0.000118
4.725000,-0.000076,0.000118
4.726000,-0.000076,0.000118
4.727000,-0.000076,0.000118
4.728000,-0.000077,0.000117
4.729000,-0.000076,0.000117
4.730000,-0.000077,0.000117
4.731000,-0.000076,0.000117
4.732000,-0.000077,0.000117
4.733000,-0.000076,0.000118
4.734000,-0.000076,0.000117
4.735000,-0.000076,0.000117
4.736000,-0.000076,0.000116
4.737000,-0.000076,0.000117
4.738000,-0.000076,0.000117
4.739000,-0.000077,0.000116
4.740000,-0.000077,0.000116
4.741000,-0.000077,0.000116
4.742000,-0.000077,0.000115
4.743000,-0.000077,0.000115
4.744000,-0.000077,0.000115
4.745000,-0.000077,0.000114
4.746000,-0.000077,0.000114
4.747000,-0.000077,0.000114
4.748000,-0.000077,0.000115
4.749000,-0.000076,0.000116
4.750000,-0.000076,0.000116
4.751000,-0.000076,0.000116
4.752000,-0.000077,0.000115
4.753000,-0.000077,0.000115
4.754000,-0.000077,0.000114
4.755000,-0.000078,0.000114
4.756000,-0.000078,0.000114
4.757000,-0.000078,0.000114
4.758000,-0.000078,0.000113
4.759000,-0.000079,0.000113
4.760000,-0.000079,0.000113
4.761000,-0.000079,0.000113
4.762000,-0.000079,0.000113
4.763000,-0.000078,0.000113
4.764000,-0.000079,0.000112
4.765000,-0.000079,0.000113
4.766000,-0.000078,0.000113
4.767000,-0.000078,0.000114
4.768000,-0.000078,0.000115
4.769000,-0.000078,0.000114
4.770000,-0.000079,0.000115
4.771000,-0.000079,0.000115
4.772000,-0.000079,0.000115
4.773000,-0.000079,0.000115
4.774000,-0.000080,0.000115
4.775000,-0.000080,0.000115
4.776000,-0.000079,0.000114
4.777000,-0.000079,0.000114
4.778000,-0.000079,0.000114
4.779000,-0.000079,0.000114
4.780000,-0.000079,0.000115
4.781000,-0.000078,0.000115
4.782000,-0.000078,0.000115
4.783000,-0.000078,0.000115
4.784000,-0.000078,0.000114
4.785000,-0.000078,0.000114
4.786000,-0.000078,0.000114
4.787000,-0.000078,0.000114
4.788000,-0.000078,0.000114
4.789000,-0.000078,0.000113
4.790000,-0.000078,0.000114
4.791000,-0.000078,0.000113
4.792000,-0.000078,0.000113
4.793000,-0.000078,0.000114
4.794000,-0.000078,0.000113
4.795000,-0.000077,0.000113
4.796000,-0.000077,0.000113
4.797000,-0.000078,0.000112
4.798000,-0.000077,0.000113
4.799000,-0.000077,0.000113
4.800000,-0.000077,0.000113
4.801000,-0.000076,0.000113
4.802000,-0.000076,0.000113
4.803000,-0.000076,0.000112
4.804000,-0.000076,0.000112
4.805000,-0.000076,0.000112
4.806000,-0.000076,0.000113
4.807000,-0.000077,0.000113
4.808000,-0.000077,0.000113
4.809000,-0.000078,0.000113
4.810000,-0.000078,0.000113
4.811000,-0.000077,0.000113
4.812000,-0.000077,0.000114
4.813000,-0.000077,0.000114
4.814000,-0.000077,0.000114
4.815000,-0.000077,0.000113
4.816000,-0.000077,0.000113
4.817000,-0.000077,0.000113
4.818000,-0.000077,0.000113
4.819000,-0.000077,0.000113
4.820000,-0.000078,0.000113
4.821000,-0.000078,0.000114
4.822000,-0.000078,0.000114
4.823000,-0.000078,0.000113
4.824000,-0.000078,0.000114
4.825000,-0.000078,0.000113
4.826000,-0.000078,0.000114
4.827000,-0.000078,0.000114
4.828000,-0.000078,0.000115
4.829000,-0.000078,0.000114
4.830000,-0.000077,0.000114
4.831000,-0.000078,0.000114
4.832000,-0.000077,0.000114
4.833000,-0.000077,0.000114
4.834000,-0.000077,0.000114
4.835000,-0.000077,0.000113
4.836000,-0.000077,0.000114
4.837000,-0.000077,0.000113
4.838000,-0.000077,0.000114
4.839000,-0.000077,0.000113
4.840000,-0.000076,0.000113
4.841000,-0.000077,0.000113
4.842000,-0.000077,0.000114
4.843000,-0.000076,0.000113
4.844000,-0.000076,0.000114
4.845000,-0.000076,0.000115
4.846000,-0.000076,0.000115
4.847000,-0.000076,0.000115
4.848000,-0.000076,0.000114
4.849000,-0.000076,0.000114
4.850000,-0.000076,0.000115
4.851000,-0.000076,0.000114
4.852000,-0.000076,0.000114
4.853000,-0.000076,0.000115
4.854000,-0.000076,0.000115
4.855000,-0.000075,0.000114
4.856000,-0.000075,0.000114
4.857000,-0.000075,0.000114
4.858000,-0.000075,0.000114
4.859000,-0.000075,0.000114
4.860000,-0.000075,0.000113
4.861000,-0.000075,0.000114
4.862000,-0.000074,0.000113
4.863000,-0.000074,0.000113
4.864000,-0.000074,0.000114
4.865000,-0.000074,0.000113
4.866000,-0.000074,0.000113
4.867000,-0.000074,0.000112
4.868000,-0.000074,0.000112
4.869000,-0.000074,0.000112
4.870000,-0.000074,0.000112
4.871000,-0.000074,0.000112
4.872000,-0.000074,0.000112
4.873000,-0.000074,0.000112
4.874000,-0.000074,0.000112
4.875000,-0.000074,0.000112
4.876000,-0.000074,0.000113
4.877000,-0.000074,0.000113
4.878000,-0.000075,0.000112
4.879000,-0.000074,0.000112
4.880000,-0.000074,0.000112
4.881000,-0.000075,0.000112
4.882000,-0.000074,0.000113
4.883000,-0.000075,0.000113
4.884000,-0.000075,0.000112
4.885000,-0.000075,0.000112
4.886000,-0.000075,0.000113
4.887000,-0.000075,0.000113
4.888000,-0.000075,0.000113
4.889000,-0.000074,0.000114
4.890000,-0.000074,0.000113
4.891000,-0.000074,0.000112
4.892000,-0.000074,0.000113
4.893000,-0.000074,0.000113
4.894000,-0.000074,0.000112
4.895000,-0.000074,0.000112
4.896000,-0.000074,0.000112
4.897000,-0.000075,0.000112
4.898000,-0.000075,0.000111
4.899000,-0.000076,0.000112
4.900000,-0.000076,0.000111
4.901000,-0.000076,0.000112
4.902000,-0.000075,0.000112
4.903000,-0.000075,0.000112
4.904000,-0.000076,0.000112
4.905000,-0.000076,0.000112
4.906000,-0.000076,0.000111
4.907000,-0.000076,0.000111
4.908000,-0.000075,0.000112
4.909000,-0.000074,0.000112
4.910000,-0.000074,0.000113
4.911000,-0.000074,0.000113
4.912000,-0.000074,0.000113
4.913000,-0.000074,0.000113
4.914000,-0.000074,0.000113
4.915000,-0.000074,0.000114
4.916000,-0.000074,0.000115
4.917000,-0.000073,0.000115
4.918000,-0.000073,0.000115
4.919000,-0.000073,0.000115
4.920000,-0.000074,0.000116
4.921000,-0.000073,0.000116
4.922000,-0.000074,0.000117
4.923000,-0.000073,0.000118
4.924000,-0.000074,0.000118
4.925000,-0.000073,0.000118
4.926000,-0.000073,0.000118
4.927000,-0.000073,0.000119
4.928000,-0.000073,0.000119
4.929000,-0.000072,0.000121
4.930000,-0.000072,0.000122
4.931000,-0.000072,0.000123
4.932000,-0.000071,0.000124
4.933000,-0.000072,0.000124
4.934000,-0.000072,0.000125
4.935000,-0.000072,0.000126
4.936000,-0.000072,0.000126
4.937000,-0.000072,0.000126
4.938000,-0.000072,0.000127
4.939000,-0.000072,0.000127
4.940000,-0.000071,0.000128
4.941000,-0.000071,0.000130
4.942000,-0.000070,0.000130
4.943000,-0.000070,0.000131
4.944000,-0.000070,0.000132
4.945000,-0.000069,0.000132
4.946000,-0.000069,0.000132
4.947000,-0.000069,0.000133
4.948000,-0.000068,0.000133
4.949000,-0.000068,0.000134
4.950000,-0.000069,0.000134
4.951000,-0.000069,0.000134
4.952000,-0.000069,0.000135
4.953000,-0.000069,0.000135
4.954000,-0.000069,0.000135
4.955000,-0.000069,0.000136
4.956000,-0.000068,0.000136
4.957000,-0.000068,0.000136
4.958000,-0.000068,0.000137
4.959000,-0.000068,0.000137
4.960000,-0.000068,0.000138
4.961000,-0.000068,0.000138
4.962000,-0.000068,0.000139
4.963000,-0.000068,0.000139
4.964000,-0.000068,0.000140
4.965000,-0.000068,0.000140
4.966000,-0.000068,0.000141
4.967000,-0.000069,0.000141
4.968000,-0.000069,0.000142
4.969000,-0.000069,0.000142
4.970000,-0.000068,0.000142
4.971000,-0.000068,0.000143
4.972000,-0.000068,0.000143
4.973000,-0.000067,0.000144
4.974000,-0.000067,0.000144
4.975000,-0.000068,0.000144
4.976000,-0.000067,0.000145
4.977000,-0.000067,0.000145
4.978000,-0.000067,0.000146
4.979000,-0.000067,0.000147
4.980000,-0.000067,0.000147
4.981000,-0.000067,0.000147
4.982000,-0.000068,0.000147
4.983000,-0.000067,0.000147
4.984000,-0.000067,0.000147
4.985000,-0.000066,0.000147
4.986000,-0.000066,0.000148
4.987000,-0.000066,0.000148
4.988000,-0.000066,0.000149
4.989000,-0.000066,0.000149
4.990000,-0.000066,0.000150
4.991000,-0.000065,0.000152
4.992000,-0.000065,0.000151
4.993000,-0.000066,0.000152
4.994000,-0.000066,0.000154
4.995000,-0.000066,0.000155
4.996000,-0.000066,0.000156
4.997000,-0.000065,0.000157
4.998000,-0.000065,0.000158
4.999000,-0.000064,0.000158
4.950000,-0.000069,0.000134
4.951000,-0.000070,0.000135
4.952000,-0.000070,0.000135
4.953000,-0.000069,0.000135
4.954000,-0.000070,0.000135
4.955000,-0.000069,0.000137
4.956000,-0.000070,0.000138
4.957000,-0.000069,0.000138
4.958000,-0.000069,0.000139
4.959000,-0.000069,0.000140
4.960000,-0.000068,0.000141
4.961000,-0.000068,0.000142
4.962000,-0.000068,0.000143
4.963000,-0.000068,0.000144
4.964000,-0.000068,0.000145
4.965000,-0.000068,0.000145
4.966000,-0.000068,0.000146
4.967000,-0.000069,0.000147
4.968000,-0.000069,0.000147
4.969000,-0.000069,0.000148
4.970000,-0.000068,0.000149
4.971000,-0.000068,0.000149
4.972000,-0.000067,0.000150
4.973000,-0.000067,0.000151
4.974000,-0.000066,0.000151
4.975000,-0.000067,0.000152
4.976000,-0.000066,0.000153
4.977000,-0.000065,0.000154
4.978000,-0.000065,0.000155
4.979000,-0.000064,0.000156
4.980000,-0.000064,0.000156
4.981000,-0.000064,0.000157
4.982000,-0.000065,0.000157
4.983000,-0.000065,0.000158
4.984000,-0.000064,0.000158
4.985000,-0.000064,0.000158
4.986000,-0.000063,0.000159
4.987000,-0.000064,0.000159
4.988000,-0.000063,0.000161
4.989000,-0.000063,0.000161
4.990000,-0.000063,0.000163
4.991000,-0.000062,0.000164
4.992000,-0.000062,0.000164
4.993000,-0.000063,0.000165
4.994000,-0.000063,0.000167
4.995000,-0.000063,0.000168
4.996000,-0.000062,0.000169
4.997000,-0.000061,0.000170
4.998000,-0.000061,0.000171
4.999000,-0.000060,0.000172
5.000000,-0.000060,0.000174
5.001000,-0.000060,0.000175
5.002000,-0.000060,0.000176
5.003000,-0.000059,0.000178
5.004000,-0.000059,0.000179
5.005000,-0.000059,0.000181
5.006000,-0.000059,0.000182
5.007000,-0.000059,0.000183
5.008000,-0.000059,0.000183
5.009000,-0.000059,0.000183
5.010000,-0.000060,0.000184
5.011000,-0.000060,0.000185
5.012000,-0.000059,0.000185
5.013000,-0.000059,0.000186
5.014000,-0.000058,0.000187
5.015000,-0.000058,0.000188
5.016000,-0.000057,0.000189
5.017000,-0.000057,0.000189
5.018000,-0.000058,0.000191
5.019000,-0.000058,0.000192
5.020000,-0.000057,0.000192
5.021000,-0.000057,0.000193
5.022000,-0.000057,0.000193
5.023000,-0.000056,0.000194
5.024000,-0.000056,0.000195
5.025000,-0.000056,0.000195
5.026000,-0.000055,0.000196
5.027000,-0.000054,0.000197
5.028000,-0.000054,0.000198
5.029000,-0.000055,0.000198
5.030000,-0.000055,0.000199
5.031000,-0.000055,0.000199
5.032000,-0.000055,0.000199
5.033000,-0.000055,0.000201
5.034000,-0.000055,0.000201
5.035000,-0.000054,0.000201
5.036000,-0.000054,0.000202
5.037000,-0.000054,0.000203
5.038000,-0.000053,0.000205
5.039000,-0.000053,0.000206
5.040000,-0.000054,0.000205
5.041000,-0.000053,0.000206
5.042000,-0.000053,0.000206
5.043000,-0.000052,0.000207
5.044000,-0.000053,0.000207
5.045000,-0.000051,0.000208
5.046000,-0.000052,0.000209
5.047000,-0.000052,0.000210
5.048000,-0.000052,0.000210
5.049000,-0.000052,0.000211
5.050000,-0.000051,0.000211
5.051000,-0.000050,0.000212
5.052000,-0.000050,0.000213
5.053000,-0.000049,0.000214
5.054000,-0.000049,0.000215
5.055000,-0.000049,0.000215
5.056000,-0.000048,0.000216
5.057000,-0.000048,0.000218
5.058000,-0.000048,0.000218
5.059000,-0.000048,0.000219
5.060000,-0.000048,0.000220
5.061000,-0.000047,0.000220
5.062000,-0.000047,0.000221
5.063000,-0.000047,0.000221
5.064000,-0.000045,0.000222
5.065000,-0.000046,0.000224
5.066000,-0.000046,0.000224
5.067000,-0.000045,0.000225
5.068000,-0.000046,0.000227
5.069000,-0.000046,0.000227
5.070000,-0.000045,0.000228
5.071000,-0.000046,0.000229
5.072000,-0.000046,0.000230
5.073000,-0.000046,0.000231
5.074000,-0.000045,0.000232
5.075000,-0.000045,0.000233
5.076000,-0.000045,0.000233
5.077000,-0.000046,0.000235
5.078000,-0.000046,0.000236
5.079000,-0.000045,0.000237
5.080000,-0.000045,0.000237
5.081000,-0.000045,0.000238
5.082000,-0.000045,0.000239
5.083000,-0.000045,0.000240
5.084000,-0.000045,0.000241
5.085000,-0.000044,0.000242
5.086000,-0.000044,0.000244
5.087000,-0.000044,0.000245
5.088000,-0.000044,0.000245
5.089000,-0.000044,0.000247
5.090000,-0.000044,0.000248
5.091000,-0.000044,0.000248
5.092000,-0.000043,0.000249
5.093000,-0.000042,0.000250
5.094000,-0.000042,0.000251
5.095000,-0.000043,0.000252
5.096000,-0.000044,0.000254
5.097000,-0.000044,0.000255
5.098000,-0.000044,0.000256
5.099000,-0.000044,0.000256
5.100000,-0.000043,0.000257
5.101000,-0.000044,0.000258
5.102000,-0.000043,0.000259
5.103000,-0.000043,0.000260
5.104000,-0.000042,0.000261
5.105000,-0.000043,0.000262
5.106000,-0.000042,0.000263
5.107000,-0.000042,0.000264
5.108000,-0.000042,0.000265
5.109000,-0.000042,0.000267
5.110000,-0.000042,0.000267
5.111000,-0.000042,0.000268
5.112000,-0.000042,0.000269
5.113000,-0.000042,0.000270
5.114000,-0.000043,0.000271
5.115000,-0.000043,0.000272
5.116000,-0.000042,0.000272
5.117000,-0.000042,0.000274
5.118000,-0.000041,0.000274
5.119000,-0.000041,0.000275
5.120000,-0.000041,0.000276
5.121000,-0.000041,0.000276
5.122000,-0.000040,0.000278
5.123000,-0.000040,0.000279
5.124000,-0.000040,0.000281
5.125000,-0.000040,0.000281
5.126000,-0.000041,0.000282
5.127000,-0.000041,0.000283
5.128000,-0.000041,0.000283
5.129000,-0.000040,0.000284
5.130000,-0.000040,0.000285
5.131000,-0.000039,0.000286
5.132000,-0.000038,0.000287
5.133000,-0.000037,0.000288
5.134000,-0.000037,0.000289
5.135000,-0.000037,0.000290
5.136000,-0.000037,0.000291
5.137000,-0.000037,0.000292
5.138000,-0.000038,0.000292
5.139000,-0.000038,0.000293
5.140000,-0.000037,0.000294
5.141000,-0.000037,0.000295
5.142000,-0.000037,0.000296
5.143000,-0.000037,0.000297
5.144000,-0.000036,0.000298
5.145000,-0.000037,0.000299
5.146000,-0.000036,0.000300
5.147000,-0.000036,0.000301
5.148000,-0.000036,0.000302
5.149000,-0.000035,0.000302
5.150000,-0.000035,0.000304
5.151000,-0.000035,0.000304
5.152000,-0.000035,0.000305
5.153000,-0.000036,0.000306
5.154000,-0.000036,0.000306
5.155000,-0.000036,0.000307
5.156000,-0.000037,0.000307
5.157000,-0.000036,0.000307
5.158000,-0.000036,0.000308
5.159000,-0.000036,0.000308
5.160000,-0.000036,0.000309
5.161000,-0.000037,0.000309
5.162000,-0.000036,0.000310
5.163000,-0.000037,0.000310
5.164000,-0.000037,0.000311
5.165000,-0.000036,0.000312
5.166000,-0.000036,0.000312
5.167000,-0.000037,0.000313
5.168000,-0.000036,0.000313
5.169000,-0.000035,0.000314
5.170000,-0.000036,0.000314
5.171000,-0.000035,0.000314
5.172000,-0.000035,0.000314
5.173000,-0.000035,0.000315
5.174000,-0.000036,0.000314
5.175000,-0.000036,0.000315
5.176000,-0.000036,0.000315
5.177000,-0.000036,0.000316
5.178000,-0.000036,0.000316
5.179000,-0.000037,0.000317
5.180000,-0.000038,0.000317
5.181000,-0.000037,0.000317
5.182000,-0.000037,0.000317
5.183000,-0.000037,0.000317
5.184000,-0.000037,0.000317
5.185000,-0.000037,0.000317
5.186000,-0.000037,0.000317
5.187000,-0.000038,0.000317
5.188000,-0.000038,0.000317
5.189000,-0.000037,0.000317
5.190000,-0.000038,0.000317
5.191000,-0.000038,0.000317
5.192000,-0.000039,0.000317
5.193000,-0.000040,0.000317
5.194000,-0.000039,0.000317
5.195000,-0.000039,0.000316
5.196000,-0.000038,0.000315
5.197000,-0.000038,0.000315
5.198000,-0.000038,0.000315
5.199000,-0.000037,0.000315
5.200000,-0.000037,0.000315
5.201000,-0.000036,0.000314
5.202000,-0.000036,0.000314
5.203000,-0.000037,0.000314
5.204000,-0.000038,0.000314
5.205000,-0.000037,0.000313
5.206000,-0.000037,0.000312
5.207000,-0.000037,0.000312
5.208000,-0.000036,0.000312
5.209000,-0.000037,0.000311
5.210000,-0.000037,0.000311
5.211000,-0.000037,0.000310
5.212000,-0.000036,0.000310
5.213000,-0.000036,0.000310
5.214000,-0.000036,0.000310
5.215000,-0.000036,0.000309
5.216000,-0.000037,0.000309
5.217000,-0.000038,0.000308
5.218000,-0.000038,0.000307
5.219000,-0.000038,0.000307
5.220000,-0.000038,0.000307
5.221000,-0.000038,0.000307
5.222000,-0.000038,0.000306
5.223000,-0.000039,0.000305
5.224000,-0.000038,0.000305
5.225000,-0.000038,0.000304
5.226000,-0.000038,0.000303
5.227000,-0.000038,0.000303
5.228000,-0.000038,0.000302
5.229000,-0.000038,0.000301
5.230000,-0.000039,0.000301
5.231000,-0.000040,0.000300
5.232000,-0.000040,0.000300
5.233000,-0.000041,0.000299
5.234000,-0.000041,0.000298
5.235000,-0.000042,0.000297
5.236000,-0.000042,0.000295
5.237000,-0.000041,0.000295
5.238000,-0.000041,0.000295
5.239000,-0.000041,0.000294
5.240000,-0.000042,0.000293
5.241000,-0.000041,0.000293
5.242000,-0.000041,0.000292
5.243000,-0.000041,0.000291
5.244000,-0.000042,0.000290
5.245000,-0.000043,0.000289
5.246000,-0.000044,0.000287
5.247000,-0.000045,0.000286
5.248000,-0.000045,0.000286
5.249000,-0.000046,0.000285
5.250000,-0.000047,0.000284
5.251000,-0.000048,0.000283
5.252000,-0.000048,0.000282
5.253000,-0.000048,0.000281
5.254000,-0.000048,0.000280
5.255000,-0.000048,0.000278
5.256000,-0.000048,0.000278
5.257000,-0.000048,0.000277
5.258000,-0.000048,0.000276
5.259000,-0.000049,0.000275
5.260000,-0.000049,0.000274
5.261000,-0.000049,0.000273
5.262000,-0.000050,0.000272
5.263000,-0.000051,0.000271
5.264000,-0.000051,0.000269
5.265000,-0.000052,0.000268
5.266000,-0.000053,0.000266
5.267000,-0.000053,0.000265
5.268000,-0.000053,0.000263
5.269000,-0.000053,0.000262
5.270000,-0.000054,0.000261
5.271000,-0.000054,0.000259
5.272000,-0.000054,0.000257
5.273000,-0.000054,0.000256
5.274000,-0.000054,0.000255
5.275000,-0.000053,0.000254
5.276000,-0.000053,0.000252
5.277000,-0.000053,0.000250
5.278000,-0.000054,0.000248
5.279000,-0.000054,0.000246
5.280000,-0.000054,0.000244
5.281000,-0.000055,0.000242
5.282000,-0.000055,0.000241
5.283000,-0.000054,0.000240
5.284000,-0.000054,0.000239
5.285000,-0.000054,0.000238
5.286000,-0.000055,0.000236
5.287000,-0.000055,0.000235
5.288000,-0.000055,0.000233
5.289000,-0.000056,0.000231
5.290000,-0.000056,0.000230
5.291000,-0.000056,0.000229
5.292000,-0.000057,0.000227
5.293000,-0.000056,0.000225
5.294000,-0.000057,0.000223
5.295000,-0.000057,0.000221
5.296000,-0.000058,0.000220
5.297000,-0.000059,0.000218
5.298000,-0.000059,0.000216
5.299000,-0.000060,0.000215
5.300000,-0.000060,0.000213
5.301000,-0.000061,0.000212
5.302000,-0.000061,0.000209
5.303000,-0.000061,0.000208
5.304000,-0.000061,0.000206
5.305000,-0.000062,0.000205
5.306000,-0.000062,0.000203
5.307000,-0.000062,0.000202
5.308000,-0.000063,0.000200
5.309000,-0.000064,0.000198
5.310000,-0.000064,0.000197
5.311000,-0.000064,0.000196
5.312000,-0.000064,0.000194
5.313000,-0.000064,0.000192
5.314000,-0.000064,0.000190
5.315000,-0.000065,0.000188
5.316000,-0.000066,0.000187
5.317000,-0.000065,0.000186
5.318000,-0.000066,0.000184
5.319000,-0.000066,0.000183
5.320000,-0.000067,0.000181
5.321000,-0.000067,0.000179
5.322000,-0.000067,0.000178
5.323000,-0.000067,0.000177
5.324000,-0.000068,0.000175
5.325000,-0.000068,0.000173
5.326000,-0.000068,0.000172
5.327000,-0.000068,0.000171
5.328000,-0.000068,0.000170
5.329000,-0.000069,0.000169
5.330000,-0.000069,0.000167
5.331000,-0.000069,0.000166
5.332000,-0.000070,0.000164
5.333000,-0.000070,0.000162
5.334000,-0.000071,0.000160
5.335000,-0.000071,0.000159
5.336000,-0.000071,0.000157
5.337000,-0.000071,0.000155
5.338000,-0.000071,0.000153
5.339000,-0.000072,0.000152
5.340000,-0.000072,0.000150
5.341000,-0.000072,0.000149
5.342000,-0.000073,0.000147
5.343000,-0.000073,0.000147
5.344000,-0.000073,0.000145
5.345000,-0.000073,0.000143
5.346000,-0.000073,0.000143
5.347000,-0.000073,0.000142
5.348000,-0.000073,0.000141
5.349000,-0.000073,0.000139
5.350000,-0.000073,0.000138
5.351000,-0.000072,0.000138
5.352000,-0.000072,0.000136
5.353000,-0.000072,0.000136
5.354000,-0.000072,0.000135
5.355000,-0.000072,0.000134
5.356000,-0.000072,0.000133
5.357000,-0.000073,0.000132
5.358000,-0.000072,0.000131
5.359000,-0.000072,0.000130
5.360000,-0.000072,0.000129
5.361000,-0.000072,0.000128
5.362000,-0.000072,0.000127
5.363000,-0.000072,0.000126
5.364000,-0.000073,0.000126
5.365000,-0.000073,0.000125
5.366000,-0.000072,0.000124
5.367000,-0.000073,0.000123
5.368000,-0.000073,0.000123
5.369000,-0.000074,0.000122
5.370000,-0.000073,0.000122
5.371000,-0.000073,0.000121
5.372000,-0.000074,0.000121
5.373000,-0.000074,0.000121
5.374000,-0.000074,0.000121
5.375000,-0.000075,0.000120
5.376000,-0.000075,0.000120
5.377000,-0.000075,0.000120
5.378000,-0.000075,0.000120
5.379000,-0.000075,0.000119
5.380000,-0.000075,0.000119
5.381000,-0.000075,0.000119
5.382000,-0.000075,0.000119
5.383000,-0.000076,0.000118
5.384000,-0.000076,0.000117
5.385000,-0.000076,0.000118
5.386000,-0.000075,0.000117
5.387000,-0.000075,0.000116
5.388000,-0.000076,0.000116
5.389000,-0.000075,0.000115
5.390000,-0.000075,0.000115
5.391000,-0.000075,0.000115
5.392000,-0.000075,0.000115
5.393000,-0.000075,0.000115
5.394000,-0.000075,0.000115
5.395000,-0.000075,0.000114
5.396000,-0.000074,0.000115
5.397000,-0.000074,0.000114
5.398000,-0.000074,0.000114
5.399000,-0.000074,0.000114
5.400000,-0.000074,0.000115
5.401000,-0.000074,0.000116
5.402000,-0.000074,0.000115
5.403000,-0.000074,0.000115
5.404000,-0.000074,0.000115
5.405000,-0.000074,0.000115
5.406000,-0.000074,0.000115
5.407000,-0.000074,0.000115
5.408000,-0.000074,0.000115
5.409000,-0.000075,0.000114
5.410000,-0.000075,0.000114
5.411000,-0.000075,0.000113
5.412000,-0.000075,0.000114
5.413000,-0.000075,0.000115
5.414000,-0.000075,0.000115
5.415000,-0.000075,0.000114
5.416000,-0.000075,0.000113
5.417000,-0.000076,0.000114
5.418000,-0.000076,0.000115
5.419000,-0.000075,0.000115
5.420000,-0.000075,0.000114
5.421000,-0.000075,0.000114
5.422000,-0.000075,0.000113
5.423000,-0.000075,0.000113
5.424000,-0.000075,0.000113
5.425000,-0.000075,0.000113
5.426000,-0.000075,0.000113
5.427000,-0.000075,0.000113
5.428000,-0.000076,0.000112
5.429000,-0.000075,0.000112
5.430000,-0.000076,0.000112
5.431000,-0.000076,0.000112
5.432000,-0.000075,0.000112
5.433000,-0.000076,0.000113
5.434000,-0.000075,0.000112
5.435000,-0.000075,0.000113
5.436000,-0.000076,0.000113
5.437000,-0.000076,0.000113
5.438000,-0.000076,0.000113
5.439000,-0.000076,0.000113
5.440000,-0.000076,0.000114
5.441000,-0.000076,0.000114
5.442000,-0.000076,0.000114
5.443000,-0.000077,0.000114
5.444000,-0.000076,0.000114
5.445000,-0.000077,0.000114
5.446000,-0.000077,0.000114
5.447000,-0.000077,0.000113
5.448000,-0.000076,0.000113
5.449000,-0.000076,0.000113
5.450000,-0.000076,0.000113
5.451000,-0.000076,0.000112
5.452000,-0.000076,0.000112
5.453000,-0.000076,0.000112
5.454000,-0.000077,0.000112
5.455000,-0.000077,0.000112
5.456000,-0.000077,0.000112
5.457000,-0.000077,0.000112
5.458000,-0.000077,0.000112
5.459000,-0.000078,0.000112
5.460000,-0.000077,0.000112
5.461000,-0.000077,0.000112
5.462000,-0.000077,0.000112
5.463000,-0.000077,0.000112
5.464000,-0.000077,0.000112
5.465000,-0.000077,0.000112
5.466000,-0.000077,0.000112
5.467000,-0.000077,0.000113
5.468000,-0.000076,0.000113
5.469000,-0.000076,0.000113
5.470000,-0.000076,0.000113
5.471000,-0.000076,0.000113
5.472000,-0.000076,0.000113
5.473000,-0.000077,0.000113
5.474000,-0.000076,0.000112
5.475000,-0.000076,0.000112
5.476000,-0.000077,0.000112
5.477000,-0.000077,0.000112
5.478000,-0.000077,0.000112
5.479000,-0.000076,0.000112
5.480000,-0.000076,0.000112
5.481000,-0.000076,0.000112
5.482000,-0.000076,0.000111
5.483000,-0.000076,0.000112
5.484000,-0.000076,0.000112
5.485000,-0.000076,0.000111
5.486000,-0.000076,0.000112
5.487000,-0.000077,0.000112
5.488000,-0.000077,0.000112
5.489000,-0.000077,0.000113
5.490000,-0.000077,0.000113
5.491000,-0.000077,0.000113
5.492000,-0.000077,0.000113
5.493000,-0.000077,0.000113
5.494000,-0.000077,0.000113
5.495000,-0.000077,0.000114
5.496000,-0.000078,0.000113
5.497000,-0.000078,0.000114
5.498000,-0.000079,0.000113
5.499000,-0.000078,0.000113
5.450000,-0.000076,0.000113
5.451000,-0.000076,0.000112
5.452000,-0.000076,0.000113
5.453000,-0.000076,0.000113
5.454000,-0.000076,0.000113
5.455000,-0.000076,0.000113
5.456000,-0.000076,0.000113
5.457000,-0.000075,0.000113
5.458000,-0.000076,0.000113
5.459000,-0.000076,0.000113
5.460000,-0.000077,0.000113
5.461000,-0.000077,0.000112
5.462000,-0.000077,0.000113
5.463000,-0.000077,0.000113
5.464000,-0.000077,0.000113
5.465000,-0.000076,0.000113
5.466000,-0.000077,0.000114
5.467000,-0.000077,0.000114
5.468000,-0.000076,0.000115
5.469000,-0.000076,0.000115
5.470000,-0.000076,0.000116
5.471000,-0.000076,0.000115
5.472000,-0.000075,0.000116
5.473000,-0.000076,0.000115
5.474000,-0.000076,0.000114
5.475000,-0.000076,0.000115
5.476000,-0.000076,0.000114
5.477000,-0.000076,0.000114
5.478000,-0.000077,0.000114
5.479000,-0.000077,0.000114
5.480000,-0.000076,0.000114
5.481000,-0.000076,0.000114
5.482000,-0.000076,0.000114
5.483000,-0.000076,0.000115
5.484000,-0.000075,0.000115
5.485000,-0.000076,0.000115
5.486000,-0.000076,0.000115
5.487000,-0.000076,0.000115
5.488000,-0.000076,0.000115
5.489000,-0.000076,0.000115
5.490000,-0.000076,0.000115
5.491000,-0.000076,0.000115
5.492000,-0.000076,0.000115
5.493000,-0.000076,0.000115
5.494000,-0.000076,0.000115
5.495000,-0.000076,0.000116
5.496000,-0.000076,0.000115
5.497000,-0.000076,0.000115
5.498000,-0.000076,0.000115
5.499000,-0.000076,0.000116
5.500000,-0.000076,0.000115
5.501000,-0.000077,0.000115
5.502000,-0.000077,0.000115
5.503000,-0.000077,0.000115
5.504000,-0.000077,0.000115
5.505000,-0.000076,0.000115
5.506000,-0.000076,0.000114
5.507000,-0.000076,0.000114
5.508000,-0.000076,0.000114
5.509000,-0.000076,0.000114
5.510000,-0.000075,0.000114
5.511000,-0.000076,0.000115
5.512000,-0.000076,0.000114
5.513000,-0.000076,0.000114
5.514000,-0.000076,0.000114
5.515000,-0.000076,0.000114
5.516000,-0.000076,0.000114
5.517000,-0.000076,0.000113
5.518000,-0.000075,0.000113
5.519000,-0.000075,0.000112
5.520000,-0.000075,0.000113
5.521000,-0.000075,0.000113
5.522000,-0.000075,0.000113
5.523000,-0.000075,0.000114
5.524000,-0.000075,0.000114
5.525000,-0.000076,0.000114
5.526000,-0.000076,0.000113
5.527000,-0.000076,0.000113
5.528000,-0.000076,0.000113
5.529000,-0.000076,0.000113
5.530000,-0.000076,0.000113
5.531000,-0.000076,0.000113
5.532000,-0.000076,0.000113
5.533000,-0.000076,0.000113
5.534000,-0.000076,0.000114
5.535000,-0.000076,0.000114
5.536000,-0.000076,0.000114
5.537000,-0.000075,0.000115
5.538000,-0.000075,0.000115
5.539000,-0.000075,0.000115
5.540000,-0.000075,0.000114
5.541000,-0.000076,0.000115
5.542000,-0.000077,0.000114
5.543000,-0.000076,0.000115
5.544000,-0.000077,0.000114
5.545000,-0.000076,0.000114
5.546000,-0.000077,0.000114
5.547000,-0.000076,0.000114
5.548000,-0.000076,0.000114
5.549000,-0.000076,0.000114
5.550000,-0.000076,0.000115
5.551000,-0.000076,0.000115
5.552000,-0.000076,0.000115
5.553000,-0.000076,0.000115
5.554000,-0.000076,0.000115
5.555000,-0.000076,0.000115
5.556000,-0.000076,0.000115
5.557000,-0.000077,0.000115
5.558000,-0.000077,0.000115
5.559000,-0.000077,0.000115
5.560000,-0.000077,0.000115
5.561000,-0.000077,0.000116
5.562000,-0.000077,0.000115
5.563000,-0.000076,0.000114
5.564000,-0.000076,0.000114
5.565000,-0.000077,0.000114
5.566000,-0.000076,0.000114
5.567000,-0.000076,0.000113
5.568000,-0.000076,0.000112
5.569000,-0.000076,0.000112
5.570000,-0.000076,0.000112
5.571000,-0.000076,0.000111
5.572000,-0.000076,0.000112
5.573000,-0.000076,0.000112
5.574000,-0.000076,0.000112
5.575000,-0.000076,0.000112
5.576000,-0.000076,0.000112
5.577000,-0.000076,0.000111
5.578000,-0.000076,0.000112
5.579000,-0.000077,0.000112
5.580000,-0.000077,0.000111
5.581000,-0.000077,0.000110
5.582000,-0.000077,0.000110
5.583000,-0.000077,0.000110
5.584000,-0.000077,0.000110
5.585000,-0.000077,0.000111
5.586000,-0.000077,0.000111
5.587000,-0.000077,0.000111
5.588000,-0.000077,0.000111
5.589000,-0.000077,0.000111
5.590000,-0.000077,0.000111
5.591000,-0.000078,0.000110
5.592000,-0.000078,0.000110
5.593000,-0.000078,0.000110
5.594000,-0.000078,0.000111
5.595000,-0.000078,0.000111
5.596000,-0.000078,0.000111
5.597000,-0.000078,0.000111
5.598000,-0.000078,0.000111
5.599000,-0.000079,0.000110
5.600000,-0.000078,0.000111
5.601000,-0.000078,0.000111
5.602000,-0.000078,0.000110
5.603000,-0.000078,0.000110
5.604000,-0.000078,0.000110
5.605000,-0.000079,0.000110
5.606000,-0.000079,0.000109
5.607000,-0.000079,0.000110
5.608000,-0.000078,0.000110
5.609000,-0.000078,0.000110
5.610000,-0.000078,0.000110
5.611000,-0.000078,0.000110
5.612000,-0.000078,0.000110
5.613000,-0.000078,0.000110
5.614000,-0.000078,0.000110
5.615000,-0.000077,0.000111
5.616000,-0.000077,0.000111
5.617000,-0.000078,0.000111
5.618000,-0.000078,0.000112
5.619000,-0.000079,0.000112
5.620000,-0.000079,0.000112
5.621000,-0.000078,0.000112
5.622000,-0.000078,0.000112
5.623000,-0.000079,0.000112
5.624000,-0.000079,0.000111
5.625000,-0.000079,0.000111
5.626000,-0.000079,0.000111
5.627000,-0.000079,0.000111
5.628000,-0.000079,0.000110
5.629000,-0.000078,0.000111
5.630000,-0.000079,0.000112
5.631000,-0.000079,0.000112
5.632000,-0.000078,0.000112
5.633000,-0.000079,0.000112
5.634000,-0.000078,0.000111
5.635000,-0.000078,0.000111
5.636000,-0.000078,0.000111
5.637000,-0.000078,0.000111
5.638000,-0.000078,0.000111
5.639000,-0.000078,0.000111
5.640000,-0.000078,0.000111
5.641000,-0.000078,0.000111
5.642000,-0.000077,0.000111
5.643000,-0.000078,0.000110
5.644000,-0.000078,0.000111
5.645000,-0.000078,0.000111
5.646000,-0.000077,0.000112
5.647000,-0.000078,0.000112
5.648000,-0.000078,0.000112
5.649000,-0.000078,0.000112
5.650000,-0.000077,0.000112
5.651000,-0.000077,0.000111
5.652000,-0.000077,0.000111
5.653000,-0.000078,0.000111
5.654000,-0.000078,0.000111
5.655000,-0.000077,0.000111
5.656000,-0.000077,0.000110
5.657000,-0.000077,0.000110
5.658000,-0.000077,0.000111
5.659000,-0.000077,0.000111
5.660000,-0.000077,0.000111
5.661000,-0.000077,0.000111
5.662000,-0.000077,0.000111
5.663000,-0.000077,0.000111
5.664000,-0.000077,0.000110
5.665000,-0.000077,0.000111
5.666000,-0.000077,0.000111
5.667000,-0.000077,0.000111
5.668000,-0.000077,0.000111
5.669000,-0.000078,0.000110
5.670000,-0.000078,0.000111
5.671000,-0.000078,0.000111
5.672000,-0.000078,0.000110
5.673000,-0.000079,0.000110
5.674000,-0.000078,0.000110
5.675000,-0.000078,0.000111
5.676000,-0.000078,0.000110
5.677000,-0.000078,0.000110
5.678000,-0.000078,0.000111
5.679000,-0.000077,0.000110
5.680000,-0.000077,0.000110
5.681000,-0.000077,0.000110
5.682000,-0.000078,0.000110
5.683000,-0.000077,0.000110
5.684000,-0.000078,0.000110
5.685000,-0.000078,0.000109
5.686000,-0.000078,0.000109
5.687000,-0.000078,0.000109
5.688000,-0.000078,0.000109
5.689000,-0.000077,0.000108
5.690000,-0.000077,0.000108
5.691000,-0.000077,0.000109
5.692000,-0.000077,0.000109
5.693000,-0.000077,0.000109
5.694000,-0.000077,0.000109
5.695000,-0.000076,0.000109
5.696000,-0.000076,0.000109
5.697000,-0.000077,0.000110
5.698000,-0.000077,0.000109
5.699000,-0.000077,0.000109
5.700000,-0.000077,0.000109
5.701000,-0.000077,0.000109
5.702000,-0.000077,0.000109
5.703000,-0.000077,0.000109
5.704000,-0.000076,0.000110
5.705000,-0.000076,0.000110
5.706000,-0.000075,0.000111
5.707000,-0.000075,0.000111
5.708000,-0.000075,0.000111
5.709000,-0.000076,0.000111
5.710000,-0.000076,0.000111
5.711000,-0.000076,0.000111
5.712000,-0.000076,0.000111
5.713000,-0.000076,0.000112
5.714000,-0.000076,0.000112
5.715000,-0.000077,0.000111
5.716000,-0.000077,0.000111
5.717000,-0.000077,0.000110
5.718000,-0.000076,0.000110
5.719000,-0.000076,0.000110
5.720000,-0.000076,0.000109
5.721000,-0.000076,0.000109
5.722000,-0.000077,0.000109
5.723000,-0.000077,0.000109
5.724000,-0.000077,0.000109
5.725000,-0.000077,0.000109
5.726000,-0.000076,0.000110
5.727000,-0.000076,0.000110
5.728000,-0.000076,0.000110
5.729000,-0.000076,0.000110
5.730000,-0.000076,0.000109
5.731000,-0.000076,0.000109
5.732000,-0.000075,0.000109
5.733000,-0.000075,0.000109
5.734000,-0.000075,0.000110
5.735000,-0.000075,0.000109
5.736000,-0.000075,0.000109
5.737000,-0.000076,0.000110
5.738000,-0.000076,0.000110
5.739000,-0.000077,0.000110
5.740000,-0.000077,0.000110
5.741000,-0.000077,0.000110
5.742000,-0.000077,0.000110
5.743000,-0.000077,0.000110
5.744000,-0.000077,0.000109
5.745000,-0.000077,0.000109
5.746000,-0.000077,0.000109
5.747000,-0.000077,0.000108
5.748000,-0.000077,0.000109
5.749000,-0.000078,0.000108
5.750000,-0.000078,0.000108
5.751000,-0.000078,0.000108
5.752000,-0.000078,0.000108
5.753000,-0.000078,0.000108
5.754000,-0.000078,0.000109
5.755000,-0.000078,0.000108
5.756000,-0.000079,0.000108
5.757000,-0.000078,0.000109
5.758000,-0.000079,0.000108
5.759000,-0.000078,0.000109
5.760000,-0.000079,0.000108
5.761000,-0.000078,0.000109
5.762000,-0.000079,0.000108
5.763000,-0.000078,0.000109
5.764000,-0.000079,0.000109
5.765000,-0.000079,0.000109
5.766000,-0.000079,0.000109
5.767000,-0.000079,0.000111
5.768000,-0.000078,0.000112
5.769000,-0.000078,0.000111
5.770000,-0.000078,0.000111
5.771000,-0.000078,0.000111
5.772000,-0.000078,0.000112
5.773000,-0.000078,0.000112
5.774000,-0.000079,0.000112
5.775000,-0.000079,0.000112
5.776000,-0.000078,0.000113
5.777000,-0.000078,0.000112
5.778000,-0.000078,0.000112
5.779000,-0.000078,0.000113
5.780000,-0.000078,0.000113
5.781000,-0.000077,0.000113
5.782000,-0.000077,0.000114
5.783000,-0.000077,0.000113
5.784000,-0.000077,0.000113
5.785000,-0.000077,0.000113
5.786000,-0.000077,0.000113
5.787000,-0.000077,0.000113
5.788000,-0.000077,0.000113
5.789000,-0.000078,0.000114
5.790000,-0.000078,0.000114
5.791000,-0.000078,0.000113
5.792000,-0.000078,0.000114
5.793000,-0.000078,0.000114
5.794000,-0.000078,0.000115
5.795000,-0.000078,0.000114
5.796000,-0.000078,0.000114
5.797000,-0.000079,0.000114
5.798000,-0.000079,0.000114
5.799000,-0.000078,0.000114
5.800000,-0.000078,0.000114
5.801000,-0.000078,0.000114
5.802000,-0.000078,0.000113
5.803000,-0.000078,0.000113
5.804000,-0.000078,0.000113
5.805000,-0.000078,0.000113
5.806000,-0.000078,0.000114
5.807000,-0.000078,0.000113
5.808000,-0.000078,0.000113
5.809000,-0.000078,0.000113
5.810000,-0.000078,0.000112
5.811000,-0.000079,0.000112
5.812000,-0.000078,0.000112
5.813000,-0.000078,0.000112
5.814000,-0.000078,0.000112
5.815000,-0.000077,0.000112
5.816000,-0.000078,0.000111
5.817000,-0.000078,0.000112
5.818000,-0.000078,0.000112
5.819000,-0.000078,0.000112
5.820000,-0.000077,0.000113
5.821000,-0.000077,0.000113
5.822000,-0.000077,0.000114
5.823000,-0.000077,0.000114
5.824000,-0.000077,0.000114
5.825000,-0.000077,0.000114
5.826000,-0.000077,0.000115
5.827000,-0.000077,0.000115
5.828000,-0.000076,0.000115
5.829000,-0.000077,0.000115
5.830000,-0.000077,0.000115
5.831000,-0.000077,0.000115
5.832000,-0.000077,0.000115
5.833000,-0.000077,0.000115
5.834000,-0.000078,0.000114
5.835000,-0.000077,0.000116
5.836000,-0.000077,0.000116
5.837000,-0.000077,0.000115
5.838000,-0.000076,0.000114
5.839000,-0.000076,0.000114
5.840000,-0.000076,0.000114
5.841000,-0.000076,0.000114
5.842000,-0.000076,0.000114
5.843000,-0.000076,0.000114
5.844000,-0.000076,0.000114
5.845000,-0.000076,0.000114
5.846000,-0.000076,0.000114
5.847000,-0.000076,0.000114
5.848000,-0.000076,0.000114
5.849000,-0.000075,0.000114
5.850000,-0.000075,0.000114
5.851000,-0.000075,0.000114
5.852000,-0.000075,0.000114
5.853000,-0.000075,0.000113
5.854000,-0.000074,0.000113
5.855000,-0.000074,0.000113
5.856000,-0.000075,0.000113
5.857000,-0.000075,0.000113
5.858000,-0.000075,0.000113
5.859000,-0.000075,0.000114
5.860000,-0.000075,0.000114
5.861000,-0.000075,0.000114
5.862000,-0.000075,0.000114
5.863000,-0.000075,0.000114
5.864000,-0.000074,0.000113
5.865000,-0.000074,0.000113
5.866000,-0.000074,0.000113
5.867000,-0.000074,0.000112
5.868000,-0.000073,0.000112
5.869000,-0.000073,0.000112
5.870000,-0.000073,0.000113
5.871000,-0.000073,0.000113
5.872000,-0.000073,0.000113
5.873000,-0.000073,0.000112
5.874000,-0.000073,0.000112
5.875000,-0.000073,0.000113
5.876000,-0.000073,0.000113
5.877000,-0.000073,0.000112
5.878000,-0.000074,0.000113
5.879000,-0.000073,0.000112
5.880000,-0.000073,0.000112
5.881000,-0.000073,0.000112
5.882000,-0.000074,0.000112
5.883000,-0.000073,0.000113
5.884000,-0.000074,0.000112
5.885000,-0.000074,0.000112
5.886000,-0.000074,0.000113
5.887000,-0.000074,0.000113
5.888000,-0.000074,0.000113
5.889000,-0.000074,0.000113
5.890000,-0.000074,0.000114
5.891000,-0.000073,0.000114
5.892000,-0.000073,0.000113
5.893000,-0.000073,0.000113
5.894000,-0.000073,0.000112
5.895000,-0.000073,0.000113
5.896000,-0.000073,0.000114
5.897000,-0.000073,0.000114
5.898000,-0.000073,0.000114
5.899000,-0.000073,0.000114
5.900000,-0.000073,0.000114
5.901000,-0.000073,0.000114
5.902000,-0.000073,0.000114
5.903000,-0.000074,0.000113
5.904000,-0.000074,0.000113
5.905000,-0.000074,0.000113
5.906000,-0.000074,0.000113
5.907000,-0.000075,0.000113
5.908000,-0.000075,0.000113
5.909000,-0.000075,0.000112
5.910000,-0.000074,0.000113
5.911000,-0.000075,0.000113
5.912000,-0.000075,0.000112
5.913000,-0.000075,0.000113
5.914000,-0.000075,0.000113
5.915000,-0.000075,0.000114
5.916000,-0.000074,0.000114
5.917000,-0.000074,0.000114
5.918000,-0.000075,0.000113
5.919000,-0.000075,0.000114
5.920000,-0.000075,0.000113
5.921000,-0.000074,0.000114
5.922000,-0.000074,0.000113
5.923000,-0.000074,0.000113
5.924000,-0.000075,0.000113
5.925000,-0.000075,0.000112
5.926000,-0.000075,0.000112
5.927000,-0.000075,0.000112
5.928000,-0.000076,0.000111
5.929000,-0.000076,0.000111
5.930000,-0.000075,0.000110
5.931000,-0.000075,0.000111
5.932000,-0.000074,0.000111
5.933000,-0.000074,0.000112
5.934000,-0.000074,0.000112
5.935000,-0.000074,0.000111
5.936000,-0.000074,0.000111
5.937000,-0.000074,0.000111
5.938000,-0.000074,0.000111
5.939000,-0.000074,0.000112
5.940000,-0.000074,0.000112
5.941000,-0.000074,0.000112
5.942000,-0.000074,0.000112
5.943000,-0.000074,0.000112
5.944000,-0.000074,0.000113
5.945000,-0.000074,0.000113
5.946000,-0.000075,0.000113
5.947000,-0.000074,0.000113
5.948000,-0.000075,0.000113
5.949000,-0.000074,0.000114
5.950000,-0.000074,0.000113
5.951000,-0.000074,0.000114
5.952000,-0.000075,0.000114
5.953000,-0.000075,0.000114
5.954000,-0.000075,0.000115
5.955000,-0.000075,0.000114
5.956000,-0.000074,0.000114
5.957000,-0.000074,0.000114
5.958000,-0.000074,0.000114
5.959000,-0.000074,0.000113
5.960000,-0.000074,0.000113
5.961000,-0.000074,0.000113
5.962000,-0.000074,0.000113
5.963000,-0.000074,0.000113
5.964000,-0.000074,0.000114
5.965000,-0.000074,0.000114
5.966000,-0.000074,0.000114
5.967000,-0.000075,0.000114
5.968000,-0.000075,0.000114
5.969000,-0.000076,0.000114
5.970000,-0.000076,0.000113
5.971000,-0.000076,0.000113
5.972000,-0.000076,0.000113
5.973000,-0.000076,0.000113
5.974000,-0.000075,0.000113
5.975000,-0.000075,0.000113
5.976000,-0.000075,0.000113
5.977000,-0.000075,0.000114
5.978000,-0.000075,0.000114
5.979000,-0.000075,0.000114
5.980000,-0.000075,0.000114
5.981000,-0.000075,0.000115
5.982000,-0.000075,0.000114
5.983000,-0.000075,0.000114
5.984000,-0.000075,0.000114
5.985000,-0.000075,0.000115
5.986000,-0.000074,0.000114
5.987000,-0.000074,0.000114
5.988000,-0.000074,0.000114
5.989000,-0.000074,0.000114
5.990000,-0.000074,0.000114
5.991000,-0.000074,0.000114
5.992000,-0.000074,0.000114
5.993000,-0.000075,0.000114
5.994000,-0.000076,0.000114
5.995000,-0.000076,0.000113
5.996000,-0.000076,0.000112
5.997000,-0.000076,0.000111
5.998000,-0.000075,0.000111
5.999000,-0.000075,0.000112
5.950000,-0.000074,0.000113
5.951000,-0.000074,0.000114
5.952000,-0.000075,0.000114
5.953000,-0.000074,0.000114
5.954000,-0.000075,0.000115
5.955000,-0.000075,0.000114
5.956000,-0.000075,0.000114
5.957000,-0.000074,0.000114
5.958000,-0.000074,0.000114
5.959000,-0.000074,0.000113
5.960000,-0.000074,0.000113
5.961000,-0.000074,0.000113
5.962000,-0.000073,0.000114
5.963000,-0.000073,0.000114
5.964000,-0.000074,0.000114
5.965000,-0.000074,0.000114
5.966000,-0.000074,0.000114
5.967000,-0.000074,0.000114
5.968000,-0.000074,0.000114
5.969000,-0.000075,0.000114
5.970000,-0.000075,0.000114
5.971000,-0.000075,0.000114
5.972000,-0.000075,0.000114
5.973000,-0.000075,0.000113
5.974000,-0.000075,0.000113
5.975000,-0.000075,0.000112
5.976000,-0.000075,0.000112
5.977000,-0.000074,0.000113
5.978000,-0.000074,0.000113
5.979000,-0.000074,0.000113
5.980000,-0.000074,0.000113
5.981000,-0.000075,0.000113
5.982000,-0.000074,0.000113
5.983000,-0.000074,0.000113
5.984000,-0.000074,0.000113
5.985000,-0.000075,0.000113
5.986000,-0.000075,0.000112
5.987000,-0.000075,0.000113
5.988000,-0.000075,0.000112
5.989000,-0.000075,0.000112
5.990000,-0.000075,0.000112
5.991000,-0.000075,0.000112
5.992000,-0.000075,0.000112
5.993000,-0.000076,0.000112
5.994000,-0.000076,0.000112
5.995000,-0.000076,0.000111
5.996000,-0.000076,0.000111
5.997000,-0.000076,0.000110
5.998000,-0.000075,0.000111
5.999000,-0.000075,0.000111
6.000000,-0.000076,0.000110
6.001000,-0.000076,0.000110
6.002000,-0.000075,0.000110
6.003000,-0.000075,0.000111
6.004000,-0.000075,0.000112
6.005000,-0.000074,0.000112
6.006000,-0.000074,0.000112
6.007000,-0.000074,0.000111
6.008000,-0.000074,0.000112
6.009000,-0.000075,0.000113
6.010000,-0.000074,0.000112
6.011000,-0.000074,0.000113
6.012000,-0.000074,0.000112
6.013000,-0.000074,0.000112
6.014000,-0.000074,0.000112
6.015000,-0.000074,0.000111
6.016000,-0.000074,0.000111
6.017000,-0.000074,0.000111
6.018000,-0.000074,0.000111
6.019000,-0.000074,0.000111
6.020000,-0.000075,0.000111
6.021000,-0.000075,0.000111
6.022000,-0.000075,0.000111
6.023000,-0.000075,0.000111
6.024000,-0.000075,0.000112
6.025000,-0.000075,0.000112
6.026000,-0.000075,0.000111
6.027000,-0.000074,0.000111
6.028000,-0.000074,0.000112
6.029000,-0.000074,0.000112
6.030000,-0.000074,0.000113
6.031000,-0.000074,0.000113
6.032000,-0.000074,0.000113
6.033000,-0.000074,0.000112
6.034000,-0.000074,0.000112
6.035000,-0.000075,0.000112
6.036000,-0.000075,0.000113
6.037000,-0.000076,0.000113
6.038000,-0.000075,0.000113
6.039000,-0.000076,0.000112
6.040000,-0.000076,0.000112
6.041000,-0.000076,0.000111
6.042000,-0.000076,0.000110
6.043000,-0.000076,0.000110
6.044000,-0.000076,0.000110
6.045000,-0.000075,0.000110
6.046000,-0.000075,0.000110
6.047000,-0.000075,0.000110
6.048000,-0.000075,0.000110
6.049000,-0.000075,0.000109
6.050000,-0.000075,0.000109
6.051000,-0.000075,0.000108
6.052000,-0.000076,0.000109
6.053000,-0.000076,0.000109
6.054000,-0.000076,0.000109
6.055000,-0.000076,0.000109
6.056000,-0.000076,0.000110
6.057000,-0.000076,0.000109
6.058000,-0.000076,0.000110
6.059000,-0.000076,0.000110
6.060000,-0.000076,0.000109
6.061000,-0.000076,0.000109
6.062000,-0.000077,0.000109
6.063000,-0.000077,0.000109
6.064000,-0.000077,0.000109
6.065000,-0.000076,0.000109
6.066000,-0.000076,0.000109
6.067000,-0.000076,0.000109
6.068000,-0.000077,0.000109
6.069000,-0.000077,0.000109
6.070000,-0.000077,0.000109
6.071000,-0.000077,0.000109
6.072000,-0.000077,0.000109
6.073000,-0.000076,0.000110
6.074000,-0.000077,0.000110
6.075000,-0.000077,0.000110
6.076000,-0.000077,0.000111
6.077000,-0.000078,0.000111
6.078000,-0.000077,0.000111
6.079000,-0.000077,0.000112
6.080000,-0.000077,0.000112
6.081000,-0.000077,0.000113
6.082000,-0.000078,0.000112
6.083000,-0.000078,0.000112
6.084000,-0.000078,0.000112
6.085000,-0.000077,0.000112
6.086000,-0.000077,0.000112
6.087000,-0.000077,0.000111
6.088000,-0.000077,0.000111
6.089000,-0.000077,0.000112
6.090000,-0.000077,0.000112
6.091000,-0.000077,0.000112
6.092000,-0.000077,0.000112
6.093000,-0.000076,0.000112
6.094000,-0.000076,0.000113
6.095000,-0.000076,0.000113
6.096000,-0.000077,0.000112
6.097000,-0.000077,0.000113
6.098000,-0.000077,0.000112
6.099000,-0.000076,0.000113
6.100000,-0.000076,0.000114
6.101000,-0.000076,0.000114
6.102000,-0.000076,0.000114
6.103000,-0.000076,0.000114
6.104000,-0.000076,0.000114
6.105000,-0.000077,0.000114
6.106000,-0.000077,0.000114
6.107000,-0.000077,0.000115
6.108000,-0.000077,0.000114
6.109000,-0.000077,0.000113
6.110000,-0.000077,0.000113
6.111000,-0.000077,0.000114
6.112000,-0.000077,0.000114
6.113000,-0.000077,0.000114
6.114000,-0.000077,0.000114
6.115000,-0.000077,0.000114
6.116000,-0.000077,0.000115
6.117000,-0.000076,0.000115
6.118000,-0.000076,0.000115
6.119000,-0.000076,0.000115
6.120000,-0.000076,0.000116
6.121000,-0.000077,0.000115
6.122000,-0.000077,0.000115
6.123000,-0.000077,0.000115
6.124000,-0.000077,0.000115
6.125000,-0.000077,0.000114
6.126000,-0.000077,0.000114
6.127000,-0.000078,0.000115
6.128000,-0.000078,0.000114
6.129000,-0.000077,0.000114
6.130000,-0.000077,0.000114
6.131000,-0.000077,0.000114
6.132000,-0.000077,0.000113
6.133000,-0.000077,0.000114
6.134000,-0.000077,0.000114
6.135000,-0.000077,0.000114
6.136000,-0.000077,0.000113
6.137000,-0.000077,0.000113
6.138000,-0.000077,0.000113
6.139000,-0.000077,0.000114
6.140000,-0.000077,0.000115
6.141000,-0.000077,0.000115
6.142000,-0.000077,0.000115
6.143000,-0.000077,0.000115
6.144000,-0.000077,0.000115
6.145000,-0.000077,0.000115
6.146000,-0.000077,0.000115
6.147000,-0.000077,0.000115
6.148000,-0.000077,0.000115
6.149000,-0.000077,0.000116
6.150000,-0.000077,0.000116
6.151000,-0.000076,0.000116
6.152000,-0.000076,0.000116
6.153000,-0.000076,0.000116
6.154000,-0.000076,0.000116
6.155000,-0.000077,0.000116
6.156000,-0.000077,0.000116
6.157000,-0.000077,0.000115
6.158000,-0.000077,0.000115
6.159000,-0.000076,0.000115
6.160000,-0.000076,0.000115
6.161000,-0.000076,0.000115
6.162000,-0.000076,0.000115
6.163000,-0.000076,0.000115
6.164000,-0.000076,0.000115
6.165000,-0.000077,0.000114
6.166000,-0.000077,0.000115
6.167000,-0.000077,0.000114
6.168000,-0.000076,0.000115
6.169000,-0.000076,0.000114
6.170000,-0.000075,0.000115
6.171000,-0.000076,0.000114
6.172000,-0.000076,0.000115
6.173000,-0.000076,0.000114
6.174000,-0.000076,0.000114
6.175000,-0.000075,0.000114
6.176000,-0.000075,0.000114
6.177000,-0.000075,0.000113
6.178000,-0.000075,0.000113
6.179000,-0.000075,0.000113
6.180000,-0.000075,0.000113
6.181000,-0.000075,0.000112
6.182000,-0.000075,0.000112
6.183000,-0.000074,0.000112
6.184000,-0.000075,0.000112
6.185000,-0.000075,0.000112
6.186000,-0.000075,0.000112
6.187000,-0.000075,0.000112
6.188000,-0.000075,0.000113
6.189000,-0.000074,0.000112
6.190000,-0.000074,0.000112
6.191000,-0.000074,0.000113
6.192000,-0.000075,0.000112
6.193000,-0.000074,0.000112
6.194000,-0.000074,0.000112
6.195000,-0.000074,0.000112
6.196000,-0.000075,0.000112
6.197000,-0.000075,0.000112
6.198000,-0.000075,0.000112
6.199000,-0.000075,0.000112
6.200000,-0.000075,0.000111
6.201000,-0.000075,0.000111
6.202000,-0.000075,0.000111
6.203000,-0.000075,0.000111
6.204000,-0.000075,0.000110
6.205000,-0.000074,0.000110
6.206000,-0.000074,0.000109
6.207000,-0.000075,0.000109
6.208000,-0.000074,0.000109
6.209000,-0.000075,0.000109
6.210000,-0.000075,0.000109
6.211000,-0.000075,0.000109
6.212000,-0.000075,0.000109
6.213000,-0.000075,0.000109
6.214000,-0.000075,0.000109
6.215000,-0.000075,0.000109
6.216000,-0.000075,0.000108
6.217000,-0.000075,0.000108
6.218000,-0.000076,0.000107
6.219000,-0.000076,0.000107
6.220000,-0.000075,0.000107
6.221000,-0.000075,0.000107
6.222000,-0.000075,0.000108
6.223000,-0.000075,0.000107
6.224000,-0.000074,0.000107
6.225000,-0.000075,0.000107
6.226000,-0.000075,0.000107
6.227000,-0.000075,0.000107
6.228000,-0.000075,0.000106
6.229000,-0.000075,0.000106
6.230000,-0.000075,0.000106
6.231000,-0.000075,0.000106
6.232000,-0.000075,0.000106
6.233000,-0.000076,0.000106
6.234000,-0.000075,0.000106
6.235000,-0.000075,0.000106
6.236000,-0.000075,0.000106
6.237000,-0.000075,0.000106
6.238000,-0.000075,0.000107
6.239000,-0.000075,0.000107
6.240000,-0.000075,0.000106
6.241000,-0.000075,0.000106
6.242000,-0.000075,0.000107
6.243000,-0.000075,0.000107
6.244000,-0.000075,0.000108
6.245000,-0.000074,0.000107
6.246000,-0.000075,0.000108
6.247000,-0.000075,0.000108
6.248000,-0.000074,0.000107
6.249000,-0.000074,0.000107
6.250000,-0.000074,0.000107
6.251000,-0.000075,0.000108
6.252000,-0.000075,0.000107
6.253000,-0.000075,0.000107
6.254000,-0.000075,0.000107
6.255000,-0.000074,0.000107
6.256000,-0.000075,0.000107
6.257000,-0.000075,0.000107
6.258000,-0.000075,0.000107
6.259000,-0.000075,0.000108
6.260000,-0.000075,0.000108
6.261000,-0.000076,0.000108
6.262000,-0.000075,0.000108
6.263000,-0.000075,0.000108
6.264000,-0.000075,0.000108
6.265000,-0.000075,0.000108
6.266000,-0.000075,0.000108
6.267000,-0.000075,0.000109
6.268000,-0.000075,0.000108
6.269000,-0.000075,0.000108
6.270000,-0.000075,0.000108
6.271000,-0.000076,0.000109
6.272000,-0.000075,0.000109
6.273000,-0.000075,0.000109
6.274000,-0.000075,0.000109
6.275000,-0.000076,0.000109
6.276000,-0.000075,0.000109
6.277000,-0.000075,0.000109
6.278000,-0.000075,0.000109
6.279000,-0.000075,0.000109
6.280000,-0.000075,0.000109
6.281000,-0.000075,0.000109
6.282000,-0.000075,0.000109
6.283000,-0.000075,0.000110
6.284000,-0.000076,0.000110
6.285000,-0.000075,0.000111
6.286000,-0.000076,0.000110
6.287000,-0.000075,0.000110
6.288000,-0.000074,0.000110
6.289000,-0.000075,0.000110
6.290000,-0.000075,0.000110
6.291000,-0.000075,0.000109
6.292000,-0.000075,0.000109
6.293000,-0.000075,0.000109
6.294000,-0.000075,0.000109
6.295000,-0.000075,0.000109
6.296000,-0.000075,0.000110
6.297000,-0.000075,0.000110
6.298000,-0.000074,0.000109
6.299000,-0.000074,0.000110
6.300000,-0.000075,0.000110
6.301000,-0.000075,0.000109
6.302000,-0.000075,0.000109
6.303000,-0.000075,0.000109
6.304000,-0.000075,0.000110
6.305000,-0.000075,0.000110
6.306000,-0.000076,0.000111
6.307000,-0.000076,0.000111
6.308000,-0.000076,0.000110
6.309000,-0.000076,0.000110
6.310000,-0.000076,0.000110
6.311000,-0.000076,0.000110
6.312000,-0.000075,0.000111
6.313000,-0.000075,0.000110
6.314000,-0.000076,0.000111
6.315000,-0.000076,0.000110
6.316000,-0.000076,0.000111
6.317000,-0.000076,0.000110
6.318000,-0.000075,0.000111
6.319000,-0.000076,0.000111
6.320000,-0.000077,0.000110
6.321000,-0.000077,0.000110
6.322000,-0.000077,0.000110
6.323000,-0.000076,0.000110
6.324000,-0.000077,0.000110
6.325000,-0.000077,0.000110
6.326000,-0.000076,0.000111
6.327000,-0.000077,0.000111
6.328000,-0.000077,0.000112
6.329000,-0.000077,0.000113
6.330000,-0.000078,0.000112
6.331000,-0.000078,0.000113
6.332000,-0.000078,0.000113
6.333000,-0.000077,0.000113
6.334000,-0.000078,0.000113
6.335000,-0.000078,0.000113
6.336000,-0.000078,0.000112
6.337000,-0.000078,0.000113
6.338000,-0.000078,0.000112
6.339000,-0.000078,0.000112
6.340000,-0.000078,0.000112
6.341000,-0.000077,0.000112
6.342000,-0.000077,0.000113
6.343000,-0.000077,0.000112
6.344000,-0.000077,0.000112
6.345000,-0.000077,0.000112
6.346000,-0.000076,0.000112
6.347000,-0.000076,0.000112
6.348000,-0.000076,0.000112
6.349000,-0.000076,0.000112
6.350000,-0.000077,0.000113
6.351000,-0.000076,0.000112
6.352000,-0.000076,0.000112
6.353000,-0.000076,0.000113
6.354000,-0.000076,0.000113
6.355000,-0.000076,0.000113
6.356000,-0.000076,0.000112
6.357000,-0.000075,0.000111
6.358000,-0.000076,0.000111
6.359000,-0.000076,0.000111
6.360000,-0.000076,0.000111
6.361000,-0.000076,0.000112
6.362000,-0.000076,0.000112
6.363000,-0.000076,0.000112
6.364000,-0.000076,0.000113
6.365000,-0.000076,0.000112
6.366000,-0.000076,0.000111
6.367000,-0.000076,0.000111
6.368000,-0.000076,0.000111
6.369000,-0.000076,0.000112
6.370000,-0.000076,0.000112
6.371000,-0.000076,0.000111
6.372000,-0.000076,0.000111
6.373000,-0.000076,0.000111
6.374000,-0.000076,0.000112
6.375000,-0.000076,0.000112
6.376000,-0.000077,0.000112
6.377000,-0.000076,0.000112
6.378000,-0.000076,0.000112
6.379000,-0.000076,0.000112
6.380000,-0.000076,0.000113
6.381000,-0.000076,0.000113
6.382000,-0.000075,0.000113
6.383000,-0.000076,0.000113
6.384000,-0.000075,0.000113
6.385000,-0.000075,0.000113
6.386000,-0.000076,0.000113
6.387000,-0.000076,0.000113
6.388000,-0.000076,0.000113
6.389000,-0.000076,0.000114
6.390000,-0.000077,0.000113
6.391000,-0.000077,0.000114
6.392000,-0.000078,0.000114
6.393000,-0.000078,0.000114
6.394000,-0.000078,0.000114
6.395000,-0.000078,0.000113
6.396000,-0.000078,0.000113
6.397000,-0.000077,0.000113
6.398000,-0.000077,0.000114
6.399000,-0.000077,0.000114
6.400000,-0.000077,0.000114
6.401000,-0.000076,0.000114
6.402000,-0.000076,0.000114
6.403000,-0.000076,0.000114
6.404000,-0.000076,0.000114
6.405000,-0.000076,0.000113
6.406000,-0.000076,0.000112
6.407000,-0.000076,0.000112
6.408000,-0.000075,0.000113
6.409000,-0.000075,0.000113
6.410000,-0.000075,0.000113
6.411000,-0.000075,0.000113
6.412000,-0.000075,0.000112
6.413000,-0.000075,0.000112
6.414000,-0.000075,0.000112
6.415000,-0.000075,0.000112
6.416000,-0.000075,0.000112
6.417000,-0.000075,0.000112
6.418000,-0.000076,0.000112
6.419000,-0.000076,0.000112
6.420000,-0.000075,0.000112
6.421000,-0.000074,0.000112
6.422000,-0.000074,0.000113
6.423000,-0.000074,0.000113
6.424000,-0.000075,0.000114
6.425000,-0.000075,0.000113
6.426000,-0.000075,0.000113
6.427000,-0.000075,0.000113
6.428000,-0.000074,0.000113
6.429000,-0.000074,0.000113
6.430000,-0.000074,0.000113
6.431000,-0.000074,0.000112
6.432000,-0.000074,0.000112
6.433000,-0.000074,0.000112
6.434000,-0.000074,0.000112
6.435000,-0.000073,0.000112
6.436000,-0.000073,0.000113
6.437000,-0.000074,0.000112
6.438000,-0.000074,0.000113
6.439000,-0.000074,0.000113
6.440000,-0.000074,0.000113
6.441000,-0.000075,0.000113
6.442000,-0.000074,0.000113
6.443000,-0.000075,0.000113
6.444000,-0.000074,0.000113
6.445000,-0.000075,0.000113
6.446000,-0.000075,0.000113
6.447000,-0.000075,0.000113
6.448000,-0.000075,0.000112
6.449000,-0.000075,0.000112
6.450000,-0.000075,0.000111
6.451000,-0.000075,0.000111
6.452000,-0.000075,0.000111
6.453000,-0.000075,0.000111
6.454000,-0.000075,0.000111
6.455000,-0.000075,0.000111
6.456000,-0.000075,0.000112
6.457000,-0.000075,0.000112
6.458000,-0.000074,0.000113
6.459000,-0.000075,0.000112
6.460000,-0.000075,0.000112
6.461000,-0.000074,0.000112
6.462000,-0.000075,0.000112
6.463000,-0.000074,0.000112
6.464000,-0.000075,0.000111
6.465000,-0.000075,0.000112
6.466000,-0.000075,0.000113
6.467000,-0.000075,0.000112
6.468000,-0.000075,0.000112
6.469000,-0.000075,0.000111
6.470000,-0.000075,0.000111
6.471000,-0.000075,0.000112
6.472000,-0.000074,0.000112
6.473000,-0.000074,0.000112
6.474000,-0.000074,0.000112
6.475000,-0.000074,0.000111
6.476000,-0.000074,0.000112
6.477000,-0.000074,0.000112
6.478000,-0.000074,0.000112
6.479000,-0.000075,0.000112
6.480000,-0.000075,0.000111
6.481000,-0.000075,0.000110
6.482000,-0.000076,0.000110
6.483000,-0.000076,0.000110
6.484000,-0.000075,0.000110
6.485000,-0.000074,0.000109
6.486000,-0.000074,0.000109
6.487000,-0.000074,0.000109
6.488000,-0.000074,0.000108
6.489000,-0.000074,0.000108
6.490000,-0.000073,0.000108
6.491000,-0.000073,0.000109
6.492000,-0.000073,0.000108
6.493000,-0.000072,0.000108
6.494000,-0.000073,0.000108
6.495000,-0.000073,0.000109
6.496000,-0.000072,0.000109
6.497000,-0.000073,0.000108
6.498000,-0.000072,0.000108
6.499000,-0.000074,0.000107
6.450000,-0.000075,0.000111
6.451000,-0.000075,0.000112
6.452000,-0.000075,0.000112
6.453000,-0.000075,0.000112
6.454000,-0.000075,0.000112
6.455000,-0.000075,0.000112
6.456000,-0.000075,0.000113
6.457000,-0.000075,0.000114
6.458000,-0.000075,0.000114
6.459000,-0.000075,0.000114
6.460000,-0.000075,0.000114
6.461000,-0.000075,0.000114
6.462000,-0.000075,0.000113
6.463000,-0.000074,0.000114
6.464000,-0.000074,0.000113
6.465000,-0.000074,0.000114
6.466000,-0.000074,0.000114
6.467000,-0.000074,0.000114
6.468000,-0.000075,0.000115
6.469000,-0.000075,0.000114
6.470000,-0.000075,0.000114
6.471000,-0.000075,0.000114
6.472000,-0.000075,0.000114
6.473000,-0.000075,0.000114
6.474000,-0.000075,0.000113
6.475000,-0.000075,0.000113
6.476000,-0.000075,0.000113
6.477000,-0.000075,0.000113
6.478000,-0.000075,0.000113
6.479000,-0.000075,0.000113
6.480000,-0.000075,0.000114
6.481000,-0.000075,0.000114
6.482000,-0.000075,0.000114
6.483000,-0.000074,0.000114
6.484000,-0.000074,0.000113
6.485000,-0.000074,0.000113
6.486000,-0.000074,0.000113
6.487000,-0.000075,0.000112
6.488000,-0.000075,0.000112
6.489000,-0.000074,0.000112
6.490000,-0.000074,0.000112
6.491000,-0.000073,0.000112
6.492000,-0.000073,0.000112
6.493000,-0.000073,0.000112
6.494000,-0.000073,0.000112
6.495000,-0.000074,0.000113
6.496000,-0.000073,0.000113
6.497000,-0.000073,0.000112
6.498000,-0.000073,0.000112
6.499000,-0.000073,0.000112
6.500000,-0.000074,0.000112
6.501000,-0.000074,0.000112
6.502000,-0.000074,0.000112
6.503000,-0.000074,0.000112
6.504000,-0.000074,0.000113
6.505000,-0.000075,0.000113
6.506000,-0.000075,0.000113
6.507000,-0.000074,0.000114
6.508000,-0.000074,0.000114
6.509000,-0.000074,0.000113
6.510000,-0.000075,0.000114
6.511000,-0.000074,0.000114
6.512000,-0.000074,0.000115
6.513000,-0.000074,0.000115
6.514000,-0.000074,0.000115
6.515000,-0.000074,0.000115
6.516000,-0.000074,0.000115
6.517000,-0.000074,0.000115
6.518000,-0.000074,0.000115
6.519000,-0.000074,0.000115
6.520000,-0.000074,0.000115
6.521000,-0.000075,0.000115
6.522000,-0.000075,0.000115
6.523000,-0.000074,0.000114
6.524000,-0.000074,0.000115
6.525000,-0.000074,0.000115
6.526000,-0.000075,0.000115
6.527000,-0.000074,0.000115
6.528000,-0.000074,0.000115
6.529000,-0.000074,0.000115
6.530000,-0.000074,0.000115
6.531000,-0.000073,0.000115
6.532000,-0.000073,0.000115
6.533000,-0.000073,0.000114
6.534000,-0.000073,0.000115
6.535000,-0.000074,0.000115
6.536000,-0.000074,0.000115
6.537000,-0.000073,0.000115
6.538000,-0.000073,0.000115
6.539000,-0.000073,0.000115
6.540000,-0.000073,0.000114
6.541000,-0.000072,0.000114
6.542000,-0.000072,0.000114
6.543000,-0.000072,0.000115
6.544000,-0.000073,0.000115
6.545000,-0.000073,0.000115
6.546000,-0.000073,0.000115
6.547000,-0.000073,0.000116
6.548000,-0.000073,0.000116
6.549000,-0.000072,0.000116
6.550000,-0.000072,0.000116
6.551000,-0.000072,0.000116
6.552000,-0.000073,0.000115
6.553000,-0.000072,0.000115
6.554000,-0.000072,0.000115
6.555000,-0.000072,0.000115
6.556000,-0.000072,0.000115
6.557000,-0.000072,0.000115
6.558000,-0.000072,0.000115
6.559000,-0.000072,0.000115
6.560000,-0.000072,0.000115
6.561000,-0.000071,0.000115
6.562000,-0.000071,0.000114
6.563000,-0.000071,0.000114
6.564000,-0.000072,0.000114
6.565000,-0.000072,0.000114
6.566000,-0.000072,0.000114
6.567000,-0.000072,0.000114
6.568000,-0.000072,0.000113
6.569000,-0.000071,0.000113
6.570000,-0.000071,0.000114
6.571000,-0.000071,0.000114
6.572000,-0.000071,0.000113
6.573000,-0.000071,0.000114
6.574000,-0.000071,0.000115
6.575000,-0.000071,0.000114
6.576000,-0.000071,0.000114
6.577000,-0.000071,0.000114
6.578000,-0.000071,0.000115
6.579000,-0.000071,0.000114
6.580000,-0.000072,0.000114
6.581000,-0.000072,0.000113
6.582000,-0.000072,0.000114
6.583000,-0.000073,0.000113
6.584000,-0.000072,0.000113
6.585000,-0.000072,0.000114
6.586000,-0.000072,0.000114
6.587000,-0.000072,0.000114
6.588000,-0.000072,0.000115
6.589000,-0.000072,0.000115
6.590000,-0.000072,0.000115
6.591000,-0.000072,0.000115
6.592000,-0.000072,0.000115
6.593000,-0.000072,0.000115
6.594000,-0.000071,0.000115
6.595000,-0.000071,0.000114
6.596000,-0.000072,0.000114
6.597000,-0.000073,0.000114
6.598000,-0.000072,0.000114
6.599000,-0.000072,0.000115
6.600000,-0.000072,0.000114
6.601000,-0.000072,0.000115
6.602000,-0.000072,0.000114
6.603000,-0.000072,0.000114
6.604000,-0.000072,0.000114
6.605000,-0.000072,0.000114
6.606000,-0.000071,0.000114
6.607000,-0.000072,0.000113
6.608000,-0.000072,0.000113
6.609000,-0.000072,0.000113
6.610000,-0.000072,0.000113
6.611000,-0.000072,0.000114
6.612000,-0.000073,0.000113
6.613000,-0.000073,0.000114
6.614000,-0.000073,0.000113
6.615000,-0.000073,0.000113
6.616000,-0.000073,0.000114
6.617000,-0.000073,0.000114
6.618000,-0.000073,0.000114
6.619000,-0.000073,0.000114
6.620000,-0.000073,0.000113
6.621000,-0.000072,0.000113
6.622000,-0.000073,0.000113
6.623000,-0.000073,0.000113
6.624000,-0.000073,0.000113
6.625000,-0.000073,0.000112
6.626000,-0.000073,0.000112
6.627000,-0.000073,0.000112
6.628000,-0.000073,0.000111
6.629000,-0.000072,0.000111
6.630000,-0.000073,0.000111
6.631000,-0.000073,0.000111
6.632000,-0.000073,0.000111
6.633000,-0.000073,0.000112
6.634000,-0.000073,0.000111
6.635000,-0.000072,0.000111
6.636000,-0.000072,0.000112
6.637000,-0.000072,0.000112
6.638000,-0.000072,0.000113
6.639000,-0.000073,0.000112
6.640000,-0.000073,0.000112
6.641000,-0.000073,0.000112
6.642000,-0.000073,0.000112
6.643000,-0.000074,0.000111
6.644000,-0.000074,0.000111
6.645000,-0.000073,0.000111
6.646000,-0.000073,0.000111
6.647000,-0.000073,0.000111
6.648000,-0.000074,0.000111
6.649000,-0.000074,0.000111
6.650000,-0.000073,0.000111
6.651000,-0.000074,0.000111
6.652000,-0.000073,0.000112
6.653000,-0.000073,0.000112
6.654000,-0.000074,0.000112
6.655000,-0.000074,0.000112
6.656000,-0.000074,0.000112
6.657000,-0.000074,0.000112
6.658000,-0.000075,0.000112
6.659000,-0.000075,0.000112
6.660000,-0.000075,0.000112
6.661000,-0.000075,0.000112
6.662000,-0.000076,0.000111
6.663000,-0.000076,0.000111
6.664000,-0.000076,0.000111
6.665000,-0.000075,0.000112
6.666000,-0.000076,0.000112
6.667000,-0.000075,0.000113
6.668000,-0.000075,0.000114
6.669000,-0.000075,0.000114
6.670000,-0.000075,0.000113
6.671000,-0.000075,0.000113
6.672000,-0.000075,0.000113
6.673000,-0.000075,0.000112
6.674000,-0.000076,0.000112
6.675000,-0.000076,0.000113
6.676000,-0.000075,0.000113
6.677000,-0.000075,0.000113
6.678000,-0.000075,0.000113
6.679000,-0.000075,0.000113
6.680000,-0.000075,0.000113
6.681000,-0.000076,0.000113
6.682000,-0.000075,0.000112
6.683000,-0.000074,0.000113
6.684000,-0.000075,0.000113
6.685000,-0.000074,0.000113
6.686000,-0.000075,0.000112
6.687000,-0.000075,0.000113
6.688000,-0.000075,0.000113
6.689000,-0.000075,0.000113
6.690000,-0.000075,0.000113
6.691000,-0.000075,0.000112
6.692000,-0.000075,0.000112
6.693000,-0.000075,0.000112
6.694000,-0.000075,0.000112
6.695000,-0.000075,0.000113
6.696000,-0.000075,0.000113
6.697000,-0.000075,0.000113
6.698000,-0.000075,0.000113
6.699000,-0.000075,0.000113
6.700000,-0.000076,0.000113
6.701000,-0.000076,0.000113
6.702000,-0.000075,0.000113
6.703000,-0.000075,0.000113
6.704000,-0.000075,0.000113
6.705000,-0.000075,0.000113
6.706000,-0.000076,0.000113
6.707000,-0.000076,0.000113
6.708000,-0.000076,0.000113
6.709000,-0.000076,0.000113
6.710000,-0.000075,0.000112
6.711000,-0.000076,0.000111
6.712000,-0.000076,0.000112
6.713000,-0.000075,0.000111
6.714000,-0.000075,0.000112
6.715000,-0.000075,0.000111
6.716000,-0.000075,0.000110
6.717000,-0.000075,0.000111
6.718000,-0.000075,0.000111
6.719000,-0.000075,0.000112
6.720000,-0.000075,0.000112
6.721000,-0.000075,0.000112
6.722000,-0.000076,0.000112
6.723000,-0.000075,0.000112
6.724000,-0.000075,0.000112
6.725000,-0.000075,0.000113
6.726000,-0.000075,0.000113
6.727000,-0.000075,0.000113
6.728000,-0.000075,0.000113
6.729000,-0.000076,0.000113
6.730000,-0.000076,0.000114
6.731000,-0.000077,0.000113
6.732000,-0.000076,0.000113
6.733000,-0.000076,0.000113
6.734000,-0.000077,0.000113
6.735000,-0.000077,0.000112
6.736000,-0.000077,0.000112
6.737000,-0.000077,0.000112
6.738000,-0.000077,0.000112
6.739000,-0.000078,0.000112
6.740000,-0.000077,0.000112
6.741000,-0.000077,0.000112
6.742000,-0.000077,0.000113
6.743000,-0.000077,0.000112
6.744000,-0.000077,0.000113
6.745000,-0.000077,0.000113
6.746000,-0.000077,0.000113
6.747000,-0.000077,0.000113
6.748000,-0.000076,0.000114
6.749000,-0.000076,0.000113
6.750000,-0.000077,0.000114
6.751000,-0.000076,0.000114
6.752000,-0.000077,0.000114
6.753000,-0.000077,0.000113
6.754000,-0.000077,0.000114
6.755000,-0.000076,0.000114
6.756000,-0.000076,0.000113
6.757000,-0.000077,0.000114
6.758000,-0.000077,0.000114
6.759000,-0.000077,0.000113
6.760000,-0.000076,0.000114
6.761000,-0.000076,0.000115
6.762000,-0.000076,0.000115
6.763000,-0.000076,0.000116
6.764000,-0.000076,0.000115
6.765000,-0.000076,0.000115
6.766000,-0.000076,0.000115
6.767000,-0.000077,0.000114
6.768000,-0.000077,0.000114
6.769000,-0.000077,0.000114
6.770000,-0.000077,0.000114
6.771000,-0.000077,0.000114
6.772000,-0.000076,0.000115
6.773000,-0.000076,0.000115
6.774000,-0.000076,0.000115
6.775000,-0.000076,0.000114
6.776000,-0.000076,0.000113
6.777000,-0.000076,0.000114
6.778000,-0.000076,0.000113
6.779000,-0.000076,0.000113
6.780000,-0.000076,0.000112
6.781000,-0.000076,0.000112
6.782000,-0.000076,0.000113
6.783000,-0.000076,0.000113
6.784000,-0.000076,0.000113
6.785000,-0.000076,0.000113
6.786000,-0.000076,0.000114
6.787000,-0.000077,0.000113
6.788000,-0.000077,0.000113
6.789000,-0.000076,0.000113
6.790000,-0.000076,0.000113
6.791000,-0.000076,0.000113
6.792000,-0.000076,0.000113
6.793000,-0.000076,0.000113
6.794000,-0.000077,0.000113
6.795000,-0.000077,0.000113
6.796000,-0.000077,0.000113
6.797000,-0.000076,0.000113
6.798000,-0.000077,0.000113
6.799000,-0.000077,0.000113
6.800000,-0.000077,0.000112
6.801000,-0.000077,0.000112
6.802000,-0.000077,0.000112
6.803000,-0.000077,0.000112
6.804000,-0.000077,0.000112
6.805000,-0.000077,0.000112
6.806000,-0.000077,0.000112
6.807000,-0.000077,0.000112
6.808000,-0.000077,0.000112
6.809000,-0.000076,0.000112
6.810000,-0.000076,0.000113
6.811000,-0.000076,0.000113
6.812000,-0.000076,0.000112
6.813000,-0.000076,0.000113
6.814000,-0.000076,0.000112
6.815000,-0.000076,0.000112
6.816000,-0.000076,0.000113
6.817000,-0.000076,0.000113
6.818000,-0.000076,0.000113
6.819000,-0.000076,0.000112
6.820000,-0.000076,0.000113
6.821000,-0.000076,0.000113
6.822000,-0.000075,0.000113
6.823000,-0.000075,0.000113
6.824000,-0.000075,0.000113
6.825000,-0.000075,0.000113
6.826000,-0.000075,0.000113
6.827000,-0.000075,0.000113
6.828000,-0.000076,0.000112
6.829000,-0.000075,0.000113
6.830000,-0.000075,0.000113
6.831000,-0.000075,0.000113
6.832000,-0.000074,0.000112
6.833000,-0.000074,0.000113
6.834000,-0.000074,0.000113
6.835000,-0.000074,0.000113
6.836000,-0.000074,0.000113
6.837000,-0.000074,0.000113
6.838000,-0.000074,0.000113
6.839000,-0.000073,0.000113
6.840000,-0.000074,0.000113
6.841000,-0.000073,0.000113
6.842000,-0.000074,0.000113
6.843000,-0.000074,0.000113
6.844000,-0.000074,0.000112
6.845000,-0.000074,0.000111
6.846000,-0.000074,0.000111
6.847000,-0.000074,0.000111
6.848000,-0.000075,0.000111
6.849000,-0.000074,0.000111
6.850000,-0.000074,0.000110
6.851000,-0.000074,0.000110
6.852000,-0.000074,0.000110
6.853000,-0.000074,0.000111
6.854000,-0.000074,0.000111
6.855000,-0.000074,0.000111
6.856000,-0.000074,0.000111
6.857000,-0.000074,0.000110
6.858000,-0.000075,0.000110
6.859000,-0.000075,0.000110
6.860000,-0.000075,0.000110
6.861000,-0.000075,0.000110
6.862000,-0.000075,0.000109
6.863000,-0.000075,0.000109
6.864000,-0.000075,0.000110
6.865000,-0.000075,0.000110
6.866000,-0.000075,0.000110
6.867000,-0.000074,0.000109
6.868000,-0.000074,0.000109
6.869000,-0.000073,0.000108
6.870000,-0.000073,0.000109
6.871000,-0.000073,0.000109
6.872000,-0.000073,0.000109
6.873000,-0.000073,0.000109
6.874000,-0.000073,0.000109
6.875000,-0.000073,0.000109
6.876000,-0.000073,0.000110
6.877000,-0.000073,0.000110
6.878000,-0.000074,0.000110
6.879000,-0.000073,0.000110
6.880000,-0.000073,0.000110
6.881000,-0.000073,0.000110
6.882000,-0.000072,0.000110
6.883000,-0.000073,0.000110
6.884000,-0.000073,0.000109
6.885000,-0.000073,0.000109
6.886000,-0.000072,0.000109
6.887000,-0.000072,0.000110
6.888000,-0.000073,0.000109
6.889000,-0.000073,0.000109
6.890000,-0.000074,0.000110
6.891000,-0.000074,0.000110
6.892000,-0.000074,0.000110
6.893000,-0.000074,0.000109
6.894000,-0.000074,0.000109
6.895000,-0.000074,0.000109
6.896000,-0.000073,0.000109
6.897000,-0.000073,0.000108
6.898000,-0.000073,0.000109
6.899000,-0.000073,0.000110
6.900000,-0.000073,0.000110
6.901000,-0.000073,0.000110
6.902000,-0.000073,0.000111
6.903000,-0.000073,0.000111
6.904000,-0.000073,0.000111
6.905000,-0.000073,0.000111
6.906000,-0.000073,0.000111
6.907000,-0.000073,0.000111
6.908000,-0.000073,0.000111
6.909000,-0.000073,0.000112
6.910000,-0.000073,0.000112
6.911000,-0.000073,0.000111
6.912000,-0.000072,0.000112
6.913000,-0.000072,0.000112
6.914000,-0.000072,0.000112
6.915000,-0.000072,0.000112
6.916000,-0.000073,0.000112
6.917000,-0.000072,0.000112
6.918000,-0.000073,0.000112
6.919000,-0.000073,0.000112
6.920000,-0.000073,0.000111
6.921000,-0.000072,0.000111
6.922000,-0.000072,0.000111
6.923000,-0.000072,0.000111
6.924000,-0.000072,0.000111
6.925000,-0.000072,0.000111
6.926000,-0.000072,0.000111
6.927000,-0.000073,0.000111
6.928000,-0.000072,0.000110
6.929000,-0.000072,0.000110
6.930000,-0.000072,0.000110
6.931000,-0.000073,0.000110
6.932000,-0.000073,0.000110
6.933000,-0.000074,0.000110
6.934000,-0.000074,0.000109
6.935000,-0.000074,0.000109
6.936000,-0.000074,0.000110
6.937000,-0.000073,0.000110
6.938000,-0.000073,0.000110
6.939000,-0.000072,0.000110
6.940000,-0.000072,0.000110
6.941000,-0.000073,0.000110
6.942000,-0.000072,0.000110
6.943000,-0.000073,0.000111
6.944000,-0.000072,0.000111
6.945000,-0.000073,0.000112
6.946000,-0.000073,0.000112
6.947000,-0.000073,0.000113
6.948000,-0.000073,0.000112
6.949000,-0.000074,0.000112
6.950000,-0.000074,0.000112
6.951000,-0.000074,0.000112
6.952000,-0.000074,0.000112
6.953000,-0.000074,0.000111
6.954000,-0.000074,0.000111
6.955000,-0.000075,0.000111
6.956000,-0.000074,0.000111
6.957000,-0.000074,0.000111
6.958000,-0.000073,0.000112
6.959000,-0.000073,0.000112
6.960000,-0.000073,0.000112
6.961000,-0.000073,0.000112
6.962000,-0.000073,0.000112
6.963000,-0.000073,0.000112
6.964000,-0.000073,0.000112
6.965000,-0.000073,0.000112
6.966000,-0.000073,0.000112
6.967000,-0.000074,0.000112
6.968000,-0.000074,0.000112
6.969000,-0.000075,0.000112
6.970000,-0.000075,0.000112
6.971000,-0.000075,0.000112
6.972000,-0.000075,0.000112
6.973000,-0.000074,0.000112
6.974000,-0.000074,0.000112
6.975000,-0.000074,0.000112
6.976000,-0.000074,0.000111
6.977000,-0.000075,0.000112
6.978000,-0.000074,0.000112
6.979000,-0.000074,0.000112
6.980000,-0.000074,0.000112
6.981000,-0.000075,0.000112
6.982000,-0.000076,0.000112
6.983000,-0.000076,0.000112
6.984000,-0.000076,0.000112
6.985000,-0.000076,0.000112
6.986000,-0.000076,0.000111
6.987000,-0.000076,0.000111
6.988000,-0.000075,0.000112
6.989000,-0.000075,0.000112
6.990000,-0.000074,0.000111
6.991000,-0.000074,0.000111
6.992000,-0.000074,0.000112
6.993000,-0.000073,0.000112
6.994000,-0.000074,0.000112
6.995000,-0.000074,0.000113
6.996000,-0.000075,0.000113
6.997000,-0.000075,0.000113
6.998000,-0.000075,0.000112
6.999000,-0.000074,0.000111
6.950000,-0.000074,0.000112
6.951000,-0.000074,0.000112
6.952000,-0.000074,0.000112
6.953000,-0.000074,0.000111
6.954000,-0.000074,0.000111
6.955000,-0.000074,0.000111
6.956000,-0.000074,0.000111
6.957000,-0.000073,0.000112
6.958000,-0.000073,0.000112
6.959000,-0.000073,0.000112
6.960000,-0.000073,0.000112
6.961000,-0.000073,0.000112
6.962000,-0.000073,0.000112
6.963000,-0.000073,0.000112
6.964000,-0.000074,0.000112
6.965000,-0.000074,0.000112
6.966000,-0.000074,0.000112
6.967000,-0.000075,0.000112
6.968000,-0.000075,0.000113
6.969000,-0.000075,0.000113
6.970000,-0.000075,0.000112
6.971000,-0.000075,0.000113
6.972000,-0.000075,0.000113
6.973000,-0.000075,0.000112
6.974000,-0.000074,0.000113
6.975000,-0.000074,0.000112
6.976000,-0.000075,0.000112
6.977000,-0.000075,0.000112
6.978000,-0.000075,0.000111
6.979000,-0.000076,0.000112
6.980000,-0.000075,0.000112
6.981000,-0.000076,0.000112
6.982000,-0.000077,0.000112
6.983000,-0.000076,0.000111
6.984000,-0.000077,0.000112
6.985000,-0.000076,0.000112
6.986000,-0.000077,0.000112
6.987000,-0.000077,0.000111
6.988000,-0.000076,0.000111
6.989000,-0.000076,0.000111
6.990000,-0.000076,0.000111
6.991000,-0.000076,0.000111
6.992000,-0.000076,0.000111
6.993000,-0.000076,0.000111
6.994000,-0.000076,0.000111
6.995000,-0.000076,0.000112
6.996000,-0.000076,0.000112
6.997000,-0.000076,0.000112
6.998000,-0.000076,0.000112
6.999000,-0.000076,0.000111
7.000000,-0.000076,0.000112
7.001000,-0.000076,0.000112
7.002000,-0.000076,0.000111
7.003000,-0.000076,0.000111
7.004000,-0.000076,0.000111
7.005000,-0.000076,0.000112
7.006000,-0.000076,0.000111
7.007000,-0.000076,0.000111
7.008000,-0.000076,0.000112
7.009000,-0.000076,0.000112
7.010000,-0.000076,0.000112
7.011000,-0.000077,0.000112
7.012000,-0.000077,0.000112
7.013000,-0.000077,0.000112
7.014000,-0.000078,0.000111
7.015000,-0.000078,0.000111
7.016000,-0.000077,0.000111
7.017000,-0.000077,0.000111
7.018000,-0.000077,0.000111
7.019000,-0.000076,0.000111
7.020000,-0.000076,0.000111
7.021000,-0.000076,0.000111
7.022000,-0.000077,0.000111
7.023000,-0.000077,0.000112
7.024000,-0.000077,0.000112
7.025000,-0.000077,0.000112
7.026000,-0.000077,0.000111
7.027000,-0.000076,0.000111
7.028000,-0.000077,0.000111
7.029000,-0.000077,0.000111
7.030000,-0.000077,0.000111
7.031000,-0.000077,0.000111
7.032000,-0.000077,0.000111
7.033000,-0.000077,0.000112
7.034000,-0.000077,0.000112
7.035000,-0.000077,0.000112
7.036000,-0.000077,0.000112
7.037000,-0.000077,0.000112
7.038000,-0.000077,0.000112
7.039000,-0.000078,0.000112
7.040000,-0.000078,0.000112
7.041000,-0.000078,0.000112
7.042000,-0.000078,0.000111
7.043000,-0.000078,0.000112
7.044000,-0.000078,0.000111
7.045000,-0.000078,0.000111
7.046000,-0.000078,0.000110
7.047000,-0.000078,0.000110
7.048000,-0.000078,0.000110
7.049000,-0.000077,0.000110
7.050000,-0.000077,0.000110
7.051000,-0.000077,0.000109
7.052000,-0.000077,0.000109
7.053000,-0.000077,0.000110
7.054000,-0.000077,0.000109
7.055000,-0.000077,0.000109
7.056000,-0.000078,0.000109
7.057000,-0.000078,0.000109
7.058000,-0.000078,0.000110
7.059000,-0.000078,0.000110
7.060000,-0.000077,0.000110
7.061000,-0.000077,0.000110
7.062000,-0.000077,0.000110
7.063000,-0.000077,0.000110
7.064000,-0.000077,0.000110
7.065000,-0.000077,0.000110
7.066000,-0.000077,0.000109
7.067000,-0.000076,0.000109
7.068000,-0.000076,0.000109
7.069000,-0.000076,0.000110
7.070000,-0.000077,0.000110
7.071000,-0.000077,0.000110
7.072000,-0.000077,0.000111
7.073000,-0.000076,0.000111
7.074000,-0.000076,0.000110
7.075000,-0.000077,0.000111
7.076000,-0.000077,0.000111
7.077000,-0.000076,0.000112
7.078000,-0.000076,0.000112
7.079000,-0.000075,0.000112
7.080000,-0.000076,0.000112
7.081000,-0.000076,0.000112
7.082000,-0.000076,0.000112
7.083000,-0.000075,0.000112
7.084000,-0.000075,0.000112
7.085000,-0.000076,0.000112
7.086000,-0.000076,0.000112
7.087000,-0.000076,0.000113
7.088000,-0.000075,0.000113
7.089000,-0.000075,0.000113
7.090000,-0.000075,0.000113
7.091000,-0.000076,0.000112
7.092000,-0.000076,0.000113
7.093000,-0.000075,0.000112
7.094000,-0.000075,0.000112
7.095000,-0.000075,0.000112
7.096000,-0.000075,0.000112
7.097000,-0.000075,0.000112
7.098000,-0.000075,0.000112
7.099000,-0.000076,0.000112
7.100000,-0.000075,0.000112
7.101000,-0.000075,0.000112
7.102000,-0.000075,0.000112
7.103000,-0.000075,0.000112
7.104000,-0.000075,0.000112
7.105000,-0.000076,0.000112
7.106000,-0.000075,0.000112
7.107000,-0.000076,0.000112
7.108000,-0.000076,0.000112
7.109000,-0.000076,0.000111
7.110000,-0.000076,0.000112
7.111000,-0.000076,0.000112
7.112000,-0.000076,0.000112
7.113000,-0.000075,0.000112
7.114000,-0.000076,0.000112
7.115000,-0.000076,0.000112
7.116000,-0.000076,0.000112
7.117000,-0.000076,0.000113
7.118000,-0.000076,0.000113
7.119000,-0.000077,0.000113
7.120000,-0.000077,0.000113
7.121000,-0.000077,0.000113
7.122000,-0.000076,0.000113
7.123000,-0.000076,0.000113
7.124000,-0.000076,0.000113
7.125000,-0.000076,0.000113
7.126000,-0.000076,0.000113
7.127000,-0.000076,0.000114
7.128000,-0.000077,0.000114
7.129000,-0.000076,0.000113
7.130000,-0.000076,0.000114
7.131000,-0.000076,0.000114
7.132000,-0.000077,0.000114
7.133000,-0.000076,0.000114
7.134000,-0.000076,0.000114
7.135000,-0.000076,0.000114
7.136000,-0.000076,0.000113
7.137000,-0.000076,0.000113
7.138000,-0.000076,0.000113
7.139000,-0.000075,0.000113
7.140000,-0.000075,0.000114
7.141000,-0.000075,0.000113
7.142000,-0.000076,0.000113
7.143000,-0.000075,0.000113
7.144000,-0.000075,0.000113
7.145000,-0.000075,0.000113
7.146000,-0.000075,0.000113
7.147000,-0.000075,0.000113
7.148000,-0.000075,0.000113
7.149000,-0.000075,0.000113
7.150000,-0.000075,0.000114
7.151000,-0.000075,0.000114
7.152000,-0.000074,0.000115
7.153000,-0.000074,0.000114
7.154000,-0.000073,0.000115
7.155000,-0.000074,0.000115
7.156000,-0.000073,0.000115
7.157000,-0.000073,0.000114
7.158000,-0.000073,0.000114
7.159000,-0.000074,0.000113
7.160000,-0.000074,0.000114
7.161000,-0.000074,0.000114
7.162000,-0.000074,0.000114
7.163000,-0.000075,0.000113
7.164000,-0.000075,0.000113
7.165000,-0.000076,0.000113
7.166000,-0.000075,0.000114
7.167000,-0.000076,0.000113
7.168000,-0.000076,0.000113
7.169000,-0.000076,0.000114
7.170000,-0.000076,0.000113
7.171000,-0.000076,0.000113
7.172000,-0.000075,0.000113
7.173000,-0.000075,0.000113
7.174000,-0.000075,0.000113
7.175000,-0.000075,0.000112
7.176000,-0.000075,0.000112
7.177000,-0.000075,0.000112
7.178000,-0.000076,0.000112
7.179000,-0.000075,0.000112
7.180000,-0.000075,0.000112
7.181000,-0.000075,0.000112
7.182000,-0.000075,0.000112
7.183000,-0.000076,0.000111
7.184000,-0.000075,0.000111
7.185000,-0.000075,0.000112
7.186000,-0.000074,0.000111
7.187000,-0.000075,0.000111
7.188000,-0.000075,0.000111
7.189000,-0.000075,0.000111
7.190000,-0.000076,0.000112
7.191000,-0.000075,0.000112
7.192000,-0.000075,0.000112
7.193000,-0.000075,0.000112
7.194000,-0.000075,0.000112
7.195000,-0.000075,0.000112
7.196000,-0.000075,0.000111
7.197000,-0.000075,0.000111
7.198000,-0.000075,0.000112
7.199000,-0.000074,0.000112
7.200000,-0.000075,0.000112
7.201000,-0.000074,0.000111
7.202000,-0.000074,0.000111
7.203000,-0.000075,0.000111
7.204000,-0.000074,0.000112
7.205000,-0.000075,0.000112
7.206000,-0.000075,0.000112
7.207000,-0.000074,0.000112
7.208000,-0.000074,0.000111
7.209000,-0.000074,0.000111
7.210000,-0.000074,0.000110
7.211000,-0.000074,0.000111
7.212000,-0.000074,0.000111
7.213000,-0.000075,0.000111
7.214000,-0.000075,0.000111
7.215000,-0.000075,0.000111
7.216000,-0.000076,0.000111
7.217000,-0.000076,0.000110
7.218000,-0.000076,0.000109
7.219000,-0.000075,0.000110
7.220000,-0.000075,0.000109
7.221000,-0.000075,0.000109
7.222000,-0.000076,0.000109
7.223000,-0.000076,0.000109
7.224000,-0.000075,0.000109
7.225000,-0.000075,0.000109
7.226000,-0.000075,0.000110
7.227000,-0.000075,0.000110
7.228000,-0.000075,0.000110
7.229000,-0.000075,0.000111
7.230000,-0.000075,0.000110
7.231000,-0.000075,0.000110
7.232000,-0.000075,0.000110
7.233000,-0.000075,0.000109
7.234000,-0.000076,0.000109
7.235000,-0.000076,0.000109
7.236000,-0.000076,0.000110
7.237000,-0.000077,0.000110
7.238000,-0.000076,0.000110
7.239000,-0.000077,0.000110
7.240000,-0.000077,0.000110
7.241000,-0.000077,0.000110
7.242000,-0.000076,0.000111
7.243000,-0.000077,0.000111
7.244000,-0.000077,0.000111
7.245000,-0.000076,0.000111
7.246000,-0.000076,0.000111
7.247000,-0.000076,0.000111
7.248000,-0.000077,0.000112
7.249000,-0.000077,0.000112
7.250000,-0.000077,0.000112
7.251000,-0.000077,0.000112
7.252000,-0.000078,0.000112
7.253000,-0.000078,0.000111
7.254000,-0.000079,0.000111
7.255000,-0.000079,0.000111
7.256000,-0.000079,0.000111
7.257000,-0.000079,0.000111
7.258000,-0.000079,0.000112
7.259000,-0.000079,0.000112
7.260000,-0.000079,0.000112
7.261000,-0.000079,0.000111
7.262000,-0.000079,0.000111
7.263000,-0.000079,0.000111
7.264000,-0.000078,0.000112
7.265000,-0.000078,0.000112
7.266000,-0.000079,0.000112
7.267000,-0.000078,0.000112
7.268000,-0.000079,0.000112
7.269000,-0.000078,0.000111
7.270000,-0.000078,0.000111
7.271000,-0.000078,0.000111
7.272000,-0.000078,0.000111
7.273000,-0.000078,0.000112
7.274000,-0.000079,0.000112
7.275000,-0.000079,0.000113
7.276000,-0.000078,0.000113
7.277000,-0.000078,0.000113
7.278000,-0.000078,0.000113
7.279000,-0.000079,0.000113
7.280000,-0.000079,0.000113
7.281000,-0.000079,0.000114
7.282000,-0.000079,0.000114
7.283000,-0.000078,0.000114
7.284000,-0.000078,0.000114
7.285000,-0.000078,0.000113
7.286000,-0.000079,0.000113
7.287000,-0.000079,0.000113
7.288000,-0.000078,0.000113
7.289000,-0.000078,0.000113
7.290000,-0.000078,0.000113
7.291000,-0.000078,0.000113
7.292000,-0.000078,0.000112
7.293000,-0.000078,0.000112
7.294000,-0.000078,0.000112
7.295000,-0.000078,0.000113
7.296000,-0.000078,0.000113
7.297000,-0.000078,0.000113
7.298000,-0.000078,0.000113
7.299000,-0.000078,0.000113
7.300000,-0.000078,0.000112
7.301000,-0.000078,0.000112
7.302000,-0.000078,0.000112
7.303000,-0.000078,0.000112
7.304000,-0.000079,0.000112
7.305000,-0.000079,0.000111
7.306000,-0.000079,0.000112
7.307000,-0.000079,0.000112
7.308000,-0.000080,0.000112
7.309000,-0.000079,0.000112
7.310000,-0.000079,0.000112
7.311000,-0.000079,0.000112
7.312000,-0.000079,0.000112
7.313000,-0.000079,0.000112
7.314000,-0.000078,0.000112
7.315000,-0.000078,0.000112
7.316000,-0.000078,0.000113
7.317000,-0.000078,0.000112
7.318000,-0.000077,0.000113
7.319000,-0.000077,0.000112
7.320000,-0.000077,0.000113
7.321000,-0.000077,0.000113
7.322000,-0.000077,0.000114
7.323000,-0.000077,0.000114
7.324000,-0.000077,0.000114
7.325000,-0.000077,0.000113
7.326000,-0.000077,0.000113
7.327000,-0.000077,0.000114
7.328000,-0.000077,0.000114
7.329000,-0.000076,0.000114
7.330000,-0.000076,0.000114
7.331000,-0.000076,0.000113
7.332000,-0.000076,0.000114
7.333000,-0.000076,0.000114
7.334000,-0.000076,0.000114
7.335000,-0.000076,0.000114
7.336000,-0.000076,0.000114
7.337000,-0.000076,0.000114
7.338000,-0.000076,0.000114
7.339000,-0.000076,0.000113
7.340000,-0.000075,0.000114
7.341000,-0.000075,0.000113
7.342000,-0.000076,0.000113
7.343000,-0.000076,0.000113
7.344000,-0.000075,0.000113
7.345000,-0.000076,0.000113
7.346000,-0.000076,0.000113
7.347000,-0.000075,0.000112
7.348000,-0.000075,0.000112
7.349000,-0.000075,0.000112
7.350000,-0.000075,0.000111
7.351000,-0.000075,0.000112
7.352000,-0.000075,0.000111
7.353000,-0.000075,0.000111
7.354000,-0.000075,0.000110
7.355000,-0.000074,0.000110
7.356000,-0.000074,0.000110
7.357000,-0.000074,0.000110
7.358000,-0.000074,0.000110
7.359000,-0.000073,0.000110
7.360000,-0.000074,0.000110
7.361000,-0.000073,0.000110
7.362000,-0.000073,0.000110
7.363000,-0.000073,0.000110
7.364000,-0.000073,0.000109
7.365000,-0.000073,0.000109
7.366000,-0.000073,0.000109
7.367000,-0.000073,0.000109
7.368000,-0.000073,0.000109
7.369000,-0.000073,0.000109
7.370000,-0.000074,0.000110
7.371000,-0.000074,0.000110
7.372000,-0.000074,0.000110
7.373000,-0.000073,0.000109
7.374000,-0.000073,0.000108
7.375000,-0.000073,0.000108
7.376000,-0.000073,0.000109
7.377000,-0.000073,0.000109
7.378000,-0.000073,0.000108
7.379000,-0.000073,0.000108
7.380000,-0.000073,0.000108
7.381000,-0.000073,0.000108
7.382000,-0.000073,0.000107
7.383000,-0.000073,0.000108
7.384000,-0.000073,0.000108
7.385000,-0.000073,0.000109
7.386000,-0.000073,0.000109
7.387000,-0.000073,0.000109
7.388000,-0.000073,0.000109
7.389000,-0.000074,0.000108
7.390000,-0.000073,0.000109
7.391000,-0.000074,0.000109
7.392000,-0.000074,0.000109
7.393000,-0.000074,0.000109
7.394000,-0.000074,0.000109
7.395000,-0.000074,0.000109
7.396000,-0.000074,0.000109
7.397000,-0.000073,0.000110
7.398000,-0.000073,0.000110
7.399000,-0.000073,0.000110
7.400000,-0.000073,0.000111
7.401000,-0.000073,0.000110
7.402000,-0.000073,0.000110
7.403000,-0.000073,0.000111
7.404000,-0.000073,0.000111
7.405000,-0.000073,0.000111
7.406000,-0.000073,0.000110
7.407000,-0.000073,0.000110
7.408000,-0.000072,0.000111
7.409000,-0.000072,0.000111
7.410000,-0.000072,0.000112
7.411000,-0.000072,0.000112
7.412000,-0.000072,0.000112
7.413000,-0.000072,0.000112
7.414000,-0.000072,0.000112
7.415000,-0.000072,0.000112
7.416000,-0.000071,0.000112
7.417000,-0.000072,0.000112
7.418000,-0.000072,0.000112
7.419000,-0.000073,0.000112
7.420000,-0.000073,0.000112
7.421000,-0.000073,0.000112
7.422000,-0.000074,0.000111
7.423000,-0.000074,0.000111
7.424000,-0.000074,0.000111
7.425000,-0.000074,0.000111
7.426000,-0.000074,0.000110
7.427000,-0.000074,0.000110
7.428000,-0.000074,0.000110
7.429000,-0.000074,0.000110
7.430000,-0.000075,0.000111
7.431000,-0.000074,0.000111
7.432000,-0.000075,0.000110
7.433000,-0.000075,0.000111
7.434000,-0.000075,0.000110
7.435000,-0.000075,0.000110
7.436000,-0.000075,0.000109
7.437000,-0.000075,0.000109
7.438000,-0.000074,0.000110
7.439000,-0.000074,0.000110
7.440000,-0.000075,0.000110
7.441000,-0.000075,0.000110
7.442000,-0.000074,0.000110
7.443000,-0.000074,0.000110
7.444000,-0.000075,0.000111
7.445000,-0.000075,0.000112
7.446000,-0.000075,0.000112
7.447000,-0.000075,0.000113
7.448000,-0.000075,0.000112
7.449000,-0.000075,0.000112
7.450000,-0.000075,0.000113
7.451000,-0.000075,0.000113
7.452000,-0.000075,0.000113
7.453000,-0.000075,0.000113
7.454000,-0.000076,0.000113
7.455000,-0.000076,0.000114
7.456000,-0.000076,0.000114
7.457000,-0.000077,0.000114
7.458000,-0.000076,0.000114
7.459000,-0.000076,0.000114
7.460000,-0.000076,0.000114
7.461000,-0.000076,0.000114
7.462000,-0.000076,0.000114
7.463000,-0.000076,0.000115
7.464000,-0.000076,0.000115
7.465000,-0.000076,0.000116
7.466000,-0.000076,0.000116
7.467000,-0.000076,0.000115
7.468000,-0.000076,0.000115
7.469000,-0.000076,0.000116
7.470000,-0.000076,0.000115
7.471000,-0.000076,0.000115
7.472000,-0.000076,0.000115
7.473000,-0.000077,0.000115
7.474000,-0.000077,0.000115
7.475000,-0.000077,0.000115
7.476000,-0.000077,0.000114
7.477000,-0.000077,0.000115
7.478000,-0.000077,0.000115
7.479000,-0.000077,0.000115
7.480000,-0.000077,0.000115
7.481000,-0.000076,0.000115
7.482000,-0.000077,0.000115
7.483000,-0.000077,0.000114
7.484000,-0.000077,0.000114
7.485000,-0.000078,0.000114
7.486000,-0.000078,0.000115
7.487000,-0.000078,0.000114
7.488000,-0.000078,0.000115
7.489000,-0.000077,0.000115
7.490000,-0.000077,0.000115
7.491000,-0.000076,0.000115
7.492000,-0.000077,0.000115
7.493000,-0.000077,0.000115
7.494000,-0.000076,0.000116
7.495000,-0.000077,0.000116
7.496000,-0.000077,0.000115
7.497000,-0.000079,0.000115
7.498000,-0.000079,0.000114
7.499000,-0.000079,0.000114
7.450000,-0.000075,0.000113
7.451000,-0.000076,0.000112
7.452000,-0.000076,0.000112
7.453000,-0.000075,0.000112
7.454000,-0.000076,0.000112
7.455000,-0.000076,0.000113
7.456000,-0.000076,0.000113
7.457000,-0.000076,0.000113
7.458000,-0.000076,0.000113
7.459000,-0.000076,0.000113
7.460000,-0.000075,0.000114
7.461000,-0.000075,0.000113
7.462000,-0.000075,0.000113
7.463000,-0.000075,0.000114
7.464000,-0.000076,0.000114
7.465000,-0.000076,0.000114
7.466000,-0.000076,0.000114
7.467000,-0.000076,0.000114
7.468000,-0.000076,0.000113
7.469000,-0.000076,0.000114
7.470000,-0.000075,0.000113
7.471000,-0.000075,0.000113
7.472000,-0.000075,0.000113
7.473000,-0.000075,0.000114
7.474000,-0.000075,0.000114
7.475000,-0.000076,0.000114
7.476000,-0.000076,0.000113
7.477000,-0.000076,0.000113
7.478000,-0.000076,0.000113
7.479000,-0.000076,0.000112
7.480000,-0.000076,0.000113
7.481000,-0.000076,0.000113
7.482000,-0.000075,0.000113
7.483000,-0.000076,0.000112
7.484000,-0.000075,0.000112
7.485000,-0.000076,0.000112
7.486000,-0.000076,0.000112
7.487000,-0.000076,0.000111
7.488000,-0.000076,0.000111
7.489000,-0.000077,0.000112
7.490000,-0.000077,0.000111
7.491000,-0.000077,0.000111
7.492000,-0.000076,0.000112
7.493000,-0.000077,0.000112
7.494000,-0.000077,0.000113
7.495000,-0.000077,0.000113
7.496000,-0.000077,0.000113
7.497000,-0.000077,0.000112
7.498000,-0.000077,0.000113
7.499000,-0.000077,0.000112
7.500000,-0.000078,0.000112
7.501000,-0.000078,0.000112
7.502000,-0.000078,0.000113
7.503000,-0.000078,0.000112
7.504000,-0.000078,0.000112
7.505000,-0.000078,0.000112
7.506000,-0.000078,0.000112
7.507000,-0.000078,0.000112
7.508000,-0.000078,0.000112
7.509000,-0.000078,0.000111
7.510000,-0.000078,0.000111
7.511000,-0.000078,0.000112
7.512000,-0.000078,0.000112
7.513000,-0.000078,0.000112
7.514000,-0.000079,0.000113
7.515000,-0.000079,0.000113
7.516000,-0.000078,0.000113
7.517000,-0.000078,0.000113
7.518000,-0.000078,0.000113
7.519000,-0.000078,0.000113
7.520000,-0.000078,0.000113
7.521000,-0.000078,0.000113
7.522000,-0.000077,0.000114
7.523000,-0.000078,0.000114
7.524000,-0.000078,0.000114
7.525000,-0.000078,0.000114
7.526000,-0.000078,0.000114
7.527000,-0.000078,0.000115
7.528000,-0.000078,0.000115
7.529000,-0.000078,0.000114
7.530000,-0.000078,0.000114
7.531000,-0.000078,0.000114
7.532000,-0.000078,0.000115
7.533000,-0.000077,0.000114
7.534000,-0.000078,0.000114
7.535000,-0.000078,0.000115
7.536000,-0.000078,0.000115
7.537000,-0.000077,0.000115
7.538000,-0.000078,0.000115
7.539000,-0.000078,0.000115
7.540000,-0.000079,0.000115
7.541000,-0.000078,0.000115
7.542000,-0.000078,0.000114
7.543000,-0.000078,0.000114
7.544000,-0.000078,0.000113
7.545000,-0.000078,0.000113
7.546000,-0.000078,0.000113
7.547000,-0.000078,0.000112
7.548000,-0.000077,0.000111
7.549000,-0.000077,0.000111
7.550000,-0.000078,0.000111
7.551000,-0.000077,0.000111
7.552000,-0.000077,0.000112
7.553000,-0.000077,0.000112
7.554000,-0.000077,0.000113
7.555000,-0.000077,0.000112
7.556000,-0.000076,0.000112
7.557000,-0.000078,0.000112
7.558000,-0.000077,0.000112
7.559000,-0.000078,0.000112
7.560000,-0.000077,0.000112
7.561000,-0.000077,0.000113
7.562000,-0.000078,0.000113
7.563000,-0.000078,0.000113
7.564000,-0.000078,0.000113
7.565000,-0.000078,0.000113
7.566000,-0.000077,0.000113
7.567000,-0.000077,0.000113
7.568000,-0.000077,0.000113
7.569000,-0.000078,0.000113
7.570000,-0.000077,0.000113
7.571000,-0.000078,0.000112
7.572000,-0.000078,0.000113
7.573000,-0.000079,0.000113
7.574000,-0.000079,0.000112
7.575000,-0.000078,0.000112
7.576000,-0.000078,0.000112
7.577000,-0.000078,0.000112
7.578000,-0.000078,0.000112
7.579000,-0.000078,0.000113
7.580000,-0.000078,0.000113
7.581000,-0.000078,0.000112
7.582000,-0.000079,0.000112
7.583000,-0.000078,0.000112
7.584000,-0.000079,0.000113
7.585000,-0.000078,0.000113
7.586000,-0.000078,0.000113
7.587000,-0.000078,0.000114
7.588000,-0.000078,0.000115
7.589000,-0.000077,0.000115
7.590000,-0.000077,0.000115
7.591000,-0.000077,0.000115
7.592000,-0.000077,0.000114
7.593000,-0.000077,0.000113
7.594000,-0.000077,0.000113
7.595000,-0.000077,0.000113
7.596000,-0.000077,0.000112
7.597000,-0.000077,0.000112
7.598000,-0.000078,0.000112
7.599000,-0.000078,0.000111
7.600000,-0.000077,0.000111
7.601000,-0.000077,0.000111
7.602000,-0.000077,0.000111
7.603000,-0.000077,0.000111
7.604000,-0.000077,0.000111
7.605000,-0.000077,0.000111
7.606000,-0.000077,0.000111
7.607000,-0.000077,0.000112
7.608000,-0.000077,0.000111
7.609000,-0.000077,0.000111
7.610000,-0.000077,0.000111
7.611000,-0.000077,0.000111
7.612000,-0.000077,0.000110
7.613000,-0.000076,0.000110
7.614000,-0.000076,0.000110
7.615000,-0.000076,0.000110
7.616000,-0.000076,0.000109
7.617000,-0.000077,0.000109
7.618000,-0.000077,0.000109
7.619000,-0.000077,0.000109
7.620000,-0.000077,0.000110
7.621000,-0.000077,0.000109
7.622000,-0.000077,0.000109
7.623000,-0.000077,0.000109
7.624000,-0.000077,0.000109
7.625000,-0.000077,0.000109
7.626000,-0.000077,0.000109
7.627000,-0.000077,0.000109
7.628000,-0.000077,0.000108
7.629000,-0.000077,0.000109
7.630000,-0.000077,0.000108
7.631000,-0.000077,0.000108
7.632000,-0.000077,0.000108
7.633000,-0.000077,0.000109
7.634000,-0.000077,0.000109
7.635000,-0.000078,0.000110
7.636000,-0.000077,0.000110
7.637000,-0.000078,0.000111
7.638000,-0.000077,0.000111
7.639000,-0.000077,0.000110
7.640000,-0.000077,0.000110
7.641000,-0.000077,0.000110
7.642000,-0.000077,0.000111
7.643000,-0.000077,0.000111
7.644000,-0.000077,0.000111
7.645000,-0.000076,0.000111
7.646000,-0.000077,0.000112
7.647000,-0.000077,0.000112
7.648000,-0.000077,0.000112
7.649000,-0.000077,0.000113
7.650000,-0.000077,0.000113
7.651000,-0.000077,0.000113
7.652000,-0.000077,0.000113
7.653000,-0.000078,0.000113
7.654000,-0.000078,0.000112
7.655000,-0.000077,0.000113
7.656000,-0.000077,0.000113
7.657000,-0.000076,0.000113
7.658000,-0.000076,0.000113
7.659000,-0.000075,0.000114
7.660000,-0.000076,0.000113
7.661000,-0.000075,0.000113
7.662000,-0.000075,0.000113
7.663000,-0.000075,0.000113
7.664000,-0.000075,0.000114
7.665000,-0.000075,0.000114
7.666000,-0.000075,0.000114
7.667000,-0.000076,0.000113
7.668000,-0.000076,0.000113
7.669000,-0.000076,0.000113
7.670000,-0.000076,0.000113
7.671000,-0.000075,0.000114
7.672000,-0.000076,0.000114
7.673000,-0.000075,0.000114
7.674000,-0.000075,0.000114
7.675000,-0.000075,0.000114
7.676000,-0.000075,0.000114
7.677000,-0.000075,0.000115
7.678000,-0.000075,0.000115
7.679000,-0.000074,0.000115
7.680000,-0.000075,0.000114
7.681000,-0.000075,0.000114
7.682000,-0.000075,0.000115
7.683000,-0.000075,0.000114
7.684000,-0.000075,0.000114
7.685000,-0.000075,0.000113
7.686000,-0.000075,0.000112
7.687000,-0.000075,0.000112
7.688000,-0.000075,0.000112
7.689000,-0.000075,0.000112
7.690000,-0.000075,0.000113
7.691000,-0.000074,0.000113
7.692000,-0.000074,0.000113
7.693000,-0.000074,0.000113
7.694000,-0.000074,0.000113
7.695000,-0.000074,0.000112
7.696000,-0.000074,0.000112
7.697000,-0.000074,0.000113
7.698000,-0.000074,0.000113
7.699000,-0.000074,0.000113
7.700000,-0.000073,0.000114
7.701000,-0.000073,0.000113
7.702000,-0.000073,0.000113
7.703000,-0.000074,0.000114
7.704000,-0.000074,0.000113
7.705000,-0.000074,0.000113
7.706000,-0.000074,0.000113
7.707000,-0.000073,0.000112
7.708000,-0.000073,0.000113
7.709000,-0.000074,0.000113
7.710000,-0.000074,0.000113
7.711000,-0.000075,0.000114
7.712000,-0.000075,0.000114
7.713000,-0.000074,0.000113
7.714000,-0.000074,0.000113
7.715000,-0.000074,0.000113
7.716000,-0.000074,0.000113
7.717000,-0.000075,0.000114
7.718000,-0.000074,0.000114
7.719000,-0.000075,0.000113
7.720000,-0.000075,0.000113
7.721000,-0.000075,0.000113
7.722000,-0.000075,0.000113
7.723000,-0.000075,0.000113
7.724000,-0.000075,0.000114
7.725000,-0.000074,0.000115
7.726000,-0.000074,0.000115
7.727000,-0.000073,0.000115
7.728000,-0.000073,0.000115
7.729000,-0.000073,0.000115
7.730000,-0.000073,0.000115
7.731000,-0.000072,0.000115
7.732000,-0.000072,0.000115
7.733000,-0.000073,0.000115
7.734000,-0.000072,0.000114
7.735000,-0.000073,0.000113
7.736000,-0.000073,0.000113
7.737000,-0.000074,0.000112
7.738000,-0.000073,0.000112
7.739000,-0.000073,0.000113
7.740000,-0.000073,0.000113
7.741000,-0.000073,0.000112
7.742000,-0.000074,0.000112
7.743000,-0.000074,0.000113
7.744000,-0.000074,0.000112
7.745000,-0.000074,0.000112
7.746000,-0.000074,0.000112
7.747000,-0.000074,0.000112
7.748000,-0.000074,0.000112
7.749000,-0.000074,0.000112
7.750000,-0.000074,0.000112
7.751000,-0.000074,0.000112
7.752000,-0.000074,0.000111
7.753000,-0.000074,0.000112
7.754000,-0.000074,0.000111
7.755000,-0.000075,0.000111
7.756000,-0.000074,0.000111
7.757000,-0.000075,0.000110
7.758000,-0.000076,0.000111
7.759000,-0.000076,0.000110
7.760000,-0.000076,0.000111
7.761000,-0.000076,0.000111
7.762000,-0.000076,0.000110
7.763000,-0.000076,0.000109
7.764000,-0.000076,0.000110
7.765000,-0.000076,0.000110
7.766000,-0.000076,0.000110
7.767000,-0.000076,0.000110
7.768000,-0.000076,0.000110
7.769000,-0.000075,0.000110
7.770000,-0.000076,0.000109
7.771000,-0.000076,0.000109
7.772000,-0.000076,0.000109
7.773000,-0.000076,0.000109
7.774000,-0.000076,0.000108
7.775000,-0.000076,0.000108
7.776000,-0.000076,0.000109
7.777000,-0.000076,0.000109
7.778000,-0.000076,0.000108
7.779000,-0.000076,0.000108
7.780000,-0.000076,0.000108
7.781000,-0.000076,0.000108
7.782000,-0.000076,0.000108
7.783000,-0.000076,0.000109
7.784000,-0.000076,0.000109
7.785000,-0.000076,0.000109
7.786000,-0.000076,0.000110
7.787000,-0.000077,0.000110
7.788000,-0.000077,0.000109
7.789000,-0.000076,0.000109
7.790000,-0.000076,0.000109
7.791000,-0.000077,0.000110
7.792000,-0.000077,0.000110
7.793000,-0.000077,0.000110
7.794000,-0.000077,0.000110
7.795000,-0.000076,0.000110
7.796000,-0.000076,0.000110
7.797000,-0.000076,0.000110
7.798000,-0.000076,0.000110
7.799000,-0.000076,0.000111
7.800000,-0.000077,0.000110
7.801000,-0.000077,0.000111
7.802000,-0.000077,0.000111
7.803000,-0.000077,0.000111
7.804000,-0.000077,0.000111
7.805000,-0.000077,0.000111
7.806000,-0.000076,0.000112
7.807000,-0.000077,0.000112
7.808000,-0.000077,0.000111
7.809000,-0.000077,0.000111
7.810000,-0.000076,0.000110
7.811000,-0.000076,0.000110
7.812000,-0.000076,0.000110
7.813000,-0.000076,0.000111
7.814000,-0.000076,0.000111
7.815000,-0.000076,0.000111
7.816000,-0.000076,0.000111
7.817000,-0.000075,0.000111
7.818000,-0.000075,0.000111
7.819000,-0.000074,0.000111
7.820000,-0.000074,0.000111
7.821000,-0.000074,0.000111
7.822000,-0.000074,0.000111
7.823000,-0.000074,0.000110
7.824000,-0.000074,0.000110
7.825000,-0.000074,0.000109
7.826000,-0.000075,0.000109
7.827000,-0.000075,0.000110
7.828000,-0.000075,0.000109
7.829000,-0.000075,0.000109
7.830000,-0.000076,0.000108
7.831000,-0.000076,0.000108
7.832000,-0.000076,0.000107
7.833000,-0.000075,0.000108
7.834000,-0.000076,0.000108
7.835000,-0.000075,0.000108
7.836000,-0.000075,0.000108
7.837000,-0.000075,0.000109
7.838000,-0.000075,0.000109
7.839000,-0.000074,0.000108
7.840000,-0.000074,0.000108
7.841000,-0.000074,0.000109
7.842000,-0.000074,0.000108
7.843000,-0.000074,0.000108
7.844000,-0.000074,0.000108
7.845000,-0.000074,0.000108
7.846000,-0.000074,0.000108
7.847000,-0.000074,0.000109
7.848000,-0.000073,0.000109
7.849000,-0.000074,0.000109
7.850000,-0.000073,0.000110
7.851000,-0.000074,0.000110
7.852000,-0.000074,0.000111
7.853000,-0.000074,0.000111
7.854000,-0.000074,0.000111
7.855000,-0.000074,0.000111
7.856000,-0.000074,0.000111
7.857000,-0.000073,0.000112
7.858000,-0.000073,0.000112
7.859000,-0.000073,0.000111
7.860000,-0.000072,0.000112
7.861000,-0.000073,0.000112
7.862000,-0.000073,0.000112
7.863000,-0.000073,0.000112
7.864000,-0.000073,0.000113
7.865000,-0.000073,0.000112
7.866000,-0.000072,0.000113
7.867000,-0.000072,0.000113
7.868000,-0.000072,0.000115
7.869000,-0.000072,0.000115
7.870000,-0.000072,0.000115
7.871000,-0.000072,0.000114
7.872000,-0.000072,0.000114
7.873000,-0.000072,0.000115
7.874000,-0.000072,0.000115
7.875000,-0.000072,0.000115
7.876000,-0.000071,0.000115
7.877000,-0.000071,0.000115
7.878000,-0.000072,0.000115
7.879000,-0.000072,0.000114
7.880000,-0.000073,0.000114
7.881000,-0.000072,0.000114
7.882000,-0.000073,0.000114
7.883000,-0.000073,0.000114
7.884000,-0.000073,0.000114
7.885000,-0.000073,0.000114
7.886000,-0.000073,0.000114
7.887000,-0.000073,0.000114
7.888000,-0.000072,0.000115
7.889000,-0.000072,0.000114
7.890000,-0.000073,0.000114
7.891000,-0.000072,0.000114
7.892000,-0.000072,0.000114
7.893000,-0.000072,0.000114
7.894000,-0.000072,0.000114
7.895000,-0.000073,0.000114
7.896000,-0.000073,0.000114
7.897000,-0.000072,0.000115
7.898000,-0.000072,0.000115
7.899000,-0.000072,0.000114
7.900000,-0.000072,0.000114
7.901000,-0.000072,0.000113
7.902000,-0.000072,0.000114
7.903000,-0.000071,0.000114
7.904000,-0.000072,0.000114
7.905000,-0.000072,0.000115
7.906000,-0.000072,0.000114
7.907000,-0.000072,0.000114
7.908000,-0.000072,0.000115
7.909000,-0.000072,0.000115
7.910000,-0.000071,0.000115
7.911000,-0.000072,0.000115
7.912000,-0.000072,0.000115
7.913000,-0.000072,0.000115
7.914000,-0.000072,0.000115
7.915000,-0.000072,0.000115
7.916000,-0.000072,0.000116
7.917000,-0.000073,0.000116
7.918000,-0.000073,0.000116
7.919000,-0.000074,0.000116
7.920000,-0.000074,0.000116
7.921000,-0.000074,0.000116
7.922000,-0.000074,0.000116
7.923000,-0.000075,0.000116
7.924000,-0.000075,0.000116
7.925000,-0.000075,0.000116
7.926000,-0.000075,0.000116
7.927000,-0.000075,0.000115
7.928000,-0.000075,0.000115
7.929000,-0.000075,0.000115
7.930000,-0.000075,0.000116
7.931000,-0.000075,0.000116
7.932000,-0.000075,0.000116
7.933000,-0.000075,0.000116
7.934000,-0.000075,0.000116
7.935000,-0.000075,0.000116
7.936000,-0.000075,0.000116
7.937000,-0.000075,0.000115
7.938000,-0.000075,0.000115
7.939000,-0.000076,0.000115
7.940000,-0.000076,0.000114
7.941000,-0.000076,0.000115
7.942000,-0.000076,0.000116
7.943000,-0.000075,0.000116
7.944000,-0.000076,0.000116
7.945000,-0.000076,0.000115
7.946000,-0.000076,0.000116
7.947000,-0.000076,0.000115
7.948000,-0.000076,0.000115
7.949000,-0.000076,0.000115
7.950000,-0.000076,0.000115
7.951000,-0.000075,0.000114
7.952000,-0.000076,0.000114
7.953000,-0.000075,0.000114
7.954000,-0.000076,0.000114
7.955000,-0.000076,0.000114
7.956000,-0.000077,0.000114
7.957000,-0.000077,0.000113
7.958000,-0.000077,0.000113
7.959000,-0.000077,0.000113
7.960000,-0.000077,0.000113
7.961000,-0.000077,0.000113
7.962000,-0.000077,0.000113
7.963000,-0.000077,0.000113
7.964000,-0.000077,0.000113
7.965000,-0.000077,0.000113
7.966000,-0.000078,0.000113
7.967000,-0.000077,0.000112
7.968000,-0.000078,0.000111
7.969000,-0.000078,0.000111
7.970000,-0.000078,0.000112
7.971000,-0.000078,0.000112
7.972000,-0.000078,0.000112
7.973000,-0.000079,0.000111
7.974000,-0.000080,0.000111
7.975000,-0.000079,0.000111
7.976000,-0.000079,0.000111
7.977000,-0.000078,0.000111
7.978000,-0.000078,0.000111
7.979000,-0.000078,0.000112
7.980000,-0.000077,0.000112
7.981000,-0.000077,0.000113
7.982000,-0.000078,0.000113
7.983000,-0.000078,0.000112
7.984000,-0.000078,0.000113
7.985000,-0.000078,0.000113
7.986000,-0.000078,0.000112
7.987000,-0.000078,0.000112
7.988000,-0.000079,0.000112
7.989000,-0.000079,0.000112
7.990000,-0.000078,0.000112
7.991000,-0.000079,0.000112
7.992000,-0.000079,0.000112
7.993000,-0.000079,0.000112
7.994000,-0.000079,0.000112
7.995000,-0.000079,0.000113
7.996000,-0.000079,0.000112
7.997000,-0.000079,0.000111
7.998000,-0.000080,0.000111
7.999000,-0.000080,0.000111
7.950000,-0.000076,0.000115
7.951000,-0.000075,0.000114
7.952000,-0.000075,0.000114
7.953000,-0.000075,0.000114
7.954000,-0.000075,0.000114
7.955000,-0.000075,0.000114
7.956000,-0.000075,0.000114
7.957000,-0.000076,0.000113
7.958000,-0.000076,0.000113
7.959000,-0.000076,0.000113
7.960000,-0.000076,0.000113
7.961000,-0.000076,0.000114
7.962000,-0.000076,0.000113
7.963000,-0.000076,0.000113
7.964000,-0.000076,0.000113
7.965000,-0.000077,0.000113
7.966000,-0.000077,0.000114
7.967000,-0.000077,0.000112
7.968000,-0.000077,0.000112
7.969000,-0.000078,0.000112
7.970000,-0.000077,0.000113
7.971000,-0.000077,0.000113
7.972000,-0.000076,0.000113
7.973000,-0.000077,0.000113
7.974000,-0.000077,0.000112
7.975000,-0.000077,0.000113
7.976000,-0.000078,0.000112
7.977000,-0.000077,0.000113
7.978000,-0.000077,0.000112
7.979000,-0.000077,0.000113
7.980000,-0.000076,0.000113
7.981000,-0.000076,0.000114
7.982000,-0.000077,0.000114
7.983000,-0.000076,0.000113
7.984000,-0.000076,0.000113
7.985000,-0.000076,0.000113
7.986000,-0.000077,0.000113
7.987000,-0.000077,0.000113
7.988000,-0.000077,0.000112
7.989000,-0.000077,0.000112
7.990000,-0.000077,0.000112
7.991000,-0.000078,0.000112
7.992000,-0.000078,0.000112
7.993000,-0.000077,0.000112
7.994000,-0.000077,0.000112
7.995000,-0.000077,0.000113
7.996000,-0.000076,0.000112
7.997000,-0.000077,0.000111
7.998000,-0.000077,0.000112
7.999000,-0.000077,0.000112
8.000000,-0.000077,0.000111
8.001000,-0.000077,0.000111
8.002000,-0.000077,0.000111
8.003000,-0.000077,0.000111
8.004000,-0.000077,0.000111
8.005000,-0.000076,0.000111
8.006000,-0.000076,0.000111
8.007000,-0.000076,0.000111
8.008000,-0.000076,0.000112
8.009000,-0.000076,0.000111
8.010000,-0.000077,0.000111
8.011000,-0.000077,0.000111
8.012000,-0.000077,0.000111
8.013000,-0.000076,0.000111
8.014000,-0.000076,0.000111
8.015000,-0.000076,0.000110
8.016000,-0.000076,0.000109
8.017000,-0.000077,0.000109
8.018000,-0.000077,0.000109
8.019000,-0.000076,0.000110
8.020000,-0.000076,0.000110
8.021000,-0.000075,0.000110
8.022000,-0.000075,0.000110
8.023000,-0.000075,0.000109
8.024000,-0.000075,0.000110
8.025000,-0.000075,0.000110
8.026000,-0.000074,0.000111
8.027000,-0.000074,0.000111
8.028000,-0.000074,0.000111
8.029000,-0.000074,0.000112
8.030000,-0.000074,0.000112
8.031000,-0.000074,0.000112
8.032000,-0.000074,0.000113
8.033000,-0.000073,0.000113
8.034000,-0.000073,0.000113
8.035000,-0.000073,0.000112
8.036000,-0.000072,0.000113
8.037000,-0.000072,0.000113
8.038000,-0.000073,0.000112
8.039000,-0.000073,0.000112
8.040000,-0.000074,0.000112
8.041000,-0.000074,0.000112
8.042000,-0.000073,0.000112
8.043000,-0.000074,0.000112
8.044000,-0.000073,0.000111
8.045000,-0.000073,0.000111
8.046000,-0.000073,0.000110
8.047000,-0.000073,0.000110
8.048000,-0.000073,0.000110
8.049000,-0.000073,0.000110
8.050000,-0.000074,0.000110
8.051000,-0.000073,0.000111
8.052000,-0.000073,0.000110
8.053000,-0.000073,0.000110
8.054000,-0.000073,0.000111
8.055000,-0.000074,0.000111
8.056000,-0.000074,0.000111
8.057000,-0.000074,0.000111
8.058000,-0.000074,0.000110
8.059000,-0.000074,0.000110
8.060000,-0.000074,0.000109
8.061000,-0.000074,0.000110
8.062000,-0.000074,0.000110
8.063000,-0.000074,0.000110
8.064000,-0.000074,0.000110
8.065000,-0.000074,0.000110
8.066000,-0.000074,0.000110
8.067000,-0.000073,0.000111
8.068000,-0.000073,0.000111
8.069000,-0.000072,0.000111
8.070000,-0.000073,0.000110
8.071000,-0.000073,0.000110
8.072000,-0.000074,0.000110
8.073000,-0.000074,0.000111
8.074000,-0.000074,0.000111
8.075000,-0.000073,0.000110
8.076000,-0.000073,0.000111
8.077000,-0.000073,0.000111
8.078000,-0.000073,0.000112
8.079000,-0.000073,0.000112
8.080000,-0.000073,0.000111
8.081000,-0.000073,0.000112
8.082000,-0.000073,0.000112
8.083000,-0.000073,0.000113
8.084000,-0.000072,0.000112
8.085000,-0.000072,0.000112
8.086000,-0.000072,0.000113
8.087000,-0.000072,0.000113
8.088000,-0.000072,0.000113
8.089000,-0.000072,0.000113
8.090000,-0.000072,0.000113
8.091000,-0.000072,0.000113
8.092000,-0.000072,0.000113
8.093000,-0.000072,0.000112
8.094000,-0.000071,0.000112
8.095000,-0.000071,0.000112
8.096000,-0.000072,0.000112
8.097000,-0.000072,0.000112
8.098000,-0.000072,0.000112
8.099000,-0.000073,0.000112
8.100000,-0.000072,0.000113
8.101000,-0.000072,0.000114
8.102000,-0.000073,0.000113
8.103000,-0.000073,0.000113
8.104000,-0.000073,0.000113
8.105000,-0.000073,0.000113
8.106000,-0.000074,0.000113
8.107000,-0.000074,0.000112
8.108000,-0.000073,0.000112
8.109000,-0.000073,0.000112
8.110000,-0.000072,0.000112
8.111000,-0.000073,0.000112
8.112000,-0.000073,0.000113
8.113000,-0.000073,0.000112
8.114000,-0.000073,0.000112
8.115000,-0.000073,0.000113
8.116000,-0.000073,0.000113
8.117000,-0.000073,0.000114
8.118000,-0.000073,0.000114
8.119000,-0.000073,0.000113
8.120000,-0.000073,0.000114
8.121000,-0.000073,0.000114
8.122000,-0.000073,0.000113
8.123000,-0.000073,0.000113
8.124000,-0.000073,0.000113
8.125000,-0.000073,0.000113
8.126000,-0.000073,0.000113
8.127000,-0.000073,0.000112
8.128000,-0.000073,0.000113
8.129000,-0.000073,0.000112
8.130000,-0.000073,0.000112
8.131000,-0.000073,0.000111
8.132000,-0.000073,0.000112
8.133000,-0.000074,0.000112
8.134000,-0.000074,0.000113
8.135000,-0.000074,0.000113
8.136000,-0.000074,0.000113
8.137000,-0.000074,0.000113
8.138000,-0.000074,0.000114
8.139000,-0.000074,0.000114
8.140000,-0.000074,0.000114
8.141000,-0.000074,0.000114
8.142000,-0.000074,0.000114
8.143000,-0.000074,0.000114
8.144000,-0.000074,0.000114
8.145000,-0.000074,0.000114
8.146000,-0.000075,0.000115
8.147000,-0.000074,0.000115
8.148000,-0.000074,0.000116
8.149000,-0.000074,0.000115
8.150000,-0.000074,0.000114
8.151000,-0.000074,0.000114
8.152000,-0.000074,0.000115
8.153000,-0.000074,0.000115
8.154000,-0.000074,0.000114
8.155000,-0.000074,0.000114
8.156000,-0.000074,0.000113
8.157000,-0.000075,0.000114
8.158000,-0.000075,0.000114
8.159000,-0.000075,0.000114
8.160000,-0.000075,0.000115
8.161000,-0.000075,0.000114
8.162000,-0.000075,0.000115
8.163000,-0.000075,0.000114
8.164000,-0.000075,0.000114
8.165000,-0.000075,0.000114
8.166000,-0.000075,0.000114
8.167000,-0.000075,0.000114
8.168000,-0.000075,0.000114
8.169000,-0.000075,0.000115
8.170000,-0.000075,0.000115
8.171000,-0.000074,0.000116
8.172000,-0.000074,0.000115
8.173000,-0.000074,0.000115
8.174000,-0.000074,0.000116
8.175000,-0.000074,0.000116
8.176000,-0.000074,0.000116
8.177000,-0.000074,0.000116
8.178000,-0.000074,0.000115
8.179000,-0.000074,0.000115
8.180000,-0.000074,0.000115
8.181000,-0.000075,0.000115
8.182000,-0.000075,0.000114
8.183000,-0.000075,0.000114
8.184000,-0.000075,0.000115
8.185000,-0.000075,0.000114
8.186000,-0.000075,0.000114
8.187000,-0.000075,0.000114
8.188000,-0.000075,0.000115
8.189000,-0.000075,0.000115
8.190000,-0.000075,0.000115
8.191000,-0.000075,0.000115
8.192000,-0.000075,0.000115
8.193000,-0.000076,0.000115
8.194000,-0.000077,0.000115
8.195000,-0.000077,0.000115
8.196000,-0.000077,0.000115
8.197000,-0.000076,0.000115
8.198000,-0.000075,0.000115
8.199000,-0.000075,0.000115
8.200000,-0.000075,0.000115
8.201000,-0.000075,0.000114
8.202000,-0.000075,0.000114
8.203000,-0.000076,0.000114
8.204000,-0.000076,0.000114
8.205000,-0.000076,0.000114
8.206000,-0.000076,0.000114
8.207000,-0.000076,0.000115
8.208000,-0.000076,0.000115
8.209000,-0.000076,0.000115
8.210000,-0.000076,0.000115
8.211000,-0.000076,0.000115
8.212000,-0.000076,0.000114
8.213000,-0.000076,0.000115
8.214000,-0.000075,0.000114
8.215000,-0.000076,0.000115
8.216000,-0.000076,0.000115
8.217000,-0.000076,0.000114
8.218000,-0.000076,0.000114
8.219000,-0.000076,0.000115
8.220000,-0.000076,0.000115
8.221000,-0.000076,0.000115
8.222000,-0.000076,0.000115
8.223000,-0.000076,0.000115
8.224000,-0.000075,0.000116
8.225000,-0.000075,0.000115
8.226000,-0.000075,0.000116
8.227000,-0.000075,0.000116
8.228000,-0.000076,0.000116
8.229000,-0.000076,0.000116
8.230000,-0.000076,0.000116
8.231000,-0.000076,0.000116
8.232000,-0.000076,0.000116
8.233000,-0.000076,0.000115
8.234000,-0.000076,0.000114
8.235000,-0.000076,0.000114
8.236000,-0.000076,0.000115
8.237000,-0.000077,0.000115
8.238000,-0.000076,0.000116
8.239000,-0.000077,0.000116
8.240000,-0.000076,0.000115
8.241000,-0.000076,0.000115
8.242000,-0.000076,0.000115
8.243000,-0.000076,0.000116
8.244000,-0.000075,0.000115
8.245000,-0.000075,0.000116
8.246000,-0.000075,0.000115
8.247000,-0.000076,0.000115
8.248000,-0.000075,0.000115
8.249000,-0.000076,0.000114
8.250000,-0.000076,0.000115
8.251000,-0.000076,0.000115
8.252000,-0.000076,0.000115
8.253000,-0.000076,0.000115
8.254000,-0.000075,0.000115
8.255000,-0.000075,0.000115
8.256000,-0.000075,0.000116
8.257000,-0.000075,0.000115
8.258000,-0.000074,0.000115
8.259000,-0.000075,0.000115
8.260000,-0.000074,0.000115
8.261000,-0.000074,0.000116
8.262000,-0.000075,0.000116
8.263000,-0.000074,0.000116
8.264000,-0.000075,0.000116
8.265000,-0.000074,0.000115
8.266000,-0.000075,0.000115
8.267000,-0.000075,0.000115
8.268000,-0.000075,0.000115
8.269000,-0.000075,0.000114
8.270000,-0.000076,0.000114
8.271000,-0.000076,0.000114
8.272000,-0.000076,0.000114
8.273000,-0.000076,0.000114
8.274000,-0.000077,0.000113
8.275000,-0.000077,0.000113
8.276000,-0.000077,0.000112
8.277000,-0.000076,0.000112
8.278000,-0.000076,0.000113
8.279000,-0.000076,0.000113
8.280000,-0.000076,0.000113
8.281000,-0.000075,0.000113
8.282000,-0.000076,0.000112
8.283000,-0.000075,0.000113
8.284000,-0.000074,0.000113
8.285000,-0.000075,0.000114
8.286000,-0.000075,0.000114
8.287000,-0.000076,0.000114
8.288000,-0.000076,0.000113
8.289000,-0.000075,0.000113
8.290000,-0.000075,0.000113
8.291000,-0.000075,0.000113
8.292000,-0.000074,0.000114
8.293000,-0.000075,0.000114
8.294000,-0.000074,0.000113
8.295000,-0.000074,0.000113
8.296000,-0.000074,0.000113
8.297000,-0.000075,0.000114
8.298000,-0.000075,0.000114
8.299000,-0.000075,0.000114
8.300000,-0.000075,0.000114
8.301000,-0.000075,0.000115
8.302000,-0.000075,0.000114
8.303000,-0.000075,0.000114
8.304000,-0.000074,0.000115
8.305000,-0.000074,0.000115
8.306000,-0.000074,0.000115
8.307000,-0.000074,0.000114
8.308000,-0.000074,0.000114
8.309000,-0.000074,0.000114
8.310000,-0.000074,0.000113
8.311000,-0.000075,0.000114
8.312000,-0.000074,0.000114
8.313000,-0.000075,0.000114
8.314000,-0.000075,0.000114
8.315000,-0.000075,0.000114
8.316000,-0.000075,0.000114
8.317000,-0.000075,0.000114
8.318000,-0.000074,0.000114
8.319000,-0.000074,0.000114
8.320000,-0.000074,0.000114
8.321000,-0.000075,0.000114
8.322000,-0.000075,0.000114
8.323000,-0.000075,0.000114
8.324000,-0.000075,0.000114
8.325000,-0.000075,0.000113
8.326000,-0.000075,0.000113
8.327000,-0.000075,0.000113
8.328000,-0.000075,0.000113
8.329000,-0.000074,0.000114
8.330000,-0.000075,0.000114
8.331000,-0.000075,0.000115
8.332000,-0.000074,0.000115
8.333000,-0.000074,0.000115
8.334000,-0.000074,0.000114
8.335000,-0.000073,0.000115
8.336000,-0.000073,0.000115
8.337000,-0.000073,0.000114
8.338000,-0.000073,0.000114
8.339000,-0.000073,0.000114
8.340000,-0.000073,0.000115
8.341000,-0.000073,0.000114
8.342000,-0.000074,0.000114
8.343000,-0.000073,0.000113
8.344000,-0.000073,0.000114
8.345000,-0.000073,0.000114
8.346000,-0.000073,0.000114
8.347000,-0.000073,0.000114
8.348000,-0.000073,0.000114
8.349000,-0.000073,0.000114
8.350000,-0.000072,0.000114
8.351000,-0.000073,0.000115
8.352000,-0.000072,0.000114
8.353000,-0.000072,0.000114
8.354000,-0.000073,0.000114
8.355000,-0.000073,0.000114
8.356000,-0.000073,0.000114
8.357000,-0.000073,0.000115
8.358000,-0.000073,0.000115
8.359000,-0.000073,0.000114
8.360000,-0.000073,0.000114
8.361000,-0.000073,0.000114
8.362000,-0.000073,0.000113
8.363000,-0.000073,0.000113
8.364000,-0.000072,0.000113
8.365000,-0.000072,0.000114
8.366000,-0.000073,0.000113
8.367000,-0.000072,0.000113
8.368000,-0.000072,0.000112
8.369000,-0.000073,0.000112
8.370000,-0.000072,0.000112
8.371000,-0.000072,0.000112
8.372000,-0.000072,0.000112
8.373000,-0.000072,0.000112
8.374000,-0.000072,0.000111
8.375000,-0.000072,0.000111
8.376000,-0.000072,0.000112
8.377000,-0.000073,0.000112
8.378000,-0.000073,0.000113
8.379000,-0.000073,0.000113
8.380000,-0.000073,0.000113
8.381000,-0.000073,0.000113
8.382000,-0.000073,0.000113
8.383000,-0.000074,0.000112
8.384000,-0.000074,0.000112
8.385000,-0.000074,0.000112
8.386000,-0.000074,0.000112
8.387000,-0.000074,0.000112
8.388000,-0.000073,0.000113
8.389000,-0.000074,0.000112
8.390000,-0.000074,0.000112
8.391000,-0.000074,0.000112
8.392000,-0.000075,0.000111
8.393000,-0.000074,0.000112
8.394000,-0.000075,0.000112
8.395000,-0.000075,0.000112
8.396000,-0.000075,0.000112
8.397000,-0.000075,0.000112
8.398000,-0.000074,0.000112
8.399000,-0.000074,0.000112
8.400000,-0.000074,0.000112
8.401000,-0.000074,0.000112
8.402000,-0.000075,0.000112
8.403000,-0.000075,0.000112
8.404000,-0.000075,0.000112
8.405000,-0.000075,0.000112
8.406000,-0.000075,0.000112
8.407000,-0.000075,0.000112
8.408000,-0.000075,0.000113
8.409000,-0.000075,0.000114
8.410000,-0.000075,0.000115
8.411000,-0.000074,0.000115
8.412000,-0.000075,0.000115
8.413000,-0.000075,0.000115
8.414000,-0.000074,0.000115
8.415000,-0.000075,0.000116
8.416000,-0.000074,0.000116
8.417000,-0.000074,0.000116
8.418000,-0.000074,0.000115
8.419000,-0.000074,0.000115
8.420000,-0.000075,0.000115
8.421000,-0.000074,0.000115
8.422000,-0.000075,0.000115
8.423000,-0.000075,0.000115
8.424000,-0.000074,0.000115
8.425000,-0.000075,0.000114
8.426000,-0.000075,0.000114
8.427000,-0.000075,0.000114
8.428000,-0.000075,0.000114
8.429000,-0.000075,0.000114
8.430000,-0.000076,0.000113
8.431000,-0.000076,0.000113
8.432000,-0.000076,0.000113
8.433000,-0.000076,0.000113
8.434000,-0.000076,0.000113
8.435000,-0.000076,0.000113
8.436000,-0.000077,0.000113
8.437000,-0.000076,0.000114
8.438000,-0.000076,0.000113
8.439000,-0.000076,0.000113
8.440000,-0.000076,0.000112
8.441000,-0.000076,0.000112
8.442000,-0.000076,0.000112
8.443000,-0.000076,0.000113
8.444000,-0.000077,0.000112
8.445000,-0.000077,0.000113
8.446000,-0.000078,0.000113
8.447000,-0.000078,0.000113
8.448000,-0.000078,0.000113
8.449000,-0.000078,0.000113
8.450000,-0.000079,0.000113
8.451000,-0.000079,0.000113
8.452000,-0.000079,0.000113
8.453000,-0.000080,0.000113
8.454000,-0.000080,0.000112
8.455000,-0.000079,0.000112
8.456000,-0.000080,0.000112
8.457000,-0.000079,0.000112
8.458000,-0.000079,0.000112
8.459000,-0.000079,0.000112
8.460000,-0.000079,0.000113
8.461000,-0.000079,0.000112
8.462000,-0.000079,0.000113
8.463000,-0.000079,0.000113
8.464000,-0.000079,0.000113
8.465000,-0.000079,0.000113
8.466000,-0.000079,0.000113
8.467000,-0.000080,0.000114
8.468000,-0.000080,0.000114
8.469000,-0.000080,0.000114
8.470000,-0.000080,0.000114
8.471000,-0.000080,0.000114
8.472000,-0.000080,0.000114
8.473000,-0.000080,0.000115
8.474000,-0.000079,0.000115
8.475000,-0.000080,0.000115
8.476000,-0.000079,0.000115
8.477000,-0.000079,0.000115
8.478000,-0.000079,0.000114
8.479000,-0.000079,0.000114
8.480000,-0.000079,0.000115
8.481000,-0.000080,0.000114
8.482000,-0.000080,0.000114
8.483000,-0.000080,0.000115
8.484000,-0.000080,0.000115
8.485000,-0.000080,0.000114
8.486000,-0.000080,0.000114
8.487000,-0.000080,0.000114
8.488000,-0.000080,0.000113
8.489000,-0.000079,0.000114
8.490000,-0.000079,0.000114
8.491000,-0.000080,0.000114
8.492000,-0.000079,0.000114
8.493000,-0.000080,0.000113
8.494000,-0.000079,0.000113
8.495000,-0.000079,0.000114
8.496000,-0.000080,0.000114
8.497000,-0.000080,0.000114
8.498000,-0.000080,0.000114
8.499000,-0.000080,0.000113
8.450000,-0.000079,0.000113
8.451000,-0.000079,0.000113
8.452000,-0.000079,0.000113
8.453000,-0.000079,0.000113
8.454000,-0.000080,0.000112
8.455000,-0.000079,0.000113
8.456000,-0.000079,0.000112
8.457000,-0.000078,0.000112
8.458000,-0.000079,0.000112
8.459000,-0.000079,0.000112
8.460000,-0.000079,0.000113
8.461000,-0.000079,0.000113
8.462000,-0.000079,0.000113
8.463000,-0.000079,0.000113
8.464000,-0.000079,0.000114
8.465000,-0.000079,0.000114
8.466000,-0.000079,0.000115
8.467000,-0.000079,0.000115
8.468000,-0.000079,0.000116
8.469000,-0.000079,0.000116
8.470000,-0.000079,0.000116
8.471000,-0.000079,0.000116
8.472000,-0.000079,0.000116
8.473000,-0.000079,0.000117
8.474000,-0.000078,0.000117
8.475000,-0.000079,0.000118
8.476000,-0.000078,0.000118
8.477000,-0.000078,0.000118
8.478000,-0.000079,0.000118
8.479000,-0.000078,0.000118
8.480000,-0.000078,0.000118
8.481000,-0.000079,0.000118
8.482000,-0.000079,0.000118
8.483000,-0.000079,0.000117
8.484000,-0.000079,0.000117
8.485000,-0.000078,0.000117
8.486000,-0.000078,0.000117
8.487000,-0.000078,0.000116
8.488000,-0.000079,0.000116
8.489000,-0.000078,0.000116
8.490000,-0.000079,0.000117
8.491000,-0.000079,0.000117
8.492000,-0.000079,0.000117
8.493000,-0.000079,0.000116
8.494000,-0.000079,0.000116
8.495000,-0.000078,0.000116
8.496000,-0.000078,0.000116
8.497000,-0.000078,0.000116
8.498000,-0.000077,0.000116
8.499000,-0.000077,0.000115
8.500000,-0.000077,0.000116
8.501000,-0.000077,0.000116
8.502000,-0.000077,0.000116
8.503000,-0.000077,0.000116
8.504000,-0.000077,0.000115
8.505000,-0.000078,0.000115
8.506000,-0.000078,0.000115
8.507000,-0.000078,0.000114
8.508000,-0.000078,0.000114
8.509000,-0.000078,0.000113
8.510000,-0.000078,0.000114
8.511000,-0.000078,0.000113
8.512000,-0.000077,0.000113
8.513000,-0.000077,0.000114
8.514000,-0.000078,0.000114
8.515000,-0.000078,0.000113
8.516000,-0.000078,0.000112
8.517000,-0.000078,0.000112
8.518000,-0.000079,0.000112
8.519000,-0.000079,0.000112
8.520000,-0.000079,0.000112
8.521000,-0.000078,0.000113
8.522000,-0.000079,0.000113
8.523000,-0.000079,0.000113
8.524000,-0.000078,0.000113
8.525000,-0.000078,0.000114
8.526000,-0.000078,0.000114
8.527000,-0.000078,0.000115
8.528000,-0.000078,0.000115
8.529000,-0.000078,0.000114
8.530000,-0.000078,0.000115
8.531000,-0.000078,0.000115
8.532000,-0.000078,0.000115
8.533000,-0.000077,0.000115
8.534000,-0.000077,0.000115
8.535000,-0.000078,0.000115
8.536000,-0.000077,0.000115
8.537000,-0.000077,0.000115
8.538000,-0.000077,0.000115
8.539000,-0.000077,0.000115
8.540000,-0.000077,0.000115
8.541000,-0.000077,0.000115
8.542000,-0.000077,0.000115
8.543000,-0.000077,0.000115
8.544000,-0.000077,0.000115
8.545000,-0.000077,0.000115
8.546000,-0.000077,0.000115
8.547000,-0.000076,0.000114
8.548000,-0.000076,0.000115
8.549000,-0.000077,0.000115
8.550000,-0.000076,0.000115
8.551000,-0.000076,0.000115
8.552000,-0.000076,0.000115
8.553000,-0.000076,0.000116
8.554000,-0.000075,0.000115
8.555000,-0.000076,0.000115
8.556000,-0.000076,0.000116
8.557000,-0.000076,0.000116
8.558000,-0.000076,0.000116
8.559000,-0.000076,0.000115
8.560000,-0.000076,0.000115
8.561000,-0.000076,0.000115
8.562000,-0.000075,0.000115
8.563000,-0.000075,0.000115
8.564000,-0.000076,0.000115
8.565000,-0.000075,0.000115
8.566000,-0.000075,0.000115
8.567000,-0.000075,0.000115
8.568000,-0.000075,0.000115
8.569000,-0.000075,0.000115
8.570000,-0.000075,0.000115
8.571000,-0.000075,0.000115
8.572000,-0.000074,0.000115
8.573000,-0.000074,0.000115
8.574000,-0.000075,0.000115
8.575000,-0.000075,0.000115
8.576000,-0.000074,0.000115
8.577000,-0.000075,0.000114
8.578000,-0.000075,0.000114
8.579000,-0.000075,0.000113
8.580000,-0.000074,0.000113
8.581000,-0.000075,0.000113
8.582000,-0.000074,0.000114
8.583000,-0.000074,0.000115
8.584000,-0.000074,0.000115
8.585000,-0.000074,0.000115
8.586000,-0.000075,0.000115
8.587000,-0.000075,0.000115
8.588000,-0.000074,0.000115
8.589000,-0.000074,0.000116
8.590000,-0.000074,0.000115
8.591000,-0.000074,0.000115
8.592000,-0.000074,0.000114
8.593000,-0.000074,0.000115
8.594000,-0.000074,0.000115
8.595000,-0.000074,0.000115
8.596000,-0.000074,0.000115
8.597000,-0.000074,0.000115
8.598000,-0.000074,0.000115
8.599000,-0.000074,0.000115
8.600000,-0.000074,0.000115
8.601000,-0.000074,0.000115
8.602000,-0.000073,0.000114
8.603000,-0.000073,0.000114
8.604000,-0.000073,0.000115
8.605000,-0.000073,0.000115
8.606000,-0.000073,0.000115
8.607000,-0.000073,0.000115
8.608000,-0.000073,0.000115
8.609000,-0.000074,0.000114
8.610000,-0.000074,0.000113
8.611000,-0.000074,0.000114
8.612000,-0.000075,0.000114
8.613000,-0.000074,0.000114
8.614000,-0.000075,0.000113
8.615000,-0.000074,0.000113
8.616000,-0.000074,0.000113
8.617000,-0.000074,0.000113
8.618000,-0.000074,0.000113
8.619000,-0.000073,0.000112
8.620000,-0.000073,0.000112
8.621000,-0.000073,0.000112
8.622000,-0.000073,0.000111
8.623000,-0.000073,0.000112
8.624000,-0.000073,0.000112
8.625000,-0.000073,0.000111
8.626000,-0.000073,0.000111
8.627000,-0.000073,0.000110
8.628000,-0.000074,0.000110
8.629000,-0.000073,0.000111
8.630000,-0.000074,0.000110
8.631000,-0.000073,0.000111
8.632000,-0.000074,0.000111
8.633000,-0.000074,0.000111
8.634000,-0.000074,0.000111
8.635000,-0.000074,0.000112
8.636000,-0.000074,0.000111
8.637000,-0.000074,0.000111
8.638000,-0.000074,0.000111
8.639000,-0.000074,0.000110
8.640000,-0.000073,0.000111
8.641000,-0.000073,0.000110
8.642000,-0.000072,0.000111
8.643000,-0.000073,0.000111
8.644000,-0.000073,0.000110
8.645000,-0.000073,0.000110
8.646000,-0.000072,0.000110
8.647000,-0.000072,0.000110
8.648000,-0.000072,0.000110
8.649000,-0.000072,0.000110
8.650000,-0.000072,0.000110
8.651000,-0.000072,0.000110
8.652000,-0.000072,0.000110
8.653000,-0.000072,0.000110
8.654000,-0.000072,0.000110
8.655000,-0.000072,0.000110
8.656000,-0.000072,0.000109
8.657000,-0.000071,0.000109
8.658000,-0.000072,0.000110
8.659000,-0.000072,0.000110
8.660000,-0.000072,0.000109
8.661000,-0.000073,0.000109
8.662000,-0.000073,0.000109
8.663000,-0.000073,0.000109
8.664000,-0.000073,0.000109
8.665000,-0.000073,0.000109
8.666000,-0.000073,0.000109
8.667000,-0.000073,0.000108
8.668000,-0.000074,0.000108
8.669000,-0.000074,0.000107
8.670000,-0.000074,0.000107
8.671000,-0.000074,0.000107
8.672000,-0.000075,0.000108
8.673000,-0.000074,0.000108
8.674000,-0.000074,0.000107
8.675000,-0.000074,0.000107
8.676000,-0.000074,0.000107
8.677000,-0.000074,0.000108
8.678000,-0.000074,0.000108
8.679000,-0.000074,0.000108
8.680000,-0.000075,0.000108
8.681000,-0.000075,0.000108
8.682000,-0.000075,0.000107
8.683000,-0.000075,0.000106
8.684000,-0.000075,0.000106
8.685000,-0.000075,0.000106
8.686000,-0.000074,0.000107
8.687000,-0.000074,0.000107
8.688000,-0.000074,0.000107
8.689000,-0.000075,0.000106
8.690000,-0.000074,0.000106
8.691000,-0.000074,0.000106
8.692000,-0.000074,0.000106
8.693000,-0.000074,0.000106
8.694000,-0.000074,0.000106
8.695000,-0.000075,0.000106
8.696000,-0.000075,0.000106
8.697000,-0.000075,0.000106
8.698000,-0.000075,0.000106
8.699000,-0.000075,0.000107
8.700000,-0.000075,0.000107
8.701000,-0.000075,0.000107
8.702000,-0.000075,0.000107
8.703000,-0.000075,0.000108
8.704000,-0.000075,0.000108
8.705000,-0.000075,0.000109
8.706000,-0.000075,0.000109
8.707000,-0.000075,0.000109
8.708000,-0.000075,0.000108
8.709000,-0.000074,0.000108
8.710000,-0.000074,0.000109
8.711000,-0.000074,0.000109
8.712000,-0.000074,0.000108
8.713000,-0.000074,0.000108
8.714000,-0.000073,0.000109
8.715000,-0.000073,0.000108
8.716000,-0.000073,0.000109
8.717000,-0.000073,0.000109
8.718000,-0.000074,0.000109
8.719000,-0.000074,0.000110
8.720000,-0.000075,0.000109
8.721000,-0.000075,0.000109
8.722000,-0.000075,0.000110
8.723000,-0.000075,0.000109
8.724000,-0.000074,0.000110
8.725000,-0.000074,0.000110
8.726000,-0.000074,0.000110
8.727000,-0.000073,0.000110
8.728000,-0.000073,0.000111
8.729000,-0.000074,0.000110
8.730000,-0.000074,0.000110
8.731000,-0.000074,0.000110
8.732000,-0.000074,0.000109
8.733000,-0.000074,0.000109
8.734000,-0.000074,0.000110
8.735000,-0.000074,0.000110
8.736000,-0.000074,0.000110
8.737000,-0.000074,0.000109
8.738000,-0.000074,0.000110
8.739000,-0.000074,0.000109
8.740000,-0.000075,0.000110
8.741000,-0.000075,0.000110
8.742000,-0.000075,0.000110
8.743000,-0.000075,0.000110
8.744000,-0.000074,0.000110
8.745000,-0.000074,0.000111
8.746000,-0.000074,0.000111
8.747000,-0.000075,0.000111
8.748000,-0.000075,0.000112
8.749000,-0.000075,0.000112
8.750000,-0.000076,0.000111
8.751000,-0.000076,0.000111
8.752000,-0.000076,0.000111
8.753000,-0.000077,0.000110
8.754000,-0.000076,0.000110
8.755000,-0.000077,0.000111
8.756000,-0.000076,0.000111
8.757000,-0.000076,0.000111
8.758000,-0.000075,0.000111
8.759000,-0.000074,0.000111
8.760000,-0.000074,0.000111
8.761000,-0.000074,0.000111
8.762000,-0.000074,0.000111
8.763000,-0.000074,0.000111
8.764000,-0.000074,0.000112
8.765000,-0.000075,0.000112
8.766000,-0.000074,0.000111
8.767000,-0.000074,0.000111
8.768000,-0.000074,0.000111
8.769000,-0.000074,0.000111
8.770000,-0.000074,0.000112
8.771000,-0.000074,0.000112
8.772000,-0.000075,0.000112
8.773000,-0.000075,0.000111
8.774000,-0.000076,0.000112
8.775000,-0.000075,0.000111
8.776000,-0.000075,0.000112
8.777000,-0.000076,0.000112
8.778000,-0.000075,0.000112
8.779000,-0.000075,0.000112
8.780000,-0.000074,0.000112
8.781000,-0.000074,0.000113
8.782000,-0.000073,0.000113
8.783000,-0.000074,0.000113
8.784000,-0.000074,0.000114
8.785000,-0.000073,0.000114
8.786000,-0.000074,0.000114
8.787000,-0.000073,0.000114
8.788000,-0.000074,0.000113
8.789000,-0.000074,0.000113
8.790000,-0.000074,0.000113
8.791000,-0.000074,0.000114
8.792000,-0.000074,0.000114
8.793000,-0.000074,0.000113
8.794000,-0.000074,0.000113
8.795000,-0.000074,0.000113
8.796000,-0.000074,0.000113
8.797000,-0.000073,0.000113
8.798000,-0.000074,0.000113
8.799000,-0.000074,0.000112
8.800000,-0.000074,0.000112
8.801000,-0.000074,0.000112
8.802000,-0.000074,0.000111
8.803000,-0.000075,0.000111
8.804000,-0.000075,0.000110
8.805000,-0.000075,0.000110
8.806000,-0.000075,0.000110
8.807000,-0.000075,0.000110
8.808000,-0.000075,0.000110
8.809000,-0.000075,0.000111
8.810000,-0.000074,0.000110
8.811000,-0.000075,0.000110
8.812000,-0.000075,0.000110
8.813000,-0.000075,0.000111
8.814000,-0.000075,0.000110
8.815000,-0.000075,0.000111
8.816000,-0.000075,0.000111
8.817000,-0.000075,0.000111
8.818000,-0.000075,0.000111
8.819000,-0.000075,0.000110
8.820000,-0.000074,0.000110
8.821000,-0.000074,0.000110
8.822000,-0.000074,0.000110
8.823000,-0.000074,0.000111
8.824000,-0.000074,0.000111
8.825000,-0.000074,0.000111
8.826000,-0.000075,0.000111
8.827000,-0.000074,0.000111
8.828000,-0.000074,0.000111
8.829000,-0.000074,0.000111
8.830000,-0.000074,0.000111
8.831000,-0.000074,0.000111
8.832000,-0.000074,0.000111
8.833000,-0.000074,0.000110
8.834000,-0.000074,0.000109
8.835000,-0.000074,0.000110
8.836000,-0.000074,0.000110
8.837000,-0.000075,0.000110
8.838000,-0.000075,0.000110
8.839000,-0.000075,0.000111
8.840000,-0.000074,0.000111
8.841000,-0.000074,0.000110
8.842000,-0.000075,0.000110
8.843000,-0.000075,0.000110
8.844000,-0.000075,0.000110
8.845000,-0.000076,0.000110
8.846000,-0.000076,0.000109
8.847000,-0.000075,0.000110
8.848000,-0.000075,0.000110
8.849000,-0.000075,0.000109
8.850000,-0.000075,0.000109
8.851000,-0.000075,0.000109
8.852000,-0.000075,0.000109
8.853000,-0.000074,0.000110
8.854000,-0.000074,0.000110
8.855000,-0.000074,0.000110
8.856000,-0.000074,0.000110
8.857000,-0.000075,0.000109
8.858000,-0.000075,0.000110
8.859000,-0.000075,0.000109
8.860000,-0.000075,0.000109
8.861000,-0.000075,0.000109
8.862000,-0.000075,0.000109
8.863000,-0.000075,0.000109
8.864000,-0.000074,0.000109
8.865000,-0.000074,0.000109
8.866000,-0.000074,0.000108
8.867000,-0.000075,0.000109
8.868000,-0.000075,0.000109
8.869000,-0.000075,0.000109
8.870000,-0.000075,0.000109
8.871000,-0.000075,0.000109
8.872000,-0.000074,0.000109
8.873000,-0.000074,0.000109
8.874000,-0.000073,0.000109
8.875000,-0.000073,0.000109
8.876000,-0.000074,0.000109
8.877000,-0.000074,0.000108
8.878000,-0.000074,0.000109
8.879000,-0.000074,0.000109
8.880000,-0.000074,0.000109
8.881000,-0.000075,0.000109
8.882000,-0.000075,0.000108
8.883000,-0.000075,0.000108
8.884000,-0.000075,0.000108
8.885000,-0.000075,0.000108
8.886000,-0.000076,0.000109
8.887000,-0.000075,0.000108
8.888000,-0.000075,0.000108
8.889000,-0.000075,0.000108
8.890000,-0.000075,0.000108
8.891000,-0.000075,0.000108
8.892000,-0.000075,0.000109
8.893000,-0.000075,0.000109
8.894000,-0.000075,0.000109
8.895000,-0.000075,0.000109
8.896000,-0.000075,0.000110
8.897000,-0.000076,0.000110
8.898000,-0.000076,0.000110
8.899000,-0.000075,0.000111
8.900000,-0.000075,0.000111
8.901000,-0.000075,0.000111
8.902000,-0.000075,0.000111
8.903000,-0.000075,0.000112
8.904000,-0.000074,0.000112
8.905000,-0.000075,0.000112
8.906000,-0.000074,0.000113
8.907000,-0.000074,0.000112
8.908000,-0.000075,0.000112
8.909000,-0.000075,0.000112
8.910000,-0.000076,0.000112
8.911000,-0.000076,0.000113
8.912000,-0.000075,0.000113
8.913000,-0.000075,0.000112
8.914000,-0.000075,0.000112
8.915000,-0.000075,0.000112
8.916000,-0.000075,0.000112
8.917000,-0.000075,0.000112
8.918000,-0.000074,0.000112
8.919000,-0.000074,0.000113
8.920000,-0.000074,0.000113
8.921000,-0.000074,0.000113
8.922000,-0.000074,0.000112
8.923000,-0.000075,0.000111
8.924000,-0.000074,0.000111
8.925000,-0.000075,0.000111
8.926000,-0.000074,0.000111
8.927000,-0.000075,0.000111
8.928000,-0.000074,0.000111
8.929000,-0.000075,0.000111
8.930000,-0.000074,0.000111
8.931000,-0.000075,0.000111
8.932000,-0.000075,0.000111
8.933000,-0.000075,0.000112
8.934000,-0.000075,0.000112
8.935000,-0.000074,0.000111
8.936000,-0.000074,0.000111
8.937000,-0.000074,0.000111
8.938000,-0.000074,0.000111
8.939000,-0.000074,0.000111
8.940000,-0.000075,0.000111
8.941000,-0.000075,0.000111
8.942000,-0.000074,0.000111
8.943000,-0.000073,0.000111
8.944000,-0.000073,0.000111
8.945000,-0.000072,0.000111
8.946000,-0.000071,0.000112
8.947000,-0.000072,0.000112
8.948000,-0.000072,0.000113
8.949000,-0.000072,0.000114
8.950000,-0.000073,0.000114
8.951000,-0.000073,0.000114
8.952000,-0.000072,0.000114
8.953000,-0.000072,0.000114
8.954000,-0.000073,0.000114
8.955000,-0.000073,0.000114
8.956000,-0.000073,0.000114
8.957000,-0.000073,0.000114
8.958000,-0.000074,0.000114
8.959000,-0.000074,0.000115
8.960000,-0.000074,0.000115
8.961000,-0.000073,0.000115
8.962000,-0.000073,0.000115
8.963000,-0.000073,0.000115
8.964000,-0.000073,0.000115
8.965000,-0.000073,0.000115
8.966000,-0.000073,0.000116
8.967000,-0.000073,0.000116
8.968000,-0.000073,0.000115
8.969000,-0.000073,0.000115
8.970000,-0.000073,0.000115
8.971000,-0.000073,0.000114
8.972000,-0.000073,0.000114
8.973000,-0.000073,0.000115
8.974000,-0.000074,0.000114
8.975000,-0.000073,0.000114
8.976000,-0.000073,0.000114
8.977000,-0.000073,0.000115
8.978000,-0.000072,0.000114
8.979000,-0.000072,0.000114
8.980000,-0.000073,0.000113
8.981000,-0.000072,0.000114
8.982000,-0.000072,0.000114
8.983000,-0.000072,0.000114
8.984000,-0.000072,0.000113
8.985000,-0.000072,0.000113
8.986000,-0.000072,0.000113
8.987000,-0.000073,0.000114
8.988000,-0.000072,0.000114
8.989000,-0.000072,0.000114
8.990000,-0.000072,0.000115
8.991000,-0.000071,0.000115
8.992000,-0.000071,0.000114
8.993000,-0.000071,0.000115
8.994000,-0.000070,0.000115
8.995000,-0.000071,0.000115
8.996000,-0.000070,0.000114
8.997000,-0.000070,0.000113
8.998000,-0.000070,0.000114
8.999000,-0.000071,0.000113
8.950000,-0.000073,0.000114
8.951000,-0.000073,0.000114
8.952000,-0.000072,0.000114
8.953000,-0.000073,0.000114
8.954000,-0.000073,0.000114
8.955000,-0.000073,0.000113
8.956000,-0.000073,0.000113
8.957000,-0.000073,0.000114
8.958000,-0.000073,0.000113
8.959000,-0.000073,0.000113
8.960000,-0.000073,0.000113
8.961000,-0.000072,0.000113
8.962000,-0.000073,0.000113
8.963000,-0.000073,0.000112
8.964000,-0.000073,0.000111
8.965000,-0.000073,0.000112
8.966000,-0.000074,0.000112
8.967000,-0.000073,0.000112
8.968000,-0.000074,0.000112
8.969000,-0.000074,0.000111
8.970000,-0.000074,0.000111
8.971000,-0.000074,0.000111
8.972000,-0.000074,0.000111
8.973000,-0.000074,0.000111
8.974000,-0.000075,0.000111
8.975000,-0.000074,0.000111
8.976000,-0.000073,0.000111
8.977000,-0.000073,0.000112
8.978000,-0.000073,0.000112
8.979000,-0.000074,0.000112
8.980000,-0.000074,0.000112
8.981000,-0.000073,0.000112
8.982000,-0.000073,0.000112
8.983000,-0.000073,0.000112
8.984000,-0.000073,0.000111
8.985000,-0.000074,0.000111
8.986000,-0.000074,0.000111
8.987000,-0.000074,0.000111
8.988000,-0.000074,0.000112
8.989000,-0.000073,0.000112
8.990000,-0.000072,0.000112
8.991000,-0.000072,0.000112
8.992000,-0.000073,0.000112
8.993000,-0.000072,0.000112
8.994000,-0.000072,0.000112
8.995000,-0.000072,0.000112
8.996000,-0.000072,0.000112
8.997000,-0.000072,0.000111
8.998000,-0.000072,0.000111
8.999000,-0.000073,0.000111
9.000000,-0.000073,0.000110
9.001000,-0.000072,0.000110
9.002000,-0.000072,0.000110
9.003000,-0.000072,0.000110
9.004000,-0.000071,0.000110
9.005000,-0.000071,0.000110
9.006000,-0.000071,0.000111
9.007000,-0.000071,0.000111
9.008000,-0.000071,0.000111
9.009000,-0.000071,0.000110
9.010000,-0.000071,0.000110
9.011000,-0.000072,0.000110
9.012000,-0.000072,0.000111
9.013000,-0.000072,0.000110
9.014000,-0.000073,0.000110
9.015000,-0.000073,0.000110
9.016000,-0.000073,0.000109
9.017000,-0.000073,0.000110
9.018000,-0.000073,0.000110
9.019000,-0.000074,0.000110
9.020000,-0.000074,0.000110
9.021000,-0.000074,0.000110
9.022000,-0.000074,0.000110
9.023000,-0.000074,0.000110
9.024000,-0.000075,0.000110
9.025000,-0.000075,0.000110
9.026000,-0.000075,0.000110
9.027000,-0.000075,0.000110
9.028000,-0.000075,0.000110
9.029000,-0.000075,0.000110
9.030000,-0.000075,0.000110
9.031000,-0.000075,0.000110
9.032000,-0.000075,0.000110
9.033000,-0.000075,0.000111
9.034000,-0.000075,0.000111
9.035000,-0.000075,0.000110
9.036000,-0.000075,0.000110
9.037000,-0.000075,0.000110
9.038000,-0.000075,0.000111
9.039000,-0.000075,0.000111
9.040000,-0.000075,0.000112
9.041000,-0.000075,0.000112
9.042000,-0.000075,0.000112
9.043000,-0.000076,0.000111
9.044000,-0.000076,0.000112
9.045000,-0.000076,0.000111
9.046000,-0.000077,0.000111
9.047000,-0.000077,0.000110
9.048000,-0.000077,0.000110
9.049000,-0.000077,0.000110
9.050000,-0.000077,0.000110
9.051000,-0.000077,0.000109
9.052000,-0.000077,0.000109
9.053000,-0.000077,0.000109
9.054000,-0.000076,0.000109
9.055000,-0.000077,0.000109
9.056000,-0.000077,0.000109
9.057000,-0.000077,0.000109
9.058000,-0.000077,0.000109
9.059000,-0.000077,0.000109
9.060000,-0.000077,0.000109
9.061000,-0.000077,0.000109
9.062000,-0.000077,0.000109
9.063000,-0.000078,0.000110
9.064000,-0.000077,0.000110
9.065000,-0.000078,0.000110
9.066000,-0.000077,0.000111
9.067000,-0.000078,0.000110
9.068000,-0.000077,0.000110
9.069000,-0.000078,0.000111
9.070000,-0.000077,0.000110
9.071000,-0.000077,0.000110
9.072000,-0.000077,0.000110
9.073000,-0.000077,0.000110
9.074000,-0.000077,0.000110
9.075000,-0.000077,0.000110
9.076000,-0.000077,0.000110
9.077000,-0.000078,0.000109
9.078000,-0.000078,0.000109
9.079000,-0.000078,0.000109
9.080000,-0.000078,0.000109
9.081000,-0.000077,0.000109
9.082000,-0.000077,0.000108
9.083000,-0.000078,0.000109
9.084000,-0.000077,0.000109
9.085000,-0.000078,0.000109
9.086000,-0.000078,0.000109
9.087000,-0.000077,0.000109
9.088000,-0.000076,0.000110
9.089000,-0.000076,0.000110
9.090000,-0.000077,0.000110
9.091000,-0.000077,0.000111
9.092000,-0.000077,0.000110
9.093000,-0.000077,0.000110
9.094000,-0.000077,0.000110
9.095000,-0.000077,0.000110
9.096000,-0.000078,0.000110
9.097000,-0.000077,0.000111
9.098000,-0.000078,0.000111
9.099000,-0.000077,0.000110
9.100000,-0.000078,0.000110
9.101000,-0.000078,0.000111
9.102000,-0.000078,0.000112
9.103000,-0.000078,0.000112
9.104000,-0.000079,0.000112
9.105000,-0.000079,0.000112
9.106000,-0.000080,0.000112
9.107000,-0.000079,0.000111
9.108000,-0.000079,0.000112
9.109000,-0.000079,0.000112
9.110000,-0.000079,0.000112
9.111000,-0.000079,0.000111
9.112000,-0.000079,0.000111
9.113000,-0.000078,0.000112
9.114000,-0.000078,0.000112
9.115000,-0.000078,0.000112
9.116000,-0.000078,0.000113
9.117000,-0.000078,0.000113
9.118000,-0.000077,0.000113
9.119000,-0.000078,0.000113
9.120000,-0.000078,0.000113
9.121000,-0.000078,0.000113
9.122000,-0.000078,0.000114
9.123000,-0.000078,0.000114
9.124000,-0.000078,0.000115
9.125000,-0.000078,0.000115
9.126000,-0.000078,0.000115
9.127000,-0.000077,0.000115
9.128000,-0.000077,0.000115
9.129000,-0.000077,0.000115
9.130000,-0.000077,0.000115
9.131000,-0.000077,0.000114
9.132000,-0.000077,0.000114
9.133000,-0.000077,0.000114
9.134000,-0.000077,0.000114
9.135000,-0.000077,0.000115
9.136000,-0.000077,0.000115
9.137000,-0.000077,0.000115
9.138000,-0.000077,0.000114
9.139000,-0.000077,0.000113
9.140000,-0.000077,0.000113
9.141000,-0.000077,0.000113
9.142000,-0.000078,0.000113
9.143000,-0.000077,0.000112
9.144000,-0.000077,0.000112
9.145000,-0.000076,0.000112
9.146000,-0.000077,0.000113
9.147000,-0.000076,0.000113
9.148000,-0.000076,0.000113
9.149000,-0.000076,0.000113
9.150000,-0.000076,0.000113
9.151000,-0.000076,0.000113
9.152000,-0.000076,0.000113
9.153000,-0.000076,0.000113
9.154000,-0.000077,0.000113
9.155000,-0.000077,0.000114
9.156000,-0.000077,0.000114
9.157000,-0.000077,0.000114
9.158000,-0.000077,0.000114
9.159000,-0.000077,0.000114
9.160000,-0.000077,0.000114
9.161000,-0.000076,0.000114
9.162000,-0.000076,0.000114
9.163000,-0.000075,0.000114
9.164000,-0.000076,0.000114
9.165000,-0.000076,0.000114
9.166000,-0.000077,0.000114
9.167000,-0.000076,0.000114
9.168000,-0.000076,0.000114
9.169000,-0.000076,0.000113
9.170000,-0.000076,0.000113
9.171000,-0.000076,0.000113
9.172000,-0.000076,0.000114
9.173000,-0.000076,0.000113
9.174000,-0.000076,0.000113
9.175000,-0.000076,0.000114
9.176000,-0.000076,0.000114
9.177000,-0.000075,0.000114
9.178000,-0.000075,0.000114
9.179000,-0.000074,0.000113
9.180000,-0.000075,0.000113
9.181000,-0.000076,0.000113
9.182000,-0.000076,0.000114
9.183000,-0.000075,0.000114
9.184000,-0.000075,0.000114
9.185000,-0.000075,0.000113
9.186000,-0.000075,0.000113
9.187000,-0.000076,0.000113
9.188000,-0.000076,0.000112
9.189000,-0.000077,0.000112
9.190000,-0.000076,0.000112
9.191000,-0.000076,0.000111
9.192000,-0.000076,0.000112
9.193000,-0.000076,0.000112
9.194000,-0.000076,0.000112
9.195000,-0.000077,0.000112
9.196000,-0.000077,0.000112
9.197000,-0.000077,0.000112
9.198000,-0.000076,0.000113
9.199000,-0.000076,0.000113
9.200000,-0.000077,0.000112
9.201000,-0.000077,0.000112
9.202000,-0.000077,0.000111
9.203000,-0.000076,0.000111
9.204000,-0.000076,0.000111
9.205000,-0.000075,0.000111
9.206000,-0.000075,0.000110
9.207000,-0.000076,0.000110
9.208000,-0.000076,0.000110
9.209000,-0.000076,0.000110
9.210000,-0.000077,0.000111
9.211000,-0.000076,0.000111
9.212000,-0.000076,0.000111
9.213000,-0.000077,0.000111
9.214000,-0.000077,0.000111
9.215000,-0.000077,0.000110
9.216000,-0.000077,0.000110
9.217000,-0.000076,0.000110
9.218000,-0.000077,0.000109
9.219000,-0.000076,0.000110
9.220000,-0.000076,0.000110
9.221000,-0.000076,0.000110
9.222000,-0.000076,0.000109
9.223000,-0.000076,0.000109
9.224000,-0.000076,0.000108
9.225000,-0.000076,0.000108
9.226000,-0.000076,0.000108
9.227000,-0.000077,0.000108
9.228000,-0.000077,0.000108
9.229000,-0.000077,0.000108
9.230000,-0.000076,0.000107
9.231000,-0.000076,0.000107
9.232000,-0.000076,0.000108
9.233000,-0.000076,0.000108
9.234000,-0.000077,0.000108
9.235000,-0.000077,0.000109
9.236000,-0.000077,0.000109
9.237000,-0.000078,0.000109
9.238000,-0.000077,0.000110
9.239000,-0.000077,0.000110
9.240000,-0.000077,0.000110
9.241000,-0.000077,0.000110
9.242000,-0.000077,0.000110
9.243000,-0.000077,0.000111
9.244000,-0.000077,0.000111
9.245000,-0.000077,0.000111
9.246000,-0.000076,0.000111
9.247000,-0.000076,0.000111
9.248000,-0.000076,0.000111
9.249000,-0.000076,0.000111
9.250000,-0.000076,0.000110
9.251000,-0.000076,0.000111
9.252000,-0.000076,0.000111
9.253000,-0.000076,0.000111
9.254000,-0.000076,0.000112
9.255000,-0.000076,0.000111
9.256000,-0.000076,0.000112
9.257000,-0.000077,0.000112
9.258000,-0.000077,0.000112
9.259000,-0.000077,0.000112
9.260000,-0.000076,0.000113
9.261000,-0.000076,0.000113
9.262000,-0.000076,0.000113
9.263000,-0.000076,0.000113
9.264000,-0.000076,0.000113
9.265000,-0.000075,0.000112
9.266000,-0.000074,0.000113
9.267000,-0.000075,0.000113
9.268000,-0.000074,0.000114
9.269000,-0.000075,0.000114
9.270000,-0.000075,0.000114
9.271000,-0.000075,0.000114
9.272000,-0.000075,0.000114
9.273000,-0.000075,0.000114
9.274000,-0.000075,0.000115
9.275000,-0.000075,0.000114
9.276000,-0.000075,0.000114
9.277000,-0.000076,0.000114
9.278000,-0.000076,0.000113
9.279000,-0.000076,0.000114
9.280000,-0.000075,0.000115
9.281000,-0.000075,0.000115
9.282000,-0.000075,0.000115
9.283000,-0.000075,0.000115
9.284000,-0.000074,0.000115
9.285000,-0.000074,0.000115
9.286000,-0.000074,0.000116
9.287000,-0.000074,0.000116
9.288000,-0.000074,0.000116
9.289000,-0.000073,0.000116
9.290000,-0.000074,0.000115
9.291000,-0.000074,0.000116
9.292000,-0.000074,0.000116
9.293000,-0.000075,0.000116
9.294000,-0.000074,0.000115
9.295000,-0.000074,0.000115
9.296000,-0.000074,0.000115
9.297000,-0.000074,0.000115
9.298000,-0.000074,0.000114
9.299000,-0.000074,0.000114
9.300000,-0.000074,0.000114
9.301000,-0.000073,0.000115
9.302000,-0.000073,0.000115
9.303000,-0.000073,0.000115
9.304000,-0.000073,0.000114
9.305000,-0.000073,0.000114
9.306000,-0.000074,0.000115
9.307000,-0.000074,0.000115
9.308000,-0.000074,0.000115
9.309000,-0.000074,0.000115
9.310000,-0.000074,0.000115
9.311000,-0.000074,0.000115
9.312000,-0.000074,0.000115
9.313000,-0.000073,0.000115
9.314000,-0.000073,0.000116
9.315000,-0.000073,0.000116
9.316000,-0.000073,0.000117
9.317000,-0.000073,0.000116
9.318000,-0.000073,0.000117
9.319000,-0.000073,0.000117
9.320000,-0.000073,0.000117
9.321000,-0.000073,0.000117
9.322000,-0.000073,0.000117
9.323000,-0.000073,0.000117
9.324000,-0.000073,0.000118
9.325000,-0.000073,0.000118
9.326000,-0.000073,0.000118
9.327000,-0.000073,0.000118
9.328000,-0.000072,0.000118
9.329000,-0.000072,0.000118
9.330000,-0.000072,0.000118
9.331000,-0.000072,0.000118
9.332000,-0.000073,0.000118
9.333000,-0.000072,0.000118
9.334000,-0.000072,0.000119
9.335000,-0.000072,0.000118
9.336000,-0.000072,0.000118
9.337000,-0.000072,0.000117
9.338000,-0.000072,0.000117
9.339000,-0.000072,0.000117
9.340000,-0.000072,0.000116
9.341000,-0.000073,0.000116
9.342000,-0.000073,0.000117
9.343000,-0.000073,0.000116
9.344000,-0.000073,0.000116
9.345000,-0.000074,0.000116
9.346000,-0.000073,0.000116
9.347000,-0.000074,0.000115
9.348000,-0.000074,0.000116
9.349000,-0.000073,0.000116
9.350000,-0.000073,0.000117
9.351000,-0.000073,0.000117
9.352000,-0.000073,0.000117
9.353000,-0.000072,0.000116
9.354000,-0.000073,0.000116
9.355000,-0.000073,0.000116
9.356000,-0.000073,0.000116
9.357000,-0.000072,0.000117
9.358000,-0.000072,0.000116
9.359000,-0.000072,0.000116
9.360000,-0.000073,0.000116
9.361000,-0.000073,0.000116
9.362000,-0.000073,0.000117
9.363000,-0.000073,0.000117
9.364000,-0.000073,0.000117
9.365000,-0.000073,0.000117
9.366000,-0.000073,0.000117
9.367000,-0.000073,0.000117
9.368000,-0.000073,0.000117
9.369000,-0.000073,0.000117
9.370000,-0.000073,0.000117
9.371000,-0.000073,0.000116
9.372000,-0.000073,0.000116
9.373000,-0.000073,0.000116
9.374000,-0.000073,0.000116
9.375000,-0.000073,0.000117
9.376000,-0.000073,0.000117
9.377000,-0.000073,0.000117
9.378000,-0.000073,0.000117
9.379000,-0.000073,0.000117
9.380000,-0.000073,0.000117
9.381000,-0.000073,0.000116
9.382000,-0.000073,0.000116
9.383000,-0.000073,0.000116
9.384000,-0.000074,0.000116
9.385000,-0.000074,0.000117
9.386000,-0.000074,0.000116
9.387000,-0.000074,0.000116
9.388000,-0.000074,0.000116
9.389000,-0.000074,0.000117
9.390000,-0.000074,0.000116
9.391000,-0.000074,0.000116
9.392000,-0.000074,0.000116
9.393000,-0.000073,0.000116
9.394000,-0.000074,0.000116
9.395000,-0.000074,0.000117
9.396000,-0.000074,0.000116
9.397000,-0.000074,0.000117
9.398000,-0.000074,0.000117
9.399000,-0.000074,0.000117
9.400000,-0.000074,0.000116
9.401000,-0.000074,0.000116
9.402000,-0.000074,0.000117
9.403000,-0.000074,0.000117
9.404000,-0.000074,0.000117
9.405000,-0.000074,0.000118
9.406000,-0.000074,0.000117
9.407000,-0.000073,0.000118
9.408000,-0.000073,0.000118
9.409000,-0.000073,0.000118
9.410000,-0.000073,0.000117
9.411000,-0.000073,0.000117
9.412000,-0.000073,0.000117
9.413000,-0.000074,0.000117
9.414000,-0.000074,0.000117
9.415000,-0.000074,0.000117
9.416000,-0.000074,0.000116
9.417000,-0.000074,0.000117
9.418000,-0.000074,0.000116
9.419000,-0.000074,0.000116
9.420000,-0.000074,0.000116
9.421000,-0.000074,0.000115
9.422000,-0.000073,0.000116
9.423000,-0.000073,0.000116
9.424000,-0.000074,0.000115
9.425000,-0.000074,0.000115
9.426000,-0.000075,0.000115
9.427000,-0.000074,0.000114
9.428000,-0.000075,0.000114
9.429000,-0.000074,0.000114
9.430000,-0.000075,0.000114
9.431000,-0.000074,0.000114
9.432000,-0.000074,0.000114
9.433000,-0.000073,0.000114
9.434000,-0.000073,0.000114
9.435000,-0.000073,0.000115
9.436000,-0.000073,0.000115
9.437000,-0.000073,0.000115
9.438000,-0.000073,0.000115
9.439000,-0.000073,0.000115
9.440000,-0.000073,0.000115
9.441000,-0.000073,0.000115
9.442000,-0.000074,0.000115
9.443000,-0.000073,0.000115
9.444000,-0.000073,0.000115
9.445000,-0.000073,0.000116
9.446000,-0.000074,0.000116
9.447000,-0.000074,0.000116
9.448000,-0.000074,0.000115
9.449000,-0.000074,0.000115
9.450000,-0.000074,0.000115
9.451000,-0.000073,0.000114
9.452000,-0.000074,0.000114
9.453000,-0.000074,0.000115
9.454000,-0.000074,0.000115
9.455000,-0.000073,0.000115
9.456000,-0.000073,0.000115
9.457000,-0.000073,0.000114
9.458000,-0.000073,0.000115
9.459000,-0.000074,0.000115
9.460000,-0.000073,0.000114
9.461000,-0.000074,0.000114
9.462000,-0.000074,0.000114
9.463000,-0.000075,0.000114
9.464000,-0.000074,0.000114
9.465000,-0.000075,0.000114
9.466000,-0.000074,0.000114
9.467000,-0.000074,0.000114
9.468000,-0.000074,0.000114
9.469000,-0.000074,0.000113
9.470000,-0.000073,0.000113
9.471000,-0.000074,0.000114
9.472000,-0.000073,0.000114
9.473000,-0.000073,0.000114
9.474000,-0.000073,0.000114
9.475000,-0.000073,0.000113
9.476000,-0.000073,0.000113
9.477000,-0.000073,0.000113
9.478000,-0.000074,0.000113
9.479000,-0.000074,0.000113
9.480000,-0.000074,0.000113
9.481000,-0.000074,0.000113
9.482000,-0.000074,0.000113
9.483000,-0.000074,0.000113
9.484000,-0.000074,0.000113
9.485000,-0.000073,0.000113
9.486000,-0.000074,0.000113
9.487000,-0.000074,0.000113
9.488000,-0.000075,0.000113
9.489000,-0.000075,0.000112
9.490000,-0.000075,0.000113
9.491000,-0.000075,0.000113
9.492000,-0.000074,0.000113
9.493000,-0.000075,0.000113
9.494000,-0.000074,0.000113
9.495000,-0.000074,0.000113
9.496000,-0.000074,0.000113
9.497000,-0.000073,0.000113
9.498000,-0.000073,0.000114
9.499000,-0.000073,0.000113
9.450000,-0.000074,0.000115
9.451000,-0.000073,0.000114
9.452000,-0.000073,0.000114
9.453000,-0.000074,0.000115
9.454000,-0.000074,0.000115
9.455000,-0.000074,0.000116
9.456000,-0.000074,0.000116
9.457000,-0.000074,0.000115
9.458000,-0.000074,0.000116
9.459000,-0.000074,0.000116
9.460000,-0.000074,0.000116
9.461000,-0.000074,0.000116
9.462000,-0.000074,0.000116
9.463000,-0.000075,0.000116
9.464000,-0.000075,0.000116
9.465000,-0.000075,0.000117
9.466000,-0.000074,0.000116
9.467000,-0.000074,0.000116
9.468000,-0.000074,0.000116
9.469000,-0.000073,0.000115
9.470000,-0.000073,0.000116
9.471000,-0.000074,0.000116
9.472000,-0.000073,0.000116
9.473000,-0.000073,0.000116
9.474000,-0.000073,0.000115
9.475000,-0.000074,0.000115
9.476000,-0.000074,0.000115
9.477000,-0.000074,0.000114
9.478000,-0.000075,0.000114
9.479000,-0.000075,0.000114
9.480000,-0.000074,0.000115
9.481000,-0.000074,0.000115
9.482000,-0.000073,0.000115
9.483000,-0.000074,0.000115
9.484000,-0.000074,0.000115
9.485000,-0.000073,0.000115
9.486000,-0.000074,0.000116
9.487000,-0.000075,0.000115
9.488000,-0.000074,0.000115
9.489000,-0.000075,0.000115
9.490000,-0.000075,0.000115
9.491000,-0.000075,0.000116
9.492000,-0.000075,0.000116
9.493000,-0.000075,0.000116
9.494000,-0.000074,0.000116
9.495000,-0.000073,0.000116
9.496000,-0.000073,0.000116
9.497000,-0.000073,0.000116
9.498000,-0.000073,0.000116
9.499000,-0.000074,0.000116
9.500000,-0.000074,0.000116
9.501000,-0.000074,0.000116
9.502000,-0.000075,0.000115
9.503000,-0.000075,0.000115
9.504000,-0.000075,0.000115
9.505000,-0.000075,0.000115
9.506000,-0.000074,0.000115
9.507000,-0.000074,0.000115
9.508000,-0.000074,0.000115
9.509000,-0.000074,0.000115
9.510000,-0.000074,0.000116
9.511000,-0.000074,0.000116
9.512000,-0.000074,0.000116
9.513000,-0.000075,0.000115
9.514000,-0.000075,0.000115
9.515000,-0.000075,0.000115
9.516000,-0.000075,0.000115
9.517000,-0.000075,0.000115
9.518000,-0.000075,0.000115
9.519000,-0.000075,0.000115
9.520000,-0.000075,0.000115
9.521000,-0.000075,0.000115
9.522000,-0.000076,0.000114
9.523000,-0.000076,0.000114
9.524000,-0.000076,0.000114
9.525000,-0.000076,0.000114
9.526000,-0.000076,0.000115
9.527000,-0.000076,0.000115
9.528000,-0.000076,0.000115
9.529000,-0.000077,0.000115
9.530000,-0.000077,0.000115
9.531000,-0.000077,0.000115
9.532000,-0.000077,0.000115
9.533000,-0.000077,0.000115
9.534000,-0.000077,0.000115
9.535000,-0.000077,0.000114
9.536000,-0.000076,0.000114
9.537000,-0.000077,0.000114
9.538000,-0.000077,0.000115
9.539000,-0.000077,0.000115
9.540000,-0.000077,0.000115
9.541000,-0.000077,0.000115
9.542000,-0.000077,0.000114
9.543000,-0.000077,0.000114
9.544000,-0.000077,0.000114
9.545000,-0.000078,0.000113
9.546000,-0.000077,0.000113
9.547000,-0.000077,0.000113
9.548000,-0.000077,0.000113
9.549000,-0.000077,0.000113
9.550000,-0.000077,0.000113
9.551000,-0.000076,0.000114
9.552000,-0.000077,0.000114
9.553000,-0.000077,0.000114
9.554000,-0.000077,0.000113
9.555000,-0.000076,0.000112
9.556000,-0.000077,0.000112
9.557000,-0.000077,0.000112
9.558000,-0.000078,0.000111
9.559000,-0.000077,0.000111
9.560000,-0.000078,0.000111
9.561000,-0.000077,0.000111
9.562000,-0.000078,0.000110
9.563000,-0.000077,0.000110
9.564000,-0.000078,0.000110
9.565000,-0.000078,0.000109
9.566000,-0.000077,0.000109
9.567000,-0.000077,0.000109
9.568000,-0.000077,0.000109
9.569000,-0.000078,0.000109
9.570000,-0.000077,0.000108
9.571000,-0.000078,0.000109
9.572000,-0.000078,0.000109
9.573000,-0.000078,0.000109
9.574000,-0.000078,0.000110
9.575000,-0.000078,0.000110
9.576000,-0.000078,0.000110
9.577000,-0.000078,0.000111
9.578000,-0.000078,0.000111
9.579000,-0.000078,0.000111
9.580000,-0.000078,0.000111
9.581000,-0.000078,0.000110
9.582000,-0.000079,0.000109
9.583000,-0.000078,0.000109
9.584000,-0.000078,0.000109
9.585000,-0.000078,0.000109
9.586000,-0.000078,0.000109
9.587000,-0.000079,0.000109
9.588000,-0.000079,0.000109
9.589000,-0.000079,0.000109
9.590000,-0.000079,0.000109
9.591000,-0.000079,0.000109
9.592000,-0.000079,0.000109
9.593000,-0.000079,0.000109
9.594000,-0.000079,0.000109
9.595000,-0.000079,0.000108
9.596000,-0.000079,0.000108
9.597000,-0.000079,0.000108
9.598000,-0.000079,0.000108
9.599000,-0.000079,0.000108
9.600000,-0.000079,0.000108
9.601000,-0.000079,0.000108
9.602000,-0.000079,0.000108
9.603000,-0.000079,0.000107
9.604000,-0.000079,0.000107
9.605000,-0.000079,0.000107
9.606000,-0.000079,0.000107
9.607000,-0.000079,0.000108
9.608000,-0.000079,0.000107
9.609000,-0.000079,0.000106
9.610000,-0.000079,0.000105
9.611000,-0.000080,0.000106
9.612000,-0.000079,0.000106
9.613000,-0.000078,0.000106
9.614000,-0.000078,0.000106
9.615000,-0.000078,0.000107
9.616000,-0.000078,0.000107
9.617000,-0.000077,0.000107
9.618000,-0.000077,0.000107
9.619000,-0.000077,0.000107
9.620000,-0.000076,0.000107
9.621000,-0.000076,0.000107
9.622000,-0.000076,0.000107
9.623000,-0.000076,0.000106
9.624000,-0.000076,0.000107
9.625000,-0.000075,0.000107
9.626000,-0.000076,0.000107
9.627000,-0.000076,0.000107
9.628000,-0.000075,0.000107
9.629000,-0.000075,0.000106
9.630000,-0.000075,0.000107
9.631000,-0.000075,0.000107
9.632000,-0.000075,0.000107
9.633000,-0.000074,0.000107
9.634000,-0.000074,0.000108
9.635000,-0.000075,0.000108
9.636000,-0.000075,0.000108
9.637000,-0.000074,0.000108
9.638000,-0.000075,0.000108
9.639000,-0.000074,0.000109
9.640000,-0.000074,0.000109
9.641000,-0.000074,0.000109
9.642000,-0.000074,0.000109
9.643000,-0.000074,0.000109
9.644000,-0.000075,0.000109
9.645000,-0.000074,0.000110
9.646000,-0.000074,0.000110
9.647000,-0.000073,0.000109
9.648000,-0.000074,0.000109
9.649000,-0.000074,0.000109
9.650000,-0.000074,0.000110
9.651000,-0.000074,0.000110
9.652000,-0.000074,0.000110
9.653000,-0.000074,0.000109
9.654000,-0.000074,0.000110
9.655000,-0.000074,0.000110
9.656000,-0.000074,0.000111
9.657000,-0.000074,0.000110
9.658000,-0.000074,0.000111
9.659000,-0.000074,0.000110
9.660000,-0.000074,0.000111
9.661000,-0.000074,0.000111
9.662000,-0.000074,0.000111
9.663000,-0.000074,0.000111
9.664000,-0.000074,0.000111
9.665000,-0.000074,0.000111
9.666000,-0.000074,0.000111
9.667000,-0.000074,0.000112
9.668000,-0.000074,0.000112
9.669000,-0.000074,0.000112
9.670000,-0.000074,0.000112
9.671000,-0.000074,0.000112
9.672000,-0.000074,0.000112
9.673000,-0.000074,0.000111
9.674000,-0.000073,0.000112
9.675000,-0.000074,0.000111
9.676000,-0.000073,0.000111
9.677000,-0.000074,0.000111
9.678000,-0.000073,0.000110
9.679000,-0.000073,0.000110
9.680000,-0.000073,0.000111
9.681000,-0.000073,0.000111
9.682000,-0.000073,0.000112
9.683000,-0.000073,0.000112
9.684000,-0.000073,0.000113
9.685000,-0.000073,0.000113
9.686000,-0.000073,0.000113
9.687000,-0.000072,0.000113
9.688000,-0.000073,0.000113
9.689000,-0.000072,0.000113
9.690000,-0.000072,0.000113
9.691000,-0.000072,0.000113
9.692000,-0.000072,0.000113
9.693000,-0.000072,0.000113
9.694000,-0.000072,0.000113
9.695000,-0.000072,0.000114
9.696000,-0.000072,0.000114
9.697000,-0.000072,0.000115
9.698000,-0.000072,0.000115
9.699000,-0.000072,0.000116
9.700000,-0.000071,0.000116
9.701000,-0.000072,0.000117
9.702000,-0.000071,0.000117
9.703000,-0.000071,0.000117
9.704000,-0.000071,0.000117
9.705000,-0.000071,0.000117
9.706000,-0.000071,0.000117
9.707000,-0.000071,0.000117
9.708000,-0.000071,0.000116
9.709000,-0.000071,0.000117
9.710000,-0.000071,0.000117
9.711000,-0.000071,0.000117
9.712000,-0.000071,0.000118
9.713000,-0.000072,0.000118
9.714000,-0.000073,0.000118
9.715000,-0.000073,0.000117
9.716000,-0.000073,0.000117
9.717000,-0.000073,0.000117
9.718000,-0.000073,0.000117
9.719000,-0.000074,0.000117
9.720000,-0.000074,0.000117
9.721000,-0.000074,0.000117
9.722000,-0.000074,0.000117
9.723000,-0.000073,0.000118
9.724000,-0.000073,0.000117
9.725000,-0.000073,0.000118
9.726000,-0.000073,0.000118
9.727000,-0.000073,0.000118
9.728000,-0.000074,0.000118
9.729000,-0.000074,0.000118
9.730000,-0.000074,0.000118
9.731000,-0.000074,0.000118
9.732000,-0.000075,0.000118
9.733000,-0.000075,0.000118
9.734000,-0.000075,0.000118
9.735000,-0.000074,0.000118
9.736000,-0.000074,0.000118
9.737000,-0.000075,0.000118
9.738000,-0.000074,0.000117
9.739000,-0.000074,0.000117
9.740000,-0.000074,0.000117
9.741000,-0.000074,0.000117
9.742000,-0.000074,0.000117
9.743000,-0.000075,0.000117
9.744000,-0.000074,0.000117
9.745000,-0.000074,0.000117
9.746000,-0.000075,0.000117
9.747000,-0.000075,0.000117
9.748000,-0.000075,0.000117
9.749000,-0.000075,0.000117
9.750000,-0.000076,0.000116
9.751000,-0.000075,0.000116
9.752000,-0.000075,0.000116
9.753000,-0.000074,0.000116
9.754000,-0.000074,0.000116
9.755000,-0.000073,0.000116
9.756000,-0.000073,0.000115
9.757000,-0.000073,0.000115
9.758000,-0.000073,0.000115
9.759000,-0.000074,0.000115
9.760000,-0.000074,0.000115
9.761000,-0.000074,0.000115
9.762000,-0.000074,0.000115
9.763000,-0.000075,0.000115
9.764000,-0.000075,0.000114
9.765000,-0.000075,0.000115
9.766000,-0.000075,0.000115
9.767000,-0.000075,0.000115
9.768000,-0.000075,0.000115
9.769000,-0.000076,0.000115
9.770000,-0.000075,0.000115
9.771000,-0.000075,0.000115
9.772000,-0.000075,0.000115
9.773000,-0.000075,0.000115
9.774000,-0.000076,0.000114
9.775000,-0.000075,0.000114
9.776000,-0.000075,0.000114
9.777000,-0.000075,0.000114
9.778000,-0.000075,0.000114
9.779000,-0.000076,0.000114
9.780000,-0.000075,0.000113
9.781000,-0.000075,0.000114
9.782000,-0.000075,0.000114
9.783000,-0.000075,0.000114
9.784000,-0.000075,0.000114
9.785000,-0.000075,0.000113
9.786000,-0.000075,0.000112
9.787000,-0.000075,0.000113
9.788000,-0.000075,0.000113
9.789000,-0.000076,0.000113
9.790000,-0.000077,0.000113
9.791000,-0.000076,0.000112
9.792000,-0.000077,0.000113
9.793000,-0.000076,0.000112
9.794000,-0.000077,0.000112
9.795000,-0.000076,0.000111
9.796000,-0.000076,0.000111
9.797000,-0.000076,0.000110
9.798000,-0.000075,0.000109
9.799000,-0.000075,0.000109
9.800000,-0.000076,0.000109
9.801000,-0.000076,0.000109
9.802000,-0.000076,0.000109
9.803000,-0.000076,0.000109
9.804000,-0.000076,0.000108
9.805000,-0.000076,0.000109
9.806000,-0.000076,0.000109
9.807000,-0.000077,0.000110
9.808000,-0.000076,0.000110
9.809000,-0.000077,0.000110
9.810000,-0.000077,0.000109
9.811000,-0.000076,0.000110
9.812000,-0.000076,0.000110
9.813000,-0.000076,0.000109
9.814000,-0.000076,0.000109
9.815000,-0.000076,0.000109
9.816000,-0.000076,0.000109
9.817000,-0.000076,0.000109
9.818000,-0.000076,0.000109
9.819000,-0.000076,0.000109
9.820000,-0.000076,0.000110
9.821000,-0.000077,0.000109
9.822000,-0.000077,0.000109
9.823000,-0.000077,0.000109
9.824000,-0.000077,0.000110
9.825000,-0.000078,0.000110
9.826000,-0.000077,0.000109
9.827000,-0.000078,0.000109
9.828000,-0.000077,0.000109
9.829000,-0.000077,0.000109
9.830000,-0.000077,0.000109
9.831000,-0.000077,0.000108
9.832000,-0.000077,0.000108
9.833000,-0.000076,0.000108
9.834000,-0.000076,0.000108
9.835000,-0.000076,0.000108
9.836000,-0.000077,0.000107
9.837000,-0.000077,0.000107
9.838000,-0.000077,0.000108
9.839000,-0.000077,0.000109
9.840000,-0.000077,0.000109
9.841000,-0.000076,0.000108
9.842000,-0.000077,0.000108
9.843000,-0.000077,0.000108
9.844000,-0.000076,0.000108
9.845000,-0.000076,0.000108
9.846000,-0.000077,0.000108
9.847000,-0.000077,0.000107
9.848000,-0.000077,0.000108
9.849000,-0.000077,0.000108
9.850000,-0.000076,0.000108
9.851000,-0.000076,0.000108
9.852000,-0.000076,0.000108
9.853000,-0.000076,0.000109
9.854000,-0.000077,0.000109
9.855000,-0.000077,0.000109
9.856000,-0.000077,0.000109
9.857000,-0.000077,0.000109
9.858000,-0.000078,0.000109
9.859000,-0.000077,0.000109
9.860000,-0.000077,0.000109
9.861000,-0.000076,0.000109
9.862000,-0.000076,0.000109
9.863000,-0.000075,0.000109
9.864000,-0.000076,0.000110
9.865000,-0.000076,0.000109
9.866000,-0.000076,0.000109
9.867000,-0.000077,0.000109
9.868000,-0.000076,0.000108
9.869000,-0.000076,0.000109
9.870000,-0.000076,0.000109
9.871000,-0.000076,0.000109
9.872000,-0.000076,0.000109
9.873000,-0.000076,0.000109
9.874000,-0.000076,0.000110
9.875000,-0.000076,0.000110
9.876000,-0.000076,0.000109
9.877000,-0.000077,0.000109
9.878000,-0.000077,0.000110
9.879000,-0.000077,0.000110
9.880000,-0.000077,0.000110
9.881000,-0.000077,0.000110
9.882000,-0.000078,0.000109
9.883000,-0.000077,0.000110
9.884000,-0.000077,0.000110
9.885000,-0.000076,0.000110
9.886000,-0.000076,0.000111
9.887000,-0.000077,0.000111
9.888000,-0.000077,0.000111
9.889000,-0.000077,0.000111
9.890000,-0.000076,0.000110
9.891000,-0.000076,0.000110
9.892000,-0.000076,0.000109
9.893000,-0.000076,0.000110
9.894000,-0.000076,0.000111
9.895000,-0.000077,0.000111
9.896000,-0.000077,0.000111
9.897000,-0.000078,0.000110
9.898000,-0.000077,0.000111
9.899000,-0.000077,0.000111
9.900000,-0.000077,0.000111
9.901000,-0.000077,0.000112
9.902000,-0.000077,0.000111
9.903000,-0.000077,0.000111
9.904000,-0.000077,0.000112
9.905000,-0.000077,0.000111
9.906000,-0.000076,0.000111
9.907000,-0.000076,0.000111
9.908000,-0.000076,0.000111
9.909000,-0.000076,0.000111
9.910000,-0.000076,0.000110
9.911000,-0.000076,0.000110
9.912000,-0.000076,0.000110
9.913000,-0.000075,0.000110
9.914000,-0.000075,0.000110
9.915000,-0.000075,0.000110
9.916000,-0.000075,0.000110
9.917000,-0.000076,0.000110
9.918000,-0.000076,0.000110
9.919000,-0.000076,0.000110
9.920000,-0.000076,0.000110
9.921000,-0.000076,0.000110
9.922000,-0.000075,0.000110
9.923000,-0.000075,0.000110
9.924000,-0.000075,0.000109
9.925000,-0.000074,0.000109
9.926000,-0.000074,0.000110
9.927000,-0.000074,0.000110
9.928000,-0.000075,0.000111
9.929000,-0.000076,0.000111
9.930000,-0.000076,0.000110
9.931000,-0.000076,0.000111
9.932000,-0.000076,0.000111
9.933000,-0.000076,0.000111
9.934000,-0.000076,0.000111
9.935000,-0.000076,0.000111
9.936000,-0.000076,0.000112
9.937000,-0.000076,0.000111
9.938000,-0.000075,0.000111
9.939000,-0.000075,0.000110
9.940000,-0.000075,0.000110
9.941000,-0.000074,0.000110
9.942000,-0.000074,0.000111
9.943000,-0.000074,0.000111
9.944000,-0.000075,0.000111
9.945000,-0.000075,0.000110
9.946000,-0.000075,0.000110
9.947000,-0.000075,0.000111
9.948000,-0.000075,0.000111
9.949000,-0.000075,0.000110
9.950000,-0.000076,0.000110
9.951000,-0.000076,0.000110
9.952000,-0.000076,0.000110
9.953000,-0.000076,0.000110
9.954000,-0.000076,0.000110
9.955000,-0.000076,0.000109
9.956000,-0.000076,0.000110
9.957000,-0.000076,0.000110
9.958000,-0.000075,0.000110
9.959000,-0.000076,0.000110
9.960000,-0.000075,0.000110
9.961000,-0.000076,0.000110
9.962000,-0.000076,0.000110
9.963000,-0.000076,0.000110
9.964000,-0.000075,0.000110
9.965000,-0.000076,0.000110
9.966000,-0.000075,0.000110
9.967000,-0.000075,0.000110
9.968000,-0.000076,0.000110
9.969000,-0.000076,0.000110
9.970000,-0.000076,0.000110
9.971000,-0.000076,0.000109
9.972000,-0.000076,0.000110
9.973000,-0.000075,0.000110
9.974000,-0.000075,0.000110
9.975000,-0.000075,0.000110
9.976000,-0.000075,0.000110
9.977000,-0.000074,0.000110
9.978000,-0.000075,0.000110
9.979000,-0.000074,0.000109
9.980000,-0.000075,0.000109
9.981000,-0.000075,0.000110
9.982000,-0.000075,0.000110
9.983000,-0.000075,0.000109
9.984000,-0.000076,0.000109
9.985000,-0.000076,0.000108
9.986000,-0.000076,0.000108
9.987000,-0.000076,0.000107
9.988000,-0.000075,0.000107
9.989000,-0.000075,0.000107
9.990000,-0.000075,0.000108
9.991000,-0.000075,0.000108
9.992000,-0.000075,0.000109
9.993000,-0.000076,0.000108
9.994000,-0.000075,0.000108
9.995000,-0.000075,0.000108
9.996000,-0.000075,0.000109
9.997000,-0.000075,0.000109
9.998000,-0.000076,0.000109
9.999000,-0.000077,0.000107
9.950000,-0.000076,0.000110
9.951000,-0.000076,0.000110
9.952000,-0.000076,0.000111
9.953000,-0.000077,0.000111
9.954000,-0.000076,0.000111
9.955000,-0.000076,0.000111
9.956000,-0.000075,0.000111
9.957000,-0.000075,0.000111
9.958000,-0.000074,0.000111
9.959000,-0.000075,0.000111
9.960000,-0.000074,0.000112
9.961000,-0.000075,0.000112
9.962000,-0.000076,0.000112
9.963000,-0.000075,0.000112
9.964000,-0.000076,0.000112
9.965000,-0.000075,0.000112
9.966000,-0.000075,0.000112
9.967000,-0.000075,0.000112
9.968000,-0.000076,0.000112
9.969000,-0.000076,0.000112
9.970000,-0.000077,0.000112
9.971000,-0.000077,0.000112
9.972000,-0.000076,0.000113
9.973000,-0.000076,0.000114
9.974000,-0.000075,0.000114
9.975000,-0.000076,0.000114
9.976000,-0.000075,0.000114
9.977000,-0.000075,0.000114
9.978000,-0.000076,0.000113
9.979000,-0.000076,0.000112
9.980000,-0.000076,0.000112
9.981000,-0.000076,0.000113
9.982000,-0.000076,0.000113
9.983000,-0.000076,0.000113
9.984000,-0.000077,0.000112
9.985000,-0.000077,0.000112
9.986000,-0.000077,0.000112
9.987000,-0.000076,0.000111
9.988000,-0.000076,0.000111
9.989000,-0.000075,0.000111
9.990000,-0.000075,0.000112
9.991000,-0.000075,0.000112
9.992000,-0.000076,0.000112
9.993000,-0.000076,0.000111
9.994000,-0.000076,0.000112
9.995000,-0.000076,0.000113
9.996000,-0.000076,0.000113
9.997000,-0.000076,0.000114
9.998000,-0.000076,0.000113
9.999000,-0.000076,0.000113
10.000000,-0.000075,0.000113
10.001000,-0.000075,0.000113
10.002000,-0.000075,0.000113
10.003000,-0.000075,0.000113
10.004000,-0.000076,0.000113
10.005000,-0.000076,0.000113
10.006000,-0.000077,0.000112
10.007000,-0.000077,0.000112
10.008000,-0.000076,0.000113
10.009000,-0.000077,0.000113
10.010000,-0.000076,0.000114
10.011000,-0.000077,0.000114
10.012000,-0.000076,0.000114
10.013000,-0.000076,0.000115
10.014000,-0.000076,0.000115
10.015000,-0.000076,0.000115
10.016000,-0.000077,0.000115
10.017000,-0.000077,0.000115
10.018000,-0.000077,0.000116
10.019000,-0.000077,0.000116
10.020000,-0.000077,0.000116
10.021000,-0.000077,0.000116
10.022000,-0.000077,0.000115
10.023000,-0.000077,0.000115
10.024000,-0.000077,0.000115
10.025000,-0.000076,0.000116
10.026000,-0.000077,0.000115
10.027000,-0.000076,0.000116
10.028000,-0.000076,0.000116
10.029000,-0.000076,0.000116
10.030000,-0.000076,0.000116
10.031000,-0.000076,0.000115
10.032000,-0.000076,0.000115
10.033000,-0.000076,0.000115
10.034000,-0.000076,0.000115
10.035000,-0.000077,0.000115
10.036000,-0.000077,0.000114
10.037000,-0.000077,0.000115
10.038000,-0.000077,0.000115
10.039000,-0.000077,0.000115
10.040000,-0.000077,0.000115
10.041000,-0.000077,0.000115
10.042000,-0.000077,0.000114
10.043000,-0.000077,0.000114
10.044000,-0.000077,0.000115
10.045000,-0.000077,0.000116
10.046000,-0.000076,0.000115
10.047000,-0.000077,0.000114
10.048000,-0.000077,0.000114
10.049000,-0.000077,0.000115
10.050000,-0.000077,0.000115
10.051000,-0.000077,0.000114
10.052000,-0.000078,0.000114
10.053000,-0.000077,0.000114
10.054000,-0.000077,0.000114
10.055000,-0.000077,0.000114
10.056000,-0.000077,0.000114
10.057000,-0.000077,0.000114
10.058000,-0.000077,0.000114
10.059000,-0.000078,0.000114
10.060000,-0.000078,0.000113
10.061000,-0.000078,0.000113
10.062000,-0.000077,0.000113
10.063000,-0.000078,0.000112
10.064000,-0.000077,0.000113
10.065000,-0.000078,0.000112
10.066000,-0.000078,0.000112
10.067000,-0.000078,0.000112
10.068000,-0.000077,0.000112
10.069000,-0.000077,0.000112
10.070000,-0.000077,0.000112
10.071000,-0.000077,0.000112
10.072000,-0.000077,0.000112
10.073000,-0.000077,0.000111
10.074000,-0.000077,0.000111
10.075000,-0.000077,0.000112
10.076000,-0.000077,0.000113
10.077000,-0.000077,0.000114
10.078000,-0.000077,0.000113
10.079000,-0.000077,0.000114
10.080000,-0.000077,0.000114
10.081000,-0.000078,0.000115
10.082000,-0.000077,0.000115
10.083000,-0.000077,0.000116
10.084000,-0.000077,0.000117
10.085000,-0.000076,0.000117
10.086000,-0.000076,0.000117
10.087000,-0.000076,0.000118
10.088000,-0.000077,0.000119
10.089000,-0.000077,0.000120
10.090000,-0.000077,0.000120
10.091000,-0.000078,0.000120
10.092000,-0.000077,0.000121
10.093000,-0.000077,0.000122
10.094000,-0.000077,0.000122
10.095000,-0.000077,0.000123
10.096000,-0.000077,0.000123
10.097000,-0.000077,0.000123
10.098000,-0.000077,0.000125
10.099000,-0.000077,0.000125
10.100000,-0.000077,0.000126
10.101000,-0.000077,0.000126
10.102000,-0.000077,0.000126
10.103000,-0.000076,0.000127
10.104000,-0.000077,0.000128
10.105000,-0.000077,0.000128
10.106000,-0.000077,0.000130
10.107000,-0.000077,0.000130
10.108000,-0.000077,0.000131
10.109000,-0.000077,0.000131
10.110000,-0.000076,0.000131
10.111000,-0.000076,0.000131
10.112000,-0.000077,0.000131
10.113000,-0.000076,0.000132
10.114000,-0.000077,0.000133
10.115000,-0.000076,0.000133
10.116000,-0.000076,0.000133
10.117000,-0.000076,0.000133
10.118000,-0.000076,0.000133
10.119000,-0.000076,0.000134
10.120000,-0.000076,0.000134
10.121000,-0.000076,0.000135
10.122000,-0.000076,0.000137
10.123000,-0.000075,0.000138
10.124000,-0.000076,0.000138
10.125000,-0.000076,0.000139
10.126000,-0.000075,0.000139
10.127000,-0.000075,0.000140
10.128000,-0.000075,0.000140
10.129000,-0.000075,0.000141
10.130000,-0.000075,0.000142
10.131000,-0.000075,0.000144
10.132000,-0.000075,0.000144
10.133000,-0.000075,0.000145
10.134000,-0.000075,0.000146
10.135000,-0.000074,0.000147
10.136000,-0.000074,0.000148
10.137000,-0.000074,0.000149
10.138000,-0.000074,0.000150
10.139000,-0.000074,0.000152
10.140000,-0.000073,0.000153
10.141000,-0.000074,0.000154
10.142000,-0.000073,0.000156
10.143000,-0.000072,0.000157
10.144000,-0.000072,0.000158
10.145000,-0.000071,0.000159
10.146000,-0.000072,0.000161
10.147000,-0.000071,0.000162
10.148000,-0.000071,0.000164
10.149000,-0.000070,0.000166
10.150000,-0.000070,0.000167
10.151000,-0.000070,0.000168
10.152000,-0.000069,0.000169
10.153000,-0.000069,0.000170
10.154000,-0.000070,0.000172
10.155000,-0.000069,0.000173
10.156000,-0.000069,0.000174
10.157000,-0.000069,0.000175
10.158000,-0.000069,0.000177
10.159000,-0.000067,0.000179
10.160000,-0.000067,0.000181
10.161000,-0.000066,0.000182
10.162000,-0.000065,0.000184
10.163000,-0.000065,0.000185
10.164000,-0.000065,0.000187
10.165000,-0.000064,0.000190
10.166000,-0.000063,0.000191
10.167000,-0.000063,0.000193
10.168000,-0.000063,0.000194
10.169000,-0.000062,0.000195
10.170000,-0.000062,0.000196
10.171000,-0.000062,0.000197
10.172000,-0.000062,0.000198
10.173000,-0.000061,0.000199
10.174000,-0.000061,0.000201
10.175000,-0.000061,0.000202
10.176000,-0.000059,0.000202
10.177000,-0.000058,0.000203
10.178000,-0.000058,0.000205
10.179000,-0.000057,0.000207
10.180000,-0.000057,0.000208
10.181000,-0.000056,0.000209
10.182000,-0.000057,0.000210
10.183000,-0.000057,0.000212
10.184000,-0.000057,0.000212
10.185000,-0.000057,0.000213
10.186000,-0.000057,0.000214
10.187000,-0.000057,0.000216
10.188000,-0.000056,0.000216
10.189000,-0.000055,0.000218
10.190000,-0.000054,0.000220
10.191000,-0.000054,0.000221
10.192000,-0.000054,0.000222
10.193000,-0.000054,0.000223
10.194000,-0.000054,0.000224
10.195000,-0.000053,0.000225
10.196000,-0.000053,0.000227
10.197000,-0.000052,0.000228
10.198000,-0.000053,0.000229
10.199000,-0.000053,0.000230
10.200000,-0.000053,0.000231
10.201000,-0.000052,0.000233
10.202000,-0.000051,0.000235
10.203000,-0.000050,0.000236
10.204000,-0.000048,0.000237
10.205000,-0.000048,0.000239
10.206000,-0.000047,0.000241
10.207000,-0.000046,0.000242
10.208000,-0.000046,0.000243
10.209000,-0.000046,0.000244
10.210000,-0.000046,0.000246
10.211000,-0.000046,0.000248
10.212000,-0.000045,0.000249
10.213000,-0.000045,0.000251
10.214000,-0.000044,0.000253
10.215000,-0.000043,0.000255
10.216000,-0.000043,0.000256
10.217000,-0.000041,0.000258
10.218000,-0.000041,0.000260
10.219000,-0.000041,0.000262
10.220000,-0.000040,0.000263
10.221000,-0.000040,0.000264
10.222000,-0.000039,0.000265
10.223000,-0.000040,0.000267
10.224000,-0.000039,0.000267
10.225000,-0.000039,0.000269
10.226000,-0.000039,0.000270
10.227000,-0.000039,0.000271
10.228000,-0.000038,0.000272
10.229000,-0.000038,0.000273
10.230000,-0.000036,0.000275
10.231000,-0.000036,0.000275
10.232000,-0.000035,0.000276
10.233000,-0.000035,0.000278
10.234000,-0.000035,0.000279
10.235000,-0.000035,0.000280
10.236000,-0.000034,0.000281
10.237000,-0.000034,0.000282
10.238000,-0.000034,0.000283
10.239000,-0.000034,0.000283
10.240000,-0.000034,0.000283
10.241000,-0.000034,0.000283
10.242000,-0.000034,0.000284
10.243000,-0.000033,0.000284
10.244000,-0.000033,0.000285
10.245000,-0.000032,0.000286
10.246000,-0.000032,0.000288
10.247000,-0.000031,0.000289
10.248000,-0.000031,0.000289
10.249000,-0.000031,0.000290
10.250000,-0.000031,0.000290
10.251000,-0.000031,0.000292
10.252000,-0.000031,0.000292
10.253000,-0.000031,0.000293
10.254000,-0.000031,0.000293
10.255000,-0.000030,0.000294
10.256000,-0.000031,0.000294
10.257000,-0.000031,0.000295
10.258000,-0.000030,0.000294
10.259000,-0.000030,0.000294
10.260000,-0.000030,0.000295
10.261000,-0.000030,0.000295
10.262000,-0.000030,0.000295
10.263000,-0.000030,0.000296
10.264000,-0.000030,0.000296
10.265000,-0.000029,0.000296
10.266000,-0.000029,0.000296
10.267000,-0.000028,0.000298
10.268000,-0.000029,0.000299
10.269000,-0.000029,0.000299
10.270000,-0.000029,0.000300
10.271000,-0.000029,0.000300
10.272000,-0.000030,0.000300
10.273000,-0.000029,0.000300
10.274000,-0.000030,0.000299
10.275000,-0.000030,0.000300
10.276000,-0.000030,0.000300
10.277000,-0.000030,0.000301
10.278000,-0.000030,0.000301
10.279000,-0.000029,0.000301
10.280000,-0.000029,0.000302
10.281000,-0.000028,0.000301
10.282000,-0.000028,0.000302
10.283000,-0.000028,0.000302
10.284000,-0.000027,0.000302
10.285000,-0.000027,0.000302
10.286000,-0.000027,0.000302
10.287000,-0.000028,0.000301
10.288000,-0.000028,0.000301
10.289000,-0.000029,0.000300
10.290000,-0.000029,0.000300
10.291000,-0.000029,0.000300
10.292000,-0.000029,0.000299
10.293000,-0.000028,0.000299
10.294000,-0.000029,0.000298
10.295000,-0.000029,0.000298
10.296000,-0.000029,0.000298
10.297000,-0.000029,0.000298
10.298000,-0.000029,0.000296
10.299000,-0.000029,0.000296
10.300000,-0.000028,0.000295
10.301000,-0.000029,0.000294
10.302000,-0.000030,0.000293
10.303000,-0.000030,0.000293
10.304000,-0.000029,0.000292
10.305000,-0.000029,0.000291
10.306000,-0.000030,0.000291
10.307000,-0.000030,0.000290
10.308000,-0.000029,0.000289
10.309000,-0.000029,0.000289
10.310000,-0.000028,0.000288
10.311000,-0.000028,0.000287
10.312000,-0.000029,0.000286
10.313000,-0.000029,0.000285
10.314000,-0.000029,0.000284
10.315000,-0.000030,0.000283
10.316000,-0.000030,0.000282
10.317000,-0.000031,0.000281
10.318000,-0.000031,0.000279
10.319000,-0.000031,0.000278
10.320000,-0.000032,0.000277
10.321000,-0.000033,0.000276
10.322000,-0.000033,0.000276
10.323000,-0.000033,0.000275
10.324000,-0.000034,0.000275
10.325000,-0.000034,0.000273
10.326000,-0.000033,0.000272
10.327000,-0.000034,0.000271
10.328000,-0.000033,0.000270
10.329000,-0.000033,0.000269
10.330000,-0.000034,0.000268
10.331000,-0.000034,0.000267
10.332000,-0.000033,0.000267
10.333000,-0.000034,0.000265
10.334000,-0.000034,0.000264
10.335000,-0.000034,0.000263
10.336000,-0.000035,0.000262
10.337000,-0.000036,0.000261
10.338000,-0.000036,0.000260
10.339000,-0.000037,0.000259
10.340000,-0.000037,0.000259
10.341000,-0.000038,0.000258
10.342000,-0.000037,0.000256
10.343000,-0.000039,0.000254
10.344000,-0.000039,0.000254
10.345000,-0.000040,0.000252
10.346000,-0.000039,0.000250
10.347000,-0.000040,0.000248
10.348000,-0.000040,0.000247
10.349000,-0.000041,0.000246
10.350000,-0.000040,0.000244
10.351000,-0.000041,0.000242
10.352000,-0.000040,0.000241
10.353000,-0.000041,0.000240
10.354000,-0.000042,0.000239
10.355000,-0.000043,0.000237
10.356000,-0.000043,0.000235
10.357000,-0.000044,0.000233
10.358000,-0.000044,0.000232
10.359000,-0.000045,0.000230
10.360000,-0.000045,0.000229
10.361000,-0.000046,0.000228
10.362000,-0.000046,0.000226
10.363000,-0.000046,0.000224
10.364000,-0.000046,0.000223
10.365000,-0.000047,0.000222
10.366000,-0.000047,0.000219
10.367000,-0.000048,0.000218
10.368000,-0.000048,0.000217
10.369000,-0.000048,0.000215
10.370000,-0.000048,0.000213
10.371000,-0.000049,0.000211
10.372000,-0.000048,0.000210
10.373000,-0.000049,0.000208
10.374000,-0.000049,0.000207
10.375000,-0.000049,0.000205
10.376000,-0.000049,0.000204
10.377000,-0.000049,0.000202
10.378000,-0.000050,0.000200
10.379000,-0.000050,0.000198
10.380000,-0.000051,0.000196
10.381000,-0.000051,0.000195
10.382000,-0.000052,0.000193
10.383000,-0.000053,0.000192
10.384000,-0.000053,0.000190
10.385000,-0.000053,0.000188
10.386000,-0.000053,0.000187
10.387000,-0.000054,0.000186
10.388000,-0.000055,0.000185
10.389000,-0.000055,0.000183
10.390000,-0.000055,0.000181
10.391000,-0.000055,0.000179
10.392000,-0.000056,0.000179
10.393000,-0.000056,0.000178
10.394000,-0.000056,0.000177
10.395000,-0.000056,0.000175
10.396000,-0.000056,0.000173
10.397000,-0.000056,0.000172
10.398000,-0.000057,0.000170
10.399000,-0.000058,0.000168
10.400000,-0.000059,0.000167
10.401000,-0.000059,0.000165
10.402000,-0.000059,0.000164
10.403000,-0.000060,0.000162
10.404000,-0.000061,0.000161
10.405000,-0.000061,0.000160
10.406000,-0.000061,0.000158
10.407000,-0.000062,0.000157
10.408000,-0.000063,0.000155
10.409000,-0.000063,0.000154
10.410000,-0.000064,0.000153
10.411000,-0.000065,0.000152
10.412000,-0.000066,0.000151
10.413000,-0.000066,0.000149
10.414000,-0.000066,0.000148
10.415000,-0.000067,0.000146
10.416000,-0.000067,0.000146
10.417000,-0.000067,0.000145
10.418000,-0.000067,0.000144
10.419000,-0.000067,0.000143
10.420000,-0.000067,0.000142
10.421000,-0.000068,0.000141
10.422000,-0.000068,0.000139
10.423000,-0.000068,0.000138
10.424000,-0.000068,0.000137
10.425000,-0.000069,0.000136
10.426000,-0.000069,0.000135
10.427000,-0.000070,0.000134
10.428000,-0.000070,0.000133
10.429000,-0.000071,0.000132
10.430000,-0.000071,0.000131
10.431000,-0.000071,0.000131
10.432000,-0.000072,0.000130
10.433000,-0.000072,0.000129
10.434000,-0.000072,0.000129
10.435000,-0.000072,0.000128
10.436000,-0.000072,0.000127
10.437000,-0.000072,0.000126
10.438000,-0.000072,0.000126
10.439000,-0.000072,0.000125
10.440000,-0.000072,0.000124
10.441000,-0.000072,0.000123
10.442000,-0.000073,0.000123
10.443000,-0.000073,0.000123
10.444000,-0.000073,0.000122
10.445000,-0.000073,0.000122
10.446000,-0.000074,0.000122
10.447000,-0.000074,0.000121
10.448000,-0.000074,0.000121
10.449000,-0.000074,0.000121
10.450000,-0.000074,0.000120
10.451000,-0.000074,0.000120
10.452000,-0.000074,0.000119
10.453000,-0.000074,0.000118
10.454000,-0.000074,0.000118
10.455000,-0.000073,0.000118
10.456000,-0.000073,0.000117
10.457000,-0.000073,0.000118
10.458000,-0.000073,0.000118
10.459000,-0.000073,0.000118
10.460000,-0.000073,0.000117
10.461000,-0.000073,0.000117
10.462000,-0.000073,0.000116
10.463000,-0.000074,0.000116
10.464000,-0.000074,0.000116
10.465000,-0.000074,0.000116
10.466000,-0.000074,0.000116
10.467000,-0.000075,0.000115
10.468000,-0.000074,0.000114
10.469000,-0.000075,0.000115
10.470000,-0.000075,0.000115
10.471000,-0.000075,0.000114
10.472000,-0.000075,0.000115
10.473000,-0.000075,0.000115
10.474000,-0.000075,0.000115
10.475000,-0.000076,0.000114
10.476000,-0.000077,0.000114
10.477000,-0.000077,0.000114
10.478000,-0.000078,0.000114
10.479000,-0.000079,0.000114
10.480000,-0.000078,0.000114
10.481000,-0.000079,0.000113
10.482000,-0.000078,0.000114
10.483000,-0.000077,0.000113
10.484000,-0.000077,0.000113
10.485000,-0.000078,0.000114
10.486000,-0.000078,0.000113
10.487000,-0.000078,0.000113
10.488000,-0.000077,0.000114
10.489000,-0.000077,0.000114
10.490000,-0.000077,0.000114
10.491000,-0.000078,0.000114
10.492000,-0.000078,0.000113
10.493000,-0.000078,0.000113
10.494000,-0.000077,0.000112
10.495000,-0.000077,0.000113
10.496000,-0.000077,0.000112
10.497000,-0.000078,0.000113
10.498000,-0.000078,0.000114
10.499000,-0.000077,0.000114
10.450000,-0.000074,0.000120
10.451000,-0.000074,0.000120
10.452000,-0.000074,0.000119
10.453000,-0.000075,0.000119
10.454000,-0.000074,0.000119
10.455000,-0.000074,0.000118
10.456000,-0.000074,0.000117
10.457000,-0.000074,0.000118
10.458000,-0.000074,0.000118
10.459000,-0.000074,0.000118
10.460000,-0.000074,0.000117
10.461000,-0.000074,0.000116
10.462000,-0.000074,0.000116
10.463000,-0.000075,0.000116
10.464000,-0.000075,0.000116
10.465000,-0.000075,0.000116
10.466000,-0.000075,0.000116
10.467000,-0.000075,0.000116
10.468000,-0.000075,0.000115
10.469000,-0.000075,0.000115
10.470000,-0.000075,0.000116
10.471000,-0.000075,0.000116
10.472000,-0.000075,0.000116
10.473000,-0.000075,0.000116
10.474000,-0.000075,0.000115
10.475000,-0.000076,0.000115
10.476000,-0.000077,0.000114
10.477000,-0.000076,0.000114
10.478000,-0.000076,0.000115
10.479000,-0.000077,0.000115
10.480000,-0.000077,0.000115
10.481000,-0.000077,0.000114
10.482000,-0.000076,0.000114
10.483000,-0.000076,0.000114
10.484000,-0.000076,0.000113
10.485000,-0.000076,0.000114
10.486000,-0.000076,0.000113
10.487000,-0.000076,0.000113
10.488000,-0.000075,0.000113
10.489000,-0.000075,0.000113
10.490000,-0.000075,0.000113
10.491000,-0.000076,0.000113
10.492000,-0.000076,0.000112
10.493000,-0.000076,0.000112
10.494000,-0.000075,0.000112
10.495000,-0.000074,0.000112
10.496000,-0.000074,0.000112
10.497000,-0.000074,0.000112
10.498000,-0.000074,0.000112
10.499000,-0.000074,0.000112
10.500000,-0.000073,0.000112
10.501000,-0.000073,0.000112
10.502000,-0.000073,0.000112
10.503000,-0.000074,0.000113
10.504000,-0.000073,0.000113
10.505000,-0.000074,0.000113
10.506000,-0.000073,0.000113
10.507000,-0.000072,0.000113
10.508000,-0.000072,0.000114
10.509000,-0.000072,0.000114
10.510000,-0.000072,0.000114
10.511000,-0.000072,0.000115
10.512000,-0.000072,0.000114
10.513000,-0.000072,0.000114
10.514000,-0.000073,0.000114
10.515000,-0.000072,0.000114
10.516000,-0.000073,0.000113
10.517000,-0.000073,0.000113
10.518000,-0.000072,0.000113
10.519000,-0.000072,0.000112
10.520000,-0.000071,0.000113
10.521000,-0.000071,0.000112
10.522000,-0.000071,0.000113
10.523000,-0.000072,0.000113
10.524000,-0.000071,0.000113
10.525000,-0.000071,0.000113
10.526000,-0.000072,0.000113
10.527000,-0.000072,0.000113
10.528000,-0.000072,0.000113
10.529000,-0.000072,0.000113
10.530000,-0.000072,0.000113
10.531000,-0.000072,0.000113
10.532000,-0.000072,0.000112
10.533000,-0.000072,0.000112
10.534000,-0.000071,0.000111
10.535000,-0.000071,0.000111
10.536000,-0.000071,0.000112
10.537000,-0.000070,0.000112
10.538000,-0.000070,0.000112
10.539000,-0.000070,0.000112
10.540000,-0.000070,0.000112
10.541000,-0.000070,0.000112
10.542000,-0.000070,0.000112
10.543000,-0.000070,0.000111
10.544000,-0.000070,0.000110
10.545000,-0.000070,0.000111
10.546000,-0.000070,0.000111
10.547000,-0.000070,0.000111
10.548000,-0.000070,0.000111
10.549000,-0.000070,0.000111
10.550000,-0.000070,0.000111
10.551000,-0.000070,0.000110
10.552000,-0.000070,0.000110
10.553000,-0.000069,0.000110
10.554000,-0.000069,0.000110
10.555000,-0.000069,0.000110
10.556000,-0.000069,0.000111
10.557000,-0.000069,0.000111
10.558000,-0.000069,0.000110
10.559000,-0.000069,0.000110
10.560000,-0.000069,0.000110
10.561000,-0.000068,0.000110
10.562000,-0.000069,0.000109
10.563000,-0.000069,0.000109
10.564000,-0.000069,0.000108
10.565000,-0.000069,0.000108
10.566000,-0.000069,0.000108
10.567000,-0.000069,0.000108
10.568000,-0.000069,0.000108
10.569000,-0.000069,0.000108
10.570000,-0.000069,0.000108
10.571000,-0.000069,0.000108
10.572000,-0.000068,0.000109
10.573000,-0.000068,0.000110
10.574000,-0.000068,0.000111
10.575000,-0.000068,0.000111
10.576000,-0.000068,0.000112
10.577000,-0.000069,0.000112
10.578000,-0.000069,0.000113
10.579000,-0.000069,0.000114
10.580000,-0.000069,0.000114
10.581000,-0.000068,0.000115
10.582000,-0.000068,0.000116
10.583000,-0.000069,0.000117
10.584000,-0.000069,0.000118
10.585000,-0.000069,0.000119
10.586000,-0.000070,0.000119
10.587000,-0.000069,0.000120
10.588000,-0.000070,0.000121
10.589000,-0.000070,0.000123
10.590000,-0.000070,0.000123
10.591000,-0.000070,0.000124
10.592000,-0.000069,0.000125
10.593000,-0.000069,0.000125
10.594000,-0.000069,0.000126
10.595000,-0.000070,0.000127
10.596000,-0.000071,0.000128
10.597000,-0.000071,0.000129
10.598000,-0.000071,0.000131
10.599000,-0.000071,0.000131
10.600000,-0.000071,0.000132
10.601000,-0.000071,0.000133
10.602000,-0.000071,0.000135
10.603000,-0.000071,0.000135
10.604000,-0.000071,0.000136
10.605000,-0.000070,0.000136
10.606000,-0.000071,0.000137
10.607000,-0.000071,0.000138
10.608000,-0.000072,0.000138
10.609000,-0.000072,0.000139
10.610000,-0.000072,0.000140
10.611000,-0.000071,0.000141
10.612000,-0.000071,0.000141
10.613000,-0.000071,0.000142
10.614000,-0.000071,0.000144
10.615000,-0.000071,0.000144
10.616000,-0.000071,0.000145
10.617000,-0.000071,0.000146
10.618000,-0.000071,0.000147
10.619000,-0.000071,0.000149
10.620000,-0.000071,0.000149
10.621000,-0.000071,0.000150
10.622000,-0.000070,0.000151
10.623000,-0.000069,0.000152
10.624000,-0.000070,0.000154
10.625000,-0.000070,0.000154
10.626000,-0.000070,0.000155
10.627000,-0.000069,0.000156
10.628000,-0.000070,0.000157
10.629000,-0.000069,0.000158
10.630000,-0.000069,0.000159
10.631000,-0.000069,0.000160
10.632000,-0.000069,0.000161
10.633000,-0.000069,0.000162
10.634000,-0.000069,0.000163
10.635000,-0.000069,0.000164
10.636000,-0.000068,0.000165
10.637000,-0.000069,0.000165
10.638000,-0.000069,0.000167
10.639000,-0.000068,0.000168
10.640000,-0.000068,0.000169
10.641000,-0.000069,0.000170
10.642000,-0.000069,0.000172
10.643000,-0.000068,0.000173
10.644000,-0.000068,0.000175
10.645000,-0.000068,0.000176
10.646000,-0.000067,0.000177
10.647000,-0.000067,0.000178
10.648000,-0.000067,0.000179
10.649000,-0.000066,0.000181
10.650000,-0.000065,0.000182
10.651000,-0.000065,0.000184
10.652000,-0.000065,0.000186
10.653000,-0.000065,0.000187
10.654000,-0.000065,0.000188
10.655000,-0.000065,0.000189
10.656000,-0.000065,0.000190
10.657000,-0.000065,0.000191
10.658000,-0.000065,0.000193
10.659000,-0.000065,0.000195
10.660000,-0.000065,0.000196
10.661000,-0.000064,0.000198
10.662000,-0.000064,0.000200
10.663000,-0.000063,0.000202
10.664000,-0.000063,0.000203
10.665000,-0.000063,0.000205
10.666000,-0.000063,0.000206
10.667000,-0.000062,0.000208
10.668000,-0.000062,0.000209
10.669000,-0.000062,0.000210
10.670000,-0.000061,0.000211
10.671000,-0.000061,0.000213
10.672000,-0.000062,0.000213
10.673000,-0.000061,0.000215
10.674000,-0.000061,0.000216
10.675000,-0.000061,0.000217
10.676000,-0.000061,0.000218
10.677000,-0.000061,0.000220
10.678000,-0.000061,0.000221
10.679000,-0.000060,0.000221
10.680000,-0.000060,0.000222
10.681000,-0.000060,0.000223
10.682000,-0.000059,0.000225
10.683000,-0.000059,0.000226
10.684000,-0.000058,0.000227
10.685000,-0.000058,0.000228
10.686000,-0.000058,0.000229
10.687000,-0.000058,0.000230
10.688000,-0.000058,0.000231
10.689000,-0.000057,0.000231
10.690000,-0.000057,0.000232
10.691000,-0.000056,0.000233
10.692000,-0.000056,0.000235
10.693000,-0.000056,0.000236
10.694000,-0.000055,0.000237
10.695000,-0.000055,0.000238
10.696000,-0.000054,0.000239
10.697000,-0.000055,0.000240
10.698000,-0.000054,0.000241
10.699000,-0.000053,0.000242
10.700000,-0.000053,0.000244
10.701000,-0.000053,0.000245
10.702000,-0.000053,0.000245
10.703000,-0.000053,0.000248
10.704000,-0.000052,0.000249
10.705000,-0.000053,0.000250
10.706000,-0.000053,0.000251
10.707000,-0.000052,0.000253
10.708000,-0.000052,0.000254
10.709000,-0.000051,0.000255
10.710000,-0.000051,0.000257
10.711000,-0.000051,0.000258
10.712000,-0.000051,0.000259
10.713000,-0.000051,0.000260
10.714000,-0.000051,0.000261
10.715000,-0.000050,0.000262
10.716000,-0.000050,0.000264
10.717000,-0.000050,0.000266
10.718000,-0.000050,0.000267
10.719000,-0.000050,0.000268
10.720000,-0.000049,0.000269
10.721000,-0.000049,0.000271
10.722000,-0.000049,0.000272
10.723000,-0.000049,0.000273
10.724000,-0.000049,0.000274
10.725000,-0.000048,0.000275
10.726000,-0.000047,0.000276
10.727000,-0.000046,0.000278
10.728000,-0.000046,0.000279
10.729000,-0.000046,0.000279
10.730000,-0.000046,0.000280
10.731000,-0.000047,0.000281
10.732000,-0.000047,0.000282
10.733000,-0.000046,0.000283
10.734000,-0.000046,0.000284
10.735000,-0.000046,0.000284
10.736000,-0.000046,0.000285
10.737000,-0.000045,0.000287
10.738000,-0.000045,0.000287
10.739000,-0.000045,0.000288
10.740000,-0.000044,0.000289
10.741000,-0.000044,0.000289
10.742000,-0.000043,0.000290
10.743000,-0.000044,0.000290
10.744000,-0.000044,0.000290
10.745000,-0.000045,0.000291
10.746000,-0.000044,0.000292
10.747000,-0.000045,0.000293
10.748000,-0.000044,0.000293
10.749000,-0.000044,0.000293
10.750000,-0.000044,0.000294
10.751000,-0.000045,0.000294
10.752000,-0.000044,0.000295
10.753000,-0.000044,0.000295
10.754000,-0.000043,0.000295
10.755000,-0.000043,0.000296
10.756000,-0.000043,0.000297
10.757000,-0.000043,0.000297
10.758000,-0.000042,0.000299
10.759000,-0.000043,0.000299
10.760000,-0.000043,0.000300
10.761000,-0.000043,0.000300
10.762000,-0.000043,0.000300
10.763000,-0.000043,0.000300
10.764000,-0.000043,0.000301
10.765000,-0.000043,0.000301
10.766000,-0.000043,0.000302
10.767000,-0.000044,0.000302
10.768000,-0.000044,0.000302
10.769000,-0.000044,0.000302
10.770000,-0.000044,0.000302
10.771000,-0.000044,0.000302
10.772000,-0.000044,0.000303
10.773000,-0.000044,0.000303
10.774000,-0.000044,0.000303
10.775000,-0.000044,0.000304
10.776000,-0.000044,0.000304
10.777000,-0.000044,0.000304
10.778000,-0.000045,0.000304
10.779000,-0.000045,0.000305
10.780000,-0.000045,0.000304
10.781000,-0.000046,0.000305
10.782000,-0.000046,0.000304
10.783000,-0.000046,0.000303
10.784000,-0.000045,0.000303
10.785000,-0.000045,0.000304
10.786000,-0.000045,0.000303
10.787000,-0.000045,0.000303
10.788000,-0.000045,0.000303
10.789000,-0.000045,0.000303
10.790000,-0.000045,0.000303
10.791000,-0.000046,0.000302
10.792000,-0.000047,0.000302
10.793000,-0.000046,0.000301
10.794000,-0.000047,0.000302
10.795000,-0.000046,0.000301
10.796000,-0.000047,0.000301
10.797000,-0.000046,0.000300
10.798000,-0.000046,0.000300
10.799000,-0.000047,0.000299
10.800000,-0.000046,0.000299
10.801000,-0.000047,0.000298
10.802000,-0.000046,0.000298
10.803000,-0.000046,0.000297
10.804000,-0.000047,0.000296
10.805000,-0.000046,0.000295
10.806000,-0.000047,0.000295
10.807000,-0.000047,0.000294
10.808000,-0.000047,0.000294
10.809000,-0.000047,0.000293
10.810000,-0.000046,0.000292
10.811000,-0.000046,0.000291
10.812000,-0.000046,0.000291
10.813000,-0.000046,0.000291
10.814000,-0.000046,0.000291
10.815000,-0.000046,0.000290
10.816000,-0.000046,0.000289
10.817000,-0.000046,0.000287
10.818000,-0.000046,0.000286
10.819000,-0.000046,0.000286
10.820000,-0.000047,0.000285
10.821000,-0.000047,0.000284
10.822000,-0.000048,0.000284
10.823000,-0.000048,0.000283
10.824000,-0.000048,0.000282
10.825000,-0.000048,0.000281
10.826000,-0.000049,0.000280
10.827000,-0.000049,0.000278
10.828000,-0.000050,0.000277
10.829000,-0.000051,0.000277
10.830000,-0.000051,0.000276
10.831000,-0.000050,0.000275
10.832000,-0.000050,0.000274
10.833000,-0.000050,0.000273
10.834000,-0.000050,0.000272
10.835000,-0.000051,0.000271
10.836000,-0.000051,0.000270
10.837000,-0.000051,0.000269
10.838000,-0.000052,0.000268
10.839000,-0.000052,0.000267
10.840000,-0.000053,0.000266
10.841000,-0.000054,0.000265
10.842000,-0.000054,0.000264
10.843000,-0.000054,0.000263
10.844000,-0.000054,0.000261
10.845000,-0.000054,0.000260
10.846000,-0.000054,0.000259
10.847000,-0.000054,0.000258
10.848000,-0.000055,0.000257
10.849000,-0.000055,0.000256
10.850000,-0.000055,0.000255
10.851000,-0.000056,0.000253
10.852000,-0.000056,0.000251
10.853000,-0.000057,0.000250
10.854000,-0.000057,0.000249
10.855000,-0.000058,0.000247
10.856000,-0.000058,0.000246
10.857000,-0.000058,0.000245
10.858000,-0.000058,0.000243
10.859000,-0.000058,0.000241
10.860000,-0.000058,0.000239
10.861000,-0.000058,0.000237
10.862000,-0.000059,0.000236
10.863000,-0.000059,0.000234
10.864000,-0.000059,0.000233
10.865000,-0.000060,0.000231
10.866000,-0.000060,0.000230
10.867000,-0.000060,0.000229
10.868000,-0.000060,0.000227
10.869000,-0.000060,0.000226
10.870000,-0.000060,0.000224
10.871000,-0.000060,0.000222
10.872000,-0.000060,0.000220
10.873000,-0.000060,0.000219
10.874000,-0.000061,0.000217
10.875000,-0.000061,0.000215
10.876000,-0.000061,0.000213
10.877000,-0.000061,0.000212
10.878000,-0.000061,0.000210
10.879000,-0.000061,0.000208
10.880000,-0.000061,0.000207
10.881000,-0.000061,0.000205
10.882000,-0.000061,0.000204
10.883000,-0.000062,0.000202
10.884000,-0.000062,0.000201
10.885000,-0.000063,0.000199
10.886000,-0.000063,0.000197
10.887000,-0.000063,0.000196
10.888000,-0.000063,0.000194
10.889000,-0.000064,0.000192
10.890000,-0.000064,0.000191
10.891000,-0.000064,0.000189
10.892000,-0.000064,0.000188
10.893000,-0.000064,0.000186
10.894000,-0.000065,0.000185
10.895000,-0.000064,0.000183
10.896000,-0.000064,0.000182
10.897000,-0.000065,0.000180
10.898000,-0.000066,0.000178
10.899000,-0.000066,0.000176
10.900000,-0.000067,0.000175
10.901000,-0.000066,0.000174
10.902000,-0.000067,0.000172
10.903000,-0.000067,0.000171
10.904000,-0.000067,0.000170
10.905000,-0.000067,0.000169
10.906000,-0.000067,0.000166
10.907000,-0.000068,0.000164
10.908000,-0.000069,0.000163
10.909000,-0.000070,0.000162
10.910000,-0.000070,0.000160
10.911000,-0.000070,0.000159
10.912000,-0.000071,0.000158
10.913000,-0.000070,0.000156
10.914000,-0.000070,0.000154
10.915000,-0.000070,0.000153
10.916000,-0.000071,0.000152
10.917000,-0.000071,0.000151
10.918000,-0.000071,0.000149
10.919000,-0.000072,0.000148
10.920000,-0.000071,0.000147
10.921000,-0.000071,0.000146
10.922000,-0.000071,0.000144
10.923000,-0.000071,0.000143
10.924000,-0.000071,0.000142
10.925000,-0.000071,0.000140
10.926000,-0.000071,0.000139
10.927000,-0.000072,0.000139
10.928000,-0.000071,0.000137
10.929000,-0.000071,0.000136
10.930000,-0.000071,0.000135
10.931000,-0.000072,0.000134
10.932000,-0.000073,0.000133
10.933000,-0.000073,0.000132
10.934000,-0.000073,0.000131
10.935000,-0.000073,0.000131
10.936000,-0.000074,0.000129
10.937000,-0.000073,0.000129
10.938000,-0.000073,0.000128
10.939000,-0.000073,0.000127
10.940000,-0.000073,0.000126
10.941000,-0.000072,0.000125
10.942000,-0.000073,0.000125
10.943000,-0.000073,0.000124
10.944000,-0.000073,0.000123
10.945000,-0.000073,0.000123
10.946000,-0.000073,0.000121
10.947000,-0.000073,0.000121
10.948000,-0.000073,0.000119
10.949000,-0.000073,0.000119
10.950000,-0.000074,0.000118
10.951000,-0.000074,0.000118
10.952000,-0.000074,0.000117
10.953000,-0.000074,0.000117
10.954000,-0.000074,0.000117
10.955000,-0.000074,0.000117
10.956000,-0.000074,0.000116
10.957000,-0.000074,0.000116
10.958000,-0.000075,0.000115
10.959000,-0.000075,0.000115
10.960000,-0.000075,0.000115
10.961000,-0.000074,0.000114
10.962000,-0.000074,0.000114
10.963000,-0.000074,0.000114
10.964000,-0.000075,0.000114
10.965000,-0.000075,0.000113
10.966000,-0.000075,0.000113
10.967000,-0.000075,0.000112
10.968000,-0.000075,0.000112
10.969000,-0.000075,0.000112
10.970000,-0.000076,0.000111
10.971000,-0.000076,0.000112
10.972000,-0.000076,0.000112
10.973000,-0.000075,0.000111
10.974000,-0.000075,0.000111
10.975000,-0.000075,0.000110
10.976000,-0.000075,0.000110
10.977000,-0.000075,0.000110
10.978000,-0.000075,0.000111
10.979000,-0.000075,0.000111
10.980000,-0.000075,0.000110
10.981000,-0.000075,0.000109
10.982000,-0.000075,0.000109
10.983000,-0.000075,0.000109
10.984000,-0.000076,0.000109
10.985000,-0.000076,0.000109
10.986000,-0.000075,0.000109
10.987000,-0.000075,0.000108
10.988000,-0.000075,0.000108
10.989000,-0.000074,0.000110
10.990000,-0.000075,0.000109
10.991000,-0.000075,0.000110
10.992000,-0.000075,0.000109
10.993000,-0.000075,0.000109
10.994000,-0.000075,0.000108
10.995000,-0.000076,0.000108
10.996000,-0.000077,0.000109
10.997000,-0.000077,0.000108
10.998000,-0.000077,0.000108
10.999000,-0.000075,0.000109
10.950000,-0.000074,0.000118
10.951000,-0.000074,0.000118
10.952000,-0.000074,0.000117
10.953000,-0.000073,0.000118
10.954000,-0.000073,0.000118
10.955000,-0.000073,0.000117
10.956000,-0.000074,0.000117
10.957000,-0.000073,0.000117
10.958000,-0.000074,0.000116
10.959000,-0.000074,0.000116
10.960000,-0.000074,0.000115
10.961000,-0.000074,0.000115
10.962000,-0.000074,0.000115
10.963000,-0.000074,0.000115
10.964000,-0.000075,0.000115
10.965000,-0.000074,0.000115
10.966000,-0.000075,0.000114
10.967000,-0.000075,0.000114
10.968000,-0.000075,0.000114
10.969000,-0.000075,0.000114
10.970000,-0.000075,0.000113
10.971000,-0.000075,0.000113
10.972000,-0.000075,0.000113
10.973000,-0.000075,0.000113
10.974000,-0.000075,0.000112
10.975000,-0.000075,0.000112
10.976000,-0.000075,0.000112
10.977000,-0.000075,0.000112
10.978000,-0.000075,0.000112
10.979000,-0.000075,0.000112
10.980000,-0.000075,0.000112
10.981000,-0.000075,0.000111
10.982000,-0.000075,0.000112
10.983000,-0.000074,0.000112
10.984000,-0.000074,0.000111
10.985000,-0.000074,0.000112
10.986000,-0.000074,0.000111
10.987000,-0.000075,0.000111
10.988000,-0.000075,0.000111
10.989000,-0.000074,0.000113
10.990000,-0.000075,0.000112
10.991000,-0.000075,0.000112
10.992000,-0.000075,0.000112
10.993000,-0.000075,0.000111
10.994000,-0.000074,0.000111
10.995000,-0.000075,0.000111
10.996000,-0.000076,0.000111
10.997000,-0.000075,0.000111
10.998000,-0.000075,0.000111
10.999000,-0.000075,0.000111
11.000000,-0.000075,0.000112
11.001000,-0.000075,0.000112
11.002000,-0.000075,0.000112
11.003000,-0.000075,0.000112
11.004000,-0.000076,0.000112
11.005000,-0.000075,0.000111
11.006000,-0.000075,0.000112
11.007000,-0.000075,0.000111
11.008000,-0.000074,0.000111
11.009000,-0.000075,0.000110
11.010000,-0.000074,0.000111
11.011000,-0.000074,0.000111
11.012000,-0.000074,0.000110
11.013000,-0.000074,0.000111
11.014000,-0.000075,0.000111
11.015000,-0.000075,0.000111
11.016000,-0.000075,0.000111
11.017000,-0.000076,0.000110
11.018000,-0.000075,0.000110
11.019000,-0.000075,0.000111
11.020000,-0.000075,0.000110
11.021000,-0.000076,0.000110
11.022000,-0.000076,0.000110
11.023000,-0.000076,0.000110
11.024000,-0.000075,0.000111
11.025000,-0.000075,0.000111
11.026000,-0.000075,0.000112
11.027000,-0.000076,0.000111
11.028000,-0.000076,0.000112
11.029000,-0.000076,0.000112
11.030000,-0.000076,0.000112
11.031000,-0.000076,0.000112
11.032000,-0.000076,0.000112
11.033000,-0.000076,0.000111
11.034000,-0.000076,0.000111
11.035000,-0.000076,0.000111
11.036000,-0.000076,0.000111
11.037000,-0.000076,0.000111
11.038000,-0.000076,0.000111
11.039000,-0.000076,0.000112
11.040000,-0.000076,0.000112
11.041000,-0.000076,0.000112
11.042000,-0.000076,0.000112
11.043000,-0.000075,0.000112
11.044000,-0.000075,0.000112
11.045000,-0.000076,0.000112
11.046000,-0.000076,0.000113
11.047000,-0.000076,0.000113
11.048000,-0.000076,0.000113
11.049000,-0.000076,0.000113
11.050000,-0.000076,0.000113
11.051000,-0.000076,0.000112
11.052000,-0.000076,0.000112
11.053000,-0.000076,0.000112
11.054000,-0.000077,0.000112
11.055000,-0.000077,0.000112
11.056000,-0.000076,0.000112
11.057000,-0.000076,0.000112
11.058000,-0.000076,0.000112
11.059000,-0.000076,0.000112
11.060000,-0.000076,0.000112
11.061000,-0.000076,0.000112
11.062000,-0.000076,0.000111
11.063000,-0.000076,0.000111
11.064000,-0.000076,0.000112
11.065000,-0.000077,0.000111
11.066000,-0.000076,0.000111
11.067000,-0.000076,0.000111
11.068000,-0.000076,0.000111
11.069000,-0.000076,0.000111
11.070000,-0.000075,0.000111
11.071000,-0.000076,0.000111
11.072000,-0.000075,0.000112
11.073000,-0.000075,0.000112
11.074000,-0.000075,0.000112
11.075000,-0.000075,0.000111
11.076000,-0.000075,0.000112
11.077000,-0.000075,0.000111
11.078000,-0.000075,0.000112
11.079000,-0.000074,0.000112
11.080000,-0.000074,0.000111
11.081000,-0.000074,0.000111
11.082000,-0.000074,0.000112
11.083000,-0.000075,0.000111
11.084000,-0.000074,0.000112
11.085000,-0.000074,0.000112
11.086000,-0.000074,0.000112
11.087000,-0.000074,0.000112
11.088000,-0.000075,0.000112
11.089000,-0.000075,0.000111
11.090000,-0.000074,0.000111
11.091000,-0.000074,0.000111
11.092000,-0.000075,0.000111
11.093000,-0.000074,0.000111
11.094000,-0.000075,0.000111
11.095000,-0.000075,0.000110
11.096000,-0.000075,0.000111
11.097000,-0.000075,0.000111
11.098000,-0.000075,0.000111
11.099000,-0.000075,0.000111
11.100000,-0.000075,0.000111
11.101000,-0.000074,0.000110
11.102000,-0.000075,0.000110
11.103000,-0.000074,0.000110
11.104000,-0.000074,0.000110
11.105000,-0.000075,0.000111
11.106000,-0.000074,0.000111
11.107000,-0.000074,0.000111
11.108000,-0.000075,0.000112
11.109000,-0.000074,0.000111
11.110000,-0.000074,0.000111
11.111000,-0.000075,0.000110
11.112000,-0.000075,0.000110
11.113000,-0.000075,0.000110
11.114000,-0.000075,0.000110
11.115000,-0.000075,0.000110
11.116000,-0.000075,0.000110
11.117000,-0.000075,0.000111
11.118000,-0.000076,0.000111
11.119000,-0.000075,0.000111
11.120000,-0.000075,0.000111
11.121000,-0.000074,0.000111
11.122000,-0.000074,0.000112
11.123000,-0.000075,0.000112
11.124000,-0.000075,0.000111
11.125000,-0.000075,0.000111
11.126000,-0.000075,0.000111
11.127000,-0.000074,0.000111
11.128000,-0.000075,0.000111
11.129000,-0.000075,0.000111
11.130000,-0.000075,0.000111
11.131000,-0.000075,0.000110
11.132000,-0.000075,0.000110
11.133000,-0.000074,0.000111
11.134000,-0.000074,0.000111
11.135000,-0.000075,0.000111
11.136000,-0.000075,0.000111
11.137000,-0.000075,0.000111
11.138000,-0.000075,0.000111
11.139000,-0.000075,0.000110
11.140000,-0.000076,0.000110
11.141000,-0.000076,0.000109
11.142000,-0.000076,0.000109
11.143000,-0.000077,0.000109
11.144000,-0.000077,0.000109
11.145000,-0.000076,0.000109
11.146000,-0.000076,0.000109
11.147000,-0.000076,0.000109
11.148000,-0.000076,0.000108
11.149000,-0.000076,0.000109
11.150000,-0.000075,0.000109
11.151000,-0.000075,0.000109
11.152000,-0.000075,0.000110
11.153000,-0.000074,0.000110
11.154000,-0.000074,0.000110
11.155000,-0.000075,0.000110
11.156000,-0.000074,0.000111
11.157000,-0.000074,0.000110
11.158000,-0.000074,0.000110
11.159000,-0.000074,0.000110
11.160000,-0.000074,0.000110
11.161000,-0.000074,0.000110
11.162000,-0.000075,0.000111
11.163000,-0.000074,0.000111
11.164000,-0.000074,0.000110
11.165000,-0.000074,0.000111
11.166000,-0.000074,0.000111
11.167000,-0.000074,0.000111
11.168000,-0.000074,0.000112
11.169000,-0.000075,0.000112
11.170000,-0.000075,0.000112
11.171000,-0.000075,0.000111
11.172000,-0.000075,0.000111
11.173000,-0.000076,0.000112
11.174000,-0.000076,0.000112
11.175000,-0.000075,0.000112
11.176000,-0.000075,0.000112
11.177000,-0.000075,0.000112
11.178000,-0.000075,0.000112
11.179000,-0.000075,0.000113
11.180000,-0.000075,0.000113
11.181000,-0.000076,0.000114
11.182000,-0.000076,0.000113
11.183000,-0.000076,0.000114
11.184000,-0.000077,0.000113
11.185000,-0.000077,0.000113
11.186000,-0.000077,0.000113
11.187000,-0.000077,0.000114
11.188000,-0.000076,0.000114
11.189000,-0.000076,0.000114
11.190000,-0.000076,0.000114
11.191000,-0.000076,0.000114
11.192000,-0.000076,0.000114
11.193000,-0.000077,0.000114
11.194000,-0.000077,0.000114
11.195000,-0.000077,0.000114
11.196000,-0.000076,0.000114
11.197000,-0.000076,0.000114
11.198000,-0.000076,0.000114
11.199000,-0.000076,0.000115
11.200000,-0.000076,0.000114
11.201000,-0.000077,0.000115
11.202000,-0.000076,0.000114
11.203000,-0.000076,0.000114
11.204000,-0.000076,0.000115
11.205000,-0.000076,0.000114
11.206000,-0.000076,0.000114
11.207000,-0.000076,0.000114
11.208000,-0.000076,0.000114
11.209000,-0.000077,0.000114
11.210000,-0.000077,0.000114
11.211000,-0.000077,0.000115
11.212000,-0.000076,0.000116
11.213000,-0.000076,0.000116
11.214000,-0.000077,0.000116
11.215000,-0.000076,0.000116
11.216000,-0.000076,0.000116
11.217000,-0.000076,0.000116
11.218000,-0.000075,0.000115
11.219000,-0.000076,0.000116
11.220000,-0.000076,0.000115
11.221000,-0.000077,0.000115
11.222000,-0.000076,0.000114
11.223000,-0.000076,0.000114
11.224000,-0.000076,0.000114
11.225000,-0.000076,0.000114
11.226000,-0.000076,0.000114
11.227000,-0.000076,0.000114
11.228000,-0.000076,0.000114
11.229000,-0.000076,0.000114
11.230000,-0.000076,0.000115
11.231000,-0.000076,0.000114
11.232000,-0.000075,0.000115
11.233000,-0.000076,0.000114
11.234000,-0.000076,0.000114
11.235000,-0.000075,0.000114
11.236000,-0.000075,0.000114
11.237000,-0.000075,0.000114
11.238000,-0.000075,0.000114
11.239000,-0.000074,0.000114
11.240000,-0.000074,0.000114
11.241000,-0.000073,0.000114
11.242000,-0.000073,0.000115
11.243000,-0.000073,0.000115
11.244000,-0.000073,0.000115
11.245000,-0.000073,0.000115
11.246000,-0.000073,0.000115
11.247000,-0.000073,0.000115
11.248000,-0.000073,0.000115
11.249000,-0.000074,0.000115
11.250000,-0.000074,0.000114
11.251000,-0.000075,0.000114
11.252000,-0.000074,0.000114
11.253000,-0.000075,0.000114
11.254000,-0.000075,0.000114
11.255000,-0.000075,0.000114
11.256000,-0.000075,0.000114
11.257000,-0.000075,0.000114
11.258000,-0.000075,0.000114
11.259000,-0.000075,0.000114
11.260000,-0.000075,0.000114
11.261000,-0.000075,0.000114
11.262000,-0.000075,0.000115
11.263000,-0.000074,0.000114
11.264000,-0.000074,0.000114
11.265000,-0.000074,0.000114
11.266000,-0.000075,0.000114
11.267000,-0.000074,0.000114
11.268000,-0.000074,0.000114
11.269000,-0.000074,0.000114
11.270000,-0.000074,0.000114
11.271000,-0.000074,0.000114
11.272000,-0.000073,0.000114
11.273000,-0.000073,0.000113
11.274000,-0.000072,0.000113
11.275000,-0.000073,0.000113
11.276000,-0.000073,0.000113
11.277000,-0.000073,0.000113
11.278000,-0.000073,0.000113
11.279000,-0.000073,0.000112
11.280000,-0.000073,0.000112
11.281000,-0.000073,0.000112
11.282000,-0.000073,0.000111
11.283000,-0.000074,0.000111
11.284000,-0.000074,0.000112
11.285000,-0.000074,0.000112
11.286000,-0.000073,0.000111
11.287000,-0.000073,0.000110
11.288000,-0.000074,0.000110
11.289000,-0.000074,0.000110
11.290000,-0.000074,0.000111
11.291000,-0.000074,0.000111
11.292000,-0.000073,0.000112
11.293000,-0.000073,0.000111
11.294000,-0.000073,0.000111
11.295000,-0.000073,0.000111
11.296000,-0.000073,0.000111
11.297000,-0.000073,0.000111
11.298000,-0.000072,0.000110
11.299000,-0.000072,0.000110
11.300000,-0.000072,0.000111
11.301000,-0.000071,0.000110
11.302000,-0.000072,0.000110
11.303000,-0.000072,0.000110
11.304000,-0.000073,0.000110
11.305000,-0.000073,0.000110
11.306000,-0.000072,0.000110
11.307000,-0.000071,0.000111
11.308000,-0.000072,0.000111
11.309000,-0.000071,0.000111
11.310000,-0.000071,0.000112
11.311000,-0.000071,0.000112
11.312000,-0.000070,0.000112
11.313000,-0.000070,0.000112
11.314000,-0.000070,0.000112
11.315000,-0.000070,0.000112
11.316000,-0.000070,0.000111
11.317000,-0.000071,0.000111
11.318000,-0.000071,0.000111
11.319000,-0.000071,0.000111
11.320000,-0.000071,0.000111
11.321000,-0.000072,0.000110
11.322000,-0.000072,0.000110
11.323000,-0.000072,0.000110
11.324000,-0.000072,0.000111
11.325000,-0.000072,0.000111
11.326000,-0.000072,0.000111
11.327000,-0.000072,0.000111
11.328000,-0.000072,0.000110
11.329000,-0.000072,0.000111
11.330000,-0.000072,0.000111
11.331000,-0.000072,0.000112
11.332000,-0.000073,0.000112
11.333000,-0.000073,0.000113
11.334000,-0.000073,0.000113
11.335000,-0.000073,0.000112
11.336000,-0.000073,0.000112
11.337000,-0.000073,0.000112
11.338000,-0.000073,0.000113
11.339000,-0.000073,0.000112
11.340000,-0.000073,0.000113
11.341000,-0.000073,0.000113
11.342000,-0.000073,0.000112
11.343000,-0.000073,0.000112
11.344000,-0.000073,0.000112
11.345000,-0.000073,0.000112
11.346000,-0.000073,0.000112
11.347000,-0.000073,0.000111
11.348000,-0.000073,0.000112
11.349000,-0.000073,0.000112
11.350000,-0.000073,0.000112
11.351000,-0.000072,0.000112
11.352000,-0.000073,0.000112
11.353000,-0.000072,0.000112
11.354000,-0.000072,0.000112
11.355000,-0.000072,0.000112
11.356000,-0.000073,0.000111
11.357000,-0.000073,0.000111
11.358000,-0.000073,0.000110
11.359000,-0.000073,0.000111
11.360000,-0.000073,0.000110
11.361000,-0.000073,0.000110
11.362000,-0.000074,0.000110
11.363000,-0.000074,0.000110
11.364000,-0.000074,0.000110
11.365000,-0.000074,0.000110
11.366000,-0.000074,0.000110
11.367000,-0.000074,0.000110
11.368000,-0.000074,0.000110
11.369000,-0.000075,0.000110
11.370000,-0.000075,0.000110
11.371000,-0.000074,0.000110
11.372000,-0.000074,0.000110
11.373000,-0.000074,0.000110
11.374000,-0.000074,0.000110
11.375000,-0.000074,0.000110
11.376000,-0.000075,0.000110
11.377000,-0.000075,0.000111
11.378000,-0.000075,0.000111
11.379000,-0.000075,0.000110
11.380000,-0.000075,0.000110
11.381000,-0.000075,0.000110
11.382000,-0.000074,0.000111
11.383000,-0.000074,0.000111
11.384000,-0.000074,0.000111
11.385000,-0.000074,0.000111
11.386000,-0.000074,0.000111
11.387000,-0.000074,0.000112
11.388000,-0.000074,0.000113
11.389000,-0.000074,0.000112
11.390000,-0.000074,0.000111
11.391000,-0.000074,0.000112
11.392000,-0.000074,0.000111
11.393000,-0.000075,0.000112
11.394000,-0.000075,0.000112
11.395000,-0.000075,0.000112
11.396000,-0.000075,0.000112
11.397000,-0.000075,0.000112
11.398000,-0.000075,0.000113
11.399000,-0.000075,0.000113
11.400000,-0.000075,0.000113
11.401000,-0.000075,0.000113
11.402000,-0.000075,0.000112
11.403000,-0.000075,0.000112
11.404000,-0.000075,0.000112
11.405000,-0.000076,0.000112
11.406000,-0.000077,0.000112
11.407000,-0.000077,0.000112
11.408000,-0.000076,0.000112
11.409000,-0.000077,0.000111
11.410000,-0.000077,0.000110
11.411000,-0.000077,0.000110
11.412000,-0.000078,0.000110
11.413000,-0.000078,0.000109
11.414000,-0.000078,0.000110
11.415000,-0.000078,0.000110
11.416000,-0.000077,0.000110
11.417000,-0.000077,0.000110
11.418000,-0.000077,0.000110
11.419000,-0.000076,0.000111
11.420000,-0.000076,0.000111
11.421000,-0.000076,0.000112
11.422000,-0.000075,0.000112
11.423000,-0.000076,0.000112
11.424000,-0.000076,0.000111
11.425000,-0.000075,0.000111
11.426000,-0.000075,0.000111
11.427000,-0.000075,0.000111
11.428000,-0.000075,0.000112
11.429000,-0.000075,0.000112
11.430000,-0.000075,0.000111
11.431000,-0.000076,0.000111
11.432000,-0.000075,0.000110
11.433000,-0.000075,0.000109
11.434000,-0.000075,0.000109
11.435000,-0.000075,0.000110
11.436000,-0.000076,0.000110
11.437000,-0.000075,0.000110
11.438000,-0.000076,0.000109
11.439000,-0.000076,0.000109
11.440000,-0.000076,0.000109
11.441000,-0.000076,0.000109
11.442000,-0.000075,0.000109
11.443000,-0.000076,0.000109
11.444000,-0.000075,0.000109
11.445000,-0.000076,0.000110
11.446000,-0.000076,0.000110
11.447000,-0.000076,0.000111
11.448000,-0.000075,0.000111
11.449000,-0.000075,0.000111
11.450000,-0.000075,0.000111
11.451000,-0.000076,0.000111
11.452000,-0.000076,0.000111
11.453000,-0.000076,0.000111
11.454000,-0.000076,0.000111
11.455000,-0.000076,0.000111
11.456000,-0.000076,0.000112
11.457000,-0.000076,0.000112
11.458000,-0.000076,0.000112
11.459000,-0.000075,0.000112
11.460000,-0.000075,0.000112
11.461000,-0.000075,0.000112
11.462000,-0.000075,0.000112
11.463000,-0.000075,0.000112
11.464000,-0.000075,0.000112
11.465000,-0.000075,0.000112
11.466000,-0.000075,0.000112
11.467000,-0.000075,0.000112
11.468000,-0.000075,0.000112
11.469000,-0.000074,0.000111
11.470000,-0.000075,0.000111
11.471000,-0.000075,0.000111
11.472000,-0.000076,0.000111
11.473000,-0.000076,0.000111
11.474000,-0.000076,0.000111
11.475000,-0.000076,0.000111
11.476000,-0.000075,0.000111
11.477000,-0.000075,0.000110
11.478000,-0.000075,0.000110
11.479000,-0.000075,0.000111
11.480000,-0.000075,0.000111
11.481000,-0.000075,0.000111
11.482000,-0.000076,0.000111
11.483000,-0.000076,0.000111
11.484000,-0.000076,0.000110
11.485000,-0.000076,0.000110
11.486000,-0.000076,0.000109
11.487000,-0.000075,0.000109
11.488000,-0.000075,0.000108
11.489000,-0.000075,0.000109
11.490000,-0.000074,0.000109
11.491000,-0.000074,0.000109
11.492000,-0.000074,0.000109
11.493000,-0.000074,0.000109
11.494000,-0.000074,0.000109
11.495000,-0.000073,0.000110
11.496000,-0.000074,0.000109
11.497000,-0.000074,0.000110
11.498000,-0.000075,0.000109
11.499000,-0.000076,0.000108
11.450000,-0.000075,0.000111
11.451000,-0.000076,0.000111
11.452000,-0.000075,0.000112
11.453000,-0.000075,0.000112
11.454000,-0.000075,0.000112
11.455000,-0.000076,0.000111
11.456000,-0.000075,0.000112
11.457000,-0.000075,0.000112
11.458000,-0.000074,0.000113
11.459000,-0.000074,0.000112
11.460000,-0.000074,0.000113
11.461000,-0.000074,0.000113
11.462000,-0.000074,0.000113
11.463000,-0.000074,0.000113
11.464000,-0.000074,0.000113
11.465000,-0.000075,0.000113
11.466000,-0.000075,0.000113
11.467000,-0.000074,0.000112
11.468000,-0.000074,0.000112
11.469000,-0.000074,0.000111
11.470000,-0.000074,0.000112
11.471000,-0.000074,0.000111
11.472000,-0.000074,0.000111
11.473000,-0.000074,0.000113
11.474000,-0.000074,0.000112
11.475000,-0.000074,0.000112
11.476000,-0.000073,0.000111
11.477000,-0.000073,0.000111
11.478000,-0.000074,0.000111
11.479000,-0.000074,0.000112
11.480000,-0.000074,0.000112
11.481000,-0.000073,0.000112
11.482000,-0.000073,0.000112
11.483000,-0.000073,0.000112
11.484000,-0.000073,0.000112
11.485000,-0.000073,0.000112
11.486000,-0.000073,0.000111
11.487000,-0.000072,0.000112
11.488000,-0.000073,0.000111
11.489000,-0.000072,0.000111
11.490000,-0.000072,0.000112
11.491000,-0.000072,0.000112
11.492000,-0.000072,0.000112
11.493000,-0.000072,0.000111
11.494000,-0.000072,0.000111
11.495000,-0.000072,0.000112
11.496000,-0.000072,0.000112
11.497000,-0.000072,0.000113
11.498000,-0.000073,0.000112
11.499000,-0.000073,0.000112
11.500000,-0.000073,0.000112
11.501000,-0.000072,0.000113
11.502000,-0.000072,0.000114
11.503000,-0.000072,0.000114
11.504000,-0.000072,0.000114
11.505000,-0.000072,0.000115
11.506000,-0.000072,0.000114
11.507000,-0.000072,0.000114
11.508000,-0.000073,0.000113
11.509000,-0.000072,0.000113
11.510000,-0.000072,0.000114
11.511000,-0.000073,0.000113
11.512000,-0.000073,0.000113
11.513000,-0.000072,0.000113
11.514000,-0.000072,0.000112
11.515000,-0.000072,0.000113
11.516000,-0.000072,0.000113
11.517000,-0.000073,0.000113
11.518000,-0.000073,0.000113
11.519000,-0.000073,0.000113
11.520000,-0.000074,0.000113
11.521000,-0.000073,0.000113
11.522000,-0.000073,0.000113
11.523000,-0.000073,0.000114
11.524000,-0.000073,0.000114
11.525000,-0.000074,0.000113
11.526000,-0.000073,0.000113
11.527000,-0.000073,0.000114
11.528000,-0.000072,0.000114
11.529000,-0.000073,0.000113
11.530000,-0.000072,0.000114
11.531000,-0.000072,0.000114
11.532000,-0.000072,0.000114
11.533000,-0.000073,0.000115
11.534000,-0.000073,0.000114
11.535000,-0.000073,0.000114
11.536000,-0.000073,0.000115
11.537000,-0.000073,0.000114
11.538000,-0.000073,0.000114
11.539000,-0.000073,0.000115
11.540000,-0.000073,0.000115
11.541000,-0.000073,0.000116
11.542000,-0.000073,0.000116
11.543000,-0.000073,0.000116
11.544000,-0.000073,0.000116
11.545000,-0.000072,0.000116
11.546000,-0.000072,0.000116
11.547000,-0.000073,0.000116
11.548000,-0.000073,0.000116
11.549000,-0.000073,0.000116
11.550000,-0.000073,0.000115
11.551000,-0.000073,0.000115
11.552000,-0.000074,0.000115
11.553000,-0.000074,0.000114
11.554000,-0.000074,0.000114
11.555000,-0.000074,0.000115
11.556000,-0.000075,0.000115
11.557000,-0.000074,0.000116
11.558000,-0.000074,0.000116
11.559000,-0.000074,0.000116
11.560000,-0.000074,0.000115
11.561000,-0.000074,0.000116
11.562000,-0.000074,0.000116
11.563000,-0.000074,0.000115
11.564000,-0.000074,0.000115
11.565000,-0.000074,0.000115
11.566000,-0.000074,0.000115
11.567000,-0.000074,0.000115
11.568000,-0.000074,0.000116
11.569000,-0.000074,0.000116
11.570000,-0.000075,0.000116
11.571000,-0.000075,0.000116
11.572000,-0.000075,0.000115
11.573000,-0.000075,0.000115
11.574000,-0.000075,0.000115
11.575000,-0.000075,0.000116
11.576000,-0.000075,0.000116
11.577000,-0.000074,0.000116
11.578000,-0.000074,0.000116
11.579000,-0.000075,0.000115
11.580000,-0.000075,0.000115
11.581000,-0.000075,0.000115
11.582000,-0.000076,0.000115
11.583000,-0.000075,0.000115
11.584000,-0.000075,0.000115
11.585000,-0.000076,0.000115
11.586000,-0.000075,0.000115
11.587000,-0.000075,0.000115
11.588000,-0.000075,0.000116
11.589000,-0.000075,0.000116
11.590000,-0.000075,0.000116
11.591000,-0.000075,0.000116
11.592000,-0.000075,0.000116
11.593000,-0.000075,0.000115
11.594000,-0.000075,0.000115
11.595000,-0.000076,0.000115
11.596000,-0.000076,0.000114
11.597000,-0.000076,0.000114
11.598000,-0.000076,0.000114
11.599000,-0.000076,0.000114
11.600000,-0.000077,0.000114
11.601000,-0.000077,0.000113
11.602000,-0.000077,0.000113
11.603000,-0.000077,0.000113
11.604000,-0.000076,0.000113
11.605000,-0.000076,0.000113
11.606000,-0.000076,0.000114
11.607000,-0.000076,0.000114
11.608000,-0.000076,0.000114
11.609000,-0.000076,0.000115
11.610000,-0.000076,0.000115
11.611000,-0.000075,0.000114
11.612000,-0.000075,0.000115
11.613000,-0.000075,0.000116
11.614000,-0.000075,0.000116
11.615000,-0.000075,0.000116
11.616000,-0.000075,0.000116
11.617000,-0.000075,0.000117
11.618000,-0.000075,0.000116
11.619000,-0.000075,0.000117
11.620000,-0.000075,0.000117
11.621000,-0.000076,0.000116
11.622000,-0.000076,0.000117
11.623000,-0.000076,0.000116
11.624000,-0.000075,0.000117
11.625000,-0.000075,0.000117
11.626000,-0.000075,0.000118
11.627000,-0.000076,0.000117
11.628000,-0.000076,0.000117
11.629000,-0.000076,0.000118
11.630000,-0.000076,0.000118
11.631000,-0.000076,0.000118
11.632000,-0.000076,0.000118
11.633000,-0.000076,0.000118
11.634000,-0.000076,0.000119
11.635000,-0.000075,0.000119
11.636000,-0.000076,0.000118
11.637000,-0.000075,0.000118
11.638000,-0.000075,0.000118
11.639000,-0.000075,0.000118
11.640000,-0.000075,0.000118
11.641000,-0.000075,0.000118
11.642000,-0.000075,0.000118
11.643000,-0.000075,0.000117
11.644000,-0.000075,0.000117
11.645000,-0.000075,0.000118
11.646000,-0.000075,0.000118
11.647000,-0.000075,0.000117
11.648000,-0.000074,0.000117
11.649000,-0.000074,0.000117
11.650000,-0.000074,0.000117
11.651000,-0.000075,0.000117
11.652000,-0.000074,0.000117
11.653000,-0.000074,0.000117
11.654000,-0.000075,0.000116
11.655000,-0.000074,0.000116
11.656000,-0.000075,0.000115
11.657000,-0.000074,0.000115
11.658000,-0.000075,0.000115
11.659000,-0.000075,0.000115
11.660000,-0.000075,0.000115
11.661000,-0.000075,0.000115
11.662000,-0.000074,0.000115
11.663000,-0.000075,0.000115
11.664000,-0.000074,0.000115
11.665000,-0.000074,0.000116
11.666000,-0.000075,0.000116
11.667000,-0.000075,0.000116
11.668000,-0.000075,0.000116
11.669000,-0.000075,0.000117
11.670000,-0.000075,0.000117
11.671000,-0.000076,0.000117
11.672000,-0.000076,0.000118
11.673000,-0.000076,0.000118
11.674000,-0.000076,0.000118
11.675000,-0.000076,0.000118
11.676000,-0.000076,0.000118
11.677000,-0.000076,0.000118
11.678000,-0.000076,0.000118
11.679000,-0.000075,0.000118
11.680000,-0.000075,0.000118
11.681000,-0.000076,0.000118
11.682000,-0.000076,0.000118
11.683000,-0.000076,0.000117
11.684000,-0.000076,0.000117
11.685000,-0.000076,0.000117
11.686000,-0.000077,0.000117
11.687000,-0.000077,0.000116
11.688000,-0.000077,0.000116
11.689000,-0.000077,0.000116
11.690000,-0.000077,0.000116
11.691000,-0.000076,0.000116
11.692000,-0.000076,0.000117
11.693000,-0.000076,0.000117
11.694000,-0.000076,0.000118
11.695000,-0.000076,0.000118
11.696000,-0.000076,0.000118
11.697000,-0.000075,0.000118
11.698000,-0.000075,0.000119
11.699000,-0.000075,0.000118
11.700000,-0.000075,0.000118
11.701000,-0.000075,0.000118
11.702000,-0.000075,0.000119
11.703000,-0.000075,0.000119
11.704000,-0.000075,0.000119
11.705000,-0.000076,0.000119
11.706000,-0.000076,0.000119
11.707000,-0.000076,0.000119
11.708000,-0.000076,0.000119
11.709000,-0.000076,0.000120
11.710000,-0.000076,0.000119
11.711000,-0.000077,0.000119
11.712000,-0.000076,0.000119
11.713000,-0.000076,0.000119
11.714000,-0.000076,0.000118
11.715000,-0.000076,0.000119
11.716000,-0.000076,0.000119
11.717000,-0.000076,0.000119
11.718000,-0.000076,0.000119
11.719000,-0.000077,0.000119
11.720000,-0.000077,0.000119
11.721000,-0.000077,0.000118
11.722000,-0.000077,0.000118
11.723000,-0.000077,0.000117
11.724000,-0.000077,0.000117
11.725000,-0.000077,0.000117
11.726000,-0.000078,0.000116
11.727000,-0.000078,0.000116
11.728000,-0.000077,0.000116
11.729000,-0.000077,0.000115
11.730000,-0.000076,0.000115
11.731000,-0.000076,0.000115
11.732000,-0.000076,0.000114
11.733000,-0.000076,0.000114
11.734000,-0.000076,0.000114
11.735000,-0.000076,0.000114
11.736000,-0.000076,0.000115
11.737000,-0.000077,0.000115
11.738000,-0.000076,0.000116
11.739000,-0.000077,0.000116
11.740000,-0.000077,0.000116
11.741000,-0.000077,0.000115
11.742000,-0.000077,0.000115
11.743000,-0.000077,0.000116
11.744000,-0.000076,0.000116
11.745000,-0.000076,0.000116
11.746000,-0.000076,0.000115
11.747000,-0.000076,0.000115
11.748000,-0.000077,0.000115
11.749000,-0.000077,0.000115
11.750000,-0.000077,0.000115
11.751000,-0.000077,0.000115
11.752000,-0.000077,0.000116
11.753000,-0.000077,0.000116
11.754000,-0.000077,0.000117
11.755000,-0.000077,0.000116
11.756000,-0.000077,0.000116
11.757000,-0.000077,0.000117
11.758000,-0.000077,0.000117
11.759000,-0.000077,0.000117
11.760000,-0.000077,0.000117
11.761000,-0.000076,0.000117
11.762000,-0.000076,0.000116
11.763000,-0.000075,0.000117
11.764000,-0.000076,0.000116
11.765000,-0.000076,0.000116
11.766000,-0.000076,0.000116
11.767000,-0.000075,0.000116
11.768000,-0.000076,0.000116
11.769000,-0.000076,0.000116
11.770000,-0.000075,0.000116
11.771000,-0.000075,0.000116
11.772000,-0.000075,0.000115
11.773000,-0.000075,0.000115
11.774000,-0.000075,0.000115
11.775000,-0.000075,0.000114
11.776000,-0.000075,0.000114
11.777000,-0.000075,0.000115
11.778000,-0.000075,0.000115
11.779000,-0.000074,0.000115
11.780000,-0.000074,0.000115
11.781000,-0.000074,0.000115
11.782000,-0.000074,0.000115
11.783000,-0.000073,0.000116
11.784000,-0.000074,0.000116
11.785000,-0.000074,0.000115
11.786000,-0.000073,0.000116
11.787000,-0.000073,0.000116
11.788000,-0.000073,0.000116
11.789000,-0.000074,0.000116
11.790000,-0.000075,0.000116
11.791000,-0.000074,0.000116
11.792000,-0.000075,0.000115
11.793000,-0.000075,0.000115
11.794000,-0.000075,0.000115
11.795000,-0.000075,0.000115
11.796000,-0.000075,0.000115
11.797000,-0.000076,0.000115
11.798000,-0.000076,0.000114
11.799000,-0.000075,0.000115
11.800000,-0.000075,0.000115
11.801000,-0.000075,0.000115
11.802000,-0.000075,0.000115
11.803000,-0.000074,0.000115
11.804000,-0.000074,0.000115
11.805000,-0.000074,0.000114
11.806000,-0.000074,0.000114
11.807000,-0.000074,0.000114
11.808000,-0.000074,0.000113
11.809000,-0.000074,0.000112
11.810000,-0.000075,0.000112
11.811000,-0.000075,0.000111
11.812000,-0.000075,0.000112
11.813000,-0.000076,0.000111
11.814000,-0.000076,0.000112
11.815000,-0.000075,0.000112
11.816000,-0.000076,0.000111
11.817000,-0.000075,0.000112
11.818000,-0.000075,0.000111
11.819000,-0.000074,0.000111
11.820000,-0.000074,0.000111
11.821000,-0.000074,0.000111
11.822000,-0.000074,0.000112
11.823000,-0.000074,0.000112
11.824000,-0.000074,0.000112
11.825000,-0.000074,0.000112
11.826000,-0.000074,0.000112
11.827000,-0.000074,0.000112
11.828000,-0.000074,0.000111
11.829000,-0.000074,0.000111
11.830000,-0.000074,0.000111
11.831000,-0.000074,0.000111
11.832000,-0.000074,0.000110
11.833000,-0.000074,0.000111
11.834000,-0.000074,0.000111
11.835000,-0.000074,0.000111
11.836000,-0.000074,0.000112
11.837000,-0.000073,0.000112
11.838000,-0.000074,0.000112
11.839000,-0.000074,0.000112
11.840000,-0.000074,0.000112
11.841000,-0.000073,0.000112
11.842000,-0.000073,0.000112
11.843000,-0.000073,0.000112
11.844000,-0.000073,0.000112
11.845000,-0.000074,0.000111
11.846000,-0.000074,0.000111
11.847000,-0.000073,0.000112
11.848000,-0.000073,0.000111
11.849000,-0.000073,0.000111
11.850000,-0.000073,0.000112
11.851000,-0.000074,0.000112
11.852000,-0.000074,0.000111
11.853000,-0.000073,0.000111
11.854000,-0.000074,0.000111
11.855000,-0.000073,0.000111
11.856000,-0.000073,0.000111
11.857000,-0.000074,0.000111
11.858000,-0.000074,0.000110
11.859000,-0.000074,0.000110
11.860000,-0.000074,0.000110
11.861000,-0.000074,0.000110
11.862000,-0.000074,0.000110
11.863000,-0.000074,0.000110
11.864000,-0.000074,0.000111
11.865000,-0.000074,0.000111
11.866000,-0.000074,0.000110
11.867000,-0.000074,0.000110
11.868000,-0.000074,0.000110
11.869000,-0.000074,0.000109
11.870000,-0.000074,0.000110
11.871000,-0.000074,0.000109
11.872000,-0.000073,0.000110
11.873000,-0.000073,0.000110
11.874000,-0.000073,0.000110
11.875000,-0.000073,0.000110
11.876000,-0.000074,0.000110
11.877000,-0.000074,0.000110
11.878000,-0.000074,0.000110
11.879000,-0.000075,0.000109
11.880000,-0.000075,0.000110
11.881000,-0.000074,0.000110
11.882000,-0.000075,0.000110
11.883000,-0.000075,0.000110
11.884000,-0.000075,0.000109
11.885000,-0.000075,0.000110
11.886000,-0.000075,0.000110
11.887000,-0.000075,0.000110
11.888000,-0.000076,0.000110
11.889000,-0.000075,0.000110
11.890000,-0.000075,0.000110
11.891000,-0.000075,0.000110
11.892000,-0.000075,0.000111
11.893000,-0.000075,0.000111
11.894000,-0.000074,0.000111
11.895000,-0.000074,0.000112
11.896000,-0.000073,0.000112
11.897000,-0.000073,0.000112
11.898000,-0.000073,0.000112
11.899000,-0.000073,0.000112
11.900000,-0.000073,0.000111
11.901000,-0.000073,0.000111
11.902000,-0.000074,0.000111
11.903000,-0.000074,0.000110
11.904000,-0.000074,0.000110
11.905000,-0.000074,0.000111
11.906000,-0.000073,0.000111
11.907000,-0.000074,0.000110
11.908000,-0.000075,0.000111
11.909000,-0.000074,0.000112
11.910000,-0.000074,0.000112
11.911000,-0.000074,0.000113
11.912000,-0.000074,0.000114
11.913000,-0.000073,0.000114
11.914000,-0.000073,0.000114
11.915000,-0.000073,0.000114
11.916000,-0.000073,0.000115
11.917000,-0.000073,0.000114
11.918000,-0.000074,0.000115
11.919000,-0.000074,0.000115
11.920000,-0.000074,0.000115
11.921000,-0.000074,0.000115
11.922000,-0.000074,0.000114
11.923000,-0.000074,0.000115
11.924000,-0.000075,0.000115
11.925000,-0.000074,0.000115
11.926000,-0.000074,0.000115
11.927000,-0.000074,0.000115
11.928000,-0.000075,0.000116
11.929000,-0.000075,0.000116
11.930000,-0.000075,0.000115
11.931000,-0.000075,0.000116
11.932000,-0.000075,0.000117
11.933000,-0.000075,0.000117
11.934000,-0.000076,0.000116
11.935000,-0.000076,0.000116
11.936000,-0.000076,0.000116
11.937000,-0.000076,0.000116
11.938000,-0.000076,0.000115
11.939000,-0.000076,0.000115
11.940000,-0.000076,0.000115
11.941000,-0.000076,0.000114
11.942000,-0.000076,0.000114
11.943000,-0.000076,0.000114
11.944000,-0.000077,0.000114
11.945000,-0.000076,0.000115
11.946000,-0.000076,0.000116
11.947000,-0.000076,0.000116
11.948000,-0.000076,0.000116
11.949000,-0.000076,0.000117
11.950000,-0.000076,0.000116
11.951000,-0.000075,0.000116
11.952000,-0.000075,0.000117
11.953000,-0.000075,0.000117
11.954000,-0.000075,0.000117
11.955000,-0.000075,0.000118
11.956000,-0.000075,0.000118
11.957000,-0.000075,0.000118
11.958000,-0.000075,0.000118
11.959000,-0.000075,0.000118
11.960000,-0.000075,0.000118
11.961000,-0.000076,0.000118
11.962000,-0.000076,0.000118
11.963000,-0.000076,0.000118
11.964000,-0.000076,0.000118
11.965000,-0.000076,0.000118
11.966000,-0.000076,0.000118
11.967000,-0.000075,0.000118
11.968000,-0.000075,0.000118
11.969000,-0.000075,0.000118
11.970000,-0.000076,0.000118
11.971000,-0.000076,0.000119
11.972000,-0.000076,0.000118
11.973000,-0.000076,0.000119
11.974000,-0.000076,0.000119
11.975000,-0.000076,0.000119
11.976000,-0.000076,0.000119
11.977000,-0.000076,0.000119
11.978000,-0.000076,0.000119
11.979000,-0.000076,0.000119
11.980000,-0.000076,0.000119
11.981000,-0.000076,0.000120
11.982000,-0.000076,0.000120
11.983000,-0.000076,0.000119
11.984000,-0.000076,0.000120
11.985000,-0.000075,0.000120
11.986000,-0.000075,0.000120
11.987000,-0.000075,0.000119
11.988000,-0.000075,0.000120
11.989000,-0.000075,0.000120
11.990000,-0.000075,0.000120
11.991000,-0.000075,0.000120
11.992000,-0.000075,0.000119
11.993000,-0.000074,0.000119
11.994000,-0.000075,0.000118
11.995000,-0.000075,0.000118
11.996000,-0.000075,0.000118
11.997000,-0.000076,0.000117
11.998000,-0.000076,0.000118
11.999000,-0.000076,0.000118
11.950000,-0.000076,0.000116
11.951000,-0.000075,0.000116
11.952000,-0.000075,0.000118
11.953000,-0.000076,0.000117
11.954000,-0.000075,0.000118
11.955000,-0.000076,0.000118
11.956000,-0.000076,0.000118
11.957000,-0.000076,0.000117
11.958000,-0.000076,0.000118
11.959000,-0.000076,0.000118
11.960000,-0.000076,0.000118
11.961000,-0.000077,0.000119
11.962000,-0.000077,0.000118
11.963000,-0.000076,0.000118
11.964000,-0.000076,0.000118
11.965000,-0.000076,0.000118
11.966000,-0.000076,0.000118
11.967000,-0.000075,0.000117
11.968000,-0.000075,0.000117
11.969000,-0.000075,0.000118
11.970000,-0.000076,0.000117
11.971000,-0.000076,0.000117
11.972000,-0.000077,0.000117
11.973000,-0.000077,0.000117
11.974000,-0.000077,0.000116
11.975000,-0.000076,0.000117
11.976000,-0.000076,0.000116
11.977000,-0.000077,0.000116
11.978000,-0.000076,0.000116
11.979000,-0.000076,0.000117
11.980000,-0.000076,0.000117
11.981000,-0.000076,0.000117
11.982000,-0.000076,0.000117
11.983000,-0.000076,0.000117
11.984000,-0.000076,0.000117
11.985000,-0.000076,0.000117
11.986000,-0.000076,0.000117
11.987000,-0.000076,0.000117
11.988000,-0.000076,0.000117
11.989000,-0.000075,0.000116
11.990000,-0.000075,0.000116
11.991000,-0.000076,0.000115
11.992000,-0.000075,0.000115
11.993000,-0.000075,0.000114
11.994000,-0.000075,0.000113
11.995000,-0.000075,0.000113
11.996000,-0.000076,0.000113
11.997000,-0.000076,0.000113
11.998000,-0.000076,0.000113
11.999000,-0.000077,0.000113
12.000000,-0.000077,0.000113
12.001000,-0.000077,0.000113
12.002000,-0.000076,0.000113
12.003000,-0.000076,0.000113
12.004000,-0.000076,0.000114
12.005000,-0.000076,0.000113
12.006000,-0.000076,0.000113
12.007000,-0.000075,0.000114
12.008000,-0.000075,0.000114
12.009000,-0.000075,0.000114
12.010000,-0.000075,0.000113
12.011000,-0.000076,0.000113
12.012000,-0.000076,0.000112
12.013000,-0.000075,0.000112
12.014000,-0.000076,0.000111
12.015000,-0.000076,0.000111
12.016000,-0.000076,0.000110
12.017000,-0.000076,0.000111
12.018000,-0.000076,0.000111
12.019000,-0.000075,0.000111
12.020000,-0.000075,0.000112
12.021000,-0.000075,0.000112
12.022000,-0.000075,0.000112
12.023000,-0.000075,0.000112
12.024000,-0.000076,0.000112
12.025000,-0.000076,0.000112
12.026000,-0.000076,0.000112
12.027000,-0.000076,0.000112
12.028000,-0.000076,0.000111
12.029000,-0.000076,0.000111
12.030000,-0.000076,0.000112
12.031000,-0.000076,0.000112
12.032000,-0.000076,0.000111
12.033000,-0.000075,0.000111
12.034000,-0.000075,0.000111
12.035000,-0.000074,0.000111
12.036000,-0.000074,0.000111
12.037000,-0.000074,0.000112
12.038000,-0.000074,0.000112
12.039000,-0.000074,0.000111
12.040000,-0.000074,0.000111
12.041000,-0.000075,0.000112
12.042000,-0.000075,0.000112
12.043000,-0.000075,0.000112
12.044000,-0.000075,0.000112
12.045000,-0.000075,0.000111
12.046000,-0.000076,0.000111
12.047000,-0.000076,0.000111
12.048000,-0.000076,0.000111
12.049000,-0.000076,0.000110
12.050000,-0.000076,0.000110
12.051000,-0.000075,0.000110
12.052000,-0.000075,0.000109
12.053000,-0.000074,0.000110
12.054000,-0.000074,0.000110
12.055000,-0.000074,0.000110
12.056000,-0.000075,0.000110
12.057000,-0.000074,0.000111
12.058000,-0.000074,0.000111
12.059000,-0.000074,0.000111
12.060000,-0.000074,0.000111
12.061000,-0.000074,0.000110
12.062000,-0.000074,0.000110
12.063000,-0.000075,0.000110
12.064000,-0.000075,0.000110
12.065000,-0.000075,0.000110
12.066000,-0.000075,0.000110
12.067000,-0.000075,0.000110
12.068000,-0.000074,0.000111
12.069000,-0.000074,0.000110
12.070000,-0.000074,0.000110
12.071000,-0.000074,0.000110
12.072000,-0.000074,0.000110
12.073000,-0.000074,0.000111
12.074000,-0.000074,0.000111
12.075000,-0.000074,0.000111
12.076000,-0.000075,0.000111
12.077000,-0.000075,0.000111
12.078000,-0.000075,0.000111
12.079000,-0.000076,0.000110
12.080000,-0.000076,0.000110
12.081000,-0.000076,0.000110
12.082000,-0.000076,0.000110
12.083000,-0.000075,0.000110
12.084000,-0.000075,0.000110
12.085000,-0.000075,0.000110
12.086000,-0.000075,0.000110
12.087000,-0.000075,0.000110
12.088000,-0.000075,0.000109
12.089000,-0.000076,0.000110
12.090000,-0.000076,0.000110
12.091000,-0.000075,0.000110
12.092000,-0.000075,0.000110
12.093000,-0.000075,0.000111
12.094000,-0.000074,0.000111
12.095000,-0.000074,0.000110
12.096000,-0.000073,0.000110
12.097000,-0.000073,0.000110
12.098000,-0.000073,0.000110
12.099000,-0.000073,0.000109
12.100000,-0.000073,0.000109
12.101000,-0.000073,0.000109
12.102000,-0.000074,0.000109
12.103000,-0.000074,0.000109
12.104000,-0.000074,0.000109
12.105000,-0.000074,0.000109
12.106000,-0.000074,0.000109
12.107000,-0.000074,0.000109
12.108000,-0.000073,0.000109
12.109000,-0.000073,0.000108
12.110000,-0.000073,0.000108
12.111000,-0.000072,0.000108
12.112000,-0.000072,0.000108
12.113000,-0.000072,0.000108
12.114000,-0.000072,0.000108
12.115000,-0.000073,0.000107
12.116000,-0.000072,0.000108
12.117000,-0.000073,0.000107
12.118000,-0.000073,0.000108
12.119000,-0.000072,0.000108
12.120000,-0.000072,0.000107
12.121000,-0.000072,0.000108
12.122000,-0.000072,0.000108
12.123000,-0.000072,0.000108
12.124000,-0.000072,0.000108
12.125000,-0.000072,0.000108
12.126000,-0.000072,0.000108
12.127000,-0.000072,0.000108
12.128000,-0.000072,0.000109
12.129000,-0.000073,0.000109
12.130000,-0.000073,0.000108
12.131000,-0.000072,0.000108
12.132000,-0.000072,0.000108
12.133000,-0.000073,0.000109
12.134000,-0.000073,0.000108
12.135000,-0.000072,0.000109
12.136000,-0.000072,0.000109
12.137000,-0.000072,0.000109
12.138000,-0.000073,0.000109
12.139000,-0.000072,0.000109
12.140000,-0.000072,0.000109
12.141000,-0.000071,0.000109
12.142000,-0.000071,0.000108
12.143000,-0.000072,0.000109
12.144000,-0.000071,0.000109
12.145000,-0.000071,0.000109
12.146000,-0.000072,0.000108
12.147000,-0.000071,0.000108
12.148000,-0.000071,0.000108
12.149000,-0.000072,0.000108
12.150000,-0.000071,0.000109
12.151000,-0.000071,0.000109
12.152000,-0.000072,0.000109
12.153000,-0.000071,0.000109
12.154000,-0.000072,0.000109
12.155000,-0.000072,0.000109
12.156000,-0.000071,0.000109
12.157000,-0.000071,0.000109
12.158000,-0.000071,0.000108
12.159000,-0.000072,0.000109
12.160000,-0.000072,0.000108
12.161000,-0.000072,0.000109
12.162000,-0.000072,0.000109
12.163000,-0.000072,0.000109
12.164000,-0.000072,0.000109
12.165000,-0.000072,0.000108
12.166000,-0.000072,0.000108
12.167000,-0.000072,0.000108
12.168000,-0.000073,0.000108
12.169000,-0.000073,0.000108
12.170000,-0.000073,0.000108
12.171000,-0.000073,0.000109
12.172000,-0.000073,0.000108
12.173000,-0.000073,0.000108
12.174000,-0.000073,0.000108
12.175000,-0.000074,0.000107
12.176000,-0.000074,0.000108
12.177000,-0.000074,0.000108
12.178000,-0.000073,0.000108
12.179000,-0.000073,0.000109
12.180000,-0.000073,0.000109
12.181000,-0.000073,0.000109
12.182000,-0.000072,0.000108
12.183000,-0.000072,0.000108
12.184000,-0.000072,0.000108
12.185000,-0.000072,0.000108
12.186000,-0.000072,0.000108
12.187000,-0.000072,0.000108
12.188000,-0.000072,0.000108
12.189000,-0.000072,0.000108
12.190000,-0.000072,0.000108
12.191000,-0.000073,0.000108
12.192000,-0.000073,0.000108
12.193000,-0.000073,0.000108
12.194000,-0.000074,0.000108
12.195000,-0.000074,0.000108
12.196000,-0.000074,0.000108
12.197000,-0.000074,0.000109
12.198000,-0.000074,0.000109
12.199000,-0.000073,0.000110
12.200000,-0.000073,0.000110
12.201000,-0.000072,0.000110
12.202000,-0.000072,0.000110
12.203000,-0.000072,0.000110
12.204000,-0.000073,0.000110
12.205000,-0.000073,0.000110
12.206000,-0.000073,0.000110
12.207000,-0.000074,0.000110
12.208000,-0.000073,0.000110
12.209000,-0.000073,0.000110
12.210000,-0.000073,0.000111
12.211000,-0.000073,0.000111
12.212000,-0.000073,0.000112
12.213000,-0.000073,0.000111
12.214000,-0.000074,0.000111
12.215000,-0.000073,0.000112
12.216000,-0.000074,0.000111
12.217000,-0.000073,0.000111
12.218000,-0.000074,0.000111
12.219000,-0.000074,0.000110
12.220000,-0.000075,0.000110
12.221000,-0.000074,0.000109
12.222000,-0.000074,0.000109
12.223000,-0.000074,0.000109
12.224000,-0.000074,0.000110
12.225000,-0.000074,0.000110
12.226000,-0.000073,0.000110
12.227000,-0.000073,0.000111
12.228000,-0.000073,0.000110
12.229000,-0.000073,0.000111
12.230000,-0.000073,0.000111
12.231000,-0.000073,0.000111
12.232000,-0.000074,0.000111
12.233000,-0.000074,0.000111
12.234000,-0.000074,0.000111
12.235000,-0.000075,0.000111
12.236000,-0.000075,0.000110
12.237000,-0.000076,0.000110
12.238000,-0.000075,0.000109
12.239000,-0.000075,0.000110
12.240000,-0.000074,0.000109
12.241000,-0.000074,0.000110
12.242000,-0.000075,0.000110
12.243000,-0.000075,0.000110
12.244000,-0.000075,0.000110
12.245000,-0.000075,0.000111
12.246000,-0.000075,0.000112
12.247000,-0.000075,0.000112
12.248000,-0.000075,0.000112
12.249000,-0.000075,0.000111
12.250000,-0.000075,0.000111
12.251000,-0.000076,0.000111
12.252000,-0.000076,0.000110
12.253000,-0.000076,0.000109
12.254000,-0.000075,0.000109
12.255000,-0.000075,0.000110
12.256000,-0.000075,0.000110
12.257000,-0.000074,0.000110
12.258000,-0.000074,0.000111
12.259000,-0.000074,0.000110
12.260000,-0.000074,0.000110
12.261000,-0.000074,0.000111
12.262000,-0.000074,0.000111
12.263000,-0.000074,0.000111
12.264000,-0.000073,0.000111
12.265000,-0.000073,0.000111
12.266000,-0.000074,0.000111
12.267000,-0.000074,0.000111
12.268000,-0.000074,0.000111
12.269000,-0.000074,0.000112
12.270000,-0.000074,0.000111
12.271000,-0.000073,0.000111
12.272000,-0.000073,0.000111
12.273000,-0.000073,0.000112
12.274000,-0.000073,0.000112
12.275000,-0.000072,0.000112
12.276000,-0.000072,0.000112
12.277000,-0.000072,0.000112
12.278000,-0.000072,0.000111
12.279000,-0.000072,0.000111
12.280000,-0.000073,0.000111
12.281000,-0.000074,0.000111
12.282000,-0.000074,0.000111
12.283000,-0.000075,0.000110
12.284000,-0.000075,0.000111
12.285000,-0.000074,0.000112
12.286000,-0.000073,0.000111
12.287000,-0.000073,0.000112
12.288000,-0.000073,0.000112
12.289000,-0.000073,0.000112
12.290000,-0.000073,0.000113
12.291000,-0.000073,0.000113
12.292000,-0.000073,0.000113
12.293000,-0.000073,0.000113
12.294000,-0.000074,0.000113
12.295000,-0.000074,0.000113
12.296000,-0.000075,0.000113
12.297000,-0.000074,0.000114
12.298000,-0.000074,0.000114
12.299000,-0.000074,0.000114
12.300000,-0.000074,0.000114
12.301000,-0.000074,0.000114
12.302000,-0.000074,0.000114
12.303000,-0.000074,0.000114
12.304000,-0.000074,0.000114
12.305000,-0.000074,0.000114
12.306000,-0.000075,0.000114
12.307000,-0.000075,0.000114
12.308000,-0.000075,0.000115
12.309000,-0.000075,0.000115
12.310000,-0.000076,0.000114
12.311000,-0.000076,0.000114
12.312000,-0.000076,0.000114
12.313000,-0.000076,0.000114
12.314000,-0.000076,0.000114
12.315000,-0.000076,0.000115
12.316000,-0.000075,0.000115
12.317000,-0.000076,0.000115
12.318000,-0.000075,0.000114
12.319000,-0.000075,0.000114
12.320000,-0.000075,0.000115
12.321000,-0.000075,0.000115
12.322000,-0.000075,0.000116
12.323000,-0.000076,0.000115
12.324000,-0.000075,0.000115
12.325000,-0.000074,0.000115
12.326000,-0.000074,0.000116
12.327000,-0.000074,0.000115
12.328000,-0.000074,0.000115
12.329000,-0.000074,0.000114
12.330000,-0.000074,0.000114
12.331000,-0.000075,0.000114
12.332000,-0.000074,0.000114
12.333000,-0.000074,0.000114
12.334000,-0.000074,0.000114
12.335000,-0.000074,0.000114
12.336000,-0.000074,0.000115
12.337000,-0.000073,0.000115
12.338000,-0.000074,0.000115
12.339000,-0.000074,0.000115
12.340000,-0.000075,0.000114
12.341000,-0.000074,0.000114
12.342000,-0.000074,0.000114
12.343000,-0.000074,0.000113
12.344000,-0.000074,0.000113
12.345000,-0.000074,0.000113
12.346000,-0.000074,0.000113
12.347000,-0.000074,0.000113
12.348000,-0.000074,0.000113
12.349000,-0.000075,0.000113
12.350000,-0.000074,0.000113
12.351000,-0.000074,0.000113
12.352000,-0.000074,0.000113
12.353000,-0.000074,0.000114
12.354000,-0.000075,0.000114
12.355000,-0.000075,0.000113
12.356000,-0.000075,0.000114
12.357000,-0.000075,0.000114
12.358000,-0.000075,0.000114
12.359000,-0.000075,0.000114
12.360000,-0.000076,0.000114
12.361000,-0.000076,0.000114
12.362000,-0.000076,0.000114
12.363000,-0.000076,0.000114
12.364000,-0.000077,0.000115
12.365000,-0.000077,0.000114
12.366000,-0.000076,0.000113
12.367000,-0.000077,0.000113
12.368000,-0.000076,0.000113
12.369000,-0.000076,0.000112
12.370000,-0.000076,0.000113
12.371000,-0.000076,0.000113
12.372000,-0.000076,0.000113
12.373000,-0.000075,0.000113
12.374000,-0.000075,0.000113
12.375000,-0.000076,0.000112
12.376000,-0.000076,0.000113
12.377000,-0.000076,0.000113
12.378000,-0.000076,0.000113
12.379000,-0.000076,0.000113
12.380000,-0.000076,0.000113
12.381000,-0.000075,0.000114
12.382000,-0.000076,0.000114
12.383000,-0.000075,0.000114
12.384000,-0.000075,0.000114
12.385000,-0.000075,0.000113
12.386000,-0.000075,0.000114
12.387000,-0.000076,0.000113
12.388000,-0.000075,0.000113
12.389000,-0.000075,0.000113
12.390000,-0.000075,0.000113
12.391000,-0.000075,0.000113
12.392000,-0.000075,0.000113
12.393000,-0.000075,0.000113
12.394000,-0.000075,0.000114
12.395000,-0.000075,0.000114
12.396000,-0.000074,0.000114
12.397000,-0.000074,0.000113
12.398000,-0.000074,0.000113
12.399000,-0.000074,0.000112
12.400000,-0.000074,0.000112
12.401000,-0.000075,0.000112
12.402000,-0.000074,0.000112
12.403000,-0.000075,0.000113
12.404000,-0.000075,0.000113
12.405000,-0.000074,0.000113
12.406000,-0.000074,0.000113
12.407000,-0.000074,0.000113
12.408000,-0.000074,0.000112
12.409000,-0.000074,0.000112
12.410000,-0.000074,0.000113
12.411000,-0.000074,0.000113
12.412000,-0.000074,0.000112
12.413000,-0.000074,0.000112
12.414000,-0.000074,0.000112
12.415000,-0.000074,0.000112
12.416000,-0.000074,0.000112
12.417000,-0.000074,0.000112
12.418000,-0.000075,0.000113
12.419000,-0.000075,0.000113
12.420000,-0.000075,0.000113
12.421000,-0.000074,0.000113
12.422000,-0.000074,0.000113
12.423000,-0.000074,0.000113
12.424000,-0.000074,0.000112
12.425000,-0.000074,0.000112
12.426000,-0.000074,0.000111
12.427000,-0.000075,0.000111
12.428000,-0.000074,0.000112
12.429000,-0.000074,0.000112
12.430000,-0.000074,0.000113
12.431000,-0.000074,0.000113
12.432000,-0.000074,0.000113
12.433000,-0.000074,0.000113
12.434000,-0.000074,0.000113
12.435000,-0.000074,0.000112
12.436000,-0.000074,0.000112
12.437000,-0.000075,0.000112
12.438000,-0.000075,0.000113
12.439000,-0.000075,0.000113
12.440000,-0.000074,0.000113
12.441000,-0.000074,0.000113
12.442000,-0.000074,0.000114
12.443000,-0.000074,0.000114
12.444000,-0.000074,0.000114
12.445000,-0.000074,0.000114
12.446000,-0.000075,0.000113
12.447000,-0.000074,0.000114
12.448000,-0.000075,0.000114
12.449000,-0.000075,0.000114
12.450000,-0.000075,0.000114
12.451000,-0.000075,0.000114
12.452000,-0.000075,0.000114
12.453000,-0.000075,0.000114
12.454000,-0.000075,0.000114
12.455000,-0.000075,0.000114
12.456000,-0.000075,0.000114
12.457000,-0.000075,0.000113
12.458000,-0.000075,0.000113
12.459000,-0.000075,0.000113
12.460000,-0.000075,0.000113
12.461000,-0.000074,0.000112
12.462000,-0.000074,0.000113
12.463000,-0.000074,0.000113
12.464000,-0.000073,0.000113
12.465000,-0.000073,0.000114
12.466000,-0.000074,0.000114
12.467000,-0.000074,0.000115
12.468000,-0.000073,0.000115
12.469000,-0.000074,0.000115
12.470000,-0.000074,0.000116
12.471000,-0.000074,0.000116
12.472000,-0.000075,0.000116
12.473000,-0.000075,0.000115
12.474000,-0.000075,0.000115
12.475000,-0.000074,0.000116
12.476000,-0.000074,0.000116
12.477000,-0.000074,0.000115
12.478000,-0.000073,0.000115
12.479000,-0.000073,0.000116
12.480000,-0.000073,0.000116
12.481000,-0.000074,0.000115
12.482000,-0.000073,0.000116
12.483000,-0.000074,0.000116
12.484000,-0.000074,0.000116
12.485000,-0.000074,0.000116
12.486000,-0.000075,0.000116
12.487000,-0.000075,0.000115
12.488000,-0.000075,0.000116
12.489000,-0.000075,0.000116
12.490000,-0.000075,0.000115
12.491000,-0.000075,0.000116
12.492000,-0.000075,0.000116
12.493000,-0.000075,0.000116
12.494000,-0.000074,0.000115
12.495000,-0.000074,0.000115
12.496000,-0.000075,0.000115
12.497000,-0.000076,0.000115
12.498000,-0.000077,0.000115
12.499000,-0.000078,0.000115
12.450000,-0.000075,0.000114
12.451000,-0.000075,0.000114
12.452000,-0.000074,0.000114
12.453000,-0.000074,0.000113
12.454000,-0.000075,0.000113
12.455000,-0.000074,0.000114
12.456000,-0.000075,0.000113
12.457000,-0.000075,0.000113
12.458000,-0.000074,0.000112
12.459000,-0.000074,0.000112
12.460000,-0.000074,0.000112
12.461000,-0.000074,0.000112
12.462000,-0.000073,0.000112
12.463000,-0.000074,0.000113
12.464000,-0.000073,0.000113
12.465000,-0.000073,0.000114
12.466000,-0.000073,0.000114
12.467000,-0.000073,0.000114
12.468000,-0.000073,0.000115
12.469000,-0.000073,0.000115
12.470000,-0.000073,0.000116
12.471000,-0.000073,0.000116
12.472000,-0.000074,0.000115
12.473000,-0.000074,0.000116
12.474000,-0.000073,0.000115
12.475000,-0.000073,0.000116
12.476000,-0.000072,0.000116
12.477000,-0.000072,0.000116
12.478000,-0.000072,0.000116
12.479000,-0.000072,0.000116
12.480000,-0.000073,0.000116
12.481000,-0.000073,0.000116
12.482000,-0.000074,0.000116
12.483000,-0.000074,0.000115
12.484000,-0.000074,0.000115
12.485000,-0.000074,0.000116
12.486000,-0.000075,0.000115
12.487000,-0.000075,0.000114
12.488000,-0.000074,0.000115
12.489000,-0.000074,0.000116
12.490000,-0.000074,0.000115
12.491000,-0.000074,0.000116
12.492000,-0.000074,0.000117
12.493000,-0.000074,0.000116
12.494000,-0.000074,0.000116
12.495000,-0.000075,0.000115
12.496000,-0.000075,0.000115
12.497000,-0.000076,0.000115
12.498000,-0.000077,0.000114
12.499000,-0.000078,0.000114
12.500000,-0.000078,0.000115
12.501000,-0.000078,0.000114
12.502000,-0.000077,0.000114
12.503000,-0.000077,0.000114
12.504000,-0.000077,0.000113
12.505000,-0.000077,0.000114
12.506000,-0.000077,0.000113
12.507000,-0.000076,0.000114
12.508000,-0.000076,0.000114
12.509000,-0.000075,0.000114
12.510000,-0.000075,0.000114
12.511000,-0.000075,0.000115
12.512000,-0.000075,0.000115
12.513000,-0.000075,0.000115
12.514000,-0.000075,0.000115
12.515000,-0.000075,0.000114
12.516000,-0.000075,0.000114
12.517000,-0.000075,0.000114
12.518000,-0.000075,0.000114
12.519000,-0.000075,0.000114
12.520000,-0.000076,0.000114
12.521000,-0.000077,0.000114
12.522000,-0.000077,0.000113
12.523000,-0.000077,0.000113
12.524000,-0.000078,0.000113
12.525000,-0.000077,0.000114
12.526000,-0.000077,0.000114
12.527000,-0.000077,0.000114
12.528000,-0.000077,0.000113
12.529000,-0.000076,0.000114
12.530000,-0.000077,0.000113
12.531000,-0.000077,0.000113
12.532000,-0.000077,0.000114
12.533000,-0.000077,0.000114
12.534000,-0.000078,0.000114
12.535000,-0.000078,0.000114
12.536000,-0.000078,0.000114
12.537000,-0.000077,0.000114
12.538000,-0.000077,0.000114
12.539000,-0.000077,0.000113
12.540000,-0.000077,0.000113
12.541000,-0.000078,0.000112
12.542000,-0.000077,0.000112
12.543000,-0.000077,0.000111
12.544000,-0.000077,0.000111
12.545000,-0.000076,0.000112
12.546000,-0.000076,0.000112
12.547000,-0.000075,0.000112
12.548000,-0.000075,0.000112
12.549000,-0.000075,0.000112
12.550000,-0.000076,0.000113
12.551000,-0.000077,0.000112
12.552000,-0.000076,0.000113
12.553000,-0.000077,0.000113
12.554000,-0.000076,0.000113
12.555000,-0.000077,0.000113
12.556000,-0.000076,0.000112
12.557000,-0.000076,0.000112
12.558000,-0.000077,0.000112
12.559000,-0.000077,0.000113
12.560000,-0.000076,0.000112
12.561000,-0.000076,0.000113
12.562000,-0.000076,0.000113
12.563000,-0.000076,0.000113
12.564000,-0.000076,0.000113
12.565000,-0.000076,0.000113
12.566000,-0.000077,0.000113
12.567000,-0.000077,0.000114
12.568000,-0.000077,0.000114
12.569000,-0.000078,0.000114
12.570000,-0.000078,0.000113
12.571000,-0.000078,0.000113
12.572000,-0.000078,0.000113
12.573000,-0.000078,0.000112
12.574000,-0.000078,0.000113
12.575000,-0.000079,0.000112
12.576000,-0.000079,0.000112
12.577000,-0.000079,0.000112
12.578000,-0.000079,0.000112
12.579000,-0.000079,0.000112
12.580000,-0.000079,0.000112
12.581000,-0.000078,0.000113
12.582000,-0.000078,0.000113
12.583000,-0.000078,0.000113
12.584000,-0.000078,0.000114
12.585000,-0.000078,0.000113
12.586000,-0.000077,0.000113
12.587000,-0.000077,0.000114
12.588000,-0.000078,0.000113
12.589000,-0.000078,0.000112
12.590000,-0.000078,0.000112
12.591000,-0.000078,0.000112
12.592000,-0.000077,0.000112
12.593000,-0.000078,0.000111
12.594000,-0.000078,0.000111
12.595000,-0.000078,0.000111
12.596000,-0.000078,0.000111
12.597000,-0.000077,0.000111
12.598000,-0.000077,0.000112
12.599000,-0.000077,0.000112
12.600000,-0.000077,0.000113
12.601000,-0.000076,0.000113
12.602000,-0.000076,0.000113
12.603000,-0.000076,0.000113
12.604000,-0.000076,0.000113
12.605000,-0.000076,0.000113
12.606000,-0.000076,0.000114
12.607000,-0.000076,0.000113
12.608000,-0.000077,0.000112
12.609000,-0.000077,0.000112
12.610000,-0.000078,0.000112
12.611000,-0.000078,0.000111
12.612000,-0.000079,0.000111
12.613000,-0.000079,0.000111
12.614000,-0.000079,0.000111
12.615000,-0.000079,0.000111
12.616000,-0.000078,0.000111
12.617000,-0.000078,0.000112
12.618000,-0.000078,0.000111
12.619000,-0.000078,0.000111
12.620000,-0.000077,0.000112
12.621000,-0.000077,0.000112
12.622000,-0.000077,0.000112
12.623000,-0.000076,0.000112
12.624000,-0.000076,0.000112
12.625000,-0.000076,0.000112
12.626000,-0.000076,0.000112
12.627000,-0.000076,0.000112
12.628000,-0.000076,0.000112
12.629000,-0.000076,0.000112
12.630000,-0.000076,0.000112
12.631000,-0.000076,0.000112
12.632000,-0.000076,0.000111
12.633000,-0.000076,0.000111
12.634000,-0.000076,0.000111
12.635000,-0.000076,0.000111
12.636000,-0.000076,0.000110
12.637000,-0.000076,0.000110
12.638000,-0.000076,0.000110
12.639000,-0.000076,0.000111
12.640000,-0.000076,0.000111
12.641000,-0.000076,0.000112
12.642000,-0.000076,0.000111
12.643000,-0.000076,0.000112
12.644000,-0.000076,0.000111
12.645000,-0.000077,0.000111
12.646000,-0.000077,0.000112
12.647000,-0.000077,0.000111
12.648000,-0.000077,0.000111
12.649000,-0.000076,0.000111
12.650000,-0.000076,0.000111
12.651000,-0.000076,0.000111
12.652000,-0.000076,0.000111
12.653000,-0.000076,0.000110
12.654000,-0.000076,0.000110
12.655000,-0.000077,0.000110
12.656000,-0.000077,0.000111
12.657000,-0.000077,0.000112
12.658000,-0.000077,0.000112
12.659000,-0.000077,0.000112
12.660000,-0.000077,0.000111
12.661000,-0.000077,0.000111
12.662000,-0.000077,0.000110
12.663000,-0.000076,0.000111
12.664000,-0.000076,0.000111
12.665000,-0.000076,0.000111
12.666000,-0.000076,0.000110
12.667000,-0.000076,0.000109
12.668000,-0.000076,0.000110
12.669000,-0.000075,0.000110
12.670000,-0.000075,0.000110
12.671000,-0.000075,0.000110
12.672000,-0.000074,0.000110
12.673000,-0.000075,0.000110
12.674000,-0.000075,0.000110
12.675000,-0.000074,0.000110
12.676000,-0.000074,0.000110
12.677000,-0.000074,0.000110
12.678000,-0.000074,0.000110
12.679000,-0.000075,0.000109
12.680000,-0.000075,0.000109
12.681000,-0.000075,0.000109
12.682000,-0.000075,0.000110
12.683000,-0.000075,0.000110
12.684000,-0.000075,0.000109
12.685000,-0.000075,0.000109
12.686000,-0.000075,0.000109
12.687000,-0.000075,0.000110
12.688000,-0.000075,0.000110
12.689000,-0.000075,0.000110
12.690000,-0.000075,0.000110
12.691000,-0.000076,0.000110
12.692000,-0.000076,0.000109
12.693000,-0.000075,0.000110
12.694000,-0.000076,0.000110
12.695000,-0.000075,0.000111
12.696000,-0.000075,0.000111
12.697000,-0.000076,0.000111
12.698000,-0.000075,0.000112
12.699000,-0.000075,0.000111
12.700000,-0.000075,0.000111
12.701000,-0.000075,0.000111
12.702000,-0.000075,0.000111
12.703000,-0.000075,0.000111
12.704000,-0.000074,0.000112
12.705000,-0.000074,0.000112
12.706000,-0.000074,0.000112
12.707000,-0.000074,0.000112
12.708000,-0.000073,0.000112
12.709000,-0.000073,0.000112
12.710000,-0.000073,0.000112
12.711000,-0.000073,0.000112
12.712000,-0.000073,0.000112
12.713000,-0.000073,0.000112
12.714000,-0.000073,0.000113
12.715000,-0.000073,0.000113
12.716000,-0.000073,0.000113
12.717000,-0.000073,0.000113
12.718000,-0.000073,0.000114
12.719000,-0.000073,0.000114
12.720000,-0.000074,0.000113
12.721000,-0.000073,0.000114
12.722000,-0.000073,0.000114
12.723000,-0.000074,0.000114
12.724000,-0.000074,0.000114
12.725000,-0.000075,0.000114
12.726000,-0.000075,0.000114
12.727000,-0.000075,0.000114
12.728000,-0.000074,0.000114
12.729000,-0.000075,0.000114
12.730000,-0.000074,0.000114
12.731000,-0.000074,0.000114
12.732000,-0.000074,0.000115
12.733000,-0.000073,0.000115
12.734000,-0.000074,0.000115
12.735000,-0.000074,0.000115
12.736000,-0.000074,0.000116
12.737000,-0.000074,0.000116
12.738000,-0.000074,0.000116
12.739000,-0.000074,0.000115
12.740000,-0.000074,0.000115
12.741000,-0.000074,0.000115
12.742000,-0.000075,0.000115
12.743000,-0.000074,0.000116
12.744000,-0.000075,0.000115
12.745000,-0.000074,0.000115
12.746000,-0.000075,0.000115
12.747000,-0.000074,0.000115
12.748000,-0.000074,0.000116
12.749000,-0.000074,0.000117
12.750000,-0.000074,0.000116
12.751000,-0.000075,0.000116
12.752000,-0.000074,0.000117
12.753000,-0.000074,0.000117
12.754000,-0.000075,0.000116
12.755000,-0.000075,0.000117
12.756000,-0.000075,0.000116
12.757000,-0.000075,0.000116
12.758000,-0.000076,0.000115
12.759000,-0.000075,0.000115
12.760000,-0.000075,0.000115
12.761000,-0.000076,0.000115
12.762000,-0.000075,0.000115
12.763000,-0.000076,0.000114
12.764000,-0.000075,0.000115
12.765000,-0.000074,0.000115
12.766000,-0.000073,0.000115
12.767000,-0.000073,0.000115
12.768000,-0.000073,0.000115
12.769000,-0.000073,0.000115
12.770000,-0.000073,0.000115
12.771000,-0.000074,0.000115
12.772000,-0.000074,0.000115
12.773000,-0.000074,0.000115
12.774000,-0.000075,0.000115
12.775000,-0.000074,0.000115
12.776000,-0.000074,0.000114
12.777000,-0.000074,0.000115
12.778000,-0.000073,0.000115
12.779000,-0.000073,0.000115
12.780000,-0.000072,0.000115
12.781000,-0.000072,0.000115
12.782000,-0.000072,0.000114
12.783000,-0.000073,0.000115
12.784000,-0.000073,0.000115
12.785000,-0.000073,0.000116
12.786000,-0.000073,0.000115
12.787000,-0.000073,0.000115
12.788000,-0.000074,0.000114
12.789000,-0.000073,0.000115
12.790000,-0.000073,0.000116
12.791000,-0.000073,0.000116
12.792000,-0.000073,0.000117
12.793000,-0.000072,0.000117
12.794000,-0.000072,0.000117
12.795000,-0.000071,0.000117
12.796000,-0.000072,0.000116
12.797000,-0.000072,0.000117
12.798000,-0.000072,0.000117
12.799000,-0.000072,0.000117
12.800000,-0.000073,0.000117
12.801000,-0.000073,0.000117
12.802000,-0.000073,0.000116
12.803000,-0.000073,0.000116
12.804000,-0.000073,0.000117
12.805000,-0.000073,0.000116
12.806000,-0.000072,0.000116
12.807000,-0.000072,0.000116
12.808000,-0.000072,0.000116
12.809000,-0.000072,0.000117
12.810000,-0.000072,0.000117
12.811000,-0.000071,0.000117
12.812000,-0.000071,0.000117
12.813000,-0.000072,0.000117
12.814000,-0.000072,0.000117
12.815000,-0.000072,0.000117
12.816000,-0.000072,0.000117
12.817000,-0.000072,0.000117
12.818000,-0.000071,0.000117
12.819000,-0.000071,0.000116
12.820000,-0.000071,0.000116
12.821000,-0.000071,0.000115
12.822000,-0.000071,0.000116
12.823000,-0.000071,0.000116
12.824000,-0.000071,0.000116
12.825000,-0.000071,0.000117
12.826000,-0.000071,0.000117
12.827000,-0.000071,0.000117
12.828000,-0.000071,0.000117
12.829000,-0.000071,0.000116
12.830000,-0.000071,0.000117
12.831000,-0.000071,0.000117
12.832000,-0.000071,0.000118
12.833000,-0.000071,0.000116
12.834000,-0.000070,0.000116
12.835000,-0.000070,0.000117
12.836000,-0.000070,0.000116
12.837000,-0.000069,0.000116
12.838000,-0.000070,0.000117
12.839000,-0.000070,0.000117
12.840000,-0.000070,0.000118
12.841000,-0.000070,0.000118
12.842000,-0.000070,0.000118
12.843000,-0.000070,0.000117
12.844000,-0.000070,0.000118
12.845000,-0.000070,0.000118
12.846000,-0.000070,0.000117
12.847000,-0.000070,0.000117
12.848000,-0.000070,0.000117
12.849000,-0.000071,0.000116
12.850000,-0.000071,0.000117
12.851000,-0.000070,0.000117
12.852000,-0.000070,0.000117
12.853000,-0.000069,0.000117
12.854000,-0.000069,0.000117
12.855000,-0.000069,0.000117
12.856000,-0.000069,0.000118
12.857000,-0.000069,0.000118
12.858000,-0.000069,0.000117
12.859000,-0.000069,0.000117
12.860000,-0.000070,0.000117
12.861000,-0.000069,0.000117
12.862000,-0.000070,0.000117
12.863000,-0.000070,0.000117
12.864000,-0.000070,0.000117
12.865000,-0.000071,0.000116
12.866000,-0.000071,0.000116
12.867000,-0.000071,0.000116
12.868000,-0.000071,0.000115
12.869000,-0.000071,0.000115
12.870000,-0.000071,0.000116
12.871000,-0.000071,0.000116
12.872000,-0.000071,0.000116
12.873000,-0.000071,0.000117
12.874000,-0.000070,0.000117
12.875000,-0.000070,0.000116
12.876000,-0.000070,0.000117
12.877000,-0.000070,0.000116
12.878000,-0.000070,0.000117
12.879000,-0.000070,0.000117
12.880000,-0.000070,0.000116
12.881000,-0.000070,0.000116
12.882000,-0.000070,0.000117
12.883000,-0.000070,0.000116
12.884000,-0.000070,0.000115
12.885000,-0.000070,0.000115
12.886000,-0.000070,0.000115
12.887000,-0.000070,0.000115
12.888000,-0.000070,0.000115
12.889000,-0.000070,0.000115
12.890000,-0.000070,0.000114
12.891000,-0.000069,0.000115
12.892000,-0.000069,0.000114
12.893000,-0.000068,0.000114
12.894000,-0.000068,0.000114
12.895000,-0.000068,0.000114
12.896000,-0.000068,0.000114
12.897000,-0.000068,0.000113
12.898000,-0.000069,0.000113
12.899000,-0.000068,0.000113
12.900000,-0.000069,0.000113
12.901000,-0.000069,0.000113
12.902000,-0.000069,0.000113
12.903000,-0.000070,0.000112
12.904000,-0.000070,0.000112
12.905000,-0.000070,0.000112
12.906000,-0.000071,0.000112
12.907000,-0.000072,0.000112
12.908000,-0.000072,0.000112
12.909000,-0.000073,0.000111
12.910000,-0.000073,0.000111
12.911000,-0.000073,0.000111
12.912000,-0.000073,0.000111
12.913000,-0.000073,0.000111
12.914000,-0.000073,0.000112
12.915000,-0.000073,0.000111
12.916000,-0.000073,0.000111
12.917000,-0.000073,0.000111
12.918000,-0.000073,0.000111
12.919000,-0.000073,0.000111
12.920000,-0.000073,0.000110
12.921000,-0.000073,0.000111
12.922000,-0.000073,0.000111
12.923000,-0.000074,0.000110
12.924000,-0.000074,0.000110
12.925000,-0.000074,0.000110
12.926000,-0.000074,0.000109
12.927000,-0.000074,0.000109
12.928000,-0.000074,0.000109
12.929000,-0.000074,0.000109
12.930000,-0.000074,0.000109
12.931000,-0.000074,0.000108
12.932000,-0.000074,0.000107
12.933000,-0.000074,0.000109
12.934000,-0.000075,0.000108
12.935000,-0.000075,0.000109
12.936000,-0.000075,0.000109
12.937000,-0.000075,0.000109
12.938000,-0.000075,0.000109
12.939000,-0.000075,0.000109
12.940000,-0.000075,0.000109
12.941000,-0.000075,0.000108
12.942000,-0.000075,0.000108
12.943000,-0.000075,0.000109
12.944000,-0.000075,0.000109
12.945000,-0.000075,0.000110
12.946000,-0.000076,0.000110
12.947000,-0.000076,0.000110
12.948000,-0.000076,0.000109
12.949000,-0.000075,0.000109
12.950000,-0.000075,0.000108
12.951000,-0.000076,0.000108
12.952000,-0.000076,0.000108
12.953000,-0.000076,0.000108
12.954000,-0.000076,0.000108
12.955000,-0.000076,0.000108
12.956000,-0.000076,0.000108
12.957000,-0.000076,0.000108
12.958000,-0.000075,0.000108
12.959000,-0.000075,0.000109
12.960000,-0.000075,0.000109
12.961000,-0.000075,0.000109
12.962000,-0.000075,0.000109
12.963000,-0.000076,0.000109
12.964000,-0.000076,0.000109
12.965000,-0.000075,0.000110
12.966000,-0.000076,0.000110
12.967000,-0.000076,0.000109
12.968000,-0.000076,0.000110
12.969000,-0.000076,0.000110
12.970000,-0.000076,0.000110
12.971000,-0.000076,0.000109
12.972000,-0.000076,0.000109
12.973000,-0.000076,0.000109
12.974000,-0.000076,0.000109
12.975000,-0.000076,0.000109
12.976000,-0.000077,0.000109
12.977000,-0.000077,0.000109
12.978000,-0.000078,0.000109
12.979000,-0.000078,0.000109
12.980000,-0.000078,0.000109
12.981000,-0.000078,0.000109
12.982000,-0.000079,0.000109
12.983000,-0.000078,0.000109
12.984000,-0.000077,0.000110
12.985000,-0.000077,0.000110
12.986000,-0.000077,0.000110
12.987000,-0.000077,0.000111
12.988000,-0.000078,0.000110
12.989000,-0.000078,0.000110
12.990000,-0.000079,0.000109
12.991000,-0.000079,0.000109
12.992000,-0.000080,0.000109
12.993000,-0.000081,0.000109
12.994000,-0.000082,0.000110
12.995000,-0.000082,0.000109
12.996000,-0.000082,0.000109
12.997000,-0.000082,0.000110
12.998000,-0.000081,0.000110
12.999000,-0.000081,0.000109
12.950000,-0.000075,0.000108
12.951000,-0.000076,0.000108
12.952000,-0.000076,0.000108
12.953000,-0.000076,0.000108
12.954000,-0.000076,0.000109
12.955000,-0.000077,0.000109
12.956000,-0.000077,0.000109
12.957000,-0.000077,0.000109
12.958000,-0.000077,0.000110
12.959000,-0.000077,0.000110
12.960000,-0.000077,0.000110
12.961000,-0.000077,0.000111
12.962000,-0.000077,0.000110
12.963000,-0.000077,0.000111
12.964000,-0.000077,0.000111
12.965000,-0.000076,0.000112
12.966000,-0.000077,0.000112
12.967000,-0.000077,0.000112
12.968000,-0.000077,0.000112
12.969000,-0.000077,0.000111
12.970000,-0.000077,0.000111
12.971000,-0.000076,0.000111
12.972000,-0.000077,0.000112
12.973000,-0.000077,0.000112
12.974000,-0.000076,0.000113
12.975000,-0.000077,0.000113
12.976000,-0.000077,0.000113
12.977000,-0.000077,0.000113
12.978000,-0.000078,0.000113
12.979000,-0.000078,0.000112
12.980000,-0.000078,0.000112
12.981000,-0.000078,0.000112
12.982000,-0.000079,0.000112
12.983000,-0.000079,0.000112
12.984000,-0.000078,0.000113
12.985000,-0.000078,0.000113
12.986000,-0.000078,0.000113
12.987000,-0.000078,0.000113
12.988000,-0.000078,0.000113
12.989000,-0.000079,0.000112
12.990000,-0.000079,0.000111
12.991000,-0.000079,0.000111
12.992000,-0.000079,0.000111
12.993000,-0.000079,0.000111
12.994000,-0.000079,0.000111
12.995000,-0.000079,0.000112
12.996000,-0.000078,0.000112
12.997000,-0.000078,0.000112
12.998000,-0.000078,0.000112
12.999000,-0.000078,0.000112
13.000000,-0.000078,0.000113
13.001000,-0.000078,0.000114
13.002000,-0.000078,0.000114
13.003000,-0.000078,0.000114
13.004000,-0.000078,0.000114
13.005000,-0.000079,0.000114
13.006000,-0.000079,0.000114
13.007000,-0.000078,0.000114
13.008000,-0.000078,0.000115
13.009000,-0.000077,0.000115
13.010000,-0.000077,0.000115
13.011000,-0.000078,0.000115
13.012000,-0.000078,0.000115
13.013000,-0.000077,0.000115
13.014000,-0.000078,0.000115
13.015000,-0.000077,0.000115
13.016000,-0.000077,0.000114
13.017000,-0.000078,0.000115
13.018000,-0.000078,0.000115
13.019000,-0.000078,0.000115
13.020000,-0.000078,0.000115
13.021000,-0.000077,0.000115
13.022000,-0.000077,0.000115
13.023000,-0.000077,0.000116
13.024000,-0.000077,0.000116
13.025000,-0.000077,0.000116
13.026000,-0.000077,0.000117
13.027000,-0.000077,0.000118
13.028000,-0.000078,0.000118
13.029000,-0.000077,0.000117
13.030000,-0.000078,0.000117
13.031000,-0.000077,0.000117
13.032000,-0.000077,0.000117
13.033000,-0.000077,0.000117
13.034000,-0.000077,0.000118
13.035000,-0.000078,0.000117
13.036000,-0.000077,0.000117
13.037000,-0.000076,0.000116
13.038000,-0.000076,0.000116
13.039000,-0.000076,0.000117
13.040000,-0.000076,0.000117
13.041000,-0.000076,0.000117
13.042000,-0.000077,0.000117
13.043000,-0.000076,0.000118
13.044000,-0.000077,0.000117
13.045000,-0.000076,0.000117
13.046000,-0.000076,0.000117
13.047000,-0.000076,0.000117
13.048000,-0.000076,0.000117
13.049000,-0.000076,0.000118
13.050000,-0.000076,0.000118
13.051000,-0.000076,0.000118
13.052000,-0.000076,0.000118
13.053000,-0.000076,0.000118
13.054000,-0.000076,0.000118
13.055000,-0.000074,0.000118
13.056000,-0.000074,0.000118
13.057000,-0.000074,0.000118
13.058000,-0.000074,0.000117
13.059000,-0.000074,0.000118
13.060000,-0.000073,0.000117
13.061000,-0.000073,0.000117
13.062000,-0.000073,0.000118
13.063000,-0.000074,0.000117
13.064000,-0.000075,0.000116
13.065000,-0.000075,0.000116
13.066000,-0.000075,0.000116
13.067000,-0.000075,0.000116
13.068000,-0.000075,0.000116
13.069000,-0.000075,0.000117
13.070000,-0.000075,0.000116
13.071000,-0.000074,0.000116
13.072000,-0.000074,0.000116
13.073000,-0.000074,0.000115
13.074000,-0.000074,0.000115
13.075000,-0.000074,0.000116
13.076000,-0.000075,0.000116
13.077000,-0.000075,0.000116
13.078000,-0.000074,0.000116
13.079000,-0.000075,0.000115
13.080000,-0.000074,0.000115
13.081000,-0.000074,0.000116
13.082000,-0.000074,0.000116
13.083000,-0.000073,0.000116
13.084000,-0.000073,0.000116
13.085000,-0.000073,0.000117
13.086000,-0.000072,0.000117
13.087000,-0.000072,0.000117
13.088000,-0.000072,0.000117
13.089000,-0.000072,0.000118
13.090000,-0.000073,0.000118
13.091000,-0.000073,0.000118
13.092000,-0.000074,0.000118
13.093000,-0.000074,0.000118
13.094000,-0.000075,0.000119
13.095000,-0.000076,0.000118
13.096000,-0.000076,0.000117
13.097000,-0.000076,0.000117
13.098000,-0.000075,0.000117
13.099000,-0.000075,0.000117
13.100000,-0.000074,0.000117
13.101000,-0.000074,0.000116
13.102000,-0.000074,0.000116
13.103000,-0.000073,0.000116
13.104000,-0.000073,0.000117
13.105000,-0.000073,0.000116
13.106000,-0.000073,0.000116
13.107000,-0.000073,0.000117
13.108000,-0.000073,0.000117
13.109000,-0.000073,0.000116
13.110000,-0.000073,0.000117
13.111000,-0.000072,0.000116
13.112000,-0.000073,0.000117
13.113000,-0.000073,0.000117
13.114000,-0.000074,0.000117
13.115000,-0.000074,0.000116
13.116000,-0.000074,0.000116
13.117000,-0.000074,0.000115
13.118000,-0.000074,0.000115
13.119000,-0.000074,0.000115
13.120000,-0.000075,0.000115
13.121000,-0.000075,0.000115
13.122000,-0.000075,0.000115
13.123000,-0.000074,0.000115
13.124000,-0.000074,0.000115
13.125000,-0.000074,0.000115
13.126000,-0.000074,0.000115
13.127000,-0.000074,0.000114
13.128000,-0.000074,0.000115
13.129000,-0.000074,0.000114
13.130000,-0.000074,0.000115
13.131000,-0.000074,0.000115
13.132000,-0.000073,0.000115
13.133000,-0.000074,0.000114
13.134000,-0.000074,0.000114
13.135000,-0.000073,0.000114
13.136000,-0.000074,0.000114
13.137000,-0.000074,0.000114
13.138000,-0.000074,0.000114
13.139000,-0.000074,0.000113
13.140000,-0.000074,0.000113
13.141000,-0.000074,0.000112
13.142000,-0.000073,0.000113
13.143000,-0.000074,0.000112
13.144000,-0.000074,0.000112
13.145000,-0.000075,0.000111
13.146000,-0.000075,0.000111
13.147000,-0.000074,0.000111
13.148000,-0.000075,0.000110
13.149000,-0.000075,0.000110
13.150000,-0.000075,0.000110
13.151000,-0.000074,0.000110
13.152000,-0.000075,0.000110
13.153000,-0.000075,0.000111
13.154000,-0.000075,0.000111
13.155000,-0.000075,0.000111
13.156000,-0.000075,0.000111
13.157000,-0.000075,0.000111
13.158000,-0.000075,0.000111
13.159000,-0.000075,0.000111
13.160000,-0.000075,0.000111
13.161000,-0.000075,0.000111
13.162000,-0.000075,0.000111
13.163000,-0.000075,0.000111
13.164000,-0.000075,0.000111
13.165000,-0.000075,0.000111
13.166000,-0.000075,0.000111
13.167000,-0.000075,0.000111
13.168000,-0.000075,0.000111
13.169000,-0.000075,0.000111
13.170000,-0.000075,0.000112
13.171000,-0.000076,0.000112
13.172000,-0.000075,0.000112
13.173000,-0.000075,0.000112
13.174000,-0.000076,0.000112
13.175000,-0.000076,0.000111
13.176000,-0.000076,0.000111
13.177000,-0.000076,0.000111
13.178000,-0.000076,0.000112
13.179000,-0.000075,0.000112
13.180000,-0.000075,0.000112
13.181000,-0.000074,0.000112
13.182000,-0.000074,0.000112
13.183000,-0.000075,0.000112
13.184000,-0.000075,0.000112
13.185000,-0.000075,0.000112
13.186000,-0.000075,0.000111
13.187000,-0.000076,0.000112
13.188000,-0.000076,0.000112
13.189000,-0.000076,0.000112
13.190000,-0.000077,0.000112
13.191000,-0.000076,0.000112
13.192000,-0.000076,0.000112
13.193000,-0.000076,0.000112
13.194000,-0.000076,0.000111
13.195000,-0.000075,0.000112
13.196000,-0.000075,0.000112
13.197000,-0.000074,0.000112
13.198000,-0.000075,0.000112
13.199000,-0.000074,0.000112
13.200000,-0.000075,0.000112
13.201000,-0.000075,0.000112
13.202000,-0.000075,0.000112
13.203000,-0.000075,0.000112
13.204000,-0.000075,0.000112
13.205000,-0.000075,0.000112
13.206000,-0.000075,0.000112
13.207000,-0.000076,0.000111
13.208000,-0.000075,0.000111
13.209000,-0.000075,0.000111
13.210000,-0.000075,0.000111
13.211000,-0.000075,0.000111
13.212000,-0.000075,0.000110
13.213000,-0.000075,0.000110
13.214000,-0.000075,0.000110
13.215000,-0.000074,0.000111
13.216000,-0.000074,0.000111
13.217000,-0.000074,0.000111
13.218000,-0.000073,0.000111
13.219000,-0.000074,0.000111
13.220000,-0.000073,0.000112
13.221000,-0.000072,0.000112
13.222000,-0.000072,0.000111
13.223000,-0.000072,0.000111
13.224000,-0.000073,0.000110
13.225000,-0.000072,0.000110
13.226000,-0.000072,0.000110
13.227000,-0.000072,0.000110
13.228000,-0.000072,0.000110
13.229000,-0.000072,0.000111
13.230000,-0.000072,0.000111
13.231000,-0.000073,0.000110
13.232000,-0.000073,0.000110
13.233000,-0.000073,0.000110
13.234000,-0.000073,0.000110
13.235000,-0.000073,0.000111
13.236000,-0.000073,0.000111
13.237000,-0.000073,0.000111
13.238000,-0.000073,0.000111
13.239000,-0.000073,0.000111
13.240000,-0.000072,0.000110
13.241000,-0.000072,0.000111
13.242000,-0.000072,0.000111
13.243000,-0.000072,0.000111
13.244000,-0.000071,0.000111
13.245000,-0.000072,0.000112
13.246000,-0.000071,0.000112
13.247000,-0.000072,0.000112
13.248000,-0.000071,0.000113
13.249000,-0.000071,0.000113
13.250000,-0.000071,0.000113
13.251000,-0.000071,0.000113
13.252000,-0.000072,0.000113
13.253000,-0.000072,0.000112
13.254000,-0.000073,0.000112
13.255000,-0.000073,0.000112
13.256000,-0.000072,0.000111
13.257000,-0.000072,0.000111
13.258000,-0.000071,0.000111
13.259000,-0.000071,0.000110
13.260000,-0.000071,0.000110
13.261000,-0.000071,0.000111
13.262000,-0.000071,0.000111
13.263000,-0.000071,0.000111
13.264000,-0.000071,0.000112
13.265000,-0.000071,0.000111
13.266000,-0.000072,0.000111
13.267000,-0.000072,0.000111
13.268000,-0.000072,0.000111
13.269000,-0.000072,0.000111
13.270000,-0.000073,0.000111
13.271000,-0.000072,0.000111
13.272000,-0.000072,0.000111
13.273000,-0.000073,0.000110
13.274000,-0.000072,0.000110
13.275000,-0.000071,0.000111
13.276000,-0.000071,0.000111
13.277000,-0.000072,0.000111
13.278000,-0.000072,0.000110
13.279000,-0.000072,0.000110
13.280000,-0.000073,0.000111
13.281000,-0.000073,0.000111
13.282000,-0.000072,0.000111
13.283000,-0.000073,0.000111
13.284000,-0.000073,0.000111
13.285000,-0.000073,0.000110
13.286000,-0.000073,0.000110
13.287000,-0.000072,0.000110
13.288000,-0.000072,0.000110
13.289000,-0.000072,0.000110
13.290000,-0.000072,0.000111
13.291000,-0.000071,0.000111
13.292000,-0.000072,0.000111
13.293000,-0.000071,0.000111
13.294000,-0.000071,0.000111
13.295000,-0.000072,0.000110
13.296000,-0.000072,0.000111
13.297000,-0.000072,0.000111
13.298000,-0.000072,0.000111
13.299000,-0.000072,0.000110
13.300000,-0.000072,0.000111
13.301000,-0.000072,0.000111
13.302000,-0.000071,0.000110
13.303000,-0.000072,0.000110
13.304000,-0.000072,0.000111
13.305000,-0.000072,0.000111
13.306000,-0.000072,0.000112
13.307000,-0.000072,0.000112
13.308000,-0.000072,0.000112
13.309000,-0.000073,0.000112
13.310000,-0.000073,0.000113
13.311000,-0.000072,0.000112
13.312000,-0.000072,0.000112
13.313000,-0.000071,0.000112
13.314000,-0.000072,0.000112
13.315000,-0.000072,0.000112
13.316000,-0.000072,0.000112
13.317000,-0.000073,0.000112
13.318000,-0.000073,0.000112
13.319000,-0.000073,0.000112
13.320000,-0.000073,0.000111
13.321000,-0.000074,0.000111
13.322000,-0.000074,0.000112
13.323000,-0.000074,0.000113
13.324000,-0.000074,0.000113
13.325000,-0.000074,0.000113
13.326000,-0.000073,0.000113
13.327000,-0.000073,0.000112
13.328000,-0.000073,0.000112
13.329000,-0.000073,0.000112
13.330000,-0.000073,0.000113
13.331000,-0.000073,0.000114
13.332000,-0.000073,0.000114
13.333000,-0.000073,0.000113
13.334000,-0.000074,0.000113
13.335000,-0.000074,0.000113
13.336000,-0.000074,0.000113
13.337000,-0.000074,0.000113
13.338000,-0.000074,0.000114
13.339000,-0.000074,0.000113
13.340000,-0.000075,0.000113
13.341000,-0.000074,0.000113
13.342000,-0.000075,0.000113
13.343000,-0.000074,0.000113
13.344000,-0.000074,0.000112
13.345000,-0.000074,0.000112
13.346000,-0.000074,0.000112
13.347000,-0.000074,0.000112
13.348000,-0.000074,0.000112
13.349000,-0.000074,0.000112
13.350000,-0.000075,0.000113
13.351000,-0.000074,0.000112
13.352000,-0.000075,0.000111
13.353000,-0.000075,0.000111
13.354000,-0.000075,0.000111
13.355000,-0.000075,0.000111
13.356000,-0.000075,0.000111
13.357000,-0.000076,0.000111
13.358000,-0.000076,0.000111
13.359000,-0.000076,0.000112
13.360000,-0.000075,0.000112
13.361000,-0.000075,0.000111
13.362000,-0.000075,0.000112
13.363000,-0.000075,0.000112
13.364000,-0.000075,0.000112
13.365000,-0.000075,0.000112
13.366000,-0.000075,0.000112
13.367000,-0.000075,0.000112
13.368000,-0.000076,0.000112
13.369000,-0.000075,0.000112
13.370000,-0.000076,0.000112
13.371000,-0.000076,0.000112
13.372000,-0.000076,0.000112
13.373000,-0.000076,0.000113
13.374000,-0.000076,0.000112
13.375000,-0.000076,0.000112
13.376000,-0.000076,0.000111
13.377000,-0.000076,0.000111
13.378000,-0.000076,0.000111
13.379000,-0.000077,0.000111
13.380000,-0.000077,0.000111
13.381000,-0.000077,0.000110
13.382000,-0.000078,0.000109
13.383000,-0.000077,0.000109
13.384000,-0.000078,0.000109
13.385000,-0.000077,0.000109
13.386000,-0.000076,0.000110
13.387000,-0.000076,0.000110
13.388000,-0.000076,0.000110
13.389000,-0.000076,0.000110
13.390000,-0.000076,0.000109
13.391000,-0.000076,0.000109
13.392000,-0.000076,0.000109
13.393000,-0.000076,0.000109
13.394000,-0.000077,0.000108
13.395000,-0.000077,0.000108
13.396000,-0.000078,0.000108
13.397000,-0.000078,0.000108
13.398000,-0.000078,0.000108
13.399000,-0.000079,0.000109
13.400000,-0.000079,0.000109
13.401000,-0.000078,0.000109
13.402000,-0.000079,0.000109
13.403000,-0.000078,0.000109
13.404000,-0.000078,0.000109
13.405000,-0.000078,0.000108
13.406000,-0.000078,0.000108
13.407000,-0.000078,0.000108
13.408000,-0.000078,0.000108
13.409000,-0.000077,0.000108
13.410000,-0.000078,0.000108
13.411000,-0.000079,0.000109
13.412000,-0.000079,0.000109
13.413000,-0.000079,0.000109
13.414000,-0.000078,0.000110
13.415000,-0.000078,0.000111
13.416000,-0.000079,0.000111
13.417000,-0.000078,0.000111
13.418000,-0.000078,0.000111
13.419000,-0.000079,0.000111
13.420000,-0.000078,0.000112
13.421000,-0.000079,0.000112
13.422000,-0.000079,0.000112
13.423000,-0.000079,0.000112
13.424000,-0.000079,0.000113
13.425000,-0.000079,0.000113
13.426000,-0.000079,0.000113
13.427000,-0.000078,0.000113
13.428000,-0.000079,0.000113
13.429000,-0.000078,0.000114
13.430000,-0.000078,0.000113
13.431000,-0.000078,0.000112
13.432000,-0.000078,0.000112
13.433000,-0.000078,0.000113
13.434000,-0.000078,0.000112
13.435000,-0.000078,0.000112
13.436000,-0.000077,0.000113
13.437000,-0.000077,0.000113
13.438000,-0.000077,0.000112
13.439000,-0.000077,0.000113
13.440000,-0.000077,0.000113
13.441000,-0.000077,0.000113
13.442000,-0.000077,0.000113
13.443000,-0.000077,0.000113
13.444000,-0.000077,0.000114
13.445000,-0.000077,0.000113
13.446000,-0.000077,0.000113
13.447000,-0.000077,0.000114
13.448000,-0.000076,0.000113
13.449000,-0.000077,0.000113
13.450000,-0.000076,0.000113
13.451000,-0.000077,0.000113
13.452000,-0.000076,0.000114
13.453000,-0.000076,0.000113
13.454000,-0.000076,0.000114
13.455000,-0.000076,0.000114
13.456000,-0.000076,0.000114
13.457000,-0.000076,0.000114
13.458000,-0.000076,0.000114
13.459000,-0.000076,0.000115
13.460000,-0.000076,0.000114
13.461000,-0.000077,0.000115
13.462000,-0.000076,0.000114
13.463000,-0.000076,0.000114
13.464000,-0.000076,0.000114
13.465000,-0.000076,0.000114
13.466000,-0.000075,0.000114
13.467000,-0.000075,0.000114
13.468000,-0.000074,0.000115
13.469000,-0.000075,0.000115
13.470000,-0.000075,0.000115
13.471000,-0.000074,0.000114
13.472000,-0.000075,0.000114
13.473000,-0.000075,0.000114
13.474000,-0.000075,0.000115
13.475000,-0.000075,0.000115
13.476000,-0.000075,0.000115
13.477000,-0.000075,0.000115
13.478000,-0.000074,0.000116
13.479000,-0.000074,0.000116
13.480000,-0.000073,0.000116
13.481000,-0.000073,0.000117
13.482000,-0.000073,0.000118
13.483000,-0.000073,0.000118
13.484000,-0.000073,0.000118
13.485000,-0.000073,0.000118
13.486000,-0.000074,0.000117
13.487000,-0.000075,0.000117
13.488000,-0.000075,0.000116
13.489000,-0.000075,0.000117
13.490000,-0.000075,0.000118
13.491000,-0.000074,0.000117
13.492000,-0.000074,0.000117
13.493000,-0.000073,0.000118
13.494000,-0.000073,0.000119
13.495000,-0.000073,0.000120
13.496000,-0.000072,0.000120
13.497000,-0.000072,0.000120
13.498000,-0.000072,0.000120
13.499000,-0.000072,0.000120
13.450000,-0.000076,0.000113
13.451000,-0.000077,0.000113
13.452000,-0.000077,0.000114
13.453000,-0.000077,0.000114
13.454000,-0.000077,0.000114
13.455000,-0.000077,0.000114
13.456000,-0.000076,0.000113
13.457000,-0.000077,0.000113
13.458000,-0.000077,0.000114
13.459000,-0.000076,0.000114
13.460000,-0.000077,0.000114
13.461000,-0.000077,0.000114
13.462000,-0.000076,0.000114
13.463000,-0.000076,0.000114
13.464000,-0.000076,0.000114
13.465000,-0.000075,0.000113
13.466000,-0.000076,0.000114
13.467000,-0.000076,0.000114
13.468000,-0.000075,0.000114
13.469000,-0.000075,0.000114
13.470000,-0.000075,0.000114
13.471000,-0.000075,0.000114
13.472000,-0.000075,0.000113
13.473000,-0.000075,0.000113
13.474000,-0.000076,0.000113
13.475000,-0.000075,0.000114
13.476000,-0.000075,0.000114
13.477000,-0.000074,0.000113
13.478000,-0.000074,0.000114
13.479000,-0.000074,0.000115
13.480000,-0.000074,0.000115
13.481000,-0.000074,0.000115
13.482000,-0.000074,0.000116
13.483000,-0.000075,0.000115
13.484000,-0.000075,0.000115
13.485000,-0.000075,0.000115
13.486000,-0.000076,0.000115
13.487000,-0.000076,0.000115
13.488000,-0.000076,0.000114
13.489000,-0.000076,0.000114
13.490000,-0.000075,0.000115
13.491000,-0.000075,0.000115
13.492000,-0.000075,0.000115
13.493000,-0.000075,0.000116
13.494000,-0.000074,0.000116
13.495000,-0.000074,0.000117
13.496000,-0.000074,0.000116
13.497000,-0.000074,0.000117
13.498000,-0.000074,0.000117
13.499000,-0.000074,0.000117
13.500000,-0.000074,0.000117
13.501000,-0.000074,0.000116
13.502000,-0.000074,0.000116
13.503000,-0.000073,0.000116
13.504000,-0.000073,0.000116
13.505000,-0.000074,0.000116
13.506000,-0.000074,0.000116
13.507000,-0.000074,0.000116
13.508000,-0.000074,0.000116
13.509000,-0.000074,0.000116
13.510000,-0.000074,0.000115
13.511000,-0.000074,0.000114
13.512000,-0.000074,0.000114
13.513000,-0.000074,0.000114
13.514000,-0.000074,0.000113
13.515000,-0.000074,0.000112
13.516000,-0.000073,0.000112
13.517000,-0.000073,0.000111
13.518000,-0.000074,0.000111
13.519000,-0.000073,0.000111
13.520000,-0.000073,0.000112
13.521000,-0.000073,0.000112
13.522000,-0.000074,0.000111
13.523000,-0.000073,0.000111
13.524000,-0.000073,0.000111
13.525000,-0.000073,0.000111
13.526000,-0.000074,0.000111
13.527000,-0.000074,0.000111
13.528000,-0.000074,0.000111
13.529000,-0.000074,0.000111
13.530000,-0.000073,0.000111
13.531000,-0.000073,0.000112
13.532000,-0.000073,0.000112
13.533000,-0.000073,0.000112
13.534000,-0.000073,0.000112
13.535000,-0.000073,0.000112
13.536000,-0.000073,0.000112
13.537000,-0.000073,0.000112
13.538000,-0.000073,0.000112
13.539000,-0.000074,0.000111
13.540000,-0.000074,0.000112
13.541000,-0.000074,0.000111
13.542000,-0.000074,0.000111
13.543000,-0.000075,0.000111
13.544000,-0.000075,0.000111
13.545000,-0.000075,0.000111
13.546000,-0.000074,0.000112
13.547000,-0.000074,0.000112
13.548000,-0.000074,0.000112
13.549000,-0.000073,0.000112
13.550000,-0.000074,0.000112
13.551000,-0.000073,0.000112
13.552000,-0.000073,0.000111
13.553000,-0.000073,0.000112
13.554000,-0.000073,0.000112
13.555000,-0.000073,0.000112
13.556000,-0.000073,0.000112
13.557000,-0.000073,0.000112
13.558000,-0.000073,0.000112
13.559000,-0.000073,0.000111
13.560000,-0.000074,0.000111
13.561000,-0.000074,0.000112
13.562000,-0.000074,0.000112
13.563000,-0.000073,0.000112
13.564000,-0.000073,0.000113
13.565000,-0.000073,0.000113
13.566000,-0.000073,0.000113
13.567000,-0.000072,0.000113
13.568000,-0.000072,0.000113
13.569000,-0.000072,0.000113
13.570000,-0.000072,0.000113
13.571000,-0.000073,0.000113
13.572000,-0.000073,0.000114
13.573000,-0.000073,0.000114
13.574000,-0.000073,0.000114
13.575000,-0.000074,0.000114
13.576000,-0.000075,0.000114
13.577000,-0.000074,0.000114
13.578000,-0.000075,0.000114
13.579000,-0.000074,0.000113
13.580000,-0.000073,0.000113
13.581000,-0.000073,0.000113
13.582000,-0.000072,0.000113
13.583000,-0.000072,0.000113
13.584000,-0.000072,0.000113
13.585000,-0.000072,0.000113
13.586000,-0.000072,0.000112
13.587000,-0.000072,0.000112
13.588000,-0.000072,0.000112
13.589000,-0.000072,0.000113
13.590000,-0.000073,0.000113
13.591000,-0.000072,0.000113
13.592000,-0.000072,0.000113
13.593000,-0.000072,0.000112
13.594000,-0.000072,0.000111
13.595000,-0.000072,0.000111
13.596000,-0.000072,0.000112
13.597000,-0.000072,0.000112
13.598000,-0.000072,0.000111
13.599000,-0.000071,0.000111
13.600000,-0.000072,0.000111
13.601000,-0.000072,0.000111
13.602000,-0.000072,0.000110
13.603000,-0.000073,0.000110
13.604000,-0.000073,0.000110
13.605000,-0.000073,0.000110
13.606000,-0.000073,0.000110
13.607000,-0.000073,0.000110
13.608000,-0.000073,0.000110
13.609000,-0.000073,0.000110
13.610000,-0.000073,0.000110
13.611000,-0.000072,0.000110
13.612000,-0.000072,0.000110
13.613000,-0.000072,0.000111
13.614000,-0.000072,0.000111
13.615000,-0.000072,0.000111
13.616000,-0.000072,0.000112
13.617000,-0.000072,0.000112
13.618000,-0.000072,0.000112
13.619000,-0.000072,0.000113
13.620000,-0.000072,0.000112
13.621000,-0.000072,0.000112
13.622000,-0.000072,0.000111
13.623000,-0.000073,0.000112
13.624000,-0.000073,0.000112
13.625000,-0.000073,0.000112
13.626000,-0.000073,0.000112
13.627000,-0.000073,0.000112
13.628000,-0.000073,0.000112
13.629000,-0.000074,0.000111
13.630000,-0.000074,0.000111
13.631000,-0.000074,0.000110
13.632000,-0.000074,0.000110
13.633000,-0.000074,0.000110
13.634000,-0.000074,0.000110
13.635000,-0.000074,0.000110
13.636000,-0.000074,0.000110
13.637000,-0.000074,0.000109
13.638000,-0.000074,0.000110
13.639000,-0.000074,0.000110
13.640000,-0.000074,0.000111
13.641000,-0.000073,0.000110
13.642000,-0.000073,0.000110
13.643000,-0.000073,0.000110
13.644000,-0.000073,0.000110
13.645000,-0.000074,0.000110
13.646000,-0.000074,0.000109
13.647000,-0.000074,0.000108
13.648000,-0.000075,0.000109
13.649000,-0.000075,0.000109
13.650000,-0.000074,0.000109
13.651000,-0.000075,0.000109
13.652000,-0.000074,0.000109
13.653000,-0.000074,0.000109
13.654000,-0.000075,0.000109
13.655000,-0.000075,0.000109
13.656000,-0.000075,0.000109
13.657000,-0.000075,0.000108
13.658000,-0.000076,0.000108
13.659000,-0.000076,0.000109
13.660000,-0.000075,0.000109
13.661000,-0.000076,0.000108
13.662000,-0.000076,0.000108
13.663000,-0.000075,0.000107
13.664000,-0.000075,0.000107
13.665000,-0.000075,0.000106
13.666000,-0.000075,0.000107
13.667000,-0.000075,0.000107
13.668000,-0.000075,0.000107
13.669000,-0.000074,0.000107
13.670000,-0.000075,0.000107
13.671000,-0.000075,0.000107
13.672000,-0.000075,0.000107
13.673000,-0.000075,0.000106
13.674000,-0.000075,0.000106
13.675000,-0.000075,0.000107
13.676000,-0.000074,0.000106
13.677000,-0.000075,0.000107
13.678000,-0.000075,0.000107
13.679000,-0.000075,0.000106
13.680000,-0.000074,0.000106
13.681000,-0.000074,0.000107
13.682000,-0.000074,0.000108
13.683000,-0.000074,0.000108
13.684000,-0.000074,0.000108
13.685000,-0.000074,0.000109
13.686000,-0.000074,0.000109
13.687000,-0.000075,0.000109
13.688000,-0.000075,0.000108
13.689000,-0.000075,0.000107
13.690000,-0.000076,0.000107
13.691000,-0.000076,0.000107
13.692000,-0.000076,0.000107
13.693000,-0.000076,0.000107
13.694000,-0.000075,0.000108
13.695000,-0.000075,0.000107
13.696000,-0.000075,0.000107
13.697000,-0.000075,0.000108
13.698000,-0.000075,0.000107
13.699000,-0.000075,0.000108
13.700000,-0.000075,0.000108
13.701000,-0.000075,0.000108
13.702000,-0.000075,0.000108
13.703000,-0.000075,0.000108
13.704000,-0.000076,0.000108
13.705000,-0.000075,0.000108
13.706000,-0.000075,0.000108
13.707000,-0.000075,0.000108
13.708000,-0.000075,0.000108
13.709000,-0.000074,0.000108
13.710000,-0.000075,0.000108
13.711000,-0.000075,0.000108
13.712000,-0.000076,0.000108
13.713000,-0.000076,0.000108
13.714000,-0.000076,0.000109
13.715000,-0.000076,0.000109
13.716000,-0.000076,0.000109
13.717000,-0.000076,0.000109
13.718000,-0.000076,0.000108
13.719000,-0.000076,0.000108
13.720000,-0.000076,0.000108
13.721000,-0.000076,0.000108
13.722000,-0.000076,0.000109
13.723000,-0.000076,0.000109
13.724000,-0.000076,0.000109
13.725000,-0.000076,0.000109
13.726000,-0.000076,0.000109
13.727000,-0.000076,0.000108
13.728000,-0.000076,0.000108
13.729000,-0.000076,0.000109
13.730000,-0.000076,0.000109
13.731000,-0.000076,0.000108
13.732000,-0.000076,0.000109
13.733000,-0.000076,0.000110
13.734000,-0.000076,0.000109
13.735000,-0.000076,0.000109
13.736000,-0.000076,0.000110
13.737000,-0.000076,0.000111
13.738000,-0.000075,0.000110
13.739000,-0.000075,0.000110
13.740000,-0.000076,0.000109
13.741000,-0.000076,0.000110
13.742000,-0.000076,0.000110
13.743000,-0.000076,0.000110
13.744000,-0.000076,0.000110
13.745000,-0.000077,0.000111
13.746000,-0.000076,0.000111
13.747000,-0.000076,0.000111
13.748000,-0.000077,0.000111
13.749000,-0.000077,0.000111
13.750000,-0.000077,0.000110
13.751000,-0.000077,0.000111
13.752000,-0.000077,0.000111
13.753000,-0.000076,0.000111
13.754000,-0.000076,0.000111
13.755000,-0.000075,0.000111
13.756000,-0.000076,0.000112
13.757000,-0.000076,0.000113
13.758000,-0.000076,0.000113
13.759000,-0.000076,0.000114
13.760000,-0.000076,0.000113
13.761000,-0.000076,0.000113
13.762000,-0.000076,0.000113
13.763000,-0.000077,0.000113
13.764000,-0.000077,0.000113
13.765000,-0.000078,0.000112
13.766000,-0.000077,0.000112
13.767000,-0.000078,0.000112
13.768000,-0.000078,0.000112
13.769000,-0.000077,0.000111
13.770000,-0.000077,0.000111
13.771000,-0.000077,0.000111
13.772000,-0.000076,0.000112
13.773000,-0.000076,0.000112
13.774000,-0.000076,0.000112
13.775000,-0.000076,0.000112
13.776000,-0.000076,0.000112
13.777000,-0.000076,0.000112
13.778000,-0.000077,0.000112
13.779000,-0.000077,0.000112
13.780000,-0.000078,0.000112
13.781000,-0.000078,0.000111
13.782000,-0.000078,0.000111
13.783000,-0.000077,0.000110
13.784000,-0.000077,0.000110
13.785000,-0.000076,0.000111
13.786000,-0.000076,0.000111
13.787000,-0.000076,0.000111
13.788000,-0.000076,0.000111
13.789000,-0.000075,0.000111
13.790000,-0.000076,0.000112
13.791000,-0.000075,0.000112
13.792000,-0.000076,0.000113
13.793000,-0.000076,0.000112
13.794000,-0.000076,0.000112
13.795000,-0.000077,0.000112
13.796000,-0.000077,0.000112
13.797000,-0.000076,0.000112
13.798000,-0.000077,0.000113
13.799000,-0.000076,0.000113
13.800000,-0.000077,0.000113
13.801000,-0.000076,0.000112
13.802000,-0.000076,0.000112
13.803000,-0.000077,0.000113
13.804000,-0.000077,0.000113
13.805000,-0.000077,0.000112
13.806000,-0.000078,0.000113
13.807000,-0.000078,0.000114
13.808000,-0.000078,0.000114
13.809000,-0.000077,0.000115
13.810000,-0.000077,0.000114
13.811000,-0.000077,0.000115
13.812000,-0.000076,0.000114
13.813000,-0.000076,0.000113
13.814000,-0.000076,0.000113
13.815000,-0.000076,0.000113
13.816000,-0.000077,0.000112
13.817000,-0.000077,0.000111
13.818000,-0.000077,0.000112
13.819000,-0.000077,0.000113
13.820000,-0.000077,0.000112
13.821000,-0.000077,0.000112
13.822000,-0.000077,0.000112
13.823000,-0.000076,0.000111
13.824000,-0.000075,0.000112
13.825000,-0.000075,0.000112
13.826000,-0.000076,0.000111
13.827000,-0.000076,0.000111
13.828000,-0.000076,0.000111
13.829000,-0.000076,0.000111
13.830000,-0.000077,0.000111
13.831000,-0.000077,0.000112
13.832000,-0.000076,0.000111
13.833000,-0.000077,0.000110
13.834000,-0.000077,0.000110
13.835000,-0.000077,0.000110
13.836000,-0.000076,0.000109
13.837000,-0.000077,0.000109
13.838000,-0.000077,0.000109
13.839000,-0.000076,0.000110
13.840000,-0.000076,0.000110
13.841000,-0.000076,0.000110
13.842000,-0.000076,0.000110
13.843000,-0.000076,0.000110
13.844000,-0.000076,0.000111
13.845000,-0.000075,0.000111
13.846000,-0.000076,0.000111
13.847000,-0.000076,0.000112
13.848000,-0.000076,0.000112
13.849000,-0.000076,0.000111
13.850000,-0.000076,0.000111
13.851000,-0.000076,0.000111
13.852000,-0.000076,0.000112
13.853000,-0.000077,0.000112
13.854000,-0.000076,0.000112
13.855000,-0.000076,0.000112
13.856000,-0.000075,0.000111
13.857000,-0.000074,0.000111
13.858000,-0.000074,0.000112
13.859000,-0.000074,0.000111
13.860000,-0.000074,0.000111
13.861000,-0.000074,0.000112
13.862000,-0.000074,0.000112
13.863000,-0.000074,0.000112
13.864000,-0.000074,0.000112
13.865000,-0.000074,0.000113
13.866000,-0.000074,0.000112
13.867000,-0.000074,0.000112
13.868000,-0.000074,0.000113
13.869000,-0.000074,0.000114
13.870000,-0.000075,0.000113
13.871000,-0.000074,0.000113
13.872000,-0.000074,0.000113
13.873000,-0.000074,0.000113
13.874000,-0.000074,0.000113
13.875000,-0.000074,0.000112
13.876000,-0.000074,0.000112
13.877000,-0.000074,0.000112
13.878000,-0.000074,0.000112
13.879000,-0.000075,0.000113
13.880000,-0.000075,0.000113
13.881000,-0.000075,0.000113
13.882000,-0.000075,0.000113
13.883000,-0.000075,0.000113
13.884000,-0.000076,0.000113
13.885000,-0.000076,0.000113
13.886000,-0.000075,0.000112
13.887000,-0.000075,0.000112
13.888000,-0.000074,0.000112
13.889000,-0.000075,0.000113
13.890000,-0.000075,0.000113
13.891000,-0.000075,0.000113
13.892000,-0.000075,0.000112
13.893000,-0.000074,0.000112
13.894000,-0.000074,0.000112
13.895000,-0.000074,0.000112
13.896000,-0.000074,0.000113
13.897000,-0.000074,0.000112
13.898000,-0.000074,0.000112
13.899000,-0.000074,0.000112
13.900000,-0.000073,0.000112
13.901000,-0.000073,0.000113
13.902000,-0.000073,0.000112
13.903000,-0.000073,0.000112
13.904000,-0.000073,0.000112
13.905000,-0.000073,0.000113
13.906000,-0.000073,0.000112
13.907000,-0.000072,0.000111
13.908000,-0.000072,0.000111
13.909000,-0.000072,0.000111
13.910000,-0.000072,0.000112
13.911000,-0.000072,0.000112
13.912000,-0.000072,0.000113
13.913000,-0.000073,0.000113
13.914000,-0.000073,0.000113
13.915000,-0.000073,0.000113
13.916000,-0.000074,0.000113
13.917000,-0.000073,0.000113
13.918000,-0.000073,0.000114
13.919000,-0.000073,0.000113
13.920000,-0.000073,0.000113
13.921000,-0.000073,0.000114
13.922000,-0.000073,0.000114
13.923000,-0.000072,0.000115
13.924000,-0.000073,0.000114
13.925000,-0.000072,0.000114
13.926000,-0.000072,0.000113
13.927000,-0.000071,0.000114
13.928000,-0.000071,0.000113
13.929000,-0.000071,0.000114
13.930000,-0.000071,0.000114
13.931000,-0.000072,0.000114
13.932000,-0.000072,0.000114
13.933000,-0.000072,0.000115
13.934000,-0.000072,0.000115
13.935000,-0.000072,0.000115
13.936000,-0.000072,0.000114
13.937000,-0.000072,0.000114
13.938000,-0.000072,0.000114
13.939000,-0.000072,0.000115
13.940000,-0.000071,0.000115
13.941000,-0.000071,0.000115
13.942000,-0.000070,0.000115
13.943000,-0.000071,0.000115
13.944000,-0.000071,0.000116
13.945000,-0.000071,0.000115
13.946000,-0.000071,0.000114
13.947000,-0.000071,0.000114
13.948000,-0.000071,0.000114
13.949000,-0.000071,0.000114
13.950000,-0.000070,0.000115
13.951000,-0.000070,0.000115
13.952000,-0.000070,0.000114
13.953000,-0.000070,0.000115
13.954000,-0.000071,0.000114
13.955000,-0.000071,0.000114
13.956000,-0.000071,0.000114
13.957000,-0.000071,0.000114
13.958000,-0.000072,0.000113
13.959000,-0.000071,0.000113
13.960000,-0.000071,0.000113
13.961000,-0.000071,0.000113
13.962000,-0.000071,0.000113
13.963000,-0.000071,0.000113
13.964000,-0.000071,0.000113
13.965000,-0.000071,0.000113
13.966000,-0.000071,0.000114
13.967000,-0.000071,0.000114
13.968000,-0.000071,0.000114
13.969000,-0.000071,0.000113
13.970000,-0.000071,0.000114
13.971000,-0.000071,0.000114
13.972000,-0.000072,0.000114
13.973000,-0.000072,0.000114
13.974000,-0.000072,0.000114
13.975000,-0.000072,0.000114
13.976000,-0.000071,0.000114
13.977000,-0.000071,0.000114
13.978000,-0.000070,0.000114
13.979000,-0.000070,0.000115
13.980000,-0.000069,0.000115
13.981000,-0.000069,0.000115
13.982000,-0.000069,0.000115
13.983000,-0.000069,0.000115
13.984000,-0.000069,0.000115
13.985000,-0.000070,0.000115
13.986000,-0.000070,0.000115
13.987000,-0.000070,0.000115
13.988000,-0.000071,0.000115
13.989000,-0.000070,0.000115
13.990000,-0.000070,0.000115
13.991000,-0.000071,0.000115
13.992000,-0.000070,0.000115
13.993000,-0.000070,0.000116
13.994000,-0.000071,0.000116
13.995000,-0.000071,0.000116
13.996000,-0.000071,0.000115
13.997000,-0.000072,0.000115
13.998000,-0.000072,0.000115
13.999000,-0.000072,0.000115
13.950000,-0.000070,0.000115
13.951000,-0.000070,0.000114
13.952000,-0.000070,0.000113
13.953000,-0.000070,0.000114
13.954000,-0.000070,0.000114
13.955000,-0.000070,0.000114
13.956000,-0.000071,0.000114
13.957000,-0.000071,0.000114
13.958000,-0.000071,0.000114
13.959000,-0.000070,0.000113
13.960000,-0.000070,0.000114
13.961000,-0.000070,0.000113
13.962000,-0.000070,0.000113
13.963000,-0.000070,0.000114
13.964000,-0.000070,0.000114
13.965000,-0.000070,0.000114
13.966000,-0.000070,0.000114
13.967000,-0.000070,0.000114
13.968000,-0.000070,0.000113
13.969000,-0.000070,0.000112
13.970000,-0.000070,0.000113
13.971000,-0.000070,0.000113
13.972000,-0.000071,0.000113
13.973000,-0.000071,0.000113
13.974000,-0.000071,0.000113
13.975000,-0.000071,0.000113
13.976000,-0.000070,0.000114
13.977000,-0.000070,0.000114
13.978000,-0.000069,0.000114
13.979000,-0.000069,0.000114
13.980000,-0.000069,0.000114
13.981000,-0.000069,0.000114
13.982000,-0.000069,0.000114
13.983000,-0.000069,0.000114
13.984000,-0.000069,0.000114
13.985000,-0.000070,0.000114
13.986000,-0.000070,0.000115
13.987000,-0.000070,0.000115
13.988000,-0.000071,0.000115
13.989000,-0.000070,0.000115
13.990000,-0.000070,0.000116
13.991000,-0.000070,0.000115
13.992000,-0.000070,0.000116
13.993000,-0.000071,0.000116
13.994000,-0.000072,0.000116
13.995000,-0.000072,0.000116
13.996000,-0.000072,0.000115
13.997000,-0.000073,0.000115
13.998000,-0.000073,0.000114
13.999000,-0.000073,0.000114
14.000000,-0.000073,0.000115
14.001000,-0.000072,0.000115
14.002000,-0.000072,0.000115
14.003000,-0.000071,0.000115
14.004000,-0.000072,0.000116
14.005000,-0.000071,0.000115
14.006000,-0.000072,0.000115
14.007000,-0.000072,0.000115
14.008000,-0.000072,0.000115
14.009000,-0.000073,0.000115
14.010000,-0.000073,0.000114
14.011000,-0.000073,0.000114
14.012000,-0.000073,0.000113
14.013000,-0.000072,0.000113
14.014000,-0.000071,0.000114
14.015000,-0.000071,0.000114
14.016000,-0.000070,0.000115
14.017000,-0.000070,0.000116
14.018000,-0.000070,0.000116
14.019000,-0.000070,0.000116
14.020000,-0.000071,0.000116
14.021000,-0.000072,0.000115
14.022000,-0.000072,0.000114
14.023000,-0.000073,0.000114
14.024000,-0.000073,0.000115
14.025000,-0.000073,0.000114
14.026000,-0.000072,0.000115
14.027000,-0.000072,0.000116
14.028000,-0.000072,0.000116
14.029000,-0.000072,0.000116
14.030000,-0.000072,0.000116
14.031000,-0.000072,0.000116
14.032000,-0.000072,0.000116
14.033000,-0.000072,0.000116
14.034000,-0.000072,0.000117
14.035000,-0.000072,0.000117
14.036000,-0.000071,0.000117
14.037000,-0.000072,0.000117
14.038000,-0.000072,0.000118
14.039000,-0.000072,0.000117
14.040000,-0.000073,0.000118
14.041000,-0.000073,0.000117
14.042000,-0.000073,0.000117
14.043000,-0.000072,0.000116
14.044000,-0.000072,0.000116
14.045000,-0.000072,0.000116
14.046000,-0.000072,0.000116
14.047000,-0.000072,0.000116
14.048000,-0.000072,0.000115
14.049000,-0.000072,0.000115
14.050000,-0.000073,0.000115
14.051000,-0.000073,0.000116
14.052000,-0.000074,0.000117
14.053000,-0.000074,0.000116
14.054000,-0.000074,0.000116
14.055000,-0.000075,0.000116
14.056000,-0.000074,0.000115
14.057000,-0.000075,0.000115
14.058000,-0.000075,0.000115
14.059000,-0.000076,0.000115
14.060000,-0.000075,0.000115
14.061000,-0.000075,0.000115
14.062000,-0.000075,0.000115
14.063000,-0.000075,0.000115
14.064000,-0.000075,0.000115
14.065000,-0.000075,0.000115
14.066000,-0.000075,0.000115
14.067000,-0.000075,0.000115
14.068000,-0.000076,0.000116
14.069000,-0.000076,0.000116
14.070000,-0.000076,0.000115
14.071000,-0.000076,0.000115
14.072000,-0.000076,0.000116
14.073000,-0.000076,0.000116
14.074000,-0.000077,0.000115
14.075000,-0.000077,0.000115
14.076000,-0.000077,0.000113
14.077000,-0.000077,0.000113
14.078000,-0.000077,0.000113
14.079000,-0.000077,0.000113
14.080000,-0.000077,0.000113
14.081000,-0.000077,0.000113
14.082000,-0.000077,0.000114
14.083000,-0.000077,0.000114
14.084000,-0.000077,0.000114
14.085000,-0.000077,0.000114
14.086000,-0.000077,0.000114
14.087000,-0.000077,0.000114
14.088000,-0.000077,0.000113
14.089000,-0.000078,0.000113
14.090000,-0.000078,0.000113
14.091000,-0.000078,0.000112
14.092000,-0.000078,0.000112
14.093000,-0.000077,0.000112
14.094000,-0.000076,0.000112
14.095000,-0.000076,0.000113
14.096000,-0.000076,0.000113
14.097000,-0.000076,0.000113
14.098000,-0.000076,0.000113
14.099000,-0.000075,0.000113
14.100000,-0.000076,0.000113
14.101000,-0.000076,0.000112
14.102000,-0.000076,0.000113
14.103000,-0.000077,0.000113
14.104000,-0.000076,0.000113
14.105000,-0.000077,0.000113
14.106000,-0.000077,0.000113
14.107000,-0.000076,0.000113
14.108000,-0.000077,0.000113
14.109000,-0.000077,0.000113
14.110000,-0.000077,0.000113
14.111000,-0.000077,0.000113
14.112000,-0.000077,0.000113
14.113000,-0.000077,0.000113
14.114000,-0.000077,0.000113
14.115000,-0.000078,0.000113
14.116000,-0.000077,0.000113
14.117000,-0.000077,0.000112
14.118000,-0.000077,0.000111
14.119000,-0.000077,0.000111
14.120000,-0.000077,0.000112
14.121000,-0.000077,0.000112
14.122000,-0.000077,0.000112
14.123000,-0.000077,0.000112
14.124000,-0.000077,0.000112
14.125000,-0.000077,0.000112
14.126000,-0.000078,0.000111
14.127000,-0.000078,0.000111
14.128000,-0.000078,0.000111
14.129000,-0.000078,0.000111
14.130000,-0.000078,0.000111
14.131000,-0.000077,0.000110
14.132000,-0.000077,0.000110
14.133000,-0.000077,0.000110
14.134000,-0.000077,0.000110
14.135000,-0.000077,0.000110
14.136000,-0.000077,0.000110
14.137000,-0.000077,0.000109
14.138000,-0.000078,0.000109
14.139000,-0.000077,0.000109
14.140000,-0.000077,0.000109
14.141000,-0.000077,0.000108
14.142000,-0.000078,0.000108
14.143000,-0.000079,0.000108
14.144000,-0.000079,0.000109
14.145000,-0.000079,0.000109
14.146000,-0.000079,0.000109
14.147000,-0.000079,0.000109
14.148000,-0.000078,0.000110
14.149000,-0.000078,0.000110
14.150000,-0.000077,0.000110
14.151000,-0.000077,0.000110
14.152000,-0.000077,0.000110
14.153000,-0.000077,0.000110
14.154000,-0.000078,0.000110
14.155000,-0.000078,0.000110
14.156000,-0.000078,0.000110
14.157000,-0.000077,0.000110
14.158000,-0.000077,0.000109
14.159000,-0.000076,0.000109
14.160000,-0.000077,0.000109
14.161000,-0.000077,0.000110
14.162000,-0.000077,0.000109
14.163000,-0.000077,0.000109
14.164000,-0.000077,0.000109
14.165000,-0.000077,0.000110
14.166000,-0.000076,0.000110
14.167000,-0.000077,0.000109
14.168000,-0.000076,0.000109
14.169000,-0.000076,0.000109
14.170000,-0.000076,0.000110
14.171000,-0.000077,0.000109
14.172000,-0.000076,0.000109
14.173000,-0.000076,0.000109
14.174000,-0.000076,0.000110
14.175000,-0.000076,0.000110
14.176000,-0.000076,0.000111
14.177000,-0.000076,0.000111
14.178000,-0.000076,0.000110
14.179000,-0.000076,0.000111
14.180000,-0.000076,0.000111
14.181000,-0.000076,0.000112
14.182000,-0.000076,0.000111
14.183000,-0.000076,0.000111
14.184000,-0.000076,0.000111
14.185000,-0.000076,0.000111
14.186000,-0.000076,0.000111
14.187000,-0.000076,0.000111
14.188000,-0.000076,0.000111
14.189000,-0.000076,0.000112
14.190000,-0.000076,0.000111
14.191000,-0.000076,0.000111
14.192000,-0.000075,0.000111
14.193000,-0.000075,0.000111
14.194000,-0.000075,0.000111
14.195000,-0.000075,0.000110
14.196000,-0.000075,0.000111
14.197000,-0.000075,0.000111
14.198000,-0.000075,0.000111
14.199000,-0.000076,0.000111
14.200000,-0.000076,0.000111
14.201000,-0.000076,0.000111
14.202000,-0.000076,0.000111
14.203000,-0.000076,0.000111
14.204000,-0.000076,0.000111
14.205000,-0.000076,0.000111
14.206000,-0.000076,0.000111
14.207000,-0.000075,0.000112
14.208000,-0.000075,0.000111
14.209000,-0.000074,0.000112
14.210000,-0.000075,0.000112
14.211000,-0.000074,0.000112
14.212000,-0.000074,0.000112
14.213000,-0.000075,0.000112
14.214000,-0.000075,0.000111
14.215000,-0.000076,0.000110
14.216000,-0.000076,0.000110
14.217000,-0.000076,0.000111
14.218000,-0.000076,0.000111
14.219000,-0.000076,0.000112
14.220000,-0.000076,0.000111
14.221000,-0.000076,0.000111
14.222000,-0.000075,0.000112
14.223000,-0.000075,0.000111
14.224000,-0.000075,0.000111
14.225000,-0.000075,0.000111
14.226000,-0.000075,0.000111
14.227000,-0.000075,0.000111
14.228000,-0.000075,0.000111
14.229000,-0.000075,0.000111
14.230000,-0.000075,0.000112
14.231000,-0.000075,0.000113
14.232000,-0.000075,0.000112
14.233000,-0.000075,0.000112
14.234000,-0.000075,0.000112
14.235000,-0.000075,0.000112
14.236000,-0.000075,0.000112
14.237000,-0.000076,0.000112
14.238000,-0.000076,0.000112
14.239000,-0.000076,0.000113
14.240000,-0.000076,0.000113
14.241000,-0.000076,0.000114
14.242000,-0.000077,0.000114
14.243000,-0.000076,0.000114
14.244000,-0.000076,0.000114
14.245000,-0.000077,0.000114
14.246000,-0.000077,0.000114
14.247000,-0.000077,0.000115
14.248000,-0.000078,0.000115
14.249000,-0.000077,0.000115
14.250000,-0.000078,0.000115
14.251000,-0.000077,0.000115
14.252000,-0.000077,0.000114
14.253000,-0.000077,0.000114
14.254000,-0.000077,0.000114
14.255000,-0.000077,0.000115
14.256000,-0.000077,0.000115
14.257000,-0.000078,0.000116
14.258000,-0.000077,0.000116
14.259000,-0.000078,0.000116
14.260000,-0.000078,0.000116
14.261000,-0.000078,0.000116
14.262000,-0.000078,0.000116
14.263000,-0.000078,0.000115
14.264000,-0.000078,0.000116
14.265000,-0.000078,0.000115
14.266000,-0.000077,0.000116
14.267000,-0.000077,0.000117
14.268000,-0.000076,0.000117
14.269000,-0.000076,0.000117
14.270000,-0.000076,0.000117
14.271000,-0.000076,0.000118
14.272000,-0.000076,0.000117
14.273000,-0.000077,0.000117
14.274000,-0.000077,0.000117
14.275000,-0.000077,0.000117
14.276000,-0.000076,0.000117
14.277000,-0.000076,0.000118
14.278000,-0.000077,0.000118
14.279000,-0.000077,0.000118
14.280000,-0.000078,0.000117
14.281000,-0.000078,0.000117
14.282000,-0.000077,0.000118
14.283000,-0.000077,0.000118
14.284000,-0.000077,0.000117
14.285000,-0.000077,0.000117
14.286000,-0.000077,0.000117
14.287000,-0.000077,0.000117
14.288000,-0.000077,0.000117
14.289000,-0.000077,0.000116
14.290000,-0.000077,0.000117
14.291000,-0.000077,0.000117
14.292000,-0.000077,0.000117
14.293000,-0.000077,0.000118
14.294000,-0.000078,0.000118
14.295000,-0.000078,0.000119
14.296000,-0.000077,0.000119
14.297000,-0.000076,0.000119
14.298000,-0.000077,0.000119
14.299000,-0.000077,0.000120
14.300000,-0.000077,0.000120
14.301000,-0.000077,0.000119
14.302000,-0.000077,0.000119
14.303000,-0.000077,0.000119
14.304000,-0.000077,0.000119
14.305000,-0.000077,0.000119
14.306000,-0.000077,0.000119
14.307000,-0.000077,0.000120
14.308000,-0.000077,0.000120
14.309000,-0.000077,0.000120
14.310000,-0.000077,0.000119
14.311000,-0.000078,0.000119
14.312000,-0.000078,0.000119
14.313000,-0.000078,0.000119
14.314000,-0.000078,0.000119
14.315000,-0.000077,0.000120
14.316000,-0.000077,0.000120
14.317000,-0.000077,0.000119
14.318000,-0.000076,0.000120
14.319000,-0.000076,0.000119
14.320000,-0.000076,0.000119
14.321000,-0.000075,0.000119
14.322000,-0.000075,0.000119
14.323000,-0.000075,0.000120
14.324000,-0.000075,0.000120
14.325000,-0.000075,0.000120
14.326000,-0.000075,0.000120
14.327000,-0.000075,0.000121
14.328000,-0.000076,0.000121
14.329000,-0.000076,0.000121
14.330000,-0.000076,0.000120
14.331000,-0.000076,0.000120
14.332000,-0.000076,0.000120
14.333000,-0.000076,0.000120
14.334000,-0.000076,0.000120
14.335000,-0.000076,0.000120
14.336000,-0.000075,0.000119
14.337000,-0.000075,0.000119
14.338000,-0.000074,0.000119
14.339000,-0.000074,0.000119
14.340000,-0.000074,0.000119
14.341000,-0.000074,0.000118
14.342000,-0.000073,0.000119
14.343000,-0.000073,0.000119
14.344000,-0.000073,0.000119
14.345000,-0.000072,0.000119
14.346000,-0.000073,0.000118
14.347000,-0.000073,0.000117
14.348000,-0.000073,0.000117
14.349000,-0.000073,0.000117
14.350000,-0.000073,0.000117
14.351000,-0.000073,0.000117
14.352000,-0.000073,0.000117
14.353000,-0.000073,0.000117
14.354000,-0.000073,0.000117
14.355000,-0.000072,0.000117
14.356000,-0.000072,0.000116
14.357000,-0.000072,0.000115
14.358000,-0.000073,0.000116
14.359000,-0.000072,0.000115
14.360000,-0.000073,0.000115
14.361000,-0.000073,0.000115
14.362000,-0.000073,0.000115
14.363000,-0.000073,0.000116
14.364000,-0.000074,0.000115
14.365000,-0.000074,0.000115
14.366000,-0.000075,0.000114
14.367000,-0.000075,0.000114
14.368000,-0.000076,0.000113
14.369000,-0.000075,0.000114
14.370000,-0.000076,0.000113
14.371000,-0.000076,0.000113
14.372000,-0.000076,0.000114
14.373000,-0.000075,0.000113
14.374000,-0.000075,0.000113
14.375000,-0.000075,0.000113
14.376000,-0.000075,0.000113
14.377000,-0.000075,0.000112
14.378000,-0.000075,0.000112
14.379000,-0.000074,0.000112
14.380000,-0.000074,0.000112
14.381000,-0.000074,0.000112
14.382000,-0.000074,0.000112
14.383000,-0.000075,0.000112
14.384000,-0.000074,0.000112
14.385000,-0.000074,0.000113
14.386000,-0.000073,0.000113
14.387000,-0.000074,0.000113
14.388000,-0.000073,0.000113
14.389000,-0.000073,0.000113
14.390000,-0.000073,0.000113
14.391000,-0.000074,0.000112
14.392000,-0.000074,0.000112
14.393000,-0.000074,0.000111
14.394000,-0.000075,0.000111
14.395000,-0.000075,0.000111
14.396000,-0.000075,0.000110
14.397000,-0.000076,0.000109
14.398000,-0.000075,0.000109
14.399000,-0.000075,0.000109
14.400000,-0.000075,0.000109
14.401000,-0.000075,0.000109
14.402000,-0.000075,0.000110
14.403000,-0.000075,0.000110
14.404000,-0.000074,0.000109
14.405000,-0.000074,0.000109
14.406000,-0.000074,0.000109
14.407000,-0.000074,0.000108
14.408000,-0.000075,0.000108
14.409000,-0.000074,0.000108
14.410000,-0.000074,0.000108
14.411000,-0.000074,0.000108
14.412000,-0.000074,0.000107
14.413000,-0.000075,0.000107
14.414000,-0.000074,0.000107
14.415000,-0.000075,0.000107
14.416000,-0.000075,0.000107
14.417000,-0.000076,0.000108
14.418000,-0.000076,0.000107
14.419000,-0.000076,0.000108
14.420000,-0.000076,0.000108
14.421000,-0.000077,0.000107
14.422000,-0.000077,0.000107
14.423000,-0.000076,0.000107
14.424000,-0.000077,0.000107
14.425000,-0.000077,0.000107
14.426000,-0.000077,0.000108
14.427000,-0.000077,0.000108
14.428000,-0.000076,0.000108
14.429000,-0.000076,0.000108
14.430000,-0.000077,0.000108
14.431000,-0.000076,0.000108
14.432000,-0.000077,0.000108
14.433000,-0.000077,0.000108
14.434000,-0.000077,0.000109
14.435000,-0.000077,0.000109
14.436000,-0.000077,0.000109
14.437000,-0.000077,0.000109
14.438000,-0.000077,0.000108
14.439000,-0.000076,0.000108
14.440000,-0.000076,0.000109
14.441000,-0.000077,0.000108
14.442000,-0.000076,0.000108
14.443000,-0.000077,0.000108
14.444000,-0.000078,0.000109
14.445000,-0.000078,0.000108
14.446000,-0.000078,0.000109
14.447000,-0.000078,0.000109
14.448000,-0.000078,0.000109
14.449000,-0.000078,0.000109
14.450000,-0.000078,0.000110
14.451000,-0.000078,0.000109
14.452000,-0.000078,0.000109
14.453000,-0.000078,0.000110
14.454000,-0.000078,0.000110
14.455000,-0.000079,0.000110
14.456000,-0.000079,0.000110
14.457000,-0.000078,0.000110
14.458000,-0.000078,0.000110
14.459000,-0.000078,0.000110
14.460000,-0.000078,0.000110
14.461000,-0.000077,0.000111
14.462000,-0.000077,0.000110
14.463000,-0.000077,0.000110
14.464000,-0.000077,0.000110
14.465000,-0.000077,0.000110
14.466000,-0.000077,0.000111
14.467000,-0.000077,0.000111
14.468000,-0.000077,0.000111
14.469000,-0.000077,0.000111
14.470000,-0.000076,0.000111
14.471000,-0.000077,0.000111
14.472000,-0.000077,0.000111
14.473000,-0.000077,0.000111
14.474000,-0.000077,0.000112
14.475000,-0.000077,0.000112
14.476000,-0.000077,0.000111
14.477000,-0.000077,0.000112
14.478000,-0.000076,0.000111
14.479000,-0.000077,0.000111
14.480000,-0.000077,0.000111
14.481000,-0.000077,0.000112
14.482000,-0.000077,0.000111
14.483000,-0.000078,0.000111
14.484000,-0.000078,0.000111
14.485000,-0.000079,0.000111
14.486000,-0.000079,0.000111
14.487000,-0.000079,0.000111
14.488000,-0.000079,0.000111
14.489000,-0.000079,0.000110
14.490000,-0.000078,0.000111
14.491000,-0.000078,0.000111
14.492000,-0.000078,0.000112
14.493000,-0.000077,0.000112
14.494000,-0.000077,0.000112
14.495000,-0.000077,0.000112
14.496000,-0.000077,0.000112
14.497000,-0.000077,0.000113
14.498000,-0.000078,0.000114
14.499000,-0.000078,0.000114
14.450000,-0.000078,0.000110
14.451000,-0.000078,0.000109
14.452000,-0.000078,0.000109
14.453000,-0.000078,0.000109
14.454000,-0.000078,0.000109
14.455000,-0.000078,0.000109
14.456000,-0.000077,0.000109
14.457000,-0.000077,0.000109
14.458000,-0.000076,0.000108
14.459000,-0.000076,0.000109
14.460000,-0.000076,0.000109
14.461000,-0.000076,0.000110
14.462000,-0.000076,0.000109
14.463000,-0.000076,0.000109
14.464000,-0.000076,0.000109
14.465000,-0.000076,0.000109
14.466000,-0.000076,0.000109
14.467000,-0.000076,0.000110
14.468000,-0.000076,0.000110
14.469000,-0.000076,0.000110
14.470000,-0.000076,0.000110
14.471000,-0.000076,0.000110
14.472000,-0.000075,0.000111
14.473000,-0.000075,0.000111
14.474000,-0.000075,0.000111
14.475000,-0.000075,0.000111
14.476000,-0.000075,0.000110
14.477000,-0.000076,0.000111
14.478000,-0.000075,0.000111
14.479000,-0.000075,0.000111
14.480000,-0.000076,0.000111
14.481000,-0.000075,0.000112
14.482000,-0.000075,0.000112
14.483000,-0.000075,0.000112
14.484000,-0.000076,0.000112
14.485000,-0.000076,0.000112
14.486000,-0.000076,0.000111
14.487000,-0.000075,0.000111
14.488000,-0.000076,0.000111
14.489000,-0.000076,0.000110
14.490000,-0.000076,0.000111
14.491000,-0.000075,0.000111
14.492000,-0.000075,0.000111
14.493000,-0.000074,0.000110
14.494000,-0.000074,0.000110
14.495000,-0.000074,0.000111
14.496000,-0.000073,0.000111
14.497000,-0.000073,0.000111
14.498000,-0.000074,0.000112
14.499000,-0.000073,0.000112
14.500000,-0.000073,0.000112
14.501000,-0.000073,0.000112
14.502000,-0.000074,0.000112
14.503000,-0.000074,0.000111
14.504000,-0.000075,0.000112
14.505000,-0.000075,0.000111
14.506000,-0.000076,0.000112
14.507000,-0.000075,0.000111
14.508000,-0.000076,0.000112
14.509000,-0.000076,0.000112
14.510000,-0.000075,0.000112
14.511000,-0.000075,0.000112
14.512000,-0.000074,0.000113
14.513000,-0.000074,0.000114
14.514000,-0.000074,0.000114
14.515000,-0.000074,0.000113
14.516000,-0.000074,0.000113
14.517000,-0.000074,0.000113
14.518000,-0.000074,0.000113
14.519000,-0.000075,0.000112
14.520000,-0.000075,0.000112
14.521000,-0.000075,0.000112
14.522000,-0.000075,0.000112
14.523000,-0.000075,0.000112
14.524000,-0.000075,0.000112
14.525000,-0.000074,0.000111
14.526000,-0.000074,0.000112
14.527000,-0.000074,0.000111
14.528000,-0.000074,0.000111
14.529000,-0.000074,0.000111
14.530000,-0.000074,0.000110
14.531000,-0.000074,0.000111
14.532000,-0.000074,0.000110
14.533000,-0.000074,0.000110
14.534000,-0.000074,0.000110
14.535000,-0.000075,0.000110
14.536000,-0.000075,0.000111
14.537000,-0.000075,0.000111
14.538000,-0.000075,0.000111
14.539000,-0.000075,0.000111
14.540000,-0.000075,0.000111
14.541000,-0.000075,0.000110
14.542000,-0.000075,0.000110
14.543000,-0.000074,0.000110
14.544000,-0.000073,0.000110
14.545000,-0.000073,0.000110
14.546000,-0.000073,0.000110
14.547000,-0.000072,0.000110
14.548000,-0.000073,0.000110
14.549000,-0.000073,0.000110
14.550000,-0.000073,0.000110
14.551000,-0.000074,0.000111
14.552000,-0.000074,0.000110
14.553000,-0.000074,0.000110
14.554000,-0.000074,0.000110
14.555000,-0.000074,0.000110
14.556000,-0.000075,0.000111
14.557000,-0.000074,0.000111
14.558000,-0.000075,0.000111
14.559000,-0.000074,0.000111
14.560000,-0.000074,0.000111
14.561000,-0.000074,0.000111
14.562000,-0.000073,0.000112
14.563000,-0.000073,0.000111
14.564000,-0.000073,0.000111
14.565000,-0.000073,0.000111
14.566000,-0.000073,0.000111
14.567000,-0.000073,0.000110
14.568000,-0.000073,0.000110
14.569000,-0.000074,0.000110
14.570000,-0.000074,0.000111
14.571000,-0.000074,0.000110
14.572000,-0.000075,0.000110
14.573000,-0.000075,0.000110
14.574000,-0.000075,0.000110
14.575000,-0.000075,0.000110
14.576000,-0.000075,0.000110
14.577000,-0.000074,0.000109
14.578000,-0.000074,0.000109
14.579000,-0.000074,0.000109
14.580000,-0.000074,0.000109
14.581000,-0.000074,0.000109
14.582000,-0.000074,0.000109
14.583000,-0.000074,0.000109
14.584000,-0.000074,0.000110
14.585000,-0.000075,0.000110
14.586000,-0.000075,0.000109
14.587000,-0.000075,0.000110
14.588000,-0.000076,0.000110
14.589000,-0.000076,0.000110
14.590000,-0.000075,0.000110
14.591000,-0.000076,0.000110
14.592000,-0.000076,0.000111
14.593000,-0.000076,0.000111
14.594000,-0.000076,0.000112
14.595000,-0.000076,0.000112
14.596000,-0.000076,0.000112
14.597000,-0.000077,0.000112
14.598000,-0.000077,0.000112
14.599000,-0.000077,0.000112
14.600000,-0.000077,0.000112
14.601000,-0.000077,0.000112
14.602000,-0.000077,0.000112
14.603000,-0.000076,0.000112
14.604000,-0.000076,0.000112
14.605000,-0.000076,0.000112
14.606000,-0.000076,0.000112
14.607000,-0.000076,0.000112
14.608000,-0.000076,0.000112
14.609000,-0.000076,0.000112
14.610000,-0.000076,0.000112
14.611000,-0.000076,0.000113
14.612000,-0.000077,0.000112
14.613000,-0.000077,0.000111
14.614000,-0.000077,0.000111
14.615000,-0.000076,0.000111
14.616000,-0.000076,0.000111
14.617000,-0.000076,0.000112
14.618000,-0.000075,0.000112
14.619000,-0.000075,0.000112
14.620000,-0.000075,0.000112
14.621000,-0.000075,0.000112
14.622000,-0.000076,0.000113
14.623000,-0.000075,0.000113
14.624000,-0.000076,0.000113
14.625000,-0.000076,0.000113
14.626000,-0.000076,0.000113
14.627000,-0.000076,0.000113
14.628000,-0.000076,0.000114
14.629000,-0.000076,0.000114
14.630000,-0.000075,0.000114
14.631000,-0.000075,0.000115
14.632000,-0.000074,0.000115
14.633000,-0.000074,0.000114
14.634000,-0.000074,0.000114
14.635000,-0.000074,0.000114
14.636000,-0.000074,0.000114
14.637000,-0.000074,0.000113
14.638000,-0.000074,0.000113
14.639000,-0.000075,0.000113
14.640000,-0.000076,0.000113
14.641000,-0.000075,0.000114
14.642000,-0.000075,0.000114
14.643000,-0.000076,0.000114
14.644000,-0.000076,0.000114
14.645000,-0.000076,0.000114
14.646000,-0.000076,0.000114
14.647000,-0.000075,0.000115
14.648000,-0.000075,0.000115
14.649000,-0.000074,0.000114
14.650000,-0.000074,0.000114
14.651000,-0.000074,0.000114
14.652000,-0.000074,0.000115
14.653000,-0.000074,0.000115
14.654000,-0.000074,0.000116
14.655000,-0.000075,0.000115
14.656000,-0.000074,0.000115
14.657000,-0.000075,0.000115
14.658000,-0.000075,0.000116
14.659000,-0.000075,0.000116
14.660000,-0.000075,0.000116
14.661000,-0.000075,0.000116
14.662000,-0.000075,0.000115
14.663000,-0.000075,0.000116
14.664000,-0.000075,0.000115
14.665000,-0.000074,0.000116
14.666000,-0.000075,0.000116
14.667000,-0.000075,0.000116
14.668000,-0.000076,0.000117
14.669000,-0.000075,0.000117
14.670000,-0.000075,0.000116
14.671000,-0.000075,0.000117
14.672000,-0.000075,0.000117
14.673000,-0.000075,0.000117
14.674000,-0.000075,0.000118
14.675000,-0.000074,0.000118
14.676000,-0.000074,0.000118
14.677000,-0.000074,0.000118
14.678000,-0.000075,0.000118
14.679000,-0.000075,0.000117
14.680000,-0.000075,0.000117
14.681000,-0.000075,0.000117
14.682000,-0.000076,0.000117
14.683000,-0.000076,0.000117
14.684000,-0.000076,0.000116
14.685000,-0.000076,0.000116
14.686000,-0.000075,0.000116
14.687000,-0.000076,0.000116
14.688000,-0.000074,0.000116
14.689000,-0.000074,0.000116
14.690000,-0.000075,0.000116
14.691000,-0.000074,0.000116
14.692000,-0.000074,0.000116
14.693000,-0.000074,0.000117
14.694000,-0.000074,0.000116
14.695000,-0.000074,0.000115
14.696000,-0.000075,0.000115
14.697000,-0.000075,0.000115
14.698000,-0.000075,0.000114
14.699000,-0.000075,0.000114
14.700000,-0.000075,0.000115
14.701000,-0.000075,0.000115
14.702000,-0.000075,0.000115
14.703000,-0.000075,0.000116
14.704000,-0.000075,0.000115
14.705000,-0.000074,0.000115
14.706000,-0.000074,0.000115
14.707000,-0.000075,0.000115
14.708000,-0.000075,0.000115
14.709000,-0.000076,0.000115
14.710000,-0.000076,0.000115
14.711000,-0.000077,0.000114
14.712000,-0.000077,0.000115
14.713000,-0.000077,0.000115
14.714000,-0.000077,0.000115
14.715000,-0.000077,0.000115
14.716000,-0.000077,0.000116
14.717000,-0.000076,0.000116
14.718000,-0.000076,0.000116
14.719000,-0.000075,0.000116
14.720000,-0.000075,0.000116
14.721000,-0.000075,0.000116
14.722000,-0.000075,0.000117
14.723000,-0.000076,0.000117
14.724000,-0.000076,0.000117
14.725000,-0.000076,0.000117
14.726000,-0.000077,0.000117
14.727000,-0.000076,0.000116
14.728000,-0.000077,0.000116
14.729000,-0.000077,0.000116
14.730000,-0.000077,0.000116
14.731000,-0.000077,0.000115
14.732000,-0.000078,0.000115
14.733000,-0.000077,0.000115
14.734000,-0.000077,0.000116
14.735000,-0.000077,0.000116
14.736000,-0.000077,0.000115
14.737000,-0.000077,0.000116
14.738000,-0.000077,0.000116
14.739000,-0.000077,0.000116
14.740000,-0.000077,0.000116
14.741000,-0.000077,0.000116
14.742000,-0.000078,0.000116
14.743000,-0.000077,0.000116
14.744000,-0.000078,0.000116
14.745000,-0.000078,0.000116
14.746000,-0.000079,0.000116
14.747000,-0.000079,0.000115
14.748000,-0.000080,0.000115
14.749000,-0.000080,0.000115
14.750000,-0.000080,0.000115
14.751000,-0.000079,0.000115
14.752000,-0.000079,0.000114
14.753000,-0.000079,0.000114
14.754000,-0.000078,0.000114
14.755000,-0.000078,0.000114
14.756000,-0.000078,0.000114
14.757000,-0.000078,0.000114
14.758000,-0.000078,0.000114
14.759000,-0.000079,0.000114
14.760000,-0.000078,0.000113
14.761000,-0.000079,0.000114
14.762000,-0.000079,0.000114
14.763000,-0.000080,0.000114
14.764000,-0.000080,0.000114
14.765000,-0.000080,0.000113
14.766000,-0.000079,0.000113
14.767000,-0.000079,0.000113
14.768000,-0.000079,0.000113
14.769000,-0.000078,0.000113
14.770000,-0.000078,0.000113
14.771000,-0.000077,0.000112
14.772000,-0.000077,0.000112
14.773000,-0.000077,0.000112
14.774000,-0.000077,0.000112
14.775000,-0.000078,0.000112
14.776000,-0.000078,0.000112
14.777000,-0.000079,0.000112
14.778000,-0.000079,0.000112
14.779000,-0.000079,0.000112
14.780000,-0.000079,0.000112
14.781000,-0.000078,0.000112
14.782000,-0.000078,0.000112
14.783000,-0.000077,0.000112
14.784000,-0.000077,0.000112
14.785000,-0.000077,0.000112
14.786000,-0.000077,0.000113
14.787000,-0.000077,0.000113
14.788000,-0.000078,0.000112
14.789000,-0.000078,0.000112
14.790000,-0.000078,0.000112
14.791000,-0.000078,0.000112
14.792000,-0.000078,0.000111
14.793000,-0.000078,0.000111
14.794000,-0.000078,0.000111
14.795000,-0.000077,0.000112
14.796000,-0.000076,0.000112
14.797000,-0.000076,0.000112
14.798000,-0.000076,0.000112
14.799000,-0.000076,0.000112
14.800000,-0.000076,0.000112
14.801000,-0.000076,0.000112
14.802000,-0.000077,0.000111
14.803000,-0.000077,0.000111
14.804000,-0.000077,0.000111
14.805000,-0.000078,0.000111
14.806000,-0.000078,0.000112
14.807000,-0.000078,0.000112
14.808000,-0.000076,0.000112
14.809000,-0.000076,0.000112
14.810000,-0.000075,0.000112
14.811000,-0.000074,0.000113
14.812000,-0.000074,0.000113
14.813000,-0.000074,0.000114
14.814000,-0.000075,0.000114
14.815000,-0.000075,0.000115
14.816000,-0.000075,0.000114
14.817000,-0.000075,0.000114
14.818000,-0.000076,0.000113
14.819000,-0.000077,0.000113
14.820000,-0.000077,0.000113
14.821000,-0.000077,0.000112
14.822000,-0.000076,0.000112
14.823000,-0.000075,0.000112
14.824000,-0.000075,0.000112
14.825000,-0.000074,0.000112
14.826000,-0.000074,0.000112
14.827000,-0.000074,0.000112
14.828000,-0.000074,0.000112
14.829000,-0.000074,0.000112
14.830000,-0.000074,0.000112
14.831000,-0.000074,0.000112
14.832000,-0.000075,0.000112
14.833000,-0.000075,0.000111
14.834000,-0.000076,0.000111
14.835000,-0.000076,0.000111
14.836000,-0.000076,0.000111
14.837000,-0.000076,0.000112
14.838000,-0.000076,0.000112
14.839000,-0.000076,0.000111
14.840000,-0.000075,0.000112
14.841000,-0.000075,0.000111
14.842000,-0.000075,0.000112
14.843000,-0.000075,0.000112
14.844000,-0.000075,0.000112
14.845000,-0.000075,0.000111
14.846000,-0.000075,0.000112
14.847000,-0.000075,0.000112
14.848000,-0.000075,0.000111
14.849000,-0.000075,0.000111
14.850000,-0.000075,0.000111
14.851000,-0.000075,0.000111
14.852000,-0.000076,0.000111
14.853000,-0.000076,0.000111
14.854000,-0.000076,0.000111
14.855000,-0.000076,0.000111
14.856000,-0.000076,0.000111
14.857000,-0.000075,0.000111
14.858000,-0.000075,0.000111
14.859000,-0.000075,0.000111
14.860000,-0.000074,0.000111
14.861000,-0.000074,0.000111
14.862000,-0.000074,0.000111
14.863000,-0.000074,0.000112
14.864000,-0.000075,0.000112
14.865000,-0.000074,0.000113
14.866000,-0.000074,0.000112
14.867000,-0.000075,0.000112
14.868000,-0.000075,0.000112
14.869000,-0.000075,0.000113
14.870000,-0.000076,0.000113
14.871000,-0.000076,0.000113
14.872000,-0.000076,0.000113
14.873000,-0.000076,0.000112
14.874000,-0.000076,0.000113
14.875000,-0.000075,0.000112
14.876000,-0.000075,0.000113
14.877000,-0.000075,0.000113
14.878000,-0.000075,0.000113
14.879000,-0.000075,0.000114
14.880000,-0.000075,0.000114
14.881000,-0.000074,0.000115
14.882000,-0.000074,0.000114
14.883000,-0.000075,0.000114
14.884000,-0.000075,0.000114
14.885000,-0.000075,0.000115
14.886000,-0.000076,0.000114
14.887000,-0.000075,0.000114
14.888000,-0.000075,0.000114
14.889000,-0.000075,0.000115
14.890000,-0.000075,0.000114
14.891000,-0.000075,0.000115
14.892000,-0.000075,0.000115
14.893000,-0.000076,0.000116
14.894000,-0.000076,0.000116
14.895000,-0.000077,0.000115
14.896000,-0.000077,0.000115
14.897000,-0.000078,0.000115
14.898000,-0.000078,0.000115
14.899000,-0.000077,0.000115
14.900000,-0.000077,0.000114
14.901000,-0.000076,0.000115
14.902000,-0.000076,0.000116
14.903000,-0.000076,0.000115
14.904000,-0.000075,0.000115
14.905000,-0.000075,0.000115
14.906000,-0.000075,0.000114
14.907000,-0.000075,0.000114
14.908000,-0.000075,0.000114
14.909000,-0.000075,0.000113
14.910000,-0.000074,0.000113
14.911000,-0.000075,0.000114
14.912000,-0.000075,0.000113
14.913000,-0.000075,0.000113
14.914000,-0.000074,0.000113
14.915000,-0.000074,0.000112
14.916000,-0.000075,0.000112
14.917000,-0.000075,0.000112
14.918000,-0.000075,0.000112
14.919000,-0.000075,0.000112
14.920000,-0.000075,0.000111
14.921000,-0.000076,0.000112
14.922000,-0.000076,0.000112
14.923000,-0.000076,0.000112
14.924000,-0.000077,0.000112
14.925000,-0.000077,0.000111
14.926000,-0.000077,0.000111
14.927000,-0.000077,0.000111
14.928000,-0.000077,0.000111
14.929000,-0.000077,0.000111
14.930000,-0.000078,0.000112
14.931000,-0.000078,0.000112
14.932000,-0.000077,0.000113
14.933000,-0.000077,0.000113
14.934000,-0.000076,0.000113
14.935000,-0.000077,0.000113
14.936000,-0.000076,0.000112
14.937000,-0.000077,0.000112
14.938000,-0.000076,0.000112
14.939000,-0.000077,0.000112
14.940000,-0.000076,0.000113
14.941000,-0.000076,0.000112
14.942000,-0.000076,0.000112
14.943000,-0.000075,0.000112
14.944000,-0.000075,0.000113
14.945000,-0.000074,0.000113
14.946000,-0.000074,0.000113
14.947000,-0.000075,0.000113
14.948000,-0.000075,0.000113
14.949000,-0.000075,0.000113
14.950000,-0.000076,0.000113
14.951000,-0.000076,0.000112
14.952000,-0.000076,0.000113
14.953000,-0.000076,0.000113
14.954000,-0.000076,0.000113
14.955000,-0.000076,0.000113
14.956000,-0.000076,0.000113
14.957000,-0.000076,0.000113
14.958000,-0.000076,0.000113
14.959000,-0.000077,0.000113
14.960000,-0.000077,0.000113
14.961000,-0.000077,0.000113
14.962000,-0.000077,0.000112
14.963000,-0.000077,0.000112
14.964000,-0.000077,0.000112
14.965000,-0.000076,0.000112
14.966000,-0.000077,0.000112
14.967000,-0.000076,0.000112
14.968000,-0.000076,0.000112
14.969000,-0.000076,0.000111
14.970000,-0.000076,0.000111
14.971000,-0.000076,0.000111
14.972000,-0.000077,0.000111
14.973000,-0.000077,0.000112
14.974000,-0.000076,0.000112
14.975000,-0.000076,0.000112
14.976000,-0.000077,0.000111
14.977000,-0.000077,0.000111
14.978000,-0.000077,0.000110
14.979000,-0.000077,0.000110
14.980000,-0.000077,0.000109
14.981000,-0.000077,0.000109
14.982000,-0.000077,0.000110
14.983000,-0.000078,0.000110
14.984000,-0.000077,0.000110
14.985000,-0.000077,0.000109
14.986000,-0.000077,0.000109
14.987000,-0.000077,0.000109
14.988000,-0.000076,0.000109
14.989000,-0.000077,0.000109
14.990000,-0.000077,0.000110
14.991000,-0.000077,0.000110
14.992000,-0.000076,0.000109
14.993000,-0.000076,0.000109
14.994000,-0.000075,0.000109
14.995000,-0.000075,0.000109
14.996000,-0.000075,0.000109
14.997000,-0.000075,0.000109
14.998000,-0.000075,0.000109
14.999000,-0.000075,0.000109
14.950000,-0.000076,0.000113
14.951000,-0.000076,0.000112
14.952000,-0.000076,0.000112
14.953000,-0.000076,0.000112
14.954000,-0.000076,0.000112
14.955000,-0.000076,0.000112
14.956000,-0.000076,0.000112
14.957000,-0.000076,0.000112
14.958000,-0.000076,0.000112
14.959000,-0.000075,0.000112
14.960000,-0.000076,0.000111
14.961000,-0.000076,0.000111
14.962000,-0.000076,0.000111
14.963000,-0.000076,0.000111
14.964000,-0.000076,0.000110
14.965000,-0.000076,0.000110
14.966000,-0.000076,0.000110
14.967000,-0.000076,0.000110
14.968000,-0.000076,0.000109
14.969000,-0.000076,0.000109
14.970000,-0.000076,0.000109
14.971000,-0.000075,0.000109
14.972000,-0.000076,0.000108
14.973000,-0.000076,0.000109
14.974000,-0.000075,0.000108
14.975000,-0.000075,0.000108
14.976000,-0.000074,0.000108
14.977000,-0.000074,0.000107
14.978000,-0.000075,0.000107
14.979000,-0.000075,0.000107
14.980000,-0.000075,0.000106
14.981000,-0.000076,0.000107
14.982000,-0.000076,0.000107
14.983000,-0.000077,0.000106
14.984000,-0.000077,0.000106
14.985000,-0.000076,0.000105
14.986000,-0.000076,0.000106
14.987000,-0.000076,0.000106
14.988000,-0.000076,0.000106
14.989000,-0.000075,0.000106
14.990000,-0.000075,0.000106
14.991000,-0.000074,0.000106
14.992000,-0.000074,0.000106
14.993000,-0.000073,0.000105
14.994000,-0.000074,0.000105
14.995000,-0.000074,0.000106
14.996000,-0.000074,0.000105
14.997000,-0.000074,0.000106
14.998000,-0.000075,0.000106
14.999000,-0.000075,0.000106
15.000000,-0.000075,0.000106
15.001000,-0.000076,0.000106
15.002000,-0.000076,0.000106
15.003000,-0.000076,0.000107
15.004000,-0.000076,0.000107
15.005000,-0.000076,0.000107
15.006000,-0.000076,0.000108
15.007000,-0.000076,0.000108
15.008000,-0.000077,0.000108
15.009000,-0.000077,0.000109
15.010000,-0.000077,0.000108
15.011000,-0.000077,0.000107
15.012000,-0.000077,0.000107
15.013000,-0.000077,0.000108
15.014000,-0.000078,0.000107
15.015000,-0.000076,0.000108
15.016000,-0.000076,0.000108
15.017000,-0.000076,0.000108
15.018000,-0.000075,0.000109
15.019000,-0.000075,0.000109
15.020000,-0.000075,0.000110
15.021000,-0.000075,0.000109
15.022000,-0.000075,0.000109
15.023000,-0.000076,0.000108
15.024000,-0.000075,0.000109
15.025000,-0.000075,0.000109
15.026000,-0.000075,0.000110
15.027000,-0.000074,0.000110
15.028000,-0.000074,0.000110
15.029000,-0.000074,0.000110
15.030000,-0.000074,0.000110
15.031000,-0.000073,0.000110
15.032000,-0.000073,0.000109
15.033000,-0.000074,0.000110
15.034000,-0.000074,0.000109
15.035000,-0.000074,0.000109
15.036000,-0.000074,0.000109
15.037000,-0.000074,0.000109
15.038000,-0.000074,0.000109
15.039000,-0.000074,0.000109
15.040000,-0.000074,0.000108
15.041000,-0.000074,0.000108
15.042000,-0.000075,0.000108
15.043000,-0.000075,0.000108
15.044000,-0.000076,0.000108
15.045000,-0.000075,0.000108
15.046000,-0.000075,0.000108
15.047000,-0.000074,0.000109
15.048000,-0.000073,0.000109
15.049000,-0.000073,0.000109
15.050000,-0.000073,0.000110
15.051000,-0.000074,0.000110
15.052000,-0.000073,0.000110
15.053000,-0.000074,0.000110
15.054000,-0.000074,0.000110
15.055000,-0.000074,0.000109
15.056000,-0.000074,0.000109
15.057000,-0.000075,0.000110
15.058000,-0.000075,0.000110
15.059000,-0.000076,0.000110
15.060000,-0.000076,0.000110
15.061000,-0.000076,0.000110
15.062000,-0.000075,0.000110
15.063000,-0.000075,0.000109
15.064000,-0.000075,0.000110
15.065000,-0.000075,0.000111
15.066000,-0.000074,0.000112
15.067000,-0.000074,0.000111
15.068000,-0.000074,0.000112
15.069000,-0.000075,0.000112
15.070000,-0.000075,0.000112
15.071000,-0.000075,0.000112
15.072000,-0.000075,0.000113
15.073000,-0.000075,0.000113
15.074000,-0.000076,0.000114
15.075000,-0.000076,0.000113
15.076000,-0.000077,0.000113
15.077000,-0.000077,0.000113
15.078000,-0.000077,0.000113
15.079000,-0.000076,0.000113
15.080000,-0.000076,0.000113
15.081000,-0.000076,0.000112
15.082000,-0.000076,0.000113
15.083000,-0.000076,0.000114
15.084000,-0.000075,0.000113
15.085000,-0.000075,0.000114
15.086000,-0.000076,0.000113
15.087000,-0.000076,0.000113
15.088000,-0.000076,0.000113
15.089000,-0.000077,0.000113
15.090000,-0.000077,0.000113
15.091000,-0.000078,0.000113
15.092000,-0.000078,0.000113
15.093000,-0.000077,0.000113
15.094000,-0.000077,0.000114
15.095000,-0.000077,0.000114
15.096000,-0.000077,0.000114
15.097000,-0.000076,0.000114
15.098000,-0.000076,0.000113
15.099000,-0.000076,0.000113
15.100000,-0.000076,0.000113
15.101000,-0.000076,0.000112
15.102000,-0.000077,0.000112
15.103000,-0.000077,0.000112
15.104000,-0.000077,0.000111
15.105000,-0.000076,0.000111
15.106000,-0.000076,0.000111
15.107000,-0.000076,0.000111
15.108000,-0.000076,0.000111
15.109000,-0.000075,0.000112
15.110000,-0.000075,0.000112
15.111000,-0.000076,0.000113
15.112000,-0.000076,0.000113
15.113000,-0.000076,0.000112
15.114000,-0.000076,0.000112
15.115000,-0.000076,0.000112
15.116000,-0.000076,0.000112
15.117000,-0.000077,0.000112
15.118000,-0.000077,0.000111
15.119000,-0.000077,0.000111
15.120000,-0.000076,0.000111
15.121000,-0.000076,0.000111
15.122000,-0.000076,0.000112
15.123000,-0.000076,0.000113
15.124000,-0.000076,0.000112
15.125000,-0.000076,0.000112
15.126000,-0.000077,0.000112
15.127000,-0.000077,0.000111
15.128000,-0.000077,0.000111
15.129000,-0.000077,0.000111
15.130000,-0.000077,0.000111
15.131000,-0.000077,0.000111
15.132000,-0.000077,0.000110
15.133000,-0.000076,0.000111
15.134000,-0.000076,0.000111
15.135000,-0.000076,0.000111
15.136000,-0.000076,0.000112
15.137000,-0.000075,0.000112
15.138000,-0.000076,0.000113
15.139000,-0.000076,0.000113
15.140000,-0.000076,0.000112
15.141000,-0.000076,0.000112
15.142000,-0.000076,0.000113
15.143000,-0.000076,0.000113
15.144000,-0.000076,0.000113
15.145000,-0.000076,0.000113
15.146000,-0.000076,0.000113
15.147000,-0.000076,0.000112
15.148000,-0.000076,0.000112
15.149000,-0.000076,0.000112
15.150000,-0.000076,0.000113
15.151000,-0.000075,0.000112
15.152000,-0.000075,0.000113
15.153000,-0.000075,0.000113
15.154000,-0.000075,0.000113
15.155000,-0.000075,0.000113
15.156000,-0.000075,0.000113
15.157000,-0.000074,0.000113
15.158000,-0.000075,0.000114
15.159000,-0.000075,0.000113
15.160000,-0.000074,0.000114
15.161000,-0.000075,0.000113
15.162000,-0.000074,0.000113
15.163000,-0.000074,0.000113
15.164000,-0.000074,0.000113
15.165000,-0.000075,0.000112
15.166000,-0.000075,0.000112
15.167000,-0.000075,0.000112
15.168000,-0.000074,0.000113
15.169000,-0.000074,0.000113
15.170000,-0.000074,0.000113
15.171000,-0.000074,0.000113
15.172000,-0.000073,0.000113
15.173000,-0.000073,0.000113
15.174000,-0.000074,0.000112
15.175000,-0.000074,0.000112
15.176000,-0.000074,0.000113
15.177000,-0.000074,0.000113
15.178000,-0.000074,0.000113
15.179000,-0.000074,0.000113
15.180000,-0.000075,0.000113
15.181000,-0.000074,0.000114
15.182000,-0.000074,0.000113
15.183000,-0.000074,0.000113
15.184000,-0.000074,0.000113
15.185000,-0.000074,0.000113
15.186000,-0.000074,0.000114
15.187000,-0.000074,0.000114
15.188000,-0.000074,0.000114
15.189000,-0.000074,0.000115
15.190000,-0.000075,0.000115
15.191000,-0.000074,0.000115
15.192000,-0.000074,0.000114
15.193000,-0.000074,0.000115
15.194000,-0.000074,0.000114
15.195000,-0.000074,0.000113
15.196000,-0.000074,0.000114
15.197000,-0.000074,0.000114
15.198000,-0.000074,0.000115
15.199000,-0.000074,0.000115
15.200000,-0.000074,0.000115
15.201000,-0.000074,0.000115
15.202000,-0.000073,0.000116
15.203000,-0.000073,0.000115
15.204000,-0.000074,0.000116
15.205000,-0.000074,0.000116
15.206000,-0.000074,0.000116
15.207000,-0.000074,0.000116
15.208000,-0.000074,0.000115
15.209000,-0.000074,0.000114
15.210000,-0.000074,0.000114
15.211000,-0.000074,0.000114
15.212000,-0.000074,0.000114
15.213000,-0.000074,0.000114
15.214000,-0.000075,0.000114
15.215000,-0.000074,0.000114
15.216000,-0.000075,0.000113
15.217000,-0.000075,0.000114
15.218000,-0.000074,0.000114
15.219000,-0.000074,0.000114
15.220000,-0.000074,0.000114
15.221000,-0.000074,0.000114
15.222000,-0.000074,0.000113
15.223000,-0.000075,0.000113
15.224000,-0.000075,0.000114
15.225000,-0.000076,0.000113
15.226000,-0.000075,0.000114
15.227000,-0.000076,0.000114
15.228000,-0.000076,0.000114
15.229000,-0.000076,0.000114
15.230000,-0.000076,0.000114
15.231000,-0.000076,0.000114
15.232000,-0.000076,0.000114
15.233000,-0.000076,0.000113
15.234000,-0.000076,0.000114
15.235000,-0.000076,0.000114
15.236000,-0.000076,0.000114
15.237000,-0.000076,0.000114
15.238000,-0.000076,0.000114
15.239000,-0.000076,0.000114
15.240000,-0.000076,0.000114
15.241000,-0.000076,0.000115
15.242000,-0.000076,0.000115
15.243000,-0.000076,0.000115
15.244000,-0.000077,0.000114
15.245000,-0.000076,0.000115
15.246000,-0.000077,0.000114
15.247000,-0.000077,0.000114
15.248000,-0.000077,0.000114
15.249000,-0.000077,0.000115
15.250000,-0.000077,0.000114
15.251000,-0.000077,0.000114
15.252000,-0.000077,0.000114
15.253000,-0.000077,0.000114
15.254000,-0.000076,0.000113
15.255000,-0.000076,0.000114
15.256000,-0.000076,0.000113
15.257000,-0.000076,0.000114
15.258000,-0.000076,0.000114
15.259000,-0.000076,0.000114
15.260000,-0.000076,0.000114
15.261000,-0.000075,0.000115
15.262000,-0.000075,0.000115
15.263000,-0.000076,0.000115
15.264000,-0.000076,0.000114
15.265000,-0.000076,0.000114
15.266000,-0.000076,0.000113
15.267000,-0.000076,0.000113
15.268000,-0.000076,0.000113
15.269000,-0.000076,0.000113
15.270000,-0.000076,0.000112
15.271000,-0.000076,0.000113
15.272000,-0.000076,0.000113
15.273000,-0.000076,0.000113
15.274000,-0.000076,0.000113
15.275000,-0.000076,0.000113
15.276000,-0.000076,0.000113
15.277000,-0.000076,0.000113
15.278000,-0.000076,0.000113
15.279000,-0.000076,0.000113
15.280000,-0.000076,0.000112
15.281000,-0.000076,0.000112
15.282000,-0.000076,0.000113
15.283000,-0.000077,0.000113
15.284000,-0.000075,0.000113
15.285000,-0.000075,0.000113
15.286000,-0.000075,0.000113
15.287000,-0.000074,0.000112
15.288000,-0.000074,0.000112
15.289000,-0.000074,0.000111
15.290000,-0.000074,0.000111
15.291000,-0.000075,0.000111
15.292000,-0.000075,0.000111
15.293000,-0.000074,0.000111
15.294000,-0.000075,0.000110
15.295000,-0.000075,0.000110
15.296000,-0.000075,0.000110
15.297000,-0.000074,0.000110
15.298000,-0.000073,0.000109
15.299000,-0.000074,0.000109
15.300000,-0.000074,0.000109
15.301000,-0.000074,0.000109
15.302000,-0.000075,0.000109
15.303000,-0.000075,0.000109
15.304000,-0.000075,0.000109
15.305000,-0.000076,0.000108
15.306000,-0.000075,0.000108
15.307000,-0.000076,0.000108
15.308000,-0.000075,0.000108
15.309000,-0.000075,0.000109
15.310000,-0.000075,0.000108
15.311000,-0.000075,0.000108
15.312000,-0.000074,0.000108
15.313000,-0.000074,0.000108
15.314000,-0.000074,0.000108
15.315000,-0.000074,0.000108
15.316000,-0.000075,0.000108
15.317000,-0.000075,0.000108
15.318000,-0.000075,0.000107
15.319000,-0.000076,0.000108
15.320000,-0.000076,0.000108
15.321000,-0.000076,0.000108
15.322000,-0.000075,0.000108
15.323000,-0.000074,0.000108
15.324000,-0.000074,0.000108
15.325000,-0.000074,0.000108
15.326000,-0.000074,0.000108
15.327000,-0.000073,0.000107
15.328000,-0.000073,0.000108
15.329000,-0.000073,0.000108
15.330000,-0.000074,0.000107
15.331000,-0.000074,0.000107
15.332000,-0.000074,0.000107
15.333000,-0.000074,0.000108
15.334000,-0.000074,0.000108
15.335000,-0.000074,0.000107
15.336000,-0.000075,0.000108
15.337000,-0.000075,0.000106
15.338000,-0.000075,0.000106
15.339000,-0.000074,0.000106
15.340000,-0.000074,0.000106
15.341000,-0.000074,0.000106
15.342000,-0.000073,0.000106
15.343000,-0.000073,0.000106
15.344000,-0.000073,0.000106
15.345000,-0.000073,0.000105
15.346000,-0.000073,0.000106
15.347000,-0.000073,0.000105
15.348000,-0.000073,0.000105
15.349000,-0.000073,0.000104
15.350000,-0.000073,0.000104
15.351000,-0.000073,0.000105
15.352000,-0.000073,0.000104
15.353000,-0.000074,0.000104
15.354000,-0.000074,0.000105
15.355000,-0.000074,0.000105
15.356000,-0.000074,0.000105
15.357000,-0.000074,0.000105
15.358000,-0.000074,0.000105
15.359000,-0.000073,0.000105
15.360000,-0.000073,0.000106
15.361000,-0.000073,0.000106
15.362000,-0.000073,0.000106
15.363000,-0.000073,0.000106
15.364000,-0.000073,0.000107
15.365000,-0.000073,0.000108
15.366000,-0.000073,0.000107
15.367000,-0.000073,0.000107
15.368000,-0.000073,0.000107
15.369000,-0.000073,0.000107
15.370000,-0.000073,0.000107
15.371000,-0.000073,0.000107
15.372000,-0.000073,0.000107
15.373000,-0.000073,0.000107
15.374000,-0.000073,0.000107
15.375000,-0.000073,0.000107
15.376000,-0.000072,0.000107
15.377000,-0.000071,0.000107
15.378000,-0.000071,0.000107
15.379000,-0.000072,0.000107
15.380000,-0.000072,0.000108
15.381000,-0.000072,0.000108
15.382000,-0.000072,0.000108
15.383000,-0.000072,0.000108
15.384000,-0.000073,0.000108
15.385000,-0.000073,0.000108
15.386000,-0.000074,0.000108
15.387000,-0.000074,0.000107
15.388000,-0.000073,0.000107
15.389000,-0.000073,0.000108
15.390000,-0.000073,0.000109
15.391000,-0.000072,0.000109
15.392000,-0.000072,0.000110
15.393000,-0.000073,0.000110
15.394000,-0.000073,0.000110
15.395000,-0.000073,0.000110
15.396000,-0.000073,0.000110
15.397000,-0.000074,0.000110
15.398000,-0.000075,0.000110
15.399000,-0.000075,0.000110
15.400000,-0.000075,0.000109
15.401000,-0.000075,0.000110
15.402000,-0.000074,0.000110
15.403000,-0.000073,0.000110
15.404000,-0.000074,0.000110
15.405000,-0.000074,0.000110
15.406000,-0.000074,0.000110
15.407000,-0.000074,0.000110
15.408000,-0.000074,0.000110
15.409000,-0.000074,0.000110
15.410000,-0.000074,0.000110
15.411000,-0.000074,0.000110
15.412000,-0.000074,0.000111
15.413000,-0.000074,0.000110
15.414000,-0.000073,0.000110
15.415000,-0.000073,0.000111
15.416000,-0.000072,0.000112
15.417000,-0.000072,0.000112
15.418000,-0.000072,0.000112
15.419000,-0.000071,0.000112
15.420000,-0.000071,0.000112
15.421000,-0.000072,0.000112
15.422000,-0.000072,0.000112
15.423000,-0.000073,0.000112
15.424000,-0.000073,0.000111
15.425000,-0.000072,0.000111
15.426000,-0.000073,0.000112
15.427000,-0.000073,0.000112
15.428000,-0.000073,0.000112
15.429000,-0.000072,0.000113
15.430000,-0.000072,0.000113
15.431000,-0.000071,0.000114
15.432000,-0.000072,0.000114
15.433000,-0.000071,0.000114
15.434000,-0.000072,0.000114
15.435000,-0.000072,0.000114
15.436000,-0.000072,0.000113
15.437000,-0.000072,0.000113
15.438000,-0.000073,0.000113
15.439000,-0.000073,0.000113
15.440000,-0.000073,0.000113
15.441000,-0.000073,0.000114
15.442000,-0.000074,0.000114
15.443000,-0.000074,0.000114
15.444000,-0.000073,0.000113
15.445000,-0.000072,0.000114
15.446000,-0.000073,0.000114
15.447000,-0.000072,0.000114
15.448000,-0.000073,0.000114
15.449000,-0.000073,0.000114
15.450000,-0.000073,0.000115
15.451000,-0.000073,0.000115
15.452000,-0.000073,0.000115
15.453000,-0.000073,0.000116
15.454000,-0.000073,0.000115
15.455000,-0.000073,0.000115
15.456000,-0.000073,0.000116
15.457000,-0.000073,0.000115
15.458000,-0.000074,0.000115
15.459000,-0.000074,0.000115
15.460000,-0.000074,0.000114
15.461000,-0.000075,0.000114
15.462000,-0.000075,0.000114
15.463000,-0.000075,0.000113
15.464000,-0.000075,0.000113
15.465000,-0.000074,0.000113
15.466000,-0.000075,0.000113
15.467000,-0.000075,0.000113
15.468000,-0.000075,0.000113
15.469000,-0.000074,0.000114
15.470000,-0.000074,0.000114
15.471000,-0.000074,0.000114
15.472000,-0.000075,0.000114
15.473000,-0.000075,0.000114
15.474000,-0.000075,0.000113
15.475000,-0.000075,0.000113
15.476000,-0.000075,0.000113
15.477000,-0.000076,0.000114
15.478000,-0.000076,0.000114
15.479000,-0.000075,0.000114
15.480000,-0.000075,0.000114
15.481000,-0.000075,0.000114
15.482000,-0.000074,0.000113
15.483000,-0.000075,0.000113
15.484000,-0.000074,0.000113
15.485000,-0.000074,0.000113
15.486000,-0.000074,0.000113
15.487000,-0.000074,0.000114
15.488000,-0.000075,0.000114
15.489000,-0.000075,0.000113
15.490000,-0.000076,0.000112
15.491000,-0.000076,0.000112
15.492000,-0.000076,0.000112
15.493000,-0.000076,0.000112
15.494000,-0.000076,0.000112
15.495000,-0.000076,0.000113
15.496000,-0.000076,0.000113
15.497000,-0.000075,0.000113
15.498000,-0.000074,0.000114
15.499000,-0.000073,0.000114
15.450000,-0.000073,0.000115
15.451000,-0.000073,0.000115
15.452000,-0.000073,0.000115
15.453000,-0.000073,0.000115
15.454000,-0.000073,0.000115
15.455000,-0.000073,0.000115
15.456000,-0.000073,0.000115
15.457000,-0.000073,0.000114
15.458000,-0.000074,0.000114
15.459000,-0.000074,0.000114
15.460000,-0.000075,0.000113
15.461000,-0.000075,0.000113
15.462000,-0.000074,0.000113
15.463000,-0.000074,0.000113
15.464000,-0.000074,0.000113
15.465000,-0.000074,0.000112
15.466000,-0.000074,0.000112
15.467000,-0.000074,0.000112
15.468000,-0.000074,0.000112
15.469000,-0.000074,0.000111
15.470000,-0.000074,0.000111
15.471000,-0.000074,0.000111
15.472000,-0.000074,0.000111
15.473000,-0.000074,0.000111
15.474000,-0.000075,0.000111
15.475000,-0.000075,0.000111
15.476000,-0.000075,0.000111
15.477000,-0.000075,0.000111
15.478000,-0.000075,0.000112
15.479000,-0.000075,0.000111
15.480000,-0.000074,0.000111
15.481000,-0.000074,0.000110
15.482000,-0.000074,0.000111
15.483000,-0.000074,0.000111
15.484000,-0.000074,0.000110
15.485000,-0.000074,0.000110
15.486000,-0.000074,0.000110
15.487000,-0.000074,0.000110
15.488000,-0.000075,0.000110
15.489000,-0.000075,0.000110
15.490000,-0.000075,0.000109
15.491000,-0.000075,0.000109
15.492000,-0.000074,0.000109
15.493000,-0.000074,0.000108
15.494000,-0.000074,0.000109
15.495000,-0.000074,0.000109
15.496000,-0.000074,0.000109
15.497000,-0.000074,0.000109
15.498000,-0.000074,0.000110
15.499000,-0.000073,0.000109
15.500000,-0.000074,0.000110
15.501000,-0.000073,0.000110
15.502000,-0.000074,0.000109
15.503000,-0.000074,0.000109
15.504000,-0.000073,0.000109
15.505000,-0.000073,0.000109
15.506000,-0.000073,0.000109
15.507000,-0.000073,0.000110
15.508000,-0.000074,0.000109
15.509000,-0.000074,0.000108
15.510000,-0.000075,0.000108
15.511000,-0.000075,0.000108
15.512000,-0.000076,0.000108
15.513000,-0.000076,0.000108
15.514000,-0.000077,0.000109
15.515000,-0.000076,0.000108
15.516000,-0.000077,0.000107
15.517000,-0.000076,0.000108
15.518000,-0.000076,0.000108
15.519000,-0.000075,0.000108
15.520000,-0.000076,0.000108
15.521000,-0.000075,0.000109
15.522000,-0.000075,0.000109
15.523000,-0.000076,0.000109
15.524000,-0.000075,0.000109
15.525000,-0.000076,0.000108
15.526000,-0.000076,0.000108
15.527000,-0.000076,0.000107
15.528000,-0.000076,0.000108
15.529000,-0.000077,0.000107
15.530000,-0.000076,0.000107
15.531000,-0.000077,0.000107
15.532000,-0.000077,0.000107
15.533000,-0.000076,0.000107
15.534000,-0.000076,0.000108
15.535000,-0.000075,0.000107
15.536000,-0.000076,0.000108
15.537000,-0.000075,0.000109
15.538000,-0.000075,0.000108
15.539000,-0.000075,0.000109
15.540000,-0.000075,0.000109
15.541000,-0.000075,0.000109
15.542000,-0.000075,0.000108
15.543000,-0.000075,0.000109
15.544000,-0.000076,0.000109
15.545000,-0.000077,0.000109
15.546000,-0.000076,0.000109
15.547000,-0.000076,0.000109
15.548000,-0.000075,0.000109
15.549000,-0.000075,0.000109
15.550000,-0.000075,0.000108
15.551000,-0.000075,0.000109
15.552000,-0.000075,0.000110
15.553000,-0.000075,0.000109
15.554000,-0.000074,0.000110
15.555000,-0.000074,0.000110
15.556000,-0.000075,0.000109
15.557000,-0.000075,0.000109
15.558000,-0.000075,0.000109
15.559000,-0.000075,0.000109
15.560000,-0.000075,0.000109
15.561000,-0.000075,0.000109
15.562000,-0.000075,0.000109
15.563000,-0.000076,0.000108
15.564000,-0.000075,0.000108
15.565000,-0.000075,0.000109
15.566000,-0.000075,0.000109
15.567000,-0.000075,0.000109
15.568000,-0.000074,0.000110
15.569000,-0.000074,0.000111
15.570000,-0.000074,0.000110
15.571000,-0.000074,0.000110
15.572000,-0.000074,0.000111
15.573000,-0.000074,0.000111
15.574000,-0.000074,0.000111
15.575000,-0.000074,0.000111
15.576000,-0.000074,0.000111
15.577000,-0.000074,0.000111
15.578000,-0.000074,0.000110
15.579000,-0.000075,0.000111
15.580000,-0.000075,0.000111
15.581000,-0.000075,0.000111
15.582000,-0.000075,0.000111
15.583000,-0.000074,0.000110
15.584000,-0.000074,0.000111
15.585000,-0.000074,0.000111
15.586000,-0.000074,0.000111
15.587000,-0.000074,0.000112
15.588000,-0.000074,0.000112
15.589000,-0.000075,0.000111
15.590000,-0.000075,0.000111
15.591000,-0.000076,0.000112
15.592000,-0.000076,0.000112
15.593000,-0.000076,0.000113
15.594000,-0.000076,0.000112
15.595000,-0.000076,0.000112
15.596000,-0.000076,0.000112
15.597000,-0.000075,0.000112
15.598000,-0.000075,0.000112
15.599000,-0.000075,0.000112
15.600000,-0.000074,0.000112
15.601000,-0.000074,0.000112
15.602000,-0.000074,0.000113
15.603000,-0.000074,0.000113
15.604000,-0.000074,0.000113
15.605000,-0.000074,0.000113
15.606000,-0.000074,0.000113
15.607000,-0.000074,0.000113
15.608000,-0.000073,0.000114
15.609000,-0.000072,0.000114
15.610000,-0.000073,0.000114
15.611000,-0.000072,0.000113
15.612000,-0.000072,0.000113
15.613000,-0.000073,0.000114
15.614000,-0.000073,0.000114
15.615000,-0.000073,0.000115
15.616000,-0.000073,0.000115
15.617000,-0.000073,0.000115
15.618000,-0.000073,0.000114
15.619000,-0.000074,0.000114
15.620000,-0.000073,0.000115
15.621000,-0.000073,0.000114
15.622000,-0.000073,0.000114
15.623000,-0.000073,0.000114
15.624000,-0.000073,0.000114
15.625000,-0.000073,0.000115
15.626000,-0.000073,0.000115
15.627000,-0.000072,0.000115
15.628000,-0.000073,0.000115
15.629000,-0.000072,0.000115
15.630000,-0.000073,0.000115
15.631000,-0.000072,0.000115
15.632000,-0.000072,0.000114
15.633000,-0.000073,0.000114
15.634000,-0.000073,0.000114
15.635000,-0.000073,0.000114
15.636000,-0.000073,0.000114
15.637000,-0.000073,0.000113
15.638000,-0.000072,0.000113
15.639000,-0.000072,0.000113
15.640000,-0.000072,0.000114
15.641000,-0.000072,0.000114
15.642000,-0.000071,0.000114
15.643000,-0.000072,0.000114
15.644000,-0.000072,0.000114
15.645000,-0.000072,0.000114
15.646000,-0.000072,0.000114
15.647000,-0.000072,0.000114
15.648000,-0.000072,0.000113
15.649000,-0.000072,0.000113
15.650000,-0.000072,0.000113
15.651000,-0.000073,0.000113
15.652000,-0.000073,0.000112
15.653000,-0.000073,0.000112
15.654000,-0.000074,0.000112
15.655000,-0.000074,0.000113
15.656000,-0.000073,0.000113
15.657000,-0.000072,0.000113
15.658000,-0.000072,0.000113
15.659000,-0.000071,0.000113
15.660000,-0.000071,0.000113
15.661000,-0.000071,0.000113
15.662000,-0.000071,0.000114
15.663000,-0.000072,0.000114
15.664000,-0.000072,0.000114
15.665000,-0.000072,0.000114
15.666000,-0.000073,0.000114
15.667000,-0.000073,0.000114
15.668000,-0.000073,0.000114
15.669000,-0.000073,0.000114
15.670000,-0.000073,0.000115
15.671000,-0.000073,0.000114
15.672000,-0.000073,0.000115
15.673000,-0.000073,0.000114
15.674000,-0.000073,0.000114
15.675000,-0.000073,0.000114
15.676000,-0.000073,0.000113
15.677000,-0.000073,0.000114
15.678000,-0.000073,0.000114
15.679000,-0.000073,0.000114
15.680000,-0.000074,0.000114
15.681000,-0.000074,0.000113
15.682000,-0.000074,0.000113
15.683000,-0.000074,0.000113
15.684000,-0.000075,0.000113
15.685000,-0.000075,0.000112
15.686000,-0.000075,0.000113
15.687000,-0.000074,0.000113
15.688000,-0.000074,0.000113
15.689000,-0.000074,0.000114
15.690000,-0.000074,0.000114
15.691000,-0.000074,0.000114
15.692000,-0.000074,0.000114
15.693000,-0.000074,0.000114
15.694000,-0.000073,0.000114
15.695000,-0.000074,0.000115
15.696000,-0.000073,0.000115
15.697000,-0.000074,0.000115
15.698000,-0.000073,0.000115
15.699000,-0.000073,0.000115
15.700000,-0.000073,0.000115
15.701000,-0.000073,0.000116
15.702000,-0.000073,0.000117
15.703000,-0.000073,0.000117
15.704000,-0.000074,0.000117
15.705000,-0.000073,0.000117
15.706000,-0.000073,0.000116
15.707000,-0.000074,0.000117
15.708000,-0.000074,0.000117
15.709000,-0.000075,0.000117
15.710000,-0.000075,0.000117
15.711000,-0.000074,0.000117
15.712000,-0.000074,0.000116
15.713000,-0.000073,0.000116
15.714000,-0.000073,0.000116
15.715000,-0.000074,0.000116
15.716000,-0.000073,0.000116
15.717000,-0.000073,0.000117
15.718000,-0.000074,0.000117
15.719000,-0.000073,0.000116
15.720000,-0.000073,0.000115
15.721000,-0.000073,0.000116
15.722000,-0.000073,0.000116
15.723000,-0.000073,0.000116
15.724000,-0.000073,0.000116
15.725000,-0.000073,0.000116
15.726000,-0.000073,0.000116
15.727000,-0.000073,0.000115
15.728000,-0.000073,0.000116
15.729000,-0.000073,0.000116
15.730000,-0.000073,0.000116
15.731000,-0.000073,0.000115
15.732000,-0.000073,0.000116
15.733000,-0.000072,0.000116
15.734000,-0.000072,0.000116
15.735000,-0.000072,0.000116
15.736000,-0.000073,0.000115
15.737000,-0.000072,0.000116
15.738000,-0.000073,0.000116
15.739000,-0.000073,0.000116
15.740000,-0.000073,0.000115
15.741000,-0.000072,0.000115
15.742000,-0.000073,0.000115
15.743000,-0.000072,0.000114
15.744000,-0.000072,0.000115
15.745000,-0.000072,0.000114
15.746000,-0.000072,0.000114
15.747000,-0.000072,0.000114
15.748000,-0.000072,0.000115
15.749000,-0.000072,0.000115
15.750000,-0.000073,0.000115
15.751000,-0.000072,0.000115
15.752000,-0.000073,0.000115
15.753000,-0.000072,0.000114
15.754000,-0.000073,0.000114
15.755000,-0.000073,0.000115
15.756000,-0.000073,0.000116
15.757000,-0.000074,0.000116
15.758000,-0.000074,0.000116
15.759000,-0.000074,0.000116
15.760000,-0.000074,0.000116
15.761000,-0.000074,0.000115
15.762000,-0.000073,0.000115
15.763000,-0.000074,0.000116
15.764000,-0.000074,0.000115
15.765000,-0.000074,0.000115
15.766000,-0.000074,0.000115
15.767000,-0.000074,0.000115
15.768000,-0.000074,0.000115
15.769000,-0.000074,0.000114
15.770000,-0.000074,0.000114
15.771000,-0.000075,0.000114
15.772000,-0.000075,0.000114
15.773000,-0.000075,0.000114
15.774000,-0.000075,0.000114
15.775000,-0.000074,0.000115
15.776000,-0.000073,0.000115
15.777000,-0.000073,0.000115
15.778000,-0.000072,0.000115
15.779000,-0.000072,0.000114
15.780000,-0.000072,0.000115
15.781000,-0.000072,0.000115
15.782000,-0.000072,0.000115
15.783000,-0.000072,0.000114
15.784000,-0.000072,0.000114
15.785000,-0.000073,0.000114
15.786000,-0.000073,0.000114
15.787000,-0.000073,0.000114
15.788000,-0.000072,0.000114
15.789000,-0.000071,0.000113
15.790000,-0.000071,0.000113
15.791000,-0.000071,0.000112
15.792000,-0.000071,0.000112
15.793000,-0.000071,0.000112
15.794000,-0.000071,0.000111
15.795000,-0.000072,0.000110
15.796000,-0.000072,0.000110
15.797000,-0.000072,0.000111
15.798000,-0.000073,0.000110
15.799000,-0.000073,0.000111
15.800000,-0.000073,0.000111
15.801000,-0.000073,0.000110
15.802000,-0.000073,0.000109
15.803000,-0.000073,0.000110
15.804000,-0.000072,0.000110
15.805000,-0.000072,0.000110
15.806000,-0.000072,0.000111
15.807000,-0.000072,0.000110
15.808000,-0.000072,0.000110
15.809000,-0.000072,0.000110
15.810000,-0.000072,0.000110
15.811000,-0.000072,0.000110
15.812000,-0.000072,0.000110
15.813000,-0.000072,0.000109
15.814000,-0.000072,0.000110
15.815000,-0.000071,0.000110
15.816000,-0.000071,0.000110
15.817000,-0.000071,0.000110
15.818000,-0.000071,0.000110
15.819000,-0.000071,0.000110
15.820000,-0.000072,0.000109
15.821000,-0.000072,0.000110
15.822000,-0.000073,0.000109
15.823000,-0.000073,0.000109
15.824000,-0.000073,0.000109
15.825000,-0.000073,0.000109
15.826000,-0.000073,0.000109
15.827000,-0.000073,0.000109
15.828000,-0.000073,0.000109
15.829000,-0.000073,0.000109
15.830000,-0.000072,0.000109
15.831000,-0.000073,0.000110
15.832000,-0.000072,0.000109
15.833000,-0.000073,0.000109
15.834000,-0.000073,0.000110
15.835000,-0.000073,0.000111
15.836000,-0.000073,0.000111
15.837000,-0.000073,0.000111
15.838000,-0.000073,0.000112
15.839000,-0.000073,0.000112
15.840000,-0.000073,0.000112
15.841000,-0.000073,0.000112
15.842000,-0.000073,0.000113
15.843000,-0.000074,0.000112
15.844000,-0.000074,0.000112
15.845000,-0.000074,0.000112
15.846000,-0.000074,0.000113
15.847000,-0.000074,0.000113
15.848000,-0.000073,0.000113
15.849000,-0.000073,0.000113
15.850000,-0.000073,0.000113
15.851000,-0.000073,0.000113
15.852000,-0.000073,0.000114
15.853000,-0.000073,0.000114
15.854000,-0.000073,0.000114
15.855000,-0.000073,0.000113
15.856000,-0.000074,0.000113
15.857000,-0.000073,0.000113
15.858000,-0.000074,0.000113
15.859000,-0.000074,0.000113
15.860000,-0.000074,0.000113
15.861000,-0.000074,0.000112
15.862000,-0.000075,0.000112
15.863000,-0.000074,0.000112
15.864000,-0.000074,0.000112
15.865000,-0.000073,0.000112
15.866000,-0.000073,0.000112
15.867000,-0.000073,0.000112
15.868000,-0.000073,0.000111
15.869000,-0.000073,0.000111
15.870000,-0.000073,0.000112
15.871000,-0.000073,0.000111
15.872000,-0.000073,0.000112
15.873000,-0.000073,0.000113
15.874000,-0.000073,0.000113
15.875000,-0.000073,0.000112
15.876000,-0.000074,0.000112
15.877000,-0.000074,0.000112
15.878000,-0.000074,0.000113
15.879000,-0.000074,0.000113
15.880000,-0.000074,0.000112
15.881000,-0.000073,0.000112
15.882000,-0.000073,0.000113
15.883000,-0.000073,0.000113
15.884000,-0.000073,0.000112
15.885000,-0.000072,0.000112
15.886000,-0.000073,0.000113
15.887000,-0.000073,0.000113
15.888000,-0.000074,0.000112
15.889000,-0.000074,0.000113
15.890000,-0.000074,0.000112
15.891000,-0.000075,0.000112
15.892000,-0.000075,0.000113
15.893000,-0.000075,0.000113
15.894000,-0.000074,0.000113
15.895000,-0.000074,0.000114
15.896000,-0.000073,0.000114
15.897000,-0.000073,0.000114
15.898000,-0.000073,0.000114
15.899000,-0.000074,0.000113
15.900000,-0.000075,0.000112
15.901000,-0.000075,0.000112
15.902000,-0.000075,0.000113
15.903000,-0.000076,0.000112
15.904000,-0.000076,0.000112
15.905000,-0.000075,0.000112
15.906000,-0.000074,0.000112
15.907000,-0.000074,0.000112
15.908000,-0.000074,0.000113
15.909000,-0.000074,0.000113
15.910000,-0.000073,0.000113
15.911000,-0.000073,0.000113
15.912000,-0.000074,0.000113
15.913000,-0.000074,0.000114
15.914000,-0.000075,0.000114
15.915000,-0.000075,0.000114
15.916000,-0.000076,0.000114
15.917000,-0.000076,0.000113
15.918000,-0.000076,0.000114
15.919000,-0.000075,0.000114
15.920000,-0.000074,0.000114
15.921000,-0.000074,0.000114
15.922000,-0.000074,0.000114
15.923000,-0.000075,0.000114
15.924000,-0.000075,0.000114
15.925000,-0.000075,0.000114
15.926000,-0.000075,0.000114
15.927000,-0.000075,0.000115
15.928000,-0.000075,0.000115
15.929000,-0.000075,0.000115
15.930000,-0.000076,0.000115
15.931000,-0.000076,0.000115
15.932000,-0.000076,0.000114
15.933000,-0.000076,0.000114
15.934000,-0.000076,0.000114
15.935000,-0.000076,0.000113
15.936000,-0.000075,0.000113
15.937000,-0.000076,0.000113
15.938000,-0.000076,0.000114
15.939000,-0.000076,0.000113
15.940000,-0.000076,0.000114
15.941000,-0.000076,0.000113
15.942000,-0.000076,0.000113
15.943000,-0.000076,0.000113
15.944000,-0.000076,0.000113
15.945000,-0.000076,0.000113
15.946000,-0.000076,0.000113
15.947000,-0.000076,0.000113
15.948000,-0.000076,0.000113
15.949000,-0.000076,0.000113
15.950000,-0.000075,0.000114
15.951000,-0.000076,0.000114
15.952000,-0.000076,0.000114
15.953000,-0.000075,0.000114
15.954000,-0.000075,0.000114
15.955000,-0.000075,0.000114
15.956000,-0.000075,0.000114
15.957000,-0.000075,0.000114
15.958000,-0.000074,0.000115
15.959000,-0.000075,0.000115
15.960000,-0.000075,0.000114
15.961000,-0.000075,0.000115
15.962000,-0.000074,0.000115
15.963000,-0.000074,0.000115
15.964000,-0.000075,0.000115
15.965000,-0.000075,0.000115
15.966000,-0.000075,0.000115
15.967000,-0.000075,0.000116
15.968000,-0.000075,0.000116
15.969000,-0.000075,0.000116
15.970000,-0.000075,0.000117
15.971000,-0.000075,0.000116
15.972000,-0.000075,0.000116
15.973000,-0.000074,0.000115
15.974000,-0.000074,0.000116
15.975000,-0.000074,0.000116
15.976000,-0.000074,0.000116
15.977000,-0.000074,0.000116
15.978000,-0.000075,0.000115
15.979000,-0.000075,0.000116
15.980000,-0.000075,0.000116
15.981000,-0.000075,0.000116
15.982000,-0.000076,0.000116
15.983000,-0.000076,0.000117
15.984000,-0.000075,0.000118
15.985000,-0.000075,0.000118
15.986000,-0.000074,0.000118
15.987000,-0.000074,0.000118
15.988000,-0.000074,0.000118
15.989000,-0.000074,0.000119
15.990000,-0.000074,0.000119
15.991000,-0.000074,0.000119
15.992000,-0.000073,0.000119
15.993000,-0.000074,0.000120
15.994000,-0.000074,0.000120
15.995000,-0.000075,0.000119
15.996000,-0.000076,0.000119
15.997000,-0.000075,0.000119
15.998000,-0.000075,0.000120
15.999000,-0.000075,0.000120
15.950000,-0.000075,0.000114
15.951000,-0.000075,0.000114
15.952000,-0.000075,0.000114
15.953000,-0.000074,0.000114
15.954000,-0.000074,0.000113
15.955000,-0.000075,0.000114
15.956000,-0.000074,0.000114
15.957000,-0.000075,0.000114
15.958000,-0.000074,0.000114
15.959000,-0.000075,0.000114
15.960000,-0.000075,0.000113
15.961000,-0.000075,0.000114
15.962000,-0.000074,0.000114
15.963000,-0.000075,0.000113
15.964000,-0.000075,0.000114
15.965000,-0.000075,0.000114
15.966000,-0.000075,0.000114
15.967000,-0.000075,0.000114
15.968000,-0.000074,0.000115
15.969000,-0.000074,0.000115
15.970000,-0.000073,0.000115
15.971000,-0.000074,0.000115
15.972000,-0.000073,0.000115
15.973000,-0.000073,0.000115
15.974000,-0.000073,0.000115
15.975000,-0.000073,0.000116
15.976000,-0.000073,0.000116
15.977000,-0.000073,0.000116
15.978000,-0.000074,0.000116
15.979000,-0.000074,0.000116
15.980000,-0.000074,0.000117
15.981000,-0.000074,0.000117
15.982000,-0.000075,0.000117
15.983000,-0.000074,0.000117
15.984000,-0.000074,0.000118
15.985000,-0.000074,0.000118
15.986000,-0.000073,0.000118
15.987000,-0.000073,0.000118
15.988000,-0.000073,0.000118
15.989000,-0.000073,0.000118
15.990000,-0.000073,0.000118
15.991000,-0.000073,0.000118
15.992000,-0.000073,0.000118
15.993000,-0.000073,0.000118
15.994000,-0.000072,0.000118
15.995000,-0.000072,0.000118
15.996000,-0.000073,0.000118
15.997000,-0.000072,0.000118
15.998000,-0.000072,0.000118
15.999000,-0.000072,0.000118
16.000000,-0.000071,0.000118
16.001000,-0.000072,0.000118
16.002000,-0.000072,0.000118
16.003000,-0.000072,0.000119
16.004000,-0.000072,0.000119
16.005000,-0.000073,0.000118
16.006000,-0.000073,0.000118
16.007000,-0.000073,0.000118
16.008000,-0.000074,0.000118
16.009000,-0.000073,0.000119
16.010000,-0.000073,0.000118
16.011000,-0.000073,0.000118
16.012000,-0.000073,0.000118
16.013000,-0.000073,0.000118
16.014000,-0.000073,0.000118
16.015000,-0.000073,0.000117
16.016000,-0.000074,0.000117
16.017000,-0.000074,0.000117
16.018000,-0.000074,0.000117
16.019000,-0.000074,0.000116
16.020000,-0.000074,0.000117
16.021000,-0.000074,0.000117
16.022000,-0.000073,0.000117
16.023000,-0.000073,0.000117
16.024000,-0.000073,0.000117
16.025000,-0.000073,0.000117
16.026000,-0.000072,0.000117
16.027000,-0.000072,0.000117
16.028000,-0.000072,0.000117
16.029000,-0.000072,0.000117
16.030000,-0.000072,0.000117
16.031000,-0.000072,0.000117
16.032000,-0.000072,0.000117
16.033000,-0.000072,0.000116
16.034000,-0.000072,0.000116
16.035000,-0.000072,0.000117
16.036000,-0.000072,0.000116
16.037000,-0.000072,0.000116
16.038000,-0.000072,0.000116
16.039000,-0.000071,0.000116
16.040000,-0.000072,0.000116
16.041000,-0.000072,0.000116
16.042000,-0.000071,0.000116
16.043000,-0.000072,0.000118
16.044000,-0.000072,0.000118
16.045000,-0.000072,0.000118
16.046000,-0.000072,0.000117
16.047000,-0.000072,0.000117
16.048000,-0.000073,0.000117
16.049000,-0.000073,0.000117
16.050000,-0.000073,0.000116
16.051000,-0.000074,0.000116
16.052000,-0.000074,0.000116
16.053000,-0.000074,0.000116
16.054000,-0.000074,0.000116
16.055000,-0.000073,0.000116
16.056000,-0.000073,0.000116
16.057000,-0.000073,0.000117
16.058000,-0.000072,0.000117
16.059000,-0.000072,0.000117
16.060000,-0.000072,0.000118
16.061000,-0.000071,0.000118
16.062000,-0.000072,0.000118
16.063000,-0.000072,0.000118
16.064000,-0.000072,0.000118
16.065000,-0.000072,0.000118
16.066000,-0.000072,0.000118
16.067000,-0.000072,0.000117
16.068000,-0.000072,0.000117
16.069000,-0.000073,0.000117
16.070000,-0.000074,0.000117
16.071000,-0.000074,0.000117
16.072000,-0.000074,0.000116
16.073000,-0.000074,0.000116
16.074000,-0.000073,0.000116
16.075000,-0.000073,0.000115
16.076000,-0.000073,0.000115
16.077000,-0.000073,0.000115
16.078000,-0.000073,0.000115
16.079000,-0.000073,0.000115
16.080000,-0.000073,0.000115
16.081000,-0.000074,0.000114
16.082000,-0.000074,0.000114
16.083000,-0.000074,0.000113
16.084000,-0.000074,0.000114
16.085000,-0.000075,0.000114
16.086000,-0.000075,0.000114
16.087000,-0.000074,0.000113
16.088000,-0.000074,0.000113
16.089000,-0.000074,0.000113
16.090000,-0.000074,0.000113
16.091000,-0.000074,0.000114
16.092000,-0.000075,0.000113
16.093000,-0.000075,0.000114
16.094000,-0.000075,0.000114
16.095000,-0.000075,0.000113
16.096000,-0.000076,0.000112
16.097000,-0.000076,0.000112
16.098000,-0.000076,0.000112
16.099000,-0.000075,0.000113
16.100000,-0.000075,0.000113
16.101000,-0.000074,0.000113
16.102000,-0.000074,0.000112
16.103000,-0.000074,0.000112
16.104000,-0.000074,0.000112
16.105000,-0.000074,0.000113
16.106000,-0.000074,0.000113
16.107000,-0.000074,0.000112
16.108000,-0.000074,0.000112
16.109000,-0.000074,0.000113
16.110000,-0.000075,0.000113
16.111000,-0.000075,0.000113
16.112000,-0.000075,0.000112
16.113000,-0.000074,0.000112
16.114000,-0.000074,0.000112
16.115000,-0.000074,0.000112
16.116000,-0.000074,0.000112
16.117000,-0.000074,0.000113
16.118000,-0.000074,0.000113
16.119000,-0.000075,0.000113
16.120000,-0.000075,0.000113
16.121000,-0.000075,0.000113
16.122000,-0.000075,0.000113
16.123000,-0.000076,0.000113
16.124000,-0.000076,0.000112
16.125000,-0.000076,0.000112
16.126000,-0.000076,0.000112
16.127000,-0.000076,0.000112
16.128000,-0.000076,0.000111
16.129000,-0.000076,0.000111
16.130000,-0.000075,0.000111
16.131000,-0.000075,0.000111
16.132000,-0.000075,0.000111
16.133000,-0.000075,0.000113
16.134000,-0.000075,0.000112
16.135000,-0.000076,0.000112
16.136000,-0.000076,0.000112
16.137000,-0.000076,0.000112
16.138000,-0.000076,0.000111
16.139000,-0.000076,0.000111
16.140000,-0.000077,0.000111
16.141000,-0.000077,0.000110
16.142000,-0.000077,0.000110
16.143000,-0.000077,0.000109
16.144000,-0.000077,0.000109
16.145000,-0.000076,0.000109
16.146000,-0.000076,0.000110
16.147000,-0.000076,0.000109
16.148000,-0.000075,0.000109
16.149000,-0.000075,0.000109
16.150000,-0.000074,0.000109
16.151000,-0.000074,0.000109
16.152000,-0.000074,0.000110
16.153000,-0.000075,0.000110
16.154000,-0.000075,0.000109
16.155000,-0.000075,0.000110
16.156000,-0.000076,0.000109
16.157000,-0.000077,0.000109
16.158000,-0.000077,0.000109
16.159000,-0.000078,0.000108
16.160000,-0.000077,0.000108
16.161000,-0.000078,0.000108
16.162000,-0.000077,0.000108
16.163000,-0.000077,0.000107
16.164000,-0.000077,0.000107
16.165000,-0.000076,0.000107
16.166000,-0.000076,0.000107
16.167000,-0.000076,0.000107
16.168000,-0.000076,0.000108
16.169000,-0.000076,0.000108
16.170000,-0.000076,0.000108
16.171000,-0.000076,0.000108
16.172000,-0.000076,0.000108
16.173000,-0.000076,0.000108
16.174000,-0.000077,0.000108
16.175000,-0.000078,0.000108
16.176000,-0.000077,0.000108
16.177000,-0.000078,0.000108
16.178000,-0.000078,0.000108
16.179000,-0.000077,0.000108
16.180000,-0.000077,0.000107
16.181000,-0.000077,0.000108
16.182000,-0.000077,0.000107
16.183000,-0.000077,0.000108
16.184000,-0.000077,0.000107
16.185000,-0.000078,0.000107
16.186000,-0.000078,0.000107
16.187000,-0.000078,0.000107
16.188000,-0.000079,0.000108
16.189000,-0.000079,0.000108
16.190000,-0.000079,0.000108
16.191000,-0.000079,0.000108
16.192000,-0.000079,0.000109
16.193000,-0.000078,0.000109
16.194000,-0.000079,0.000109
16.195000,-0.000079,0.000109
16.196000,-0.000079,0.000110
16.197000,-0.000079,0.000111
16.198000,-0.000080,0.000111
16.199000,-0.000079,0.000110
16.200000,-0.000079,0.000110
16.201000,-0.000079,0.000110
16.202000,-0.000079,0.000111
16.203000,-0.000079,0.000111
16.204000,-0.000078,0.000110
16.205000,-0.000077,0.000110
16.206000,-0.000077,0.000110
16.207000,-0.000077,0.000110
16.208000,-0.000078,0.000110
16.209000,-0.000078,0.000109
16.210000,-0.000078,0.000109
16.211000,-0.000078,0.000109
16.212000,-0.000078,0.000110
16.213000,-0.000078,0.000110
16.214000,-0.000078,0.000110
16.215000,-0.000078,0.000111
16.216000,-0.000078,0.000110
16.217000,-0.000078,0.000109
16.218000,-0.000077,0.000110
16.219000,-0.000076,0.000110
16.220000,-0.000077,0.000111
16.221000,-0.000077,0.000111
16.222000,-0.000078,0.000111
16.223000,-0.000078,0.000111
16.224000,-0.000078,0.000111
16.225000,-0.000078,0.000111
16.226000,-0.000078,0.000111
16.227000,-0.000078,0.000110
16.228000,-0.000077,0.000111
16.229000,-0.000077,0.000111
16.230000,-0.000078,0.000111
16.231000,-0.000078,0.000110
16.232000,-0.000078,0.000110
16.233000,-0.000078,0.000110
16.234000,-0.000078,0.000110
16.235000,-0.000078,0.000110
16.236000,-0.000077,0.000110
16.237000,-0.000078,0.000109
16.238000,-0.000078,0.000109
16.239000,-0.000078,0.000110
16.240000,-0.000077,0.000110
16.241000,-0.000078,0.000110
16.242000,-0.000078,0.000110
16.243000,-0.000078,0.000109
16.244000,-0.000078,0.000109
16.245000,-0.000078,0.000108
16.246000,-0.000078,0.000108
16.247000,-0.000078,0.000108
16.248000,-0.000079,0.000109
16.249000,-0.000079,0.000109
16.250000,-0.000079,0.000109
16.251000,-0.000078,0.000109
16.252000,-0.000078,0.000108
16.253000,-0.000078,0.000107
16.254000,-0.000079,0.000108
16.255000,-0.000079,0.000108
16.256000,-0.000079,0.000108
16.257000,-0.000078,0.000108
16.258000,-0.000079,0.000108
16.259000,-0.000078,0.000108
16.260000,-0.000078,0.000108
16.261000,-0.000078,0.000108
16.262000,-0.000079,0.000108
16.263000,-0.000078,0.000109
16.264000,-0.000079,0.000110
16.265000,-0.000078,0.000110
16.266000,-0.000079,0.000109
16.267000,-0.000078,0.000110
16.268000,-0.000078,0.000109
16.269000,-0.000077,0.000109
16.270000,-0.000077,0.000109
16.271000,-0.000077,0.000108
16.272000,-0.000077,0.000108
16.273000,-0.000077,0.000109
16.274000,-0.000077,0.000108
16.275000,-0.000077,0.000108
16.276000,-0.000077,0.000108
16.277000,-0.000077,0.000108
16.278000,-0.000078,0.000108
16.279000,-0.000078,0.000107
16.280000,-0.000078,0.000108
16.281000,-0.000078,0.000108
16.282000,-0.000077,0.000109
16.283000,-0.000077,0.000108
16.284000,-0.000076,0.000109
16.285000,-0.000076,0.000109
16.286000,-0.000075,0.000109
16.287000,-0.000075,0.000109
16.288000,-0.000075,0.000108
16.289000,-0.000075,0.000109
16.290000,-0.000075,0.000108
16.291000,-0.000076,0.000107
16.292000,-0.000076,0.000107
16.293000,-0.000076,0.000107
16.294000,-0.000076,0.000107
16.295000,-0.000076,0.000106
16.296000,-0.000075,0.000106
16.297000,-0.000075,0.000106
16.298000,-0.000075,0.000107
16.299000,-0.000075,0.000107
16.300000,-0.000076,0.000106
16.301000,-0.000076,0.000107
16.302000,-0.000077,0.000107
16.303000,-0.000077,0.000106
16.304000,-0.000077,0.000107
16.305000,-0.000078,0.000107
16.306000,-0.000078,0.000107
16.307000,-0.000077,0.000106
16.308000,-0.000077,0.000106
16.309000,-0.000077,0.000107
16.310000,-0.000076,0.000107
16.311000,-0.000076,0.000107
16.312000,-0.000076,0.000106
16.313000,-0.000077,0.000107
16.314000,-0.000077,0.000107
16.315000,-0.000076,0.000107
16.316000,-0.000076,0.000107
16.317000,-0.000076,0.000107
16.318000,-0.000077,0.000106
16.319000,-0.000077,0.000106
16.320000,-0.000076,0.000105
16.321000,-0.000075,0.000105
16.322000,-0.000075,0.000105
16.323000,-0.000075,0.000105
16.324000,-0.000075,0.000106
16.325000,-0.000075,0.000107
16.326000,-0.000076,0.000107
16.327000,-0.000075,0.000108
16.328000,-0.000076,0.000108
16.329000,-0.000076,0.000108
16.330000,-0.000076,0.000108
16.331000,-0.000076,0.000108
16.332000,-0.000076,0.000108
16.333000,-0.000076,0.000107
16.334000,-0.000075,0.000107
16.335000,-0.000076,0.000108
16.336000,-0.000076,0.000108
16.337000,-0.000075,0.000109
16.338000,-0.000075,0.000109
16.339000,-0.000074,0.000109
16.340000,-0.000075,0.000108
16.341000,-0.000074,0.000108
16.342000,-0.000074,0.000109
16.343000,-0.000074,0.000110
16.344000,-0.000075,0.000110
16.345000,-0.000075,0.000111
16.346000,-0.000075,0.000111
16.347000,-0.000075,0.000111
16.348000,-0.000076,0.000111
16.349000,-0.000076,0.000111
16.350000,-0.000076,0.000111
16.351000,-0.000076,0.000111
16.352000,-0.000076,0.000111
16.353000,-0.000076,0.000111
16.354000,-0.000075,0.000111
16.355000,-0.000075,0.000111
16.356000,-0.000074,0.000111
16.357000,-0.000074,0.000112
16.358000,-0.000073,0.000112
16.359000,-0.000073,0.000112
16.360000,-0.000073,0.000112
16.361000,-0.000074,0.000112
16.362000,-0.000074,0.000113
16.363000,-0.000074,0.000113
16.364000,-0.000075,0.000113
16.365000,-0.000075,0.000112
16.366000,-0.000075,0.000113
16.367000,-0.000076,0.000111
16.368000,-0.000076,0.000112
16.369000,-0.000077,0.000112
16.370000,-0.000077,0.000112
16.371000,-0.000077,0.000111
16.372000,-0.000076,0.000112
16.373000,-0.000077,0.000112
16.374000,-0.000077,0.000112
16.375000,-0.000076,0.000112
16.376000,-0.000076,0.000112
16.377000,-0.000076,0.000113
16.378000,-0.000076,0.000113
16.379000,-0.000076,0.000113
16.380000,-0.000076,0.000114
16.381000,-0.000076,0.000113
16.382000,-0.000076,0.000112
16.383000,-0.000076,0.000113
16.384000,-0.000077,0.000113
16.385000,-0.000077,0.000113
16.386000,-0.000076,0.000114
16.387000,-0.000077,0.000113
16.388000,-0.000076,0.000114
16.389000,-0.000075,0.000113
16.390000,-0.000075,0.000114
16.391000,-0.000074,0.000115
16.392000,-0.000074,0.000115
16.393000,-0.000075,0.000114
16.394000,-0.000075,0.000114
16.395000,-0.000076,0.000115
16.396000,-0.000076,0.000115
16.397000,-0.000076,0.000115
16.398000,-0.000077,0.000115
16.399000,-0.000076,0.000115
16.400000,-0.000075,0.000114
16.401000,-0.000075,0.000114
16.402000,-0.000074,0.000115
16.403000,-0.000074,0.000115
16.404000,-0.000075,0.000114
16.405000,-0.000075,0.000114
16.406000,-0.000075,0.000114
16.407000,-0.000076,0.000115
16.408000,-0.000076,0.000115
16.409000,-0.000076,0.000114
16.410000,-0.000076,0.000114
16.411000,-0.000076,0.000114
16.412000,-0.000076,0.000114
16.413000,-0.000076,0.000113
16.414000,-0.000075,0.000114
16.415000,-0.000075,0.000114
16.416000,-0.000075,0.000114
16.417000,-0.000075,0.000114
16.418000,-0.000076,0.000115
16.419000,-0.000075,0.000116
16.420000,-0.000075,0.000116
16.421000,-0.000076,0.000116
16.422000,-0.000076,0.000116
16.423000,-0.000076,0.000116
16.424000,-0.000076,0.000116
16.425000,-0.000076,0.000116
16.426000,-0.000075,0.000116
16.427000,-0.000076,0.000115
16.428000,-0.000075,0.000116
16.429000,-0.000075,0.000116
16.430000,-0.000074,0.000116
16.431000,-0.000074,0.000116
16.432000,-0.000075,0.000116
16.433000,-0.000075,0.000116
16.434000,-0.000075,0.000116
16.435000,-0.000075,0.000115
16.436000,-0.000076,0.000115
16.437000,-0.000076,0.000116
16.438000,-0.000076,0.000115
16.439000,-0.000076,0.000115
16.440000,-0.000076,0.000116
16.441000,-0.000076,0.000115
16.442000,-0.000076,0.000115
16.443000,-0.000076,0.000115
16.444000,-0.000075,0.000115
16.445000,-0.000075,0.000114
16.446000,-0.000074,0.000115
16.447000,-0.000074,0.000115
16.448000,-0.000073,0.000115
16.449000,-0.000074,0.000115
16.450000,-0.000074,0.000115
16.451000,-0.000074,0.000115
16.452000,-0.000074,0.000115
16.453000,-0.000074,0.000115
16.454000,-0.000074,0.000115
16.455000,-0.000074,0.000115
16.456000,-0.000074,0.000115
16.457000,-0.000074,0.000114
16.458000,-0.000075,0.000114
16.459000,-0.000075,0.000114
16.460000,-0.000075,0.000114
16.461000,-0.000075,0.000114
16.462000,-0.000075,0.000113
16.463000,-0.000074,0.000113
16.464000,-0.000074,0.000113
16.465000,-0.000074,0.000113
16.466000,-0.000074,0.000113
16.467000,-0.000073,0.000114
16.468000,-0.000073,0.000114
16.469000,-0.000073,0.000115
16.470000,-0.000073,0.000114
16.471000,-0.000073,0.000115
16.472000,-0.000073,0.000115
16.473000,-0.000073,0.000115
16.474000,-0.000073,0.000115
16.475000,-0.000073,0.000115
16.476000,-0.000073,0.000115
16.477000,-0.000073,0.000115
16.478000,-0.000072,0.000115
16.479000,-0.000072,0.000115
16.480000,-0.000072,0.000114
16.481000,-0.000072,0.000116
16.482000,-0.000073,0.000116
16.483000,-0.000072,0.000115
16.484000,-0.000071,0.000115
16.485000,-0.000071,0.000115
16.486000,-0.000072,0.000115
16.487000,-0.000072,0.000116
16.488000,-0.000072,0.000115
16.489000,-0.000073,0.000115
16.490000,-0.000073,0.000115
16.491000,-0.000074,0.000115
16.492000,-0.000073,0.000114
16.493000,-0.000072,0.000115
16.494000,-0.000072,0.000115
16.495000,-0.000072,0.000115
16.496000,-0.000071,0.000115
16.497000,-0.000072,0.000114
16.498000,-0.000071,0.000114
16.499000,-0.000072,0.000114
16.450000,-0.000074,0.000115
16.451000,-0.000074,0.000114
16.452000,-0.000074,0.000114
16.453000,-0.000074,0.000114
16.454000,-0.000074,0.000113
16.455000,-0.000074,0.000113
16.456000,-0.000074,0.000113
16.457000,-0.000075,0.000113
16.458000,-0.000075,0.000113
16.459000,-0.000075,0.000112
16.460000,-0.000075,0.000112
16.461000,-0.000074,0.000112
16.462000,-0.000074,0.000111
16.463000,-0.000074,0.000111
16.464000,-0.000074,0.000111
16.465000,-0.000075,0.000111
16.466000,-0.000075,0.000111
16.467000,-0.000074,0.000113
16.468000,-0.000074,0.000113
16.469000,-0.000074,0.000113
16.470000,-0.000073,0.000113
16.471000,-0.000074,0.000113
16.472000,-0.000073,0.000113
16.473000,-0.000073,0.000113
16.474000,-0.000073,0.000113
16.475000,-0.000073,0.000113
16.476000,-0.000073,0.000112
16.477000,-0.000073,0.000112
16.478000,-0.000073,0.000112
16.479000,-0.000073,0.000112
16.480000,-0.000073,0.000112
16.481000,-0.000073,0.000114
16.482000,-0.000073,0.000113
16.483000,-0.000073,0.000113
16.484000,-0.000073,0.000112
16.485000,-0.000073,0.000112
16.486000,-0.000073,0.000112
16.487000,-0.000073,0.000113
16.488000,-0.000074,0.000112
16.489000,-0.000074,0.000113
16.490000,-0.000074,0.000112
16.491000,-0.000074,0.000112
16.492000,-0.000074,0.000112
16.493000,-0.000073,0.000113
16.494000,-0.000073,0.000113
16.495000,-0.000073,0.000113
16.496000,-0.000073,0.000112
16.497000,-0.000073,0.000112
16.498000,-0.000073,0.000112
16.499000,-0.000073,0.000112
16.500000,-0.000074,0.000112
16.501000,-0.000074,0.000112
16.502000,-0.000074,0.000112
16.503000,-0.000074,0.000113
16.504000,-0.000073,0.000113
16.505000,-0.000073,0.000113
16.506000,-0.000073,0.000113
16.507000,-0.000073,0.000113
16.508000,-0.000073,0.000113
16.509000,-0.000073,0.000114
16.510000,-0.000074,0.000114
16.511000,-0.000074,0.000114
16.512000,-0.000074,0.000114
16.513000,-0.000074,0.000114
16.514000,-0.000075,0.000114
16.515000,-0.000075,0.000114
16.516000,-0.000074,0.000114
16.517000,-0.000074,0.000113
16.518000,-0.000074,0.000113
16.519000,-0.000074,0.000112
16.520000,-0.000075,0.000112
16.521000,-0.000074,0.000112
16.522000,-0.000075,0.000112
16.523000,-0.000074,0.000112
16.524000,-0.000074,0.000111
16.525000,-0.000074,0.000111
16.526000,-0.000074,0.000111
16.527000,-0.000074,0.000111
16.528000,-0.000075,0.000110
16.529000,-0.000075,0.000110
16.530000,-0.000076,0.000110
16.531000,-0.000075,0.000110
16.532000,-0.000075,0.000110
16.533000,-0.000074,0.000110
16.534000,-0.000074,0.000110
16.535000,-0.000075,0.000111
16.536000,-0.000074,0.000111
16.537000,-0.000075,0.000111
16.538000,-0.000074,0.000111
16.539000,-0.000075,0.000111
16.540000,-0.000075,0.000111
16.541000,-0.000075,0.000111
16.542000,-0.000075,0.000111
16.543000,-0.000076,0.000111
16.544000,-0.000076,0.000111
16.545000,-0.000076,0.000111
16.546000,-0.000076,0.000110
16.547000,-0.000075,0.000111
16.548000,-0.000076,0.000111
16.549000,-0.000075,0.000112
16.550000,-0.000075,0.000112
16.551000,-0.000074,0.000112
16.552000,-0.000074,0.000113
16.553000,-0.000074,0.000113
16.554000,-0.000075,0.000114
16.555000,-0.000074,0.000114
16.556000,-0.000075,0.000113
16.557000,-0.000075,0.000113
16.558000,-0.000075,0.000113
16.559000,-0.000075,0.000114
16.560000,-0.000076,0.000114
16.561000,-0.000076,0.000113
16.562000,-0.000076,0.000114
16.563000,-0.000076,0.000114
16.564000,-0.000076,0.000113
16.565000,-0.000076,0.000114
16.566000,-0.000076,0.000113
16.567000,-0.000075,0.000113
16.568000,-0.000075,0.000113
16.569000,-0.000075,0.000113
16.570000,-0.000075,0.000113
16.571000,-0.000075,0.000113
16.572000,-0.000076,0.000114
16.573000,-0.000076,0.000114
16.574000,-0.000076,0.000113
16.575000,-0.000076,0.000113
16.576000,-0.000076,0.000113
16.577000,-0.000077,0.000114
16.578000,-0.000077,0.000114
16.579000,-0.000076,0.000113
16.580000,-0.000075,0.000113
16.581000,-0.000075,0.000112
16.582000,-0.000075,0.000112
16.583000,-0.000075,0.000112
16.584000,-0.000074,0.000113
16.585000,-0.000075,0.000113
16.586000,-0.000074,0.000113
16.587000,-0.000075,0.000113
16.588000,-0.000075,0.000112
16.589000,-0.000074,0.000112
16.590000,-0.000074,0.000112
16.591000,-0.000074,0.000112
16.592000,-0.000073,0.000111
16.593000,-0.000073,0.000112
16.594000,-0.000074,0.000112
16.595000,-0.000073,0.000112
16.596000,-0.000073,0.000112
16.597000,-0.000073,0.000112
16.598000,-0.000073,0.000112
16.599000,-0.000073,0.000111
16.600000,-0.000073,0.000111
16.601000,-0.000073,0.000111
16.602000,-0.000074,0.000111
16.603000,-0.000074,0.000111
16.604000,-0.000074,0.000111
16.605000,-0.000074,0.000110
16.606000,-0.000073,0.000110
16.607000,-0.000073,0.000110
16.608000,-0.000073,0.000110
16.609000,-0.000073,0.000110
16.610000,-0.000073,0.000109
16.611000,-0.000073,0.000110
16.612000,-0.000073,0.000110
16.613000,-0.000073,0.000110
16.614000,-0.000072,0.000110
16.615000,-0.000073,0.000110
16.616000,-0.000073,0.000110
16.617000,-0.000073,0.000110
16.618000,-0.000073,0.000109
16.619000,-0.000074,0.000110
16.620000,-0.000073,0.000110
16.621000,-0.000073,0.000110
16.622000,-0.000073,0.000110
16.623000,-0.000072,0.000110
16.624000,-0.000072,0.000111
16.625000,-0.000072,0.000112
16.626000,-0.000072,0.000112
16.627000,-0.000072,0.000112
16.628000,-0.000072,0.000112
16.629000,-0.000072,0.000112
16.630000,-0.000072,0.000112
16.631000,-0.000072,0.000111
16.632000,-0.000073,0.000112
16.633000,-0.000073,0.000112
16.634000,-0.000073,0.000111
16.635000,-0.000073,0.000111
16.636000,-0.000073,0.000110
16.637000,-0.000072,0.000111
16.638000,-0.000072,0.000111
16.639000,-0.000071,0.000111
16.640000,-0.000071,0.000110
16.641000,-0.000071,0.000111
16.642000,-0.000071,0.000111
16.643000,-0.000071,0.000111
16.644000,-0.000071,0.000111
16.645000,-0.000071,0.000111
16.646000,-0.000072,0.000111
16.647000,-0.000072,0.000111
16.648000,-0.000072,0.000110
16.649000,-0.000073,0.000110
16.650000,-0.000073,0.000110
16.651000,-0.000073,0.000109
16.652000,-0.000073,0.000109
16.653000,-0.000073,0.000109
16.654000,-0.000073,0.000109
16.655000,-0.000073,0.000109
16.656000,-0.000072,0.000110
16.657000,-0.000072,0.000110
16.658000,-0.000072,0.000110
16.659000,-0.000072,0.000110
16.660000,-0.000071,0.000110
16.661000,-0.000071,0.000110
16.662000,-0.000071,0.000110
16.663000,-0.000071,0.000110
16.664000,-0.000071,0.000111
16.665000,-0.000071,0.000111
16.666000,-0.000072,0.000110
16.667000,-0.000072,0.000110
16.668000,-0.000072,0.000110
16.669000,-0.000072,0.000110
16.670000,-0.000072,0.000110
16.671000,-0.000073,0.000110
16.672000,-0.000072,0.000110
16.673000,-0.000072,0.000110
16.674000,-0.000072,0.000110
16.675000,-0.000072,0.000111
16.676000,-0.000072,0.000111
16.677000,-0.000072,0.000111
16.678000,-0.000072,0.000111
16.679000,-0.000073,0.000111
16.680000,-0.000073,0.000110
16.681000,-0.000074,0.000110
16.682000,-0.000075,0.000109
16.683000,-0.000075,0.000109
16.684000,-0.000075,0.000109
16.685000,-0.000075,0.000109
16.686000,-0.000075,0.000110
16.687000,-0.000075,0.000109
16.688000,-0.000075,0.000109
16.689000,-0.000075,0.000109
16.690000,-0.000076,0.000109
16.691000,-0.000076,0.000109
16.692000,-0.000076,0.000109
16.693000,-0.000077,0.000108
16.694000,-0.000077,0.000108
16.695000,-0.000077,0.000107
16.696000,-0.000078,0.000107
16.697000,-0.000078,0.000108
16.698000,-0.000078,0.000107
16.699000,-0.000077,0.000108
16.700000,-0.000077,0.000107
16.701000,-0.000077,0.000107
16.702000,-0.000077,0.000108
16.703000,-0.000078,0.000108
16.704000,-0.000078,0.000108
16.705000,-0.000078,0.000108
16.706000,-0.000079,0.000109
16.707000,-0.000079,0.000109
16.708000,-0.000079,0.000108
16.709000,-0.000079,0.000108
16.710000,-0.000079,0.000108
16.711000,-0.000079,0.000109
16.712000,-0.000079,0.000109
16.713000,-0.000078,0.000109
16.714000,-0.000078,0.000110
16.715000,-0.000078,0.000110
16.716000,-0.000078,0.000110
16.717000,-0.000078,0.000110
16.718000,-0.000078,0.000110
16.719000,-0.000078,0.000110
16.720000,-0.000078,0.000110
16.721000,-0.000078,0.000110
16.722000,-0.000078,0.000110
16.723000,-0.000078,0.000110
16.724000,-0.000078,0.000110
16.725000,-0.000078,0.000110
16.726000,-0.000078,0.000110
16.727000,-0.000078,0.000110
16.728000,-0.000077,0.000109
16.729000,-0.000077,0.000109
16.730000,-0.000077,0.000109
16.731000,-0.000078,0.000109
16.732000,-0.000078,0.000109
16.733000,-0.000078,0.000109
16.734000,-0.000078,0.000109
16.735000,-0.000078,0.000109
16.736000,-0.000078,0.000109
16.737000,-0.000078,0.000109
16.738000,-0.000078,0.000109
16.739000,-0.000078,0.000109
16.740000,-0.000079,0.000110
16.741000,-0.000079,0.000109
16.742000,-0.000079,0.000109
16.743000,-0.000078,0.000108
16.744000,-0.000078,0.000108
16.745000,-0.000078,0.000108
16.746000,-0.000077,0.000108
16.747000,-0.000077,0.000108
16.748000,-0.000077,0.000108
16.749000,-0.000077,0.000108
16.750000,-0.000077,0.000109
16.751000,-0.000077,0.000109
16.752000,-0.000077,0.000108
16.753000,-0.000077,0.000108
16.754000,-0.000077,0.000108
16.755000,-0.000078,0.000108
16.756000,-0.000078,0.000107
16.757000,-0.000078,0.000107
16.758000,-0.000078,0.000107
16.759000,-0.000078,0.000107
16.760000,-0.000078,0.000107
16.761000,-0.000078,0.000108
16.762000,-0.000078,0.000107
16.763000,-0.000077,0.000107
16.764000,-0.000076,0.000107
16.765000,-0.000077,0.000107
16.766000,-0.000076,0.000107
16.767000,-0.000077,0.000106
16.768000,-0.000077,0.000107
16.769000,-0.000077,0.000106
16.770000,-0.000077,0.000107
16.771000,-0.000077,0.000106
16.772000,-0.000077,0.000106
16.773000,-0.000077,0.000106
16.774000,-0.000077,0.000106
16.775000,-0.000077,0.000106
16.776000,-0.000077,0.000106
16.777000,-0.000077,0.000106
16.778000,-0.000076,0.000107
16.779000,-0.000075,0.000106
16.780000,-0.000075,0.000107
16.781000,-0.000075,0.000107
16.782000,-0.000075,0.000108
16.783000,-0.000075,0.000108
16.784000,-0.000075,0.000108
16.785000,-0.000075,0.000108
16.786000,-0.000075,0.000108
16.787000,-0.000076,0.000108
16.788000,-0.000076,0.000108
16.789000,-0.000076,0.000108
16.790000,-0.000076,0.000108
16.791000,-0.000075,0.000107
16.792000,-0.000075,0.000108
16.793000,-0.000075,0.000108
16.794000,-0.000074,0.000108
16.795000,-0.000074,0.000109
16.796000,-0.000074,0.000109
16.797000,-0.000074,0.000109
16.798000,-0.000074,0.000109
16.799000,-0.000074,0.000109
16.800000,-0.000075,0.000109
16.801000,-0.000075,0.000110
16.802000,-0.000075,0.000110
16.803000,-0.000075,0.000109
16.804000,-0.000074,0.000109
16.805000,-0.000074,0.000109
16.806000,-0.000073,0.000109
16.807000,-0.000074,0.000109
16.808000,-0.000073,0.000109
16.809000,-0.000073,0.000110
16.810000,-0.000074,0.000110
16.811000,-0.000073,0.000110
16.812000,-0.000073,0.000110
16.813000,-0.000074,0.000110
16.814000,-0.000074,0.000110
16.815000,-0.000074,0.000109
16.816000,-0.000074,0.000109
16.817000,-0.000074,0.000109
16.818000,-0.000074,0.000110
16.819000,-0.000074,0.000109
16.820000,-0.000074,0.000109
16.821000,-0.000074,0.000109
16.822000,-0.000075,0.000110
16.823000,-0.000075,0.000109
16.824000,-0.000075,0.000109
16.825000,-0.000075,0.000109
16.826000,-0.000075,0.000109
16.827000,-0.000076,0.000109
16.828000,-0.000076,0.000109
16.829000,-0.000076,0.000109
16.830000,-0.000076,0.000110
16.831000,-0.000075,0.000110
16.832000,-0.000075,0.000109
16.833000,-0.000075,0.000109
16.834000,-0.000074,0.000110
16.835000,-0.000074,0.000110
16.836000,-0.000074,0.000110
16.837000,-0.000073,0.000110
16.838000,-0.000074,0.000110
16.839000,-0.000074,0.000111
16.840000,-0.000074,0.000111
16.841000,-0.000074,0.000112
16.842000,-0.000074,0.000112
16.843000,-0.000075,0.000112
16.844000,-0.000075,0.000112
16.845000,-0.000076,0.000112
16.846000,-0.000076,0.000112
16.847000,-0.000076,0.000112
16.848000,-0.000076,0.000112
16.849000,-0.000076,0.000111
16.850000,-0.000076,0.000111
16.851000,-0.000076,0.000111
16.852000,-0.000075,0.000111
16.853000,-0.000075,0.000111
16.854000,-0.000075,0.000112
16.855000,-0.000074,0.000112
16.856000,-0.000074,0.000112
16.857000,-0.000074,0.000112
16.858000,-0.000074,0.000113
16.859000,-0.000075,0.000113
16.860000,-0.000074,0.000113
16.861000,-0.000075,0.000112
16.862000,-0.000075,0.000112
16.863000,-0.000076,0.000112
16.864000,-0.000076,0.000112
16.865000,-0.000076,0.000112
16.866000,-0.000075,0.000112
16.867000,-0.000074,0.000113
16.868000,-0.000075,0.000113
16.869000,-0.000074,0.000113
16.870000,-0.000074,0.000113
16.871000,-0.000073,0.000113
16.872000,-0.000073,0.000114
16.873000,-0.000073,0.000114
16.874000,-0.000073,0.000115
16.875000,-0.000073,0.000115
16.876000,-0.000074,0.000114
16.877000,-0.000074,0.000114
16.878000,-0.000075,0.000113
16.879000,-0.000075,0.000113
16.880000,-0.000075,0.000114
16.881000,-0.000076,0.000113
16.882000,-0.000075,0.000113
16.883000,-0.000075,0.000113
16.884000,-0.000074,0.000113
16.885000,-0.000074,0.000113
16.886000,-0.000074,0.000114
16.887000,-0.000074,0.000114
16.888000,-0.000074,0.000113
16.889000,-0.000074,0.000114
16.890000,-0.000074,0.000114
16.891000,-0.000074,0.000114
16.892000,-0.000075,0.000114
16.893000,-0.000075,0.000113
16.894000,-0.000075,0.000113
16.895000,-0.000075,0.000113
16.896000,-0.000075,0.000114
16.897000,-0.000075,0.000114
16.898000,-0.000074,0.000113
16.899000,-0.000074,0.000113
16.900000,-0.000073,0.000113
16.901000,-0.000073,0.000113
16.902000,-0.000074,0.000113
16.903000,-0.000074,0.000113
16.904000,-0.000074,0.000113
16.905000,-0.000074,0.000113
16.906000,-0.000074,0.000114
16.907000,-0.000074,0.000114
16.908000,-0.000074,0.000114
16.909000,-0.000074,0.000114
16.910000,-0.000073,0.000113
16.911000,-0.000074,0.000113
16.912000,-0.000075,0.000113
16.913000,-0.000074,0.000113
16.914000,-0.000074,0.000113
16.915000,-0.000074,0.000113
16.916000,-0.000074,0.000114
16.917000,-0.000074,0.000114
16.918000,-0.000074,0.000114
16.919000,-0.000074,0.000114
16.920000,-0.000075,0.000114
16.921000,-0.000074,0.000113
16.922000,-0.000074,0.000113
16.923000,-0.000074,0.000113
16.924000,-0.000073,0.000113
16.925000,-0.000073,0.000113
16.926000,-0.000073,0.000113
16.927000,-0.000072,0.000113
16.928000,-0.000073,0.000114
16.929000,-0.000073,0.000114
16.930000,-0.000072,0.000114
16.931000,-0.000073,0.000114
16.932000,-0.000073,0.000114
16.933000,-0.000074,0.000114
16.934000,-0.000074,0.000113
16.935000,-0.000074,0.000113
16.936000,-0.000075,0.000112
16.937000,-0.000075,0.000112
16.938000,-0.000075,0.000112
16.939000,-0.000074,0.000111
16.940000,-0.000074,0.000111
16.941000,-0.000074,0.000111
16.942000,-0.000073,0.000111
16.943000,-0.000073,0.000111
16.944000,-0.000072,0.000111
16.945000,-0.000072,0.000111
16.946000,-0.000072,0.000111
16.947000,-0.000072,0.000111
16.948000,-0.000072,0.000111
16.949000,-0.000073,0.000112
16.950000,-0.000073,0.000112
16.951000,-0.000073,0.000112
16.952000,-0.000074,0.000112
16.953000,-0.000074,0.000112
16.954000,-0.000075,0.000112
16.955000,-0.000075,0.000112
16.956000,-0.000075,0.000112
16.957000,-0.000075,0.000112
16.958000,-0.000075,0.000111
16.959000,-0.000075,0.000111
16.960000,-0.000075,0.000111
16.961000,-0.000075,0.000112
16.962000,-0.000075,0.000111
16.963000,-0.000074,0.000112
16.964000,-0.000075,0.000111
16.965000,-0.000075,0.000112
16.966000,-0.000075,0.000112
16.967000,-0.000075,0.000111
16.968000,-0.000075,0.000112
16.969000,-0.000075,0.000112
16.970000,-0.000076,0.000111
16.971000,-0.000076,0.000111
16.972000,-0.000077,0.000111
16.973000,-0.000077,0.000111
16.974000,-0.000077,0.000110
16.975000,-0.000076,0.000110
16.976000,-0.000075,0.000111
16.977000,-0.000075,0.000111
16.978000,-0.000075,0.000111
16.979000,-0.000074,0.000111
16.980000,-0.000074,0.000111
16.981000,-0.000074,0.000112
16.982000,-0.000074,0.000112
16.983000,-0.000074,0.000112
16.984000,-0.000075,0.000111
16.985000,-0.000075,0.000111
16.986000,-0.000075,0.000111
16.987000,-0.000074,0.000112
16.988000,-0.000074,0.000112
16.989000,-0.000074,0.000112
16.990000,-0.000073,0.000112
16.991000,-0.000073,0.000113
16.992000,-0.000073,0.000113
16.993000,-0.000073,0.000113
16.994000,-0.000073,0.000113
16.995000,-0.000073,0.000113
16.996000,-0.000073,0.000113
16.997000,-0.000074,0.000113
16.998000,-0.000075,0.000113
16.999000,-0.000075,0.000114
16.950000,-0.000073,0.000112
16.951000,-0.000073,0.000112
16.952000,-0.000074,0.000111
16.953000,-0.000074,0.000111
16.954000,-0.000075,0.000111
16.955000,-0.000075,0.000111
16.956000,-0.000075,0.000111
16.957000,-0.000074,0.000110
16.958000,-0.000074,0.000110
16.959000,-0.000073,0.000110
16.960000,-0.000074,0.000110
16.961000,-0.000073,0.000111
16.962000,-0.000073,0.000110
16.963000,-0.000073,0.000110
16.964000,-0.000073,0.000110
16.965000,-0.000073,0.000111
16.966000,-0.000073,0.000111
16.967000,-0.000073,0.000110
16.968000,-0.000073,0.000111
16.969000,-0.000073,0.000111
16.970000,-0.000074,0.000111
16.971000,-0.000074,0.000110
16.972000,-0.000075,0.000110
16.973000,-0.000075,0.000110
16.974000,-0.000075,0.000110
16.975000,-0.000074,0.000109
16.976000,-0.000073,0.000110
16.977000,-0.000073,0.000110
16.978000,-0.000073,0.000110
16.979000,-0.000073,0.000110
16.980000,-0.000073,0.000109
16.981000,-0.000073,0.000111
16.982000,-0.000073,0.000111
16.983000,-0.000074,0.000111
16.984000,-0.000074,0.000111
16.985000,-0.000074,0.000111
16.986000,-0.000074,0.000111
16.987000,-0.000073,0.000112
16.988000,-0.000073,0.000112
16.989000,-0.000073,0.000112
16.990000,-0.000072,0.000112
16.991000,-0.000073,0.000112
16.992000,-0.000073,0.000112
16.993000,-0.000073,0.000112
16.994000,-0.000073,0.000113
16.995000,-0.000073,0.000113
16.996000,-0.000073,0.000113
16.997000,-0.000074,0.000112
16.998000,-0.000074,0.000113
16.999000,-0.000073,0.000114
17.000000,-0.000074,0.000113
17.001000,-0.000073,0.000113
17.002000,-0.000073,0.000113
17.003000,-0.000073,0.000112
17.004000,-0.000073,0.000113
17.005000,-0.000073,0.000113
17.006000,-0.000074,0.000112
17.007000,-0.000074,0.000111
17.008000,-0.000075,0.000111
17.009000,-0.000075,0.000111
17.010000,-0.000075,0.000110
17.011000,-0.000075,0.000111
17.012000,-0.000075,0.000112
17.013000,-0.000075,0.000112
17.014000,-0.000074,0.000111
17.015000,-0.000073,0.000112
17.016000,-0.000073,0.000111
17.017000,-0.000073,0.000111
17.018000,-0.000073,0.000111
17.019000,-0.000074,0.000111
17.020000,-0.000074,0.000111
17.021000,-0.000074,0.000111
17.022000,-0.000075,0.000111
17.023000,-0.000075,0.000111
17.024000,-0.000075,0.000111
17.025000,-0.000076,0.000111
17.026000,-0.000076,0.000111
17.027000,-0.000076,0.000111
17.028000,-0.000075,0.000111
17.029000,-0.000076,0.000110
17.030000,-0.000075,0.000111
17.031000,-0.000075,0.000111
17.032000,-0.000075,0.000111
17.033000,-0.000075,0.000111
17.034000,-0.000075,0.000111
17.035000,-0.000075,0.000111
17.036000,-0.000075,0.000111
17.037000,-0.000076,0.000112
17.038000,-0.000075,0.000112
17.039000,-0.000076,0.000112
17.040000,-0.000076,0.000113
17.041000,-0.000075,0.000112
17.042000,-0.000076,0.000112
17.043000,-0.000076,0.000112
17.044000,-0.000076,0.000113
17.045000,-0.000075,0.000112
17.046000,-0.000076,0.000112
17.047000,-0.000075,0.000112
17.048000,-0.000075,0.000112
17.049000,-0.000074,0.000112
17.050000,-0.000074,0.000112
17.051000,-0.000074,0.000113
17.052000,-0.000074,0.000113
17.053000,-0.000074,0.000114
17.054000,-0.000074,0.000114
17.055000,-0.000075,0.000114
17.056000,-0.000075,0.000114
17.057000,-0.000075,0.000114
17.058000,-0.000076,0.000114
17.059000,-0.000077,0.000114
17.060000,-0.000077,0.000113
17.061000,-0.000077,0.000113
17.062000,-0.000077,0.000113
17.063000,-0.000077,0.000114
17.064000,-0.000077,0.000114
17.065000,-0.000077,0.000114
17.066000,-0.000077,0.000114
17.067000,-0.000077,0.000115
17.068000,-0.000077,0.000114
17.069000,-0.000077,0.000115
17.070000,-0.000077,0.000114
17.071000,-0.000077,0.000114
17.072000,-0.000078,0.000115
17.073000,-0.000078,0.000115
17.074000,-0.000078,0.000115
17.075000,-0.000078,0.000116
17.076000,-0.000078,0.000116
17.077000,-0.000078,0.000116
17.078000,-0.000077,0.000116
17.079000,-0.000077,0.000116
17.080000,-0.000077,0.000117
17.081000,-0.000077,0.000117
17.082000,-0.000077,0.000117
17.083000,-0.000076,0.000117
17.084000,-0.000077,0.000116
17.085000,-0.000077,0.000117
17.086000,-0.000077,0.000117
17.087000,-0.000077,0.000118
17.088000,-0.000078,0.000117
17.089000,-0.000078,0.000116
17.090000,-0.000078,0.000117
17.091000,-0.000078,0.000116
17.092000,-0.000078,0.000116
17.093000,-0.000078,0.000117
17.094000,-0.000077,0.000116
17.095000,-0.000077,0.000116
17.096000,-0.000077,0.000117
17.097000,-0.000077,0.000117
17.098000,-0.000078,0.000117
17.099000,-0.000079,0.000117
17.100000,-0.000079,0.000117
17.101000,-0.000079,0.000116
17.102000,-0.000080,0.000116
17.103000,-0.000079,0.000117
17.104000,-0.000079,0.000117
17.105000,-0.000078,0.000116
17.106000,-0.000077,0.000116
17.107000,-0.000077,0.000116
17.108000,-0.000077,0.000117
17.109000,-0.000076,0.000117
17.110000,-0.000076,0.000117
17.111000,-0.000076,0.000117
17.112000,-0.000077,0.000117
17.113000,-0.000077,0.000117
17.114000,-0.000077,0.000116
17.115000,-0.000077,0.000116
17.116000,-0.000077,0.000117
17.117000,-0.000077,0.000117
17.118000,-0.000077,0.000116
17.119000,-0.000076,0.000117
17.120000,-0.000075,0.000117
17.121000,-0.000075,0.000118
17.122000,-0.000075,0.000118
17.123000,-0.000075,0.000118
17.124000,-0.000076,0.000117
17.125000,-0.000076,0.000118
17.126000,-0.000076,0.000118
17.127000,-0.000076,0.000118
17.128000,-0.000077,0.000118
17.129000,-0.000077,0.000118
17.130000,-0.000077,0.000118
17.131000,-0.000077,0.000117
17.132000,-0.000078,0.000118
17.133000,-0.000077,0.000118
17.134000,-0.000077,0.000118
17.135000,-0.000077,0.000118
17.136000,-0.000077,0.000118
17.137000,-0.000076,0.000118
17.138000,-0.000076,0.000118
17.139000,-0.000076,0.000118
17.140000,-0.000076,0.000118
17.141000,-0.000076,0.000118
17.142000,-0.000077,0.000118
17.143000,-0.000077,0.000118
17.144000,-0.000077,0.000118
17.145000,-0.000078,0.000118
17.146000,-0.000077,0.000118
17.147000,-0.000078,0.000118
17.148000,-0.000078,0.000118
17.149000,-0.000079,0.000118
17.150000,-0.000078,0.000119
17.151000,-0.000079,0.000118
17.152000,-0.000078,0.000119
17.153000,-0.000078,0.000118
17.154000,-0.000077,0.000118
17.155000,-0.000077,0.000118
17.156000,-0.000076,0.000118
17.157000,-0.000076,0.000118
17.158000,-0.000076,0.000118
17.159000,-0.000076,0.000118
17.160000,-0.000076,0.000118
17.161000,-0.000076,0.000118
17.162000,-0.000076,0.000118
17.163000,-0.000077,0.000117
17.164000,-0.000077,0.000117
17.165000,-0.000077,0.000116
17.166000,-0.000077,0.000115
17.167000,-0.000077,0.000116
17.168000,-0.000077,0.000115
17.169000,-0.000077,0.000115
17.170000,-0.000077,0.000115
17.171000,-0.000077,0.000115
17.172000,-0.000076,0.000115
17.173000,-0.000076,0.000115
17.174000,-0.000075,0.000115
17.175000,-0.000075,0.000115
17.176000,-0.000075,0.000115
17.177000,-0.000076,0.000114
17.178000,-0.000076,0.000115
17.179000,-0.000076,0.000115
17.180000,-0.000076,0.000114
17.181000,-0.000076,0.000114
17.182000,-0.000076,0.000113
17.183000,-0.000076,0.000113
17.184000,-0.000076,0.000113
17.185000,-0.000077,0.000112
17.186000,-0.000076,0.000111
17.187000,-0.000076,0.000111
17.188000,-0.000075,0.000112
17.189000,-0.000075,0.000112
17.190000,-0.000076,0.000112
17.191000,-0.000076,0.000112
17.192000,-0.000076,0.000112
17.193000,-0.000076,0.000112
17.194000,-0.000076,0.000112
17.195000,-0.000077,0.000112
17.196000,-0.000077,0.000112
17.197000,-0.000077,0.000112
17.198000,-0.000077,0.000112
17.199000,-0.000077,0.000112
17.200000,-0.000076,0.000112
17.201000,-0.000076,0.000112
17.202000,-0.000076,0.000112
17.203000,-0.000076,0.000111
17.204000,-0.000077,0.000111
17.205000,-0.000077,0.000111
17.206000,-0.000078,0.000111
17.207000,-0.000078,0.000111
17.208000,-0.000079,0.000111
17.209000,-0.000079,0.000111
17.210000,-0.000079,0.000111
17.211000,-0.000078,0.000111
17.212000,-0.000078,0.000111
17.213000,-0.000078,0.000111
17.214000,-0.000079,0.000111
17.215000,-0.000079,0.000112
17.216000,-0.000080,0.000111
17.217000,-0.000080,0.000111
17.218000,-0.000080,0.000111
17.219000,-0.000080,0.000110
17.220000,-0.000081,0.000110
17.221000,-0.000081,0.000109
17.222000,-0.000081,0.000110
17.223000,-0.000081,0.000109
17.224000,-0.000080,0.000110
17.225000,-0.000080,0.000109
17.226000,-0.000079,0.000109
17.227000,-0.000079,0.000109
17.228000,-0.000079,0.000109
17.229000,-0.000079,0.000109
17.230000,-0.000079,0.000110
17.231000,-0.000079,0.000110
17.232000,-0.000079,0.000110
17.233000,-0.000080,0.000109
17.234000,-0.000079,0.000110
17.235000,-0.000080,0.000110
17.236000,-0.000080,0.000111
17.237000,-0.000081,0.000110
17.238000,-0.000080,0.000110
17.239000,-0.000080,0.000110
17.240000,-0.000080,0.000110
17.241000,-0.000080,0.000110
17.242000,-0.000080,0.000110
17.243000,-0.000079,0.000110
17.244000,-0.000079,0.000110
17.245000,-0.000079,0.000110
17.246000,-0.000079,0.000110
17.247000,-0.000079,0.000110
17.248000,-0.000079,0.000110
17.249000,-0.000078,0.000110
17.250000,-0.000079,0.000109
17.251000,-0.000078,0.000109
17.252000,-0.000079,0.000109
17.253000,-0.000079,0.000108
17.254000,-0.000079,0.000108
17.255000,-0.000079,0.000107
17.256000,-0.000079,0.000108
17.257000,-0.000079,0.000108
17.258000,-0.000078,0.000108
17.259000,-0.000078,0.000108
17.260000,-0.000078,0.000109
17.261000,-0.000078,0.000110
17.262000,-0.000078,0.000109
17.263000,-0.000078,0.000109
17.264000,-0.000078,0.000109
17.265000,-0.000078,0.000110
17.266000,-0.000078,0.000111
17.267000,-0.000078,0.000110
17.268000,-0.000078,0.000111
17.269000,-0.000078,0.000110
17.270000,-0.000078,0.000110
17.271000,-0.000078,0.000110
17.272000,-0.000078,0.000110
17.273000,-0.000079,0.000109
17.274000,-0.000079,0.000110
17.275000,-0.000080,0.000109
17.276000,-0.000079,0.000110
17.277000,-0.000079,0.000110
17.278000,-0.000078,0.000110
17.279000,-0.000078,0.000110
17.280000,-0.000078,0.000111
17.281000,-0.000078,0.000110
17.282000,-0.000078,0.000111
17.283000,-0.000078,0.000111
17.284000,-0.000078,0.000111
17.285000,-0.000078,0.000111
17.286000,-0.000079,0.000111
17.287000,-0.000079,0.000111
17.288000,-0.000079,0.000111
17.289000,-0.000078,0.000112
17.290000,-0.000078,0.000112
17.291000,-0.000077,0.000112
17.292000,-0.000077,0.000112
17.293000,-0.000077,0.000113
17.294000,-0.000077,0.000113
17.295000,-0.000077,0.000112
17.296000,-0.000078,0.000112
17.297000,-0.000078,0.000112
17.298000,-0.000078,0.000112
17.299000,-0.000077,0.000112
17.300000,-0.000077,0.000112
17.301000,-0.000077,0.000112
17.302000,-0.000076,0.000112
17.303000,-0.000076,0.000112
17.304000,-0.000075,0.000113
17.305000,-0.000075,0.000112
17.306000,-0.000075,0.000113
17.307000,-0.000075,0.000113
17.308000,-0.000075,0.000112
17.309000,-0.000076,0.000112
17.310000,-0.000076,0.000112
17.311000,-0.000076,0.000112
17.312000,-0.000076,0.000112
17.313000,-0.000076,0.000112
17.314000,-0.000076,0.000112
17.315000,-0.000075,0.000112
17.316000,-0.000074,0.000111
17.317000,-0.000074,0.000112
17.318000,-0.000074,0.000112
17.319000,-0.000074,0.000112
17.320000,-0.000074,0.000113
17.321000,-0.000074,0.000113
17.322000,-0.000074,0.000112
17.323000,-0.000075,0.000112
17.324000,-0.000075,0.000112
17.325000,-0.000075,0.000112
17.326000,-0.000075,0.000113
17.327000,-0.000075,0.000113
17.328000,-0.000075,0.000113
17.329000,-0.000075,0.000112
17.330000,-0.000075,0.000112
17.331000,-0.000074,0.000112
17.332000,-0.000074,0.000112
17.333000,-0.000073,0.000112
17.334000,-0.000073,0.000112
17.335000,-0.000073,0.000111
17.336000,-0.000074,0.000110
17.337000,-0.000073,0.000111
17.338000,-0.000074,0.000111
17.339000,-0.000074,0.000111
17.340000,-0.000074,0.000111
17.341000,-0.000075,0.000111
17.342000,-0.000075,0.000111
17.343000,-0.000075,0.000111
17.344000,-0.000076,0.000111
17.345000,-0.000076,0.000111
17.346000,-0.000075,0.000111
17.347000,-0.000075,0.000111
17.348000,-0.000075,0.000111
17.349000,-0.000075,0.000111
17.350000,-0.000075,0.000111
17.351000,-0.000075,0.000112
17.352000,-0.000075,0.000111
17.353000,-0.000075,0.000112
17.354000,-0.000076,0.000112
17.355000,-0.000075,0.000113
17.356000,-0.000076,0.000112
17.357000,-0.000076,0.000113
17.358000,-0.000076,0.000113
17.359000,-0.000077,0.000112
17.360000,-0.000077,0.000112
17.361000,-0.000076,0.000111
17.362000,-0.000076,0.000112
17.363000,-0.000076,0.000112
17.364000,-0.000075,0.000112
17.365000,-0.000075,0.000111
17.366000,-0.000074,0.000111
17.367000,-0.000074,0.000111
17.368000,-0.000074,0.000111
17.369000,-0.000074,0.000111
17.370000,-0.000074,0.000111
17.371000,-0.000074,0.000112
17.372000,-0.000074,0.000112
17.373000,-0.000074,0.000112
17.374000,-0.000074,0.000112
17.375000,-0.000074,0.000112
17.376000,-0.000074,0.000112
17.377000,-0.000075,0.000112
17.378000,-0.000076,0.000111
17.379000,-0.000075,0.000111
17.380000,-0.000075,0.000111
17.381000,-0.000075,0.000111
17.382000,-0.000074,0.000112
17.383000,-0.000074,0.000112
17.384000,-0.000074,0.000111
17.385000,-0.000074,0.000112
17.386000,-0.000074,0.000111
17.387000,-0.000074,0.000111
17.388000,-0.000074,0.000111
17.389000,-0.000074,0.000110
17.390000,-0.000075,0.000110
17.391000,-0.000075,0.000109
17.392000,-0.000075,0.000109
17.393000,-0.000075,0.000110
17.394000,-0.000074,0.000110
17.395000,-0.000073,0.000110
17.396000,-0.000072,0.000110
17.397000,-0.000072,0.000110
17.398000,-0.000072,0.000110
17.399000,-0.000072,0.000110
17.400000,-0.000073,0.000110
17.401000,-0.000073,0.000110
17.402000,-0.000074,0.000110
17.403000,-0.000074,0.000110
17.404000,-0.000074,0.000110
17.405000,-0.000074,0.000110
17.406000,-0.000074,0.000109
17.407000,-0.000074,0.000110
17.408000,-0.000074,0.000110
17.409000,-0.000073,0.000110
17.410000,-0.000072,0.000111
17.411000,-0.000073,0.000111
17.412000,-0.000073,0.000112
17.413000,-0.000073,0.000112
17.414000,-0.000073,0.000112
17.415000,-0.000074,0.000112
17.416000,-0.000075,0.000112
17.417000,-0.000075,0.000112
17.418000,-0.000075,0.000111
17.419000,-0.000075,0.000111
17.420000,-0.000075,0.000110
17.421000,-0.000075,0.000111
17.422000,-0.000074,0.000111
17.423000,-0.000074,0.000111
17.424000,-0.000074,0.000111
17.425000,-0.000074,0.000111
17.426000,-0.000074,0.000111
17.427000,-0.000074,0.000111
17.428000,-0.000074,0.000111
17.429000,-0.000074,0.000111
17.430000,-0.000075,0.000112
17.431000,-0.000075,0.000112
17.432000,-0.000075,0.000112
17.433000,-0.000076,0.000112
17.434000,-0.000075,0.000112
17.435000,-0.000076,0.000113
17.436000,-0.000075,0.000113
17.437000,-0.000075,0.000113
17.438000,-0.000075,0.000113
17.439000,-0.000074,0.000112
17.440000,-0.000073,0.000113
17.441000,-0.000073,0.000112
17.442000,-0.000073,0.000112
17.443000,-0.000073,0.000112
17.444000,-0.000073,0.000112
17.445000,-0.000073,0.000111
17.446000,-0.000073,0.000112
17.447000,-0.000073,0.000112
17.448000,-0.000073,0.000112
17.449000,-0.000074,0.000112
17.450000,-0.000074,0.000112
17.451000,-0.000074,0.000112
17.452000,-0.000073,0.000112
17.453000,-0.000074,0.000112
17.454000,-0.000073,0.000112
17.455000,-0.000073,0.000112
17.456000,-0.000073,0.000112
17.457000,-0.000073,0.000111
17.458000,-0.000073,0.000111
17.459000,-0.000073,0.000112
17.460000,-0.000073,0.000112
17.461000,-0.000073,0.000112
17.462000,-0.000073,0.000113
17.463000,-0.000073,0.000113
17.464000,-0.000074,0.000112
17.465000,-0.000074,0.000112
17.466000,-0.000074,0.000112
17.467000,-0.000075,0.000113
17.468000,-0.000076,0.000113
17.469000,-0.000075,0.000113
17.470000,-0.000075,0.000113
17.471000,-0.000075,0.000112
17.472000,-0.000075,0.000112
17.473000,-0.000075,0.000112
17.474000,-0.000075,0.000112
17.475000,-0.000075,0.000112
17.476000,-0.000075,0.000112
17.477000,-0.000074,0.000111
17.478000,-0.000074,0.000112
17.479000,-0.000074,0.000112
17.480000,-0.000074,0.000112
17.481000,-0.000074,0.000111
17.482000,-0.000075,0.000111
17.483000,-0.000075,0.000110
17.484000,-0.000075,0.000112
17.485000,-0.000076,0.000111
17.486000,-0.000076,0.000111
17.487000,-0.000076,0.000112
17.488000,-0.000076,0.000112
17.489000,-0.000075,0.000113
17.490000,-0.000075,0.000112
17.491000,-0.000074,0.000113
17.492000,-0.000074,0.000113
17.493000,-0.000075,0.000113
17.494000,-0.000076,0.000112
17.495000,-0.000076,0.000112
17.496000,-0.000077,0.000112
17.497000,-0.000077,0.000112
17.498000,-0.000077,0.000112
17.499000,-0.000077,0.000112
17.450000,-0.000074,0.000112
17.451000,-0.000074,0.000112
17.452000,-0.000074,0.000112
17.453000,-0.000074,0.000112
17.454000,-0.000073,0.000112
17.455000,-0.000073,0.000112
17.456000,-0.000073,0.000112
17.457000,-0.000073,0.000112
17.458000,-0.000073,0.000112
17.459000,-0.000072,0.000112
17.460000,-0.000073,0.000112
17.461000,-0.000073,0.000113
17.462000,-0.000073,0.000113
17.463000,-0.000073,0.000114
17.464000,-0.000074,0.000113
17.465000,-0.000074,0.000114
17.466000,-0.000075,0.000113
17.467000,-0.000075,0.000113
17.468000,-0.000076,0.000114
17.469000,-0.000076,0.000113
17.470000,-0.000076,0.000114
17.471000,-0.000075,0.000113
17.472000,-0.000075,0.000113
17.473000,-0.000074,0.000114
17.474000,-0.000074,0.000114
17.475000,-0.000074,0.000114
17.476000,-0.000074,0.000114
17.477000,-0.000073,0.000114
17.478000,-0.000073,0.000114
17.479000,-0.000074,0.000115
17.480000,-0.000074,0.000114
17.481000,-0.000074,0.000114
17.482000,-0.000074,0.000114
17.483000,-0.000074,0.000114
17.484000,-0.000073,0.000115
17.485000,-0.000073,0.000115
17.486000,-0.000073,0.000116
17.487000,-0.000073,0.000116
17.488000,-0.000073,0.000116
17.489000,-0.000072,0.000117
17.490000,-0.000072,0.000117
17.491000,-0.000072,0.000118
17.492000,-0.000072,0.000118
17.493000,-0.000072,0.000117
17.494000,-0.000072,0.000117
17.495000,-0.000073,0.000117
17.496000,-0.000073,0.000117
17.497000,-0.000073,0.000116
17.498000,-0.000073,0.000116
17.499000,-0.000073,0.000116
17.500000,-0.000073,0.000117
17.501000,-0.000073,0.000117
17.502000,-0.000073,0.000117
17.503000,-0.000073,0.000117
17.504000,-0.000073,0.000117
17.505000,-0.000074,0.000116
17.506000,-0.000073,0.000117
17.507000,-0.000074,0.000116
17.508000,-0.000074,0.000116
17.509000,-0.000074,0.000116
17.510000,-0.000074,0.000116
17.511000,-0.000074,0.000116
17.512000,-0.000073,0.000116
17.513000,-0.000073,0.000115
17.514000,-0.000073,0.000116
17.515000,-0.000073,0.000116
17.516000,-0.000073,0.000116
17.517000,-0.000073,0.000116
17.518000,-0.000074,0.000116
17.519000,-0.000073,0.000116
17.520000,-0.000073,0.000116
17.521000,-0.000074,0.000115
17.522000,-0.000073,0.000116
17.523000,-0.000073,0.000116
17.524000,-0.000073,0.000117
17.525000,-0.000072,0.000116
17.526000,-0.000072,0.000116
17.527000,-0.000071,0.000116
17.528000,-0.000071,0.000116
17.529000,-0.000071,0.000116
17.530000,-0.000071,0.000116
17.531000,-0.000071,0.000116
17.532000,-0.000071,0.000117
17.533000,-0.000071,0.000117
17.534000,-0.000072,0.000117
17.535000,-0.000071,0.000117
17.536000,-0.000072,0.000116
17.537000,-0.000071,0.000116
17.538000,-0.000071,0.000116
17.539000,-0.000072,0.000116
17.540000,-0.000072,0.000116
17.541000,-0.000073,0.000117
17.542000,-0.000073,0.000117
17.543000,-0.000072,0.000117
17.544000,-0.000072,0.000117
17.545000,-0.000072,0.000117
17.546000,-0.000072,0.000117
17.547000,-0.000072,0.000117
17.548000,-0.000072,0.000117
17.549000,-0.000073,0.000118
17.550000,-0.000072,0.000118
17.551000,-0.000072,0.000119
17.552000,-0.000072,0.000119
17.553000,-0.000073,0.000118
17.554000,-0.000073,0.000118
17.555000,-0.000074,0.000117
17.556000,-0.000073,0.000118
17.557000,-0.000073,0.000118
17.558000,-0.000073,0.000117
17.559000,-0.000074,0.000118
17.560000,-0.000073,0.000118
17.561000,-0.000073,0.000118
17.562000,-0.000072,0.000118
17.563000,-0.000072,0.000118
17.564000,-0.000073,0.000118
17.565000,-0.000072,0.000118
17.566000,-0.000072,0.000118
17.567000,-0.000072,0.000119
17.568000,-0.000072,0.000119
17.569000,-0.000073,0.000119
17.570000,-0.000073,0.000118
17.571000,-0.000073,0.000119
17.572000,-0.000074,0.000118
17.573000,-0.000075,0.000118
17.574000,-0.000075,0.000118
17.575000,-0.000075,0.000118
17.576000,-0.000075,0.000118
17.577000,-0.000075,0.000118
17.578000,-0.000074,0.000118
17.579000,-0.000074,0.000117
17.580000,-0.000074,0.000118
17.581000,-0.000074,0.000118
17.582000,-0.000074,0.000118
17.583000,-0.000075,0.000117
17.584000,-0.000075,0.000118
17.585000,-0.000076,0.000117
17.586000,-0.000076,0.000116
17.587000,-0.000076,0.000116
17.588000,-0.000077,0.000116
17.589000,-0.000077,0.000116
17.590000,-0.000076,0.000117
17.591000,-0.000076,0.000117
17.592000,-0.000076,0.000117
17.593000,-0.000076,0.000117
17.594000,-0.000076,0.000117
17.595000,-0.000076,0.000117
17.596000,-0.000076,0.000117
17.597000,-0.000076,0.000118
17.598000,-0.000076,0.000118
17.599000,-0.000076,0.000118
17.600000,-0.000076,0.000118
17.601000,-0.000076,0.000117
17.602000,-0.000076,0.000117
17.603000,-0.000076,0.000117
17.604000,-0.000075,0.000118
17.605000,-0.000075,0.000118
17.606000,-0.000076,0.000118
17.607000,-0.000076,0.000119
17.608000,-0.000076,0.000119
17.609000,-0.000076,0.000118
17.610000,-0.000075,0.000118
17.611000,-0.000076,0.000118
17.612000,-0.000076,0.000117
17.613000,-0.000076,0.000118
17.614000,-0.000076,0.000118
17.615000,-0.000075,0.000118
17.616000,-0.000075,0.000118
17.617000,-0.000075,0.000118
17.618000,-0.000074,0.000118
17.619000,-0.000074,0.000118
17.620000,-0.000074,0.000119
17.621000,-0.000074,0.000119
17.622000,-0.000075,0.000119
17.623000,-0.000076,0.000119
17.624000,-0.000076,0.000119
17.625000,-0.000076,0.000119
17.626000,-0.000076,0.000119
17.627000,-0.000077,0.000118
17.628000,-0.000077,0.000118
17.629000,-0.000077,0.000119
17.630000,-0.000077,0.000118
17.631000,-0.000077,0.000119
17.632000,-0.000077,0.000118
17.633000,-0.000077,0.000119
17.634000,-0.000076,0.000118
17.635000,-0.000076,0.000118
17.636000,-0.000076,0.000119
17.637000,-0.000076,0.000119
17.638000,-0.000075,0.000119
17.639000,-0.000076,0.000120
17.640000,-0.000076,0.000120
17.641000,-0.000076,0.000120
17.642000,-0.000076,0.000120
17.643000,-0.000077,0.000119
17.644000,-0.000077,0.000120
17.645000,-0.000076,0.000120
17.646000,-0.000076,0.000120
17.647000,-0.000076,0.000120
17.648000,-0.000076,0.000120
17.649000,-0.000076,0.000120
17.650000,-0.000076,0.000120
17.651000,-0.000075,0.000119
17.652000,-0.000075,0.000120
17.653000,-0.000074,0.000121
17.654000,-0.000074,0.000121
17.655000,-0.000074,0.000121
17.656000,-0.000074,0.000121
17.657000,-0.000074,0.000121
17.658000,-0.000075,0.000121
17.659000,-0.000075,0.000121
17.660000,-0.000075,0.000121
17.661000,-0.000075,0.000121
17.662000,-0.000076,0.000120
17.663000,-0.000075,0.000120
17.664000,-0.000075,0.000121
17.665000,-0.000075,0.000121
17.666000,-0.000075,0.000121
17.667000,-0.000075,0.000121
17.668000,-0.000075,0.000121
17.669000,-0.000074,0.000121
17.670000,-0.000074,0.000121
17.671000,-0.000074,0.000121
17.672000,-0.000074,0.000121
17.673000,-0.000073,0.000121
17.674000,-0.000073,0.000121
17.675000,-0.000073,0.000122
17.676000,-0.000073,0.000121
17.677000,-0.000073,0.000121
17.678000,-0.000074,0.000121
17.679000,-0.000074,0.000121
17.680000,-0.000074,0.000120
17.681000,-0.000075,0.000119
17.682000,-0.000074,0.000119
17.683000,-0.000074,0.000119
17.684000,-0.000074,0.000119
17.685000,-0.000073,0.000120
17.686000,-0.000073,0.000120
17.687000,-0.000072,0.000120
17.688000,-0.000072,0.000120
17.689000,-0.000072,0.000120
17.690000,-0.000073,0.000120
17.691000,-0.000073,0.000119
17.692000,-0.000074,0.000119
17.693000,-0.000074,0.000119
17.694000,-0.000074,0.000119
17.695000,-0.000074,0.000119
17.696000,-0.000075,0.000120
17.697000,-0.000074,0.000119
17.698000,-0.000074,0.000119
17.699000,-0.000074,0.000119
17.700000,-0.000074,0.000120
17.701000,-0.000074,0.000120
17.702000,-0.000073,0.000120
17.703000,-0.000073,0.000120
17.704000,-0.000073,0.000120
17.705000,-0.000073,0.000120
17.706000,-0.000073,0.000119
17.707000,-0.000073,0.000119
17.708000,-0.000072,0.000119
17.709000,-0.000073,0.000119
17.710000,-0.000073,0.000120
17.711000,-0.000073,0.000119
17.712000,-0.000073,0.000119
17.713000,-0.000072,0.000119
17.714000,-0.000072,0.000119
17.715000,-0.000072,0.000119
17.716000,-0.000072,0.000119
17.717000,-0.000072,0.000118
17.718000,-0.000073,0.000119
17.719000,-0.000072,0.000119
17.720000,-0.000072,0.000119
17.721000,-0.000072,0.000119
17.722000,-0.000072,0.000119
17.723000,-0.000072,0.000119
17.724000,-0.000071,0.000119
17.725000,-0.000071,0.000119
17.726000,-0.000071,0.000119
17.727000,-0.000071,0.000119
17.728000,-0.000071,0.000118
17.729000,-0.000071,0.000118
17.730000,-0.000071,0.000118
17.731000,-0.000072,0.000118
17.732000,-0.000072,0.000118
17.733000,-0.000072,0.000117
17.734000,-0.000072,0.000118
17.735000,-0.000073,0.000117
17.736000,-0.000073,0.000118
17.737000,-0.000073,0.000118
17.738000,-0.000074,0.000118
17.739000,-0.000073,0.000117
17.740000,-0.000073,0.000117
17.741000,-0.000072,0.000117
17.742000,-0.000073,0.000117
17.743000,-0.000072,0.000118
17.744000,-0.000072,0.000118
17.745000,-0.000072,0.000118
17.746000,-0.000073,0.000118
17.747000,-0.000073,0.000118
17.748000,-0.000073,0.000118
17.749000,-0.000073,0.000118
17.750000,-0.000073,0.000118
17.751000,-0.000074,0.000117
17.752000,-0.000074,0.000117
17.753000,-0.000074,0.000116
17.754000,-0.000075,0.000116
17.755000,-0.000074,0.000115
17.756000,-0.000074,0.000116
17.757000,-0.000074,0.000115
17.758000,-0.000074,0.000115
17.759000,-0.000073,0.000114
17.760000,-0.000073,0.000114
17.761000,-0.000073,0.000114
17.762000,-0.000074,0.000115
17.763000,-0.000074,0.000115
17.764000,-0.000074,0.000115
17.765000,-0.000074,0.000114
17.766000,-0.000074,0.000113
17.767000,-0.000075,0.000113
17.768000,-0.000074,0.000113
17.769000,-0.000075,0.000113
17.770000,-0.000075,0.000113
17.771000,-0.000075,0.000112
17.772000,-0.000075,0.000112
17.773000,-0.000076,0.000112
17.774000,-0.000075,0.000112
17.775000,-0.000075,0.000111
17.776000,-0.000075,0.000112
17.777000,-0.000075,0.000112
17.778000,-0.000074,0.000112
17.779000,-0.000075,0.000112
17.780000,-0.000074,0.000112
17.781000,-0.000074,0.000112
17.782000,-0.000075,0.000111
17.783000,-0.000075,0.000112
17.784000,-0.000075,0.000111
17.785000,-0.000076,0.000110
17.786000,-0.000076,0.000110
17.787000,-0.000077,0.000110
17.788000,-0.000077,0.000110
17.789000,-0.000076,0.000111
17.790000,-0.000076,0.000110
17.791000,-0.000075,0.000111
17.792000,-0.000075,0.000111
17.793000,-0.000075,0.000110
17.794000,-0.000074,0.000110
17.795000,-0.000074,0.000110
17.796000,-0.000074,0.000110
17.797000,-0.000074,0.000110
17.798000,-0.000074,0.000109
17.799000,-0.000075,0.000109
17.800000,-0.000075,0.000109
17.801000,-0.000075,0.000109
17.802000,-0.000075,0.000110
17.803000,-0.000075,0.000110
17.804000,-0.000075,0.000110
17.805000,-0.000075,0.000111
17.806000,-0.000075,0.000111
17.807000,-0.000076,0.000110
17.808000,-0.000076,0.000111
17.809000,-0.000076,0.000111
17.810000,-0.000076,0.000111
17.811000,-0.000076,0.000112
17.812000,-0.000077,0.000111
17.813000,-0.000077,0.000111
17.814000,-0.000077,0.000111
17.815000,-0.000076,0.000111
17.816000,-0.000077,0.000111
17.817000,-0.000077,0.000111
17.818000,-0.000077,0.000111
17.819000,-0.000078,0.000111
17.820000,-0.000078,0.000111
17.821000,-0.000078,0.000110
17.822000,-0.000078,0.000110
17.823000,-0.000078,0.000110
17.824000,-0.000079,0.000110
17.825000,-0.000078,0.000110
17.826000,-0.000079,0.000110
17.827000,-0.000078,0.000110
17.828000,-0.000079,0.000110
17.829000,-0.000078,0.000110
17.830000,-0.000078,0.000111
17.831000,-0.000077,0.000111
17.832000,-0.000078,0.000110
17.833000,-0.000077,0.000110
17.834000,-0.000078,0.000110
17.835000,-0.000077,0.000111
17.836000,-0.000078,0.000110
17.837000,-0.000078,0.000111
17.838000,-0.000078,0.000111
17.839000,-0.000078,0.000110
17.840000,-0.000079,0.000111
17.841000,-0.000079,0.000110
17.842000,-0.000079,0.000110
17.843000,-0.000079,0.000109
17.844000,-0.000079,0.000110
17.845000,-0.000079,0.000109
17.846000,-0.000078,0.000109
17.847000,-0.000078,0.000108
17.848000,-0.000078,0.000109
17.849000,-0.000078,0.000109
17.850000,-0.000077,0.000109
17.851000,-0.000077,0.000110
17.852000,-0.000077,0.000110
17.853000,-0.000078,0.000110
17.854000,-0.000078,0.000110
17.855000,-0.000078,0.000111
17.856000,-0.000078,0.000111
17.857000,-0.000078,0.000111
17.858000,-0.000079,0.000111
17.859000,-0.000079,0.000112
17.860000,-0.000079,0.000112
17.861000,-0.000079,0.000112
17.862000,-0.000078,0.000112
17.863000,-0.000077,0.000112
17.864000,-0.000078,0.000112
17.865000,-0.000077,0.000112
17.866000,-0.000077,0.000112
17.867000,-0.000077,0.000112
17.868000,-0.000077,0.000112
17.869000,-0.000076,0.000113
17.870000,-0.000076,0.000113
17.871000,-0.000076,0.000114
17.872000,-0.000077,0.000114
17.873000,-0.000077,0.000114
17.874000,-0.000077,0.000115
17.875000,-0.000078,0.000114
17.876000,-0.000078,0.000114
17.877000,-0.000078,0.000114
17.878000,-0.000078,0.000113
17.879000,-0.000077,0.000114
17.880000,-0.000077,0.000114
17.881000,-0.000076,0.000114
17.882000,-0.000076,0.000115
17.883000,-0.000076,0.000114
17.884000,-0.000076,0.000115
17.885000,-0.000076,0.000116
17.886000,-0.000075,0.000116
17.887000,-0.000076,0.000116
17.888000,-0.000076,0.000116
17.889000,-0.000076,0.000116
17.890000,-0.000077,0.000115
17.891000,-0.000077,0.000115
17.892000,-0.000077,0.000115
17.893000,-0.000077,0.000116
17.894000,-0.000077,0.000115
17.895000,-0.000076,0.000116
17.896000,-0.000076,0.000115
17.897000,-0.000076,0.000116
17.898000,-0.000076,0.000117
17.899000,-0.000076,0.000117
17.900000,-0.000076,0.000116
17.901000,-0.000076,0.000116
17.902000,-0.000076,0.000116
17.903000,-0.000076,0.000115
17.904000,-0.000076,0.000115
17.905000,-0.000076,0.000114
17.906000,-0.000076,0.000115
17.907000,-0.000075,0.000114
17.908000,-0.000076,0.000114
17.909000,-0.000075,0.000113
17.910000,-0.000075,0.000113
17.911000,-0.000075,0.000113
17.912000,-0.000075,0.000113
17.913000,-0.000075,0.000114
17.914000,-0.000075,0.000113
17.915000,-0.000075,0.000113
17.916000,-0.000075,0.000113
17.917000,-0.000074,0.000113
17.918000,-0.000074,0.000114
17.919000,-0.000073,0.000113
17.920000,-0.000074,0.000114
17.921000,-0.000074,0.000114
17.922000,-0.000074,0.000114
17.923000,-0.000074,0.000114
17.924000,-0.000074,0.000114
17.925000,-0.000074,0.000114
17.926000,-0.000074,0.000114
17.927000,-0.000075,0.000114
17.928000,-0.000074,0.000114
17.929000,-0.000075,0.000114
17.930000,-0.000075,0.000113
17.931000,-0.000075,0.000113
17.932000,-0.000074,0.000113
17.933000,-0.000075,0.000113
17.934000,-0.000074,0.000113
17.935000,-0.000075,0.000112
17.936000,-0.000074,0.000113
17.937000,-0.000074,0.000112
17.938000,-0.000073,0.000111
17.939000,-0.000073,0.000112
17.940000,-0.000073,0.000112
17.941000,-0.000073,0.000112
17.942000,-0.000072,0.000112
17.943000,-0.000073,0.000113
17.944000,-0.000073,0.000113
17.945000,-0.000074,0.000113
17.946000,-0.000074,0.000113
17.947000,-0.000074,0.000113
17.948000,-0.000075,0.000113
17.949000,-0.000074,0.000113
17.950000,-0.000075,0.000112
17.951000,-0.000075,0.000112
17.952000,-0.000075,0.000112
17.953000,-0.000075,0.000111
17.954000,-0.000074,0.000111
17.955000,-0.000074,0.000111
17.956000,-0.000074,0.000111
17.957000,-0.000074,0.000111
17.958000,-0.000074,0.000111
17.959000,-0.000074,0.000111
17.960000,-0.000073,0.000111
17.961000,-0.000074,0.000110
17.962000,-0.000073,0.000111
17.963000,-0.000074,0.000110
17.964000,-0.000074,0.000110
17.965000,-0.000074,0.000110
17.966000,-0.000074,0.000110
17.967000,-0.000075,0.000110
17.968000,-0.000075,0.000110
17.969000,-0.000075,0.000110
17.970000,-0.000075,0.000110
17.971000,-0.000075,0.000109
17.972000,-0.000074,0.000109
17.973000,-0.000074,0.000109
17.974000,-0.000074,0.000109
17.975000,-0.000074,0.000109
17.976000,-0.000074,0.000109
17.977000,-0.000074,0.000110
17.978000,-0.000074,0.000110
17.979000,-0.000074,0.000109
17.980000,-0.000074,0.000110
17.981000,-0.000075,0.000110
17.982000,-0.000075,0.000109
17.983000,-0.000075,0.000109
17.984000,-0.000075,0.000109
17.985000,-0.000076,0.000108
17.986000,-0.000076,0.000108
17.987000,-0.000075,0.000108
17.988000,-0.000075,0.000108
17.989000,-0.000074,0.000108
17.990000,-0.000074,0.000108
17.991000,-0.000074,0.000108
17.992000,-0.000074,0.000108
17.993000,-0.000075,0.000108
17.994000,-0.000075,0.000108
17.995000,-0.000076,0.000108
17.996000,-0.000076,0.000108
17.997000,-0.000076,0.000107
17.998000,-0.000077,0.000106
17.999000,-0.000077,0.000106
17.950000,-0.000075,0.000112
17.951000,-0.000075,0.000111
17.952000,-0.000075,0.000111
17.953000,-0.000075,0.000111
17.954000,-0.000074,0.000111
17.955000,-0.000074,0.000112
17.956000,-0.000074,0.000112
17.957000,-0.000073,0.000112
17.958000,-0.000073,0.000112
17.959000,-0.000073,0.000112
17.960000,-0.000073,0.000112
17.961000,-0.000073,0.000112
17.962000,-0.000073,0.000112
17.963000,-0.000073,0.000112
17.964000,-0.000074,0.000112
17.965000,-0.000074,0.000112
17.966000,-0.000074,0.000112
17.967000,-0.000074,0.000112
17.968000,-0.000074,0.000112
17.969000,-0.000075,0.000111
17.970000,-0.000074,0.000111
17.971000,-0.000074,0.000111
17.972000,-0.000073,0.000111
17.973000,-0.000073,0.000112
17.974000,-0.000073,0.000111
17.975000,-0.000072,0.000112
17.976000,-0.000073,0.000112
17.977000,-0.000073,0.000112
17.978000,-0.000073,0.000112
17.979000,-0.000073,0.000111
17.980000,-0.000074,0.000111
17.981000,-0.000074,0.000111
17.982000,-0.000075,0.000110
17.983000,-0.000076,0.000110
17.984000,-0.000076,0.000110
17.985000,-0.000076,0.000109
17.986000,-0.000076,0.000109
17.987000,-0.000076,0.000109
17.988000,-0.000075,0.000109
17.989000,-0.000076,0.000109
17.990000,-0.000076,0.000109
17.991000,-0.000076,0.000109
17.992000,-0.000076,0.000109
17.993000,-0.000077,0.000109
17.994000,-0.000077,0.000109
17.995000,-0.000078,0.000109
17.996000,-0.000078,0.000110
17.997000,-0.000077,0.000109
17.998000,-0.000078,0.000109
17.999000,-0.000077,0.000109
18.000000,-0.000077,0.000110
18.001000,-0.000077,0.000110
18.002000,-0.000076,0.000110
18.003000,-0.000076,0.000110
18.004000,-0.000076,0.000110
18.005000,-0.000076,0.000110
18.006000,-0.000076,0.000110
18.007000,-0.000076,0.000111
18.008000,-0.000076,0.000112
18.009000,-0.000076,0.000112
18.010000,-0.000076,0.000112
18.011000,-0.000076,0.000112
18.012000,-0.000076,0.000112
18.013000,-0.000076,0.000112
18.014000,-0.000076,0.000112
18.015000,-0.000077,0.000113
18.016000,-0.000077,0.000114
18.017000,-0.000077,0.000114
18.018000,-0.000077,0.000114
18.019000,-0.000077,0.000114
18.020000,-0.000077,0.000114
18.021000,-0.000077,0.000113
18.022000,-0.000076,0.000113
18.023000,-0.000077,0.000113
18.024000,-0.000076,0.000113
18.025000,-0.000075,0.000113
18.026000,-0.000075,0.000113
18.027000,-0.000075,0.000114
18.028000,-0.000075,0.000113
18.029000,-0.000075,0.000114
18.030000,-0.000075,0.000114
18.031000,-0.000075,0.000114
18.032000,-0.000075,0.000114
18.033000,-0.000075,0.000114
18.034000,-0.000076,0.000114
18.035000,-0.000075,0.000114
18.036000,-0.000076,0.000114
18.037000,-0.000076,0.000115
18.038000,-0.000076,0.000114
18.039000,-0.000076,0.000114
18.040000,-0.000077,0.000114
18.041000,-0.000077,0.000114
18.042000,-0.000077,0.000114
18.043000,-0.000076,0.000115
18.044000,-0.000076,0.000114
18.045000,-0.000076,0.000114
18.046000,-0.000076,0.000114
18.047000,-0.000076,0.000115
18.048000,-0.000076,0.000114
18.049000,-0.000076,0.000114
18.050000,-0.000076,0.000115
18.051000,-0.000076,0.000114
18.052000,-0.000076,0.000115
18.053000,-0.000077,0.000114
18.054000,-0.000077,0.000114
18.055000,-0.000077,0.000113
18.056000,-0.000077,0.000113
18.057000,-0.000077,0.000113
18.058000,-0.000077,0.000113
18.059000,-0.000077,0.000113
18.060000,-0.000077,0.000113
18.061000,-0.000077,0.000113
18.062000,-0.000076,0.000113
18.063000,-0.000076,0.000114
18.064000,-0.000076,0.000113
18.065000,-0.000076,0.000113
18.066000,-0.000076,0.000113
18.067000,-0.000076,0.000113
18.068000,-0.000077,0.000114
18.069000,-0.000077,0.000114
18.070000,-0.000077,0.000113
18.071000,-0.000077,0.000113
18.072000,-0.000078,0.000112
18.073000,-0.000078,0.000112
18.074000,-0.000078,0.000111
18.075000,-0.000078,0.000111
18.076000,-0.000077,0.000112
18.077000,-0.000077,0.000113
18.078000,-0.000076,0.000113
18.079000,-0.000077,0.000113
18.080000,-0.000076,0.000113
18.081000,-0.000077,0.000114
18.082000,-0.000076,0.000115
18.083000,-0.000076,0.000114
18.084000,-0.000076,0.000115
18.085000,-0.000076,0.000115
18.086000,-0.000076,0.000115
18.087000,-0.000076,0.000115
18.088000,-0.000076,0.000115
18.089000,-0.000075,0.000115
18.090000,-0.000075,0.000115
18.091000,-0.000074,0.000115
18.092000,-0.000074,0.000115
18.093000,-0.000075,0.000115
18.094000,-0.000075,0.000115
18.095000,-0.000075,0.000116
18.096000,-0.000076,0.000116
18.097000,-0.000076,0.000117
18.098000,-0.000076,0.000117
18.099000,-0.000077,0.000117
18.100000,-0.000077,0.000116
18.101000,-0.000076,0.000116
18.102000,-0.000076,0.000117
18.103000,-0.000076,0.000117
18.104000,-0.000076,0.000117
18.105000,-0.000076,0.000117
18.106000,-0.000076,0.000116
18.107000,-0.000076,0.000116
18.108000,-0.000077,0.000115
18.109000,-0.000076,0.000115
18.110000,-0.000077,0.000115
18.111000,-0.000078,0.000115
18.112000,-0.000078,0.000115
18.113000,-0.000078,0.000115
18.114000,-0.000078,0.000114
18.115000,-0.000078,0.000114
18.116000,-0.000078,0.000114
18.117000,-0.000078,0.000114
18.118000,-0.000077,0.000114
18.119000,-0.000077,0.000114
18.120000,-0.000078,0.000114
18.121000,-0.000077,0.000115
18.122000,-0.000078,0.000115
18.123000,-0.000077,0.000115
18.124000,-0.000078,0.000115
18.125000,-0.000078,0.000115
18.126000,-0.000078,0.000115
18.127000,-0.000079,0.000115
18.128000,-0.000078,0.000116
18.129000,-0.000078,0.000116
18.130000,-0.000078,0.000116
18.131000,-0.000078,0.000116
18.132000,-0.000078,0.000116
18.133000,-0.000077,0.000117
18.134000,-0.000076,0.000116
18.135000,-0.000076,0.000116
18.136000,-0.000076,0.000116
18.137000,-0.000076,0.000117
18.138000,-0.000076,0.000117
18.139000,-0.000076,0.000118
18.140000,-0.000076,0.000118
18.141000,-0.000077,0.000117
18.142000,-0.000076,0.000117
18.143000,-0.000077,0.000117
18.144000,-0.000077,0.000118
18.145000,-0.000077,0.000118
18.146000,-0.000077,0.000117
18.147000,-0.000077,0.000117
18.148000,-0.000077,0.000118
18.149000,-0.000076,0.000118
18.150000,-0.000076,0.000118
18.151000,-0.000076,0.000119
18.152000,-0.000076,0.000119
18.153000,-0.000075,0.000119
18.154000,-0.000075,0.000119
18.155000,-0.000076,0.000119
18.156000,-0.000076,0.000119
18.157000,-0.000076,0.000119
18.158000,-0.000076,0.000119
18.159000,-0.000076,0.000119
18.160000,-0.000077,0.000118
18.161000,-0.000077,0.000118
18.162000,-0.000077,0.000118
18.163000,-0.000077,0.000118
18.164000,-0.000078,0.000118
18.165000,-0.000077,0.000119
18.166000,-0.000077,0.000119
18.167000,-0.000077,0.000119
18.168000,-0.000077,0.000119
18.169000,-0.000076,0.000120
18.170000,-0.000076,0.000121
18.171000,-0.000075,0.000121
18.172000,-0.000075,0.000121
18.173000,-0.000075,0.000122
18.174000,-0.000075,0.000122
18.175000,-0.000075,0.000121
18.176000,-0.000076,0.000120
18.177000,-0.000076,0.000121
18.178000,-0.000076,0.000121
18.179000,-0.000076,0.000121
18.180000,-0.000076,0.000121
18.181000,-0.000075,0.000121
18.182000,-0.000074,0.000121
18.183000,-0.000074,0.000121
18.184000,-0.000074,0.000122
18.185000,-0.000073,0.000122
18.186000,-0.000073,0.000123
18.187000,-0.000073,0.000123
18.188000,-0.000074,0.000122
18.189000,-0.000074,0.000123
18.190000,-0.000074,0.000124
18.191000,-0.000074,0.000124
18.192000,-0.000075,0.000123
18.193000,-0.000074,0.000123
18.194000,-0.000074,0.000123
18.195000,-0.000074,0.000122
18.196000,-0.000073,0.000121
18.197000,-0.000073,0.000121
18.198000,-0.000073,0.000121
18.199000,-0.000072,0.000121
18.200000,-0.000073,0.000122
18.201000,-0.000073,0.000122
18.202000,-0.000073,0.000122
18.203000,-0.000074,0.000121
18.204000,-0.000074,0.000122
18.205000,-0.000074,0.000122
18.206000,-0.000075,0.000122
18.207000,-0.000074,0.000122
18.208000,-0.000075,0.000122
18.209000,-0.000075,0.000121
18.210000,-0.000074,0.000122
18.211000,-0.000073,0.000121
18.212000,-0.000073,0.000122
18.213000,-0.000073,0.000122
18.214000,-0.000073,0.000122
18.215000,-0.000073,0.000121
18.216000,-0.000073,0.000121
18.217000,-0.000074,0.000120
18.218000,-0.000074,0.000120
18.219000,-0.000074,0.000120
18.220000,-0.000074,0.000119
18.221000,-0.000074,0.000119
18.222000,-0.000074,0.000119
18.223000,-0.000075,0.000119
18.224000,-0.000074,0.000119
18.225000,-0.000073,0.000119
18.226000,-0.000074,0.000119
18.227000,-0.000074,0.000119
18.228000,-0.000074,0.000119
18.229000,-0.000074,0.000119
18.230000,-0.000075,0.000118
18.231000,-0.000075,0.000119
18.232000,-0.000075,0.000119
18.233000,-0.000076,0.000117
18.234000,-0.000076,0.000118
18.235000,-0.000076,0.000118
18.236000,-0.000077,0.000117
18.237000,-0.000076,0.000117
18.238000,-0.000076,0.000117
18.239000,-0.000075,0.000116
18.240000,-0.000075,0.000116
18.241000,-0.000075,0.000116
18.242000,-0.000075,0.000116
18.243000,-0.000074,0.000115
18.244000,-0.000075,0.000114
18.245000,-0.000075,0.000115
18.246000,-0.000075,0.000114
18.247000,-0.000075,0.000114
18.248000,-0.000075,0.000115
18.249000,-0.000075,0.000115
18.250000,-0.000075,0.000114
18.251000,-0.000075,0.000114
18.252000,-0.000075,0.000114
18.253000,-0.000075,0.000114
18.254000,-0.000075,0.000114
18.255000,-0.000074,0.000114
18.256000,-0.000074,0.000114
18.257000,-0.000073,0.000114
18.258000,-0.000073,0.000115
18.259000,-0.000072,0.000115
18.260000,-0.000072,0.000114
18.261000,-0.000073,0.000115
18.262000,-0.000073,0.000115
18.263000,-0.000073,0.000115
18.264000,-0.000073,0.000115
18.265000,-0.000073,0.000114
18.266000,-0.000074,0.000114
18.267000,-0.000074,0.000114
18.268000,-0.000074,0.000113
18.269000,-0.000074,0.000113
18.270000,-0.000075,0.000112
18.271000,-0.000075,0.000112
18.272000,-0.000075,0.000112
18.273000,-0.000075,0.000112
18.274000,-0.000075,0.000113
18.275000,-0.000075,0.000113
18.276000,-0.000074,0.000113
18.277000,-0.000074,0.000112
18.278000,-0.000073,0.000112
18.279000,-0.000074,0.000112
18.280000,-0.000074,0.000113
18.281000,-0.000074,0.000112
18.282000,-0.000074,0.000112
18.283000,-0.000074,0.000112
18.284000,-0.000075,0.000111
18.285000,-0.000076,0.000111
18.286000,-0.000075,0.000111
18.287000,-0.000076,0.000111
18.288000,-0.000075,0.000111
18.289000,-0.000075,0.000110
18.290000,-0.000075,0.000109
18.291000,-0.000075,0.000109
18.292000,-0.000075,0.000109
18.293000,-0.000075,0.000110
18.294000,-0.000075,0.000109
18.295000,-0.000075,0.000109
18.296000,-0.000075,0.000109
18.297000,-0.000076,0.000109
18.298000,-0.000076,0.000108
18.299000,-0.000075,0.000108
18.300000,-0.000075,0.000108
18.301000,-0.000075,0.000107
18.302000,-0.000075,0.000107
18.303000,-0.000074,0.000108
18.304000,-0.000074,0.000108
18.305000,-0.000074,0.000108
18.306000,-0.000074,0.000109
18.307000,-0.000074,0.000109
18.308000,-0.000074,0.000109
18.309000,-0.000074,0.000110
18.310000,-0.000074,0.000108
18.311000,-0.000074,0.000109
18.312000,-0.000074,0.000109
18.313000,-0.000074,0.000109
18.314000,-0.000074,0.000109
18.315000,-0.000073,0.000110
18.316000,-0.000074,0.000110
18.317000,-0.000073,0.000111
18.318000,-0.000074,0.000111
18.319000,-0.000074,0.000111
18.320000,-0.000074,0.000111
18.321000,-0.000074,0.000111
18.322000,-0.000074,0.000111
18.323000,-0.000074,0.000111
18.324000,-0.000074,0.000111
18.325000,-0.000074,0.000111
18.326000,-0.000073,0.000111
18.327000,-0.000073,0.000111
18.328000,-0.000073,0.000111
18.329000,-0.000072,0.000110
18.330000,-0.000072,0.000111
18.331000,-0.000072,0.000111
18.332000,-0.000072,0.000111
18.333000,-0.000072,0.000111
18.334000,-0.000073,0.000111
18.335000,-0.000073,0.000111
18.336000,-0.000073,0.000112
